{
  "id": "10009",
  "name": "Rotom wash rotom",
  "format_id": "showdown_gen9stabmonsmixandmega-1630",
  "usage_metrics": {
    "raw": 2506,
    "base_weight": 469.1091534320295,
    "percent": 3.4471374728328152
  },
  "roles": [
    {
      "role": "role_sweeper_special",
      "label": "Special Sweeper",
      "category": "OFF"
    },
    {
      "role": "role_setup",
      "label": "Setup Sweeper",
      "category": "OFF"
    },
    {
      "role": "role_pivot",
      "label": "Pivot",
      "category": "DEF"
    }
  ],
  "items": {
    "raichunite-y": 8.695086680929396,
    "cameruptite": 0.013890070148245226,
    "latiasite": 131.21382010578242,
    "chimechite": 41.14843564378496,
    "blue-orb": 40.14160834952841,
    "abomasite": 0.002020846006426491,
    "diancite": 126.28017410092981,
    "ampharosite": 0.0455051578788509,
    "manectite": 24.16915105395334,
    "sablenite": 18.607235256632986,
    "eelektrossite": 3.77446861281932,
    "ability-shield": 0,
    "lustrous-globe": 0,
    "swampertite": 1.1745757284195983,
    "assault-vest": 0,
    "leftovers": 0.7188248313275932,
    "altarianite": 0,
    "mewtwonite-y": 0.0040200525854448554,
    "wellspring-mask": 0,
    "heavy-duty-boots": 0.37235574567475843,
    "latiosite": 0.6028948861015409,
    "aggronite": 0.01740722401186312,
    "garchompite-z": 1.01813719418875,
    "victreebelite": 0.008552404746645703,
    "choice-scarf": 0.4198447287254728,
    "charizardite-y": 10.16800774324097,
    "lucarionite": 36.668621465438044,
    "electric-seed": 0,
    "blastoisinite": 0.6146352603718348,
    "choice-specs": 0.12277897839361496,
    "alakazite": 0.28374887938986604,
    "banettite": 21.402740044932855,
    "magearnite": 0.08354763757007261,
    "wise-glasses": 0,
    "covert-cloak": 0.06374113881904231,
    "zoom-lens": 0,
    "chandelurite": 0,
    "clefablite": 0.0039341895374560565,
    "slowbronite": 0.03395077999526913,
    "drampanite": 0.007847933925494488,
    "heatranite": 1.1710206307722286,
    "damp-rock": 0,
    "life-orb": 0,
    "air-balloon": 0,
    "dragoninite": 0.0033496551059537527,
    "cornerstone-mask": 0.00001712386360558371,
    "dragalgite": 0.051346817724834015,
    "nothing": 0.0018564787729385968
  },
  "abilities": {
    "levitate": 469.1091534320295
  },
  "moves": {
    "thunderclap": 112.2304558781792,
    "rising-voltage": 94.33048696346592,
    "water-spout": 0.5149554645401222,
    "eruption": 0,
    "steam-eruption": 342.1939812386173,
    "armor-cannon": 14.023194842607687,
    "parabolic-charge": 24.261990728178766,
    "ice-beam": 78.44184971733175,
    "flamethrower": 0.01388522340852999,
    "volt-switch": 157.4834163911498,
    "freeze-dry": 98.74532009357712,
    "strength-sap": 169.60616439903544,
    "scald": 22.13611197142315,
    "thunder": 6.251163417179521,
    "giga-drain": 0.7392065606690899,
    "hurricane": 0.7422102559161006,
    "electro-drift": 106.47276892191289,
    "aurora-veil": 0.002020846006426491,
    "flip-turn": 86.2447024233567,
    "nasty-plot": 147.10250800864154,
    "thunder-wave": 0.06749073780994946,
    "matcha-gotcha": 23.515409435196982,
    "hydro-pump": 1.4757745033615786,
    "pain-split": 0.01740722401186312,
    "hex": 0.017419610175555655,
    "hydro-steam": 14.672519016731814,
    "fiery-dance": 15.515848535306475,
    "water-shuriken": 93.69057323976449,
    "electric-terrain": 4.636216276664134,
    "shadow-ball": 0.002336991315617709,
    "soak": 0.04577506684298838,
    "hyper-voice": 0,
    "aqua-step": 0.0040200525854448554,
    "magma-storm": 4.432483754016693,
    "leech-seed": 15.050850616248812,
    "burning-bulwark": 53.69691421453894,
    "thunder-cage": 44.74773260209475,
    "synthesis": 1.4548016092618263,
    "roost": 35.94189629415147,
    "beak-blast": 11.08917648991637,
    "nuzzle": 5.6678343320593125,
    "jungle-healing": 0,
    "will-o-wisp": 23.67362770891789,
    "defog": 4.755843406727598,
    "overheat": 0.6713815996562522,
    "apple-acid": 8.386072441981833,
    "origin-pulse": 0.6146352603718348,
    "chilly-reception": 3.4934968694376036,
    "frost-breath": 0.008552403924992624,
    "energy-ball": 1.2659399767314254,
    "solar-beam": 0.01435654145637566,
    "double-shock": 0,
    "fusion-bolt": 0,
    "aura-wheel": 0,
    "blue-flare": 14.956196982323155,
    "protect": 0,
    "aeroblast": 0.09717804380104594,
    "seed-flare": 0.0000013849807959376292,
    "haze": 0.16503639620271032,
    "infernal-parade": 0.05823823700016212,
    "rain-dance": 0.01669238990240668,
    "destiny-bond": 21.354101582808816,
    "fire-spin": 0.35224251474018725,
    "grass-knot": 2.4034105814819737,
    "spite": 3.4544832393453966,
    "cotton-guard": 0.34804671035444046,
    "surf": 0.07901712692561974,
    "charge": 0.0007710133550480336,
    "blizzard": 0.08752277452282309,
    "thunderbolt": 0,
    "snipe-shot": 0.19451934554974243,
    "moongeist-beam": 0.005821817006086749,
    "discharge": 0,
    "lava-plume": 0.007847933925494488,
    "fusion-flare": 0.41968155579400757,
    "bitter-malice": 0.009340461669873623,
    "wildbolt-storm": 0.0000048467397152363034,
    "sparkling-aria": 1.2659399767314254,
    "spiky-shield": 0,
    "avalanche": 0,
    "tailwind": 0.9958821777274381,
    "electro-ball": 0.0018564787729385968
  },
  "teras": {
    "nothing": 469.1091534320295
  },
  "spreads": [
    {
      "nature": "timid",
      "usage": "24.8",
      "evs": {
        "hp": 0,
        "atk": 0,
        "def": 0,
        "spa": 252,
        "spd": 4,
        "spe": 252
      }
    },
    {
      "nature": "modest",
      "usage": "16.6",
      "evs": {
        "hp": 240,
        "atk": 0,
        "def": 0,
        "spa": 252,
        "spd": 0,
        "spe": 16
      }
    },
    {
      "nature": "modest",
      "usage": "7.9",
      "evs": {
        "hp": 252,
        "atk": 0,
        "def": 4,
        "spa": 252,
        "spd": 0,
        "spe": 0
      }
    },
    {
      "nature": "modest",
      "usage": "7.3",
      "evs": {
        "hp": 252,
        "atk": 0,
        "def": 0,
        "spa": 252,
        "spd": 4,
        "spe": 0
      }
    },
    {
      "nature": "timid",
      "usage": "6.8",
      "evs": {
        "hp": 4,
        "atk": 0,
        "def": 0,
        "spa": 252,
        "spd": 0,
        "spe": 252
      }
    },
    {
      "nature": "bold",
      "usage": "6.3",
      "evs": {
        "hp": 252,
        "atk": 0,
        "def": 252,
        "spa": 0,
        "spd": 4,
        "spe": 0
      }
    },
    {
      "nature": "calm",
      "usage": "4.6",
      "evs": {
        "hp": 248,
        "atk": 0,
        "def": 8,
        "spa": 0,
        "spd": 252,
        "spe": 0
      }
    },
    {
      "nature": "modest",
      "usage": "4.5",
      "evs": {
        "hp": 84,
        "atk": 0,
        "def": 0,
        "spa": 252,
        "spd": 4,
        "spe": 168
      }
    },
    {
      "nature": "sassy",
      "usage": "3.5",
      "evs": {
        "hp": 248,
        "atk": 0,
        "def": 8,
        "spa": 0,
        "spd": 252,
        "spe": 0
      }
    },
    {
      "nature": "calm",
      "usage": "3.0",
      "evs": {
        "hp": 252,
        "atk": 0,
        "def": 4,
        "spa": 0,
        "spd": 252,
        "spe": 0
      }
    }
  ],
  "teammates": {
    "3": 0,
    "9": 0.0030184966712981653,
    "25": 0,
    "38": 0.11130820267675928,
    "45": 0.04689907548546446,
    "51": 0.2308022950601728,
    "59": 2.772061426322537,
    "73": 0.0031301843916340943,
    "91": 0.7303142586642491,
    "123": 0.008442851309526322,
    "130": 19.8360528472146,
    "132": 0,
    "134": 0.5379399004303993,
    "136": 0.0019996455467596874,
    "143": 0.258342880411241,
    "145": 11.334736412463187,
    "146": 0.4909492681047932,
    "149": 31.498020030319122,
    "151": 0.00013619766446182346,
    "160": 0.050310577171501614,
    "186": 0.003042720462723081,
    "197": 4.844774582275488,
    "199": 3.3099360090584193,