{
  "id": "469",
  "name": "Yanmega",
  "format_id": "showdown_gen9stabmonsmixandmega-1630",
  "usage_metrics": {
    "raw": 1043,
    "base_weight": 45.3254044449717,
    "percent": 1.4347024677432667
  },
  "roles": [
    {
      "role": "role_sweeper_special",
      "label": "Special Sweeper",
      "category": "OFF"
    },
    {
      "role": "role_setup",
      "label": "Setup Sweeper",
      "category": "OFF"
    }
  ],
  "items": {
    "audinite": 0.18641245717710941,
    "chimechite": 0.9235740541427635,
    "lucarionite": 10.270126974373449,
    "zeraorite": 5.859349486113207,
    "sceptilite": 0.746403384304061,
    "aggronite": 0.023187401086910142,
    "focus-sash": 0.2882994152298843,
    "garchompite-z": 0.5959229656565885,
    "meowsticite": 0.0004448975839265734,
    "magearnite": 8.041960614256432,
    "salamencite": 0.02044816307734637,
    "pinsirite": 1.4188043155470411,
    "golurkite": 0.0000025602117719181194,
    "dragoninite": 2.5344065281416466,
    "altarianite": 1.1250854008938367,
    "life-orb": 0,
    "ampharosite": 12.081113084374953,
    "diancite": 0.2011689772561333,
    "slowbronite": 0,
    "meganiumite": 0.013806082326552893,
    "heavy-duty-boots": 0.0015572647267324546,
    "latiosite": 0.0000059045229445775504,
    "froslassite": 0,
    "manectite": 0.041571934366965935,
    "absolite-z": 0.4459149490202407,
    "cameruptite": 0.00039637516914659,
    "chandelurite": 0.009555440127199055,
    "throat-spray": 0.057088968152895714,
    "gardevoirite": 0,
    "alakazite": 0.000011499476174015033,
    "blue-orb": 1.3006299370843522e-9,
    "venusaurite": 0.0009362837505603183,
    "raichunite-y": 0.39004816427861533,
    "heatranite": 0.00144220241796017,
    "heracronite": 0.00008739483295455708,
    "delphoxite": 0.04618223138592481,
    "gyaradosite": 0.00008906968918542812
  },
  "abilities": {
    "speed-boost": 45.31391482296817,
    "tinted-lens": 0.011489622003531152,
    "frisk": 0
  },
  "moves": {
    "tail-glow": 31.127468620683384,
    "bug-buzz": 32.68613471180917,
    "giga-drain": 4.5701359226147344,
    "protect": 11.75925774203027,
    "shadow-ball": 4.904178585711324,
    "aeroblast": 41.29930836297005,
    "psychic": 3.422147424591466,
    "sticky-web": 12.413152546060193,
    "defog": 0,
    "ancient-power": 0.36499885254689907,
    "tera-blast": 1.1661415163690387,
    "hurricane": 0.3663933157875604,
    "swords-dance": 0.021550515943815518,
    "leech-life": 0.02146312111086096,
    "beak-blast": 0.02146902563380554,
    "hyper-beam": 4.975720100941494e-7,
    "silk-trap": 21.468900926752266,
    "substitute": 0.2744031971354572,
    "quiver-dance": 0.1872163667107481,
    "detect": 0.00000590526617394449,
    "roost": 0.04302613254518184,
    "defend-order": 0.029187554801953952,
    "dragon-ascent": 0.00009329935589913463,
    "quick-attack": 1.398201664276407,
    "bleakwind-storm": 0.0023407452641745485,
    "psychic-noise": 10.910122920585232,
    "uproar": 0.0000016271255681155061,
    "fell-stinger": 1.3981957597534622,
    "double-edge": 1.3981957597534622,
    "tailwind": 0.004442730971913278,
    "solar-beam": 0.00000997817431913628,
    "": 0.04338505514719415,
    "pin-missile": 0.00008739483295455708,
    "air-slash": 0
  },
  "teras": {
    "nothing": 45.32540444497171
  },
  "spreads": [
    {
      "nature": "modest",
      "usage": "56.0",
      "evs": {
        "hp": 0,
        "atk": 0,
        "def": 0,
        "spa": 252,
        "spd": 4,
        "spe": 252
      }
    },
    {
      "nature": "timid",
      "usage": "33.8",
      "evs": {
        "hp": 0,
        "atk": 0,
        "def": 0,
        "spa": 252,
        "spd": 4,
        "spe": 252
      }
    },
    {
      "nature": "timid",
      "usage": "6.0",
      "evs": {
        "hp": 4,
        "atk": 0,
        "def": 0,
        "spa": 252,
        "spd": 0,
        "spe": 252
      }
    },
    {
      "nature": "adamant",
      "usage": "3.1",
      "evs": {
        "hp": 0,
        "atk": 252,
        "def": 0,
        "spa": 0,
        "spd": 4,
        "spe": 252
      }
    },
    {
      "nature": "modest",
      "usage": "0.4",
      "evs": {
        "hp": 252,
        "atk": 0,
        "def": 0,
        "spa": 0,
        "spd": 4,
        "spe": 252
      }
    },
    {
      "nature": "modest",
      "usage": "0.3",
      "evs": {
        "hp": 136,
        "atk": 0,
        "def": 0,
        "spa": 252,
        "spd": 0,
        "spe": 120
      }
    },
    {
      "nature": "modest",
      "usage": "0.1",
      "evs": {
        "hp": 4,
        "atk": 0,
        "def": 0,
        "spa": 252,
        "spd": 0,
        "spe": 252
      }
    },
    {
      "nature": "modest",
      "usage": "0.1",
      "evs": {
        "hp": 252,
        "atk": 0,
        "def": 4,
        "spa": 252,
        "spd": 0,
        "spe": 0
      }
    },
    {
      "nature": "modest",
      "usage": "0.1",
      "evs": {
        "hp": 252,
        "atk": 0,
        "def": 0,
        "spa": 252,
        "spd": 4,
        "spe": 0
      }
    },
    {
      "nature": "jolly",
      "usage": "0.0",
      "evs": {
        "hp": 252,
        "atk": 112,
        "def": 0,
        "spa": 0,
        "spd": 4,
        "spe": 140
      }
    }
  ],
  "teammates": {
    "3": 0.007819937825158996,
    "9": 1.9110025737646696,
    "24": 1.3996472026435058,
    "26": 0.002154357599044643,
    "28": 0.00040220061236195814,
    "36": 0,
    "38": 0.1856782482341382,
    "59": 2.341323246390914e-10,
    "62": 0,
    "73": 0,
    "85": 6.852064915463529e-9,
    "91": 0.0008292041165299802,
    "113": 1.3120305397684717e-9,
    "123": 0,
    "128": 0.23433440112726478,
    "130": 0.6251090195560826,
    "132": 8.461056300035352e-10,
    "135": 1.4932154039457894,
    "136": 3.1365989028309116e-8,
    "143": 0.039605764140251964,
    "145": 0.15476044410054224,
    "146": 7.100585186492481e-7,
    "149": 17.325914478303776,
    "151": 2.879029542546263e-8,
    "182": 0.00016238437207594103,
    "184": 0,
    "185": 0.23433440112726478,
    "186": 0,
    "197": 0.00015884311652808458,
    "199": 0,
    "205": 5.991790644388218,
    "212": 10.973883113484808,
    "214": 0.006364999924326209,
    "217": 0.006930020532278758,
    "230": 0.1604879010301128,
    "235": 0.000004609904057539804,
    "242": 0.023463789453279316,
    "244": 0.0001377229003373115,
    "248": 0.19347541904464405,
    "249": 0,
    "250": 0.3045472983076845,
    "254": 4.513109330694931e-10,
    "257": 0.0610844530131226,
    "260": 0.21923717249201374,
    "279": 0.032996883558545076,
    "302": 0.000023839498336175602,
    "314": 0.2905484149648455,
    "324": 3.0733623054920445,
    "330": 0.007126075621345984,
    "335": 0.0000010660507072102199,
    "350": 0.23433440112726522,
    "373": 0.06525171241953687,
    "378": 0.00006013232843238292,
    "379": 0.0005366641008953121,
    "380": 0.00003392627205439647,
    "381": 0.23501998886864994,
    "383": 0,
    "389": 0.8486086582197783,
    "392": 0.2905483835988565,
    "395": 0.8037224804691427,
    "398": 0.005417758302051157,
    "409": 0.738799895568279,
    "411": 0.2905483835988565,
    "424": 0.0004206283601053129,
    "426": 0.021739543599975597,
    "437": 0.006930020532278758,
    "445": 0.00015023066747460456,
    "448": 0.2699668348165389,
    "460": 0.0648068148356103,
    "461": 0.009571579334561375,
    "462": 0.13445763203721606,
    "464": 5.151903062649458,
    "466": 0.006930020532278758,
    "470": 0.27964001587196974,
    "471": 0.1856921397071285,
    "472": 0,
    "473": 0.0000042428560748097865,
    "474": 0.16049151532543826,
    "476": 0.2905483835988565,
    "479": 0,
    "484": 0.08937245701864333,
    "485": 0.02927681636302948,
    "488": 0.001364960829483064,
    "491": 0.005633368297488839,
    "497": 5.30177627910966e-8,
    "500": 0.16093531904181957,
    "530": 0.10569495812515362,
    "542": 0,
    "549": 0.00008580827002641067,
    "550": 0.032996883558545076,