{
  "id": "491",
  "name": "Darkrai",
  "format_id": "showdown_gen9stabmonsmixandmega-1630",
  "usage_metrics": {
    "raw": 2767,
    "base_weight": 188.94865375132133,
    "percent": 3.806156978183719
  },
  "roles": [
    {
      "role": "role_sweeper_special",
      "label": "Special Sweeper",
      "category": "OFF"
    },
    {
      "role": "role_setup",
      "label": "Setup Sweeper",
      "category": "OFF"
    }
  ],
  "items": {
    "magearnite": 17.81904259936992,
    "diancite": 46.084021048467875,
    "salamencite": 0.002209233076972128,
    "drampanite": 0.0381738641077769,
    "gardevoirite": 3.7289988160852516,
    "lopunnite": 0.13179757589343588,
    "lucarionite": 24.11741308355653,
    "blastoisinite": 10.932185166638355,
    "garchompite-z": 21.722093840943636,
    "absolite": 9.299370376637013,
    "dragoninite": 0.6320247948540385,
    "alakazite": 18.78146896506634,
    "altarianite": 5.6229814145381365,
    "cameruptite": 2.212437450072975,
    "manectite": 1.6507052070220276,
    "maranga-berry": 0,
    "nothing": 0,
    "heavy-duty-boots": 0,
    "chandelurite": 0.01298855316412223,
    "metagrossite": 0.3215348645639629,
    "absolite-z": 5.707099971005431,
    "meowsticite": 6.494768367977768,
    "falinksite": 0.0033954772883564854,
    "choice-specs": 0,
    "expert-belt": 0,
    "meganiumite": 2.187240744675422,
    "toxic-plate": 0.005117685535241501,
    "heatranite": 0,
    "sceptilite": 0.04237125387255064,
    "sablenite": 0.2069633637109769,
    "life-orb": 0.04340694630140374,
    "rusted-sword": 0.000022836709052509452,
    "chimechite": 0.44523337140010305,
    "ampharosite": 0.05711975410247805,
    "barbaracite": 1.4944055256005355,
    "greninjite": 0.1229590047098092,
    "delphoxite": 0.3127275440508858,
    "dragalgite": 0.01540521411877277,
    "charizardite-x": 0.00019952224692865173,
    "raichunite-y": 1.4180691882668566,
    "froslassite": 0.13316477250145942,
    "eelektrossite": 0,
    "heracronite": 0.00046440071433728747,
    "mewtwonite-y": 0,
    "aggronite": 0,
    "pinsirite": 0.010332385568472768,
    "choice-band": 0,
    "black-glasses": 0,
    "choice-scarf": 0.059820290011335375,
    "zap-plate": 0.13072050212816666,
    "mewtwonite-x": 0.09424129924263441,
    "sitrus-berry": 0,
    "latiasite": 0,
    "air-balloon": 0,
    "houndoominite": 0.09341653024611418,
    "focus-sash": 0,
    "feraligite": 0.0110739834972024,
    "aerodactylite": 4.6284681642916325e-10,
    "rusted-shield": 0.013433630867584978,
    "glimmoranite": 6.736033330450247,
    "assault-vest": 0,
    "leftovers": 0
  },
  "abilities": {
    "bad-dreams": 188.94865375132133
  },
  "moves": {
    "ice-beam": 105.67669124888894,
    "dark-pulse": 29.752149464438837,
    "sludge-bomb": 141.11564466666158,
    "psychic": 19.652379578099765,
    "fiery-wrath": 152.76413266119155,
    "focus-blast": 80.71257052116916,
    "nasty-plot": 105.96159983476203,
    "psyshock": 11.853724254462653,
    "tera-blast": 9.360804767513025,
    "night-daze": 0.4693093699393704,
    "swords-dance": 1.843704330305889,
    "sucker-punch": 7.269689482106628,
    "drain-punch": 5.828160523179389,
    "rock-slide": 0.12090176874635095,
    "parting-shot": 39.43660080299951,
    "shadow-ball": 2.9860694020574714,
    "thunder": 2.8646445327633923,
    "calm-mind": 0.07591850792313282,
    "focus-punch": 0.022866135496212914,
    "darkest-lariat": 1.494405609566618,
    "kowtow-cleave": 4.677338116202522,
    "blizzard": 0.13342585090604803,
    "disable": 0,
    "thunder-wave": 0.01210796536207115,
    "will-o-wisp": 5.798493083210562,
    "knock-off": 4.88234026463826,
    "": 0.3547720365723165,
    "brick-break": 0.0033954772883564854,
    "foul-play": 0.0480563436046732,
    "haze": 0.2738938667171151,
    "hex": 0.007319606770739506,
    "wicked-torque": 6.868398860215841e-7,
    "protect": 0,
    "shadow-claw": 3.7861934969829414,
    "x-scissor": 0.07110762121292064,
    "throat-chop": 1.2362470616802255,
    "dream-eater": 0.003717081755797935,
    "poison-jab": 0.1041310280426293,
    "hyper-beam": 0.3157245778925153,
    "substitute": 4.159494314325729,
    "topsy-turvy": 0.06204577673493905,
    "hyperspace-fury": 0.2512966770402907,
    "beat-up": 0,
    "charge-beam": 0.2623849419225049,
    "crunch": 0.09199158664138268,
    "jaw-lock": 0.2022321719440307,
    "taunt": 9.794937908725602,
    "confuse-ray": 0
  },
  "teras": {
    "nothing": 188.94865375132133
  },
  "spreads": [
    {
      "nature": "timid",
      "usage": "69.3",
      "evs": {
        "hp": 0,
        "atk": 0,
        "def": 0,
        "spa": 252,
        "spd": 4,
        "spe": 252
      }
    },
    {
      "nature": "timid",
      "usage": "10.2",
      "evs": {
        "hp": 0,
        "atk": 0,
        "def": 4,
        "spa": 252,
        "spd": 0,
        "spe": 252
      }
    },
    {
      "nature": "hasty",
      "usage": "8.5",
      "evs": {
        "hp": 0,
        "atk": 4,
        "def": 0,
        "spa": 252,
        "spd": 0,
        "spe": 252
      }
    },
    {
      "nature": "jolly",
      "usage": "2.9",
      "evs": {
        "hp": 0,
        "atk": 252,
        "def": 0,
        "spa": 0,
        "spd": 4,
        "spe": 252
      }
    },
    {
      "nature": "hasty",
      "usage": "2.4",
      "evs": {
        "hp": 0,
        "atk": 92,
        "def": 0,
        "spa": 164,
        "spd": 0,
        "spe": 252
      }
    },
    {
      "nature": "timid",
      "usage": "1.5",
      "evs": {
        "hp": 4,
        "atk": 0,
        "def": 0,
        "spa": 252,
        "spd": 0,
        "spe": 252
      }
    },
    {
      "nature": "modest",
      "usage": "1.1",
      "evs": {
        "hp": 0,
        "atk": 0,
        "def": 0,
        "spa": 252,
        "spd": 4,
        "spe": 252
      }
    },
    {
      "nature": "modest",
      "usage": "0.7",
      "evs": {
        "hp": 252,
        "atk": 0,
        "def": 0,
        "spa": 252,
        "spd": 4,
        "spe": 0
      }
    },
    {
      "nature": "naive",
      "usage": "0.7",
      "evs": {
        "hp": 0,
        "atk": 4,
        "def": 0,
        "spa": 252,
        "spd": 0,
        "spe": 252
      }
    },
    {
      "nature": "hardy",
      "usage": "0.6",
      "evs": {
        "hp": 4,
        "atk": 0,
        "def": 0,
        "spa": 252,
        "spd": 0,
        "spe": 252
      }
    }
  ],
  "teammates": {
    "3": 0.0007056145328040442,
    "6": 0.04473782708771917,
    "9": 0.02577210215049125,
    "25": 0.002819950356101497,
    "26": 0.0007702504365089125,
    "36": 0.3555249421796016,
    "38": 1.5544422820580621,
    "57": 0,
    "73": 0.00048748383192320777,
    "76": 0,
    "80": 0.01233941698342117,
    "101": 0.02080772235912759,
    "103": 0.018124671100423095,
    "123": 0.009778215947260638,
    "128": 0.0007570147866596821,
    "130": 7.739949500751563,
    "132": 1.3691708589776932,
    "134": 1.2629126318294646,
    "135": 0.43226262570296214,
    "143": 0.8932522991538627,
    "144": 0.0023291951841132863,
    "145": 0.9176700592317341,
    "146": 3.506795563279306,
    "149": 55.83159224819298,
    "150": 0,
    "151": 1.6475656239167387,
    "186": 1.6652170171535032,
    "197": 0.5220662962407369,
    "199": 0.1771604961080721,
    "205": 0.025087933840304277,
    "212": 0.03484552003047964,
    "230": 0.44141011371195393,
    "232": 0.04699349952682713,
    "235": 2.437797628653669,
    "242": 14.525272770633705,
    "243": 0.03153766247472389,
    "244": 15.396949968103536,
    "245": 0.24246181736536504,
    "248": 2.3203851373536186,
    "250": 20.205634742421186,
    "254": 0.03549961205907076,
    "257": 9.730264768370198,
    "260": 5.009266114598844,
    "279": 0.13078891826869288,
    "282": 0,
    "284": 0.04908339443547244,
    "286": 0.06205929401750043,
    "289": 0.04614469592004716,
    "302": 0.00026107840458861054,
    "313": 0.0046475947987241195,
    "324": 7.02217313231817,