{
  "id": "979",
  "name": "Annihilape",
  "format_id": "showdown_gen9stabmonsmixandmega-1630",
  "usage_metrics": {
    "raw": 2154,
    "base_weight": 257.2535039378341,
    "percent": 2.962942584390217
  },
  "roles": [
    {
      "role": "role_sweeper_physical",
      "label": "Physical Sweeper",
      "category": "OFF"
    },
    {
      "role": "role_setup",
      "label": "Setup Sweeper",
      "category": "OFF"
    }
  ],
  "items": {
    "golurkite": 3.8219790464475065,
    "sablenite": 18.854590046112573,
    "scizorite": 5.7615619720059765,
    "charizardite-x": 0.14277927045861677,
    "barbaracite": 0.2280409548374483,
    "absolite-z": 55.41554360055013,
    "metagrossite": 8.9571278752678,
    "leftovers": 0.1907685524426302,
    "crabominite": 0.9102643099144159,
    "slowbronite": 1.5670789110799888e-9,
    "lucarionite": 3.9430703374513523,
    "aggronite": 130.24039580398966,
    "aerodactylite": 2.8113323114249402,
    "scolipite": 3.4021381542827545,
    "chesto-berry": 0,
    "banettite": 11.075868589144077,
    "focus-sash": 0.002984954114434779,
    "heavy-duty-boots": 0,
    "rusted-shield": 0.000020322450545617876,
    "audinite": 0.03828802231023115,
    "sitrus-berry": 0,
    "chesnaughtite": 1.3549677268309483,
    "scraftinite": 1.8382559455154748,
    "golisopite": 0.3272214510319399,
    "chimechite": 1.0292541657852539e-7,
    "gyaradosite": 0,
    "galladite": 8.103562765260364e-9,
    "scovillainite": 4.270929481425598,
    "baxcalibrite": 0.005108705612311082,
    "diancite": 0.23813743983015778,
    "rusted-sword": 0.5831203213933789,
    "lopunnite": 0.000013820897880545413,
    "latiosite": 0.00024551721445076335,
    "glimmoranite": 0,
    "starminite": 0.028544254708849137,
    "life-orb": 0,
    "staraptite": 0.3844800537889817,
    "choice-scarf": 0.05437249788395687,
    "victreebelite": 0.024526113317072384,
    "dragalgite": 0,
    "assault-vest": 0,
    "air-balloon": 0.0026786422719472514,
    "excadrite": 3.810285420513537e-13,
    "magearnite": 0.0004396218862033896,
    "falinksite": 0.0017120407055409848,
    "choice-band": 0,
    "darkranite": 2.341996067717643
  },
  "abilities": {
    "vital-spirit": 9.60293849870224,
    "defiant": 247.54218290054047,
    "inner-focus": 0.10838253859141617
  },
  "moves": {
    "drain-punch": 96.89563690450929,
    "rage-fist": 244.11662815105365,
    "bulk-up": 112.49612271756287,
    "substitute": 1.9629241460340925,
    "u-turn": 11.879778809639907,
    "mach-punch": 16.500238156821062,
    "shadow-sneak": 51.70462603523906,
    "circle-throw": 133.57255411858566,
    "taunt": 15.621958479628907,
    "spirit-shackle": 6.071660287391279,
    "destiny-bond": 11.804563743504733,
    "close-combat": 8.117503076920224,
    "rest": 9.459962342269728,
    "poltergeist": 12.086275756305843,
    "gunk-shot": 3.4431881434738725,
    "collision-course": 3.3403273690538375,
    "encore": 10.913909109319917,
    "ice-punch": 1.4200830450634179,
    "thunderous-kick": 2.7554888107434103,
    "upper-hand": 0.3694362798913179,
    "earthquake": 0.652958136895919,
    "poison-jab": 0.009555241219092736,
    "axe-kick": 0.002984954114434779,
    "combat-torque": 136.23323371890405,
    "shadow-force": 0.03494008550825645,
    "stone-edge": 3.0767283639798872,
    "rock-slide": 0.08037034082163308,
    "low-kick": 0,
    "sleep-talk": 0.04535243621494622,
    "assurance": 0.00010630744449868779,
    "fire-punch": 0.46215011379404863,
    "seismic-toss": 0.0409666645821784,
    "stealth-rock": 132.53528716105922,
    "sacred-sword": 0.7796763524650667,
    "high-jump-kick": 0,
    "throat-chop": 0.08526530995233039,
    "cross-chop": 0.030256295414390122,
    "double-edge": 0,
    "final-gambit": 0.05437249788395687,
    "": 0.22318383998697822,
    "thunder-punch": 0.08110949287818087,
    "curse": 0.027071744155509114,
    "beat-up": 0,
    "acrobatics": 2.186226144562653e-9,
    "outrage": 0.000014377932397113824,
    "shadow-ball": 0.0026786422719472514,
    "focus-punch": 0.0026786422719472514,
    "shadow-claw": 0.015430843357356006,
    "protect": 0.0030666601373500746,
    "brick-break": 0,
    "focus-blast": 0,
    "bitter-malice": 2.186226144562653e-9,
    "focus-energy": 0.0017120407055409848,
    "aura-sphere": 0,
    "phantom-force": 0
  },
  "teras": {
    "nothing": 257.253503937834
  },
  "spreads": [
    {
      "nature": "adamant",
      "usage": "50.2",
      "evs": {
        "hp": 0,
        "atk": 252,
        "def": 0,
        "spa": 0,
        "spd": 160,
        "spe": 96
      }
    },
    {
      "nature": "jolly",
      "usage": "13.8",
      "evs": {
        "hp": 0,
        "atk": 252,
        "def": 0,
        "spa": 0,
        "spd": 4,
        "spe": 252
      }
    },
    {
      "nature": "jolly",
      "usage": "9.5",
      "evs": {
        "hp": 4,
        "atk": 252,
        "def": 0,
        "spa": 0,
        "spd": 0,
        "spe": 252
      }
    },
    {
      "nature": "adamant",
      "usage": "5.0",
      "evs": {
        "hp": 248,
        "atk": 252,
        "def": 0,
        "spa": 0,
        "spd": 8,
        "spe": 0
      }
    },
    {
      "nature": "careful",
      "usage": "3.3",
      "evs": {
        "hp": 252,
        "atk": 0,
        "def": 4,
        "spa": 0,
        "spd": 252,
        "spe": 0
      }
    },
    {
      "nature": "careful",
      "usage": "2.4",
      "evs": {
        "hp": 252,
        "atk": 4,
        "def": 0,
        "spa": 0,
        "spd": 252,
        "spe": 0
      }
    },
    {
      "nature": "adamant",
      "usage": "2.1",
      "evs": {
        "hp": 252,
        "atk": 252,
        "def": 0,
        "spa": 0,
        "spd": 4,
        "spe": 0
      }
    },
    {
      "nature": "adamant",
      "usage": "1.9",
      "evs": {
        "hp": 0,
        "atk": 252,
        "def": 4,
        "spa": 0,
        "spd": 0,
        "spe": 252
      }
    },
    {
      "nature": "jolly",
      "usage": "1.7",
      "evs": {
        "hp": 76,
        "atk": 176,
        "def": 0,
        "spa": 0,
        "spd": 8,
        "spe": 248
      }
    },
    {
      "nature": "jolly",
      "usage": "1.4",
      "evs": {
        "hp": 0,
        "atk": 252,
        "def": 4,
        "spa": 0,
        "spd": 0,
        "spe": 252
      }
    }
  ],
  "teammates": {
    "3": 0.038993636843035195,
    "6": 0.0028023503960874496,
    "9": 0.000022429336854645765,
    "36": 0.6004560240813133,
    "38": 0.6906245615996475,
    "40": 1.5505825453633213,
    "45": 0.019503781777217344,
    "59": 1.9092265949337799,
    "80": 0.5725788501197406,
    "91": 1.9638705603669937,
    "94": 0.0026786422719472514,
    "101": 0.028544254708849137,
    "103": 2.4726373898187,
    "113": 0.600562331525812,
    "128": 0.15397713443126254,
    "130": 1.3872174889140667,
    "131": 0.011540522278001342,
    "132": 0,
    "134": 0.539350130191552,
    "135": 0.7413685626973958,
    "136": 0.211660178349051,
    "143": 3.7023133499108347,
    "145": 2.284676154370769,
    "146": 0,
    "149": 24.74496922555626,
    "151": 2.999302570749762e-7,
    "184": 2.1102666437383757,
    "186": 2.3263527137795896,
    "195": 0.12942008675545846,
    "196": 0.22447478683736144,
    "197": 1.5442119692667085,
    "199": 3.3709966326842733,
    "200": 0,
    "205": 3.4656773006291948,
    "212": 1.869529431116133,
    "219": 0.15876951518942728,
    "227": 0.013792473589070875,
    "235": 0.000004126414030747316,
    "242": 3.698030278605796,
    "243": 1.1544757202893388,
    "244": 0.6620824192410232,
    "245": 0.0001252682646304959,
    "248": 10.133219260657771,
    "249": 0.013147197650173192,
    "250": 2.3204915358211156,
    "254": 0.0035348134766849393,
    "257": 5.689418080690834,
    "260": 0.00029356426398813307,
    "279": 0.9604388529742436,
    "286": 0.012535280759784662,
    "302": 0.15326889905853713,
    "314": 0.019091695831147004,
    "324": 0.0017120407055409848,
    "330": 0.7498928983054074,