{
  "id": "989",
  "name": "Sandy Shocks",
  "format_id": "showdown_gen9stabmonsmixandmega-1630",
  "usage_metrics": {
    "raw": 1126,
    "base_weight": 69.66717657791034,
    "percent": 1.5488734215521747
  },
  "roles": [
    {
      "role": "role_sweeper_special",
      "label": "Special Sweeper",
      "category": "OFF"
    }
  ],
  "items": {
    "gyaradosite": 0,
    "sceptilite": 0,
    "blue-orb": 1.7607169971360273,
    "glalitite": 44.39410074526501,
    "eelektrossite": 1.8919613653523015e-9,
    "chimechite": 6.291201483170425,
    "raichunite-y": 0.004482390701110506,
    "absolite": 1.7858684669510336,
    "lucarionite": 2.2211298766006045,
    "ampharosite": 1.132610263460412,
    "latiasite": 0.05726886945837251,
    "diancite": 2.5885269211773627,
    "chandelurite": 0.11822264582577036,
    "manectite": 2.810018684222319,
    "altarianite": 0.016065783991553673,
    "magearnite": 0.1219471544635869,
    "garchompite-z": 0.02233261763389771,
    "rocky-helmet": 0,
    "choice-scarf": 0,
    "salamencite": 0,
    "meganiumite": 0.04535448104705497,
    "glimmoranite": 1.067239123544998,
    "choice-specs": 0.12988120265263625,
    "pinsirite": 1.5350822108106426,
    "gardevoirite": 0.0445486601575964,
    "slowbronite": 2.041160530329774,
    "alakazite": 0.010056303953392909,
    "charizardite-y": 0.0002339337283384646,
    "froslassite": 0.1314427767958356,
    "cameruptite": 0.24721817375387212,
    "booster-energy": 0,
    "houndoominite": 0.03840835058708825,
    "delphoxite": 0.0000943457842218498,
    "blastoisinite": 0.0005508287335691531,
    "meowsticite": 0.026605946144087345,
    "life-orb": 1.0248068079378245
  },
  "abilities": {
    "protosynthesis": 69.66717657791034
  },
  "moves": {
    "scorching-sands": 0.005855478079446641,
    "thunder-cage": 2.1119363903488972,
    "spikes": 0.6533612424559079,
    "shore-up": 8.92233370033869,
    "volt-switch": 15.226674176773276,
    "flash-cannon": 39.60459940730136,
    "thunder": 3.891158582101555,
    "sandsear-storm": 7.267124413704529,
    "nuzzle": 1.4700138539320209,
    "electro-drift": 58.350480953466544,
    "earth-power": 61.86790370499895,
    "tri-attack": 46.26499552378102,
    "rising-voltage": 1.1585294186592958,
    "parabolic-charge": 0.025725356151576784,
    "stealth-rock": 7.178628858894237,
    "thunderclap": 14.673856855096613,
    "power-gem": 5.683609459936185,
    "electric-terrain": 0,
    "headlong-rush": 0.000037246695441861544,
    "volt-tackle": 0.000037246695441861544,
    "tera-blast": 0.7716451408253792,
    "thunderbolt": 1.409724033973534,
    "wildbolt-storm": 0.005261809736687328,
    "iron-defense": 0.0012835552624818058,
    "body-press": 0.0012835552624818058,
    "substitute": 1.5621691841570104,
    "fusion-bolt": 0,
    "body-slam": 0,
    "charge": 0.04535448104705497,
    "sandstorm": 0,
    "thunder-wave": 0.2526226728514591,
    "sunny-day": 0.00016238995639394904,
    "bone-rush": 0.019563697804867997,
    "charge-beam": 0.0005508287335691531,
    "gravity": 0.24222309261962122
  },
  "teras": {
    "nothing": 69.66717657791034
  },
  "spreads": [
    {
      "nature": "timid",
      "usage": "91.7",
      "evs": {
        "hp": 0,
        "atk": 0,
        "def": 0,
        "spa": 252,
        "spd": 4,
        "spe": 252
      }
    },
    {
      "nature": "timid",
      "usage": "2.9",
      "evs": {
        "hp": 252,
        "atk": 0,
        "def": 4,
        "spa": 0,
        "spd": 0,
        "spe": 252
      }
    },
    {
      "nature": "timid",
      "usage": "1.6",
      "evs": {
        "hp": 0,
        "atk": 0,
        "def": 48,
        "spa": 208,
        "spd": 0,
        "spe": 252
      }
    },
    {
      "nature": "timid",
      "usage": "1.4",
      "evs": {
        "hp": 4,
        "atk": 0,
        "def": 0,
        "spa": 252,
        "spd": 0,
        "spe": 252
      }
    },
    {
      "nature": "timid",
      "usage": "1.0",
      "evs": {
        "hp": 0,
        "atk": 0,
        "def": 0,
        "spa": 252,
        "spd": 0,
        "spe": 252
      }
    },
    {
      "nature": "naive",
      "usage": "0.4",
      "evs": {
        "hp": 0,
        "atk": 4,
        "def": 0,
        "spa": 252,
        "spd": 0,
        "spe": 252
      }
    },
    {
      "nature": "modest",
      "usage": "0.3",
      "evs": {
        "hp": 0,
        "atk": 0,
        "def": 0,
        "spa": 252,
        "spd": 4,
        "spe": 252
      }
    },
    {
      "nature": "timid",
      "usage": "0.2",
      "evs": {
        "hp": 48,
        "atk": 0,
        "def": 0,
        "spa": 208,
        "spd": 0,
        "spe": 252
      }
    },
    {
      "nature": "hardy",
      "usage": "0.2",
      "evs": {
        "hp": 252,
        "atk": 0,
        "def": 0,
        "spa": 252,
        "spd": 4,
        "spe": 0
      }
    },
    {
      "nature": "modest",
      "usage": "0.1",
      "evs": {
        "hp": 252,
        "atk": 0,
        "def": 0,
        "spa": 252,
        "spd": 4,
        "spe": 0
      }
    }
  ],
  "teammates": {
    "9": 0.0009676837428486684,
    "36": 0.006524146621070648,
    "38": 1.981105943221988,
    "40": 0.05271343899418557,
    "45": 0.04689907548546446,
    "51": 0.00026801699255019074,
    "59": 0.20901857366393356,
    "62": 0,
    "80": 0.019404461129707506,
    "91": 0.00567367529891033,
    "113": 0.38729293903891604,
    "130": 0.042475619089122396,
    "132": 0,
    "136": 0.11577674976906599,
    "143": 0.17426077835704962,
    "145": 0.10379712266760716,
    "146": 1.34444634464041,
    "149": 45.73761714752541,
    "151": 1.0668077532471898e-9,
    "184": 0,
    "186": 0.00016555392974088035,
    "195": 0,
    "197": 0.7383936525891045,
    "199": 1.0386012936780613,
    "205": 0.16628104311607977,
    "212": 0.1622613563864233,
    "214": 0.38244080495374094,
    "227": 2.9244379140536125e-10,
    "242": 0.6588173798270415,
    "244": 3.1182508052795685,
    "248": 0.8262197659815127,
    "250": 2.342677621153356,
    "257": 0.95846567540947,
    "260": 0,
    "279": 3.690885352428008,
    "314": 0.9259384872316463,
    "324": 0.04535448104705497,
    "330": 0,
    "335": 0.00041557733888097914,
    "350": 0.0017953690139705936,
    "373": 0.000013343863844217374,
    "376": 0.000002044031191528184,
    "377": 0.019563697804867997,
    "380": 0.000743184619785342,
    "383": 1.2211967849045222,
    "384": 5.291994731315697e-9,
    "389": 0.011312933459048102,
    "392": 0.04163437650747237,
    "395": 0.8586797740075052,
    "398": 0.0005722078047503132,
    "409": 0.4419421127316478,
    "424": 0.0005505036642428074,
    "426": 1.4821719349988602,
    "445": 1.3722592367953563,
    "448": 0.03840835058708825,
    "450": 0.0013745959695318222,
    "461": 1.7135966227900836,
    "462": 1.7126116848924973,
    "464": 24.802472232589068,
    "467": 2.812748534086751e-9,
    "469": 4.6284681642916325e-10,
    "470": 0.0010923548522406845,
    "471": 0.004714638952155126,
    "472": 0.1335910377176,
    "473": 0,
    "474": 0.6199617481780533,
    "476": 0,
    "480": 0.0023014038690573058,
    "482": 0,
    "485": 0.943469817480797,
    "486": 0,
    "491": 0.5397942136717995,
    "530": 0.017706362529414543,
    "542": 0.011754784769854754,
    "553": 0.08407161199587915,
    "571": 0.015998826829360435,
    "594": 0.33416225995863025,
    "596": 0,
    "609": 1.1734797784829225,
    "612": 0.002226365577238154,
    "620": 0.003767302876652001,
    "628": 0.000016971926193598552,
    "630": 0.119688652733003,
    "635": 0.003854837444815462,
    "637": 0,
    "638": 0.20185201569508376,
    "642": 1.6827861179647803,
    "645": 0.001451064944668845,
    "646": 0.8556230084546189,
    "647": 1.8047334494996692,
    "648": 0.028281905170855992,
    "652": 0.3705151255254444,
    "658": 0.700119312933655,
    "663": 5.576069672663664e-8,
    "687": 0,
    "700": 0.0000156894676200392,
    "709": 0,
    "713": 0.009365037556852474,