{
  "id": "687",
  "name": "Malamar",
  "format_id": "showdown_gen9doublesou-1500",
  "usage_metrics": {
    "raw": 12195,
    "base_weight": 4373.83622046134,
    "percent": 2.0679656102151904
  },
  "roles": [
    {
      "role": "role_tr_setter",
      "label": "Trick Room Setter",
      "category": "SUP"
    }
  ],
  "items": {
    "leftovers": 1200.2288752596207,
    "focus-sash": 807.9943691044803,
    "rocky-helmet": 71.40473408943738,
    "tanga-berry": 158.5021269374308,
    "bright-powder": 9.887745946007326,
    "choice-band": 32.91379956369686,
    "sitrus-berry": 401.5597818941728,
    "expert-belt": 2.2829053053795807,
    "black-belt": 4.653056712648859,
    "focus-band": 0.3724592052244159,
    "eject-pack": 0.8119153691292362,
    "choice-scarf": 168.8864222905618,
    "ring-target": 0.010704671585434422,
    "assault-vest": 295.81926687513754,
    "power-herb": 0.00003429225784506995,
    "weakness-policy": 6.334333278244864,
    "covert-cloak": 489.4528940488035,
    "life-orb": 34.10592173726453,
    "custap-berry": 60.88253764234829,
    "lagging-tail": 0.00028088899625794417,
    "safety-goggles": 51.18779987218366,
    "chesto-berry": 23.239703713029797,
    "aguav-berry": 15.755142152701909,
    "charcoal": 1.8630430404873741,
    "binding-band": 12.264919371702485,
    "ability-shield": 5.422807753781004,
    "quick-claw": 16.14499781999618,
    "mental-herb": 52.196659853785164,
    "lum-berry": 139.67782106851536,
    "nothing": 14.680054621883505,
    "blunder-policy": 0.42013228261797286,
    "shell-bell": 88.59926189127691,
    "lansat-berry": 0.033023975033195485,
    "roseli-berry": 0.13696731652922256,
    "heavy-duty-boots": 4.6899881996099175,
    "flame-orb": 2.0123533220856995,
    "clear-amulet": 42.55051536942986,
    "light-clay": 30.050598011543563,
    "figy-berry": 0.31218771402764917,
    "razor-claw": 3.8868737262955255,
    "rawst-berry": 4.272235647426379,
    "red-card": 11.117874124260329,
    "mirror-herb": 2.4380518035316747,
    "hard-stone": 0.051495762131811784,
    "toxic-orb": 0.9794672671286997,
    "adrenaline-orb": 0.033548294473024654,
    "muscle-band": 76.40167673343679,
    "room-service": 0.8844954079832162,
    "iron-ball": 0.5027888925893844,
    "power-bracer": 10.092739852746357,
    "salac-berry": 9.872670641326751,
    "air-balloon": 0.48538725925319176,
    "sticky-barb": 0.6808879997492441,
    "eject-button": 1.999493933645806,
    "fist-plate": 2.770653399268212,
    "black-glasses": 0.023737253456455498
  },
  "abilities": {
    "contrary": 4354.824337321583,
    "infiltrator": 16.390874033231196,
    "suction-cups": 2.6210091065267895
  },
  "moves": {
    "superpower": 3261.706851536424,
    "knock-off": 2225.9188054188553,
    "taunt": 378.83338333614944,
    "topsy-turvy": 1586.2140028400743,
    "rest": 165.8795445516497,
    "sleep-talk": 131.05420374638638,
    "psycho-cut": 1346.2612243435378,
    "skill-swap": 1795.2929831072681,
    "protect": 1446.1687309797778,
    "trick-room": 900.4012559164697,
    "fake-tears": 384.6652100429612,
    "reflect": 135.1437949513082,
    "light-screen": 161.91091120404155,
    "baton-pass": 557.2846724865927,
    "night-slash": 102.0248175211067,
    "liquidation": 181.92695347905217,
    "lunge": 81.58496394694848,
    "foul-play": 94.39124922278113,
    "rock-slide": 173.9985951544545,
    "thunderbolt": 12.913626581878459,
    "tera-blast": 121.09276344059212,
    "expanding-force": 69.45725854223778,
    "substitute": 24.655401948554967,
    "throat-chop": 311.84408414380505,
    "facade": 7.620206505822186,
    "trick": 60.48508397148971,
    "flamethrower": 12.474399290380672,
    "dark-pulse": 59.85566330240428,
    "helping-hand": 69.58227618686502,
    "destiny-bond": 177.29901811071088,
    "thief": 2.570078249569895,
    "switcheroo": 215.73584799211935,
    "": 3.682631509680563,
    "stored-power": 239.98467574808805,
    "scary-face": 266.85763205991265,
    "wrap": 13.47969324396344,
    "hypnosis": 115.99193694386149,
    "disable": 34.01235002897189,
    "future-sight": 8.600825852704853,
    "lash-out": 14.096611225519458,
    "psych-up": 324.6507977303786,
    "calm-mind": 20.87598148430035,
    "psychic": 16.767802931319146,
    "fling": 10.019424082683107,
    "swagger": 3.283566008466165,
    "aerial-ace": 0.597948010989007,
    "trailblaze": 75.76863423680102,
    "slash": 1.636070340316209e-8,
    "gravity": 0.11458045083776025,
    "nasty-plot": 8.69988404114554,
    "endure": 50.21089818485813,
    "reversal": 0.0007369300732737449,
    "psychic-noise": 6.638779439040297,
    "payback": 8.960373441919858,
    "hyper-beam": 1.3735042007057172,
    "tackle": 0.005890492987277507,
    "rain-dance": 14.405112948544408,
    "psyshock": 0.016748549015992154
  },
  "teras": {
    "flying": 93.12638816522424,
    "dark": 1092.487831131871,
    "steel": 873.7523872711714,
    "fire": 443.9257879295183,
    "ghost": 582.865298602548,
    "fighting": 603.4838870297933,
    "rock": 20.09208345581819,
    "stellar": 32.4596186358527,
    "dragon": 5.493494363248214,
    "bug": 6.478646612366487,
    "poison": 134.8806907679635,
    "fairy": 180.951039803642,
    "grass": 8.788539972103983,
    "water": 238.03948938552242,
    "electric": 12.057023514810295,
    "normal": 16.99775604728887,
    "psychic": 24.894011303320074,
    "ground": 3.062246469287726
  },
  "spreads": [
    {
      "nature": "adamant",
      "usage": "6.0",
      "evs": {
        "hp": 252,
        "atk": 252,
        "def": 4,
        "spa": 0,
        "spd": 0,
        "spe": 0
      }
    },
    {
      "nature": "adamant",
      "usage": "5.9",
      "evs": {
        "hp": 248,
        "atk": 252,
        "def": 0,
        "spa": 0,
        "spd": 8,
        "spe": 0
      }
    },
    {
      "nature": "brave",
      "usage": "5.0",
      "evs": {
        "hp": 252,
        "atk": 252,
        "def": 0,
        "spa": 0,
        "spd": 4,
        "spe": 0
      }
    },
    {
      "nature": "impish",
      "usage": "3.9",
      "evs": {
        "hp": 0,
        "atk": 0,
        "def": 128,
        "spa": 0,
        "spd": 128,
        "spe": 252
      }
    },
    {
      "nature": "adamant",
      "usage": "3.7",
      "evs": {
        "hp": 252,
        "atk": 252,
        "def": 0,
        "spa": 0,
        "spd": 4,
        "spe": 0
      }
    },
    {
      "nature": "impish",
      "usage": "3.2",
      "evs": {
        "hp": 252,
        "atk": 0,
        "def": 4,
        "spa": 0,
        "spd": 252,
        "spe": 0
      }
    },
    {
      "nature": "adamant",
      "usage": "3.2",
      "evs": {
        "hp": 0,
        "atk": 4,
        "def": 252,
        "spa": 0,
        "spd": 252,
        "spe": 0
      }
    },
    {
      "nature": "bold",
      "usage": "3.1",
      "evs": {
        "hp": 252,
        "atk": 0,
        "def": 16,
        "spa": 0,
        "spd": 204,
        "spe": 36
      }
    },
    {
      "nature": "careful",
      "usage": "2.9",
      "evs": {
        "hp": 0,
        "atk": 0,
        "def": 252,
        "spa": 0,
        "spd": 252,
        "spe": 0
      }
    },
    {
      "nature": "sassy",
      "usage": "2.6",
      "evs": {
        "hp": 252,
        "atk": 0,
        "def": 132,
        "spa": 0,
        "spd": 116,
        "spe": 0
      }
    }
  ],
  "teammates": {
    "3": 0.7554609450026346,
    "6": 4.553413842427148,
    "7": 1.8444628757399815,
    "8": 0.47049561090854786,
    "9": 3.26030145899918,
    "25": 6.759681934771754,
    "26": 2.5349008626594434,
    "35": 174.8842682513331,
    "36": 87.93648571061861,
    "38": 10.368351732277917,
    "40": 6.523468509771483,
    "44": 5.375444405563545,
    "45": 20.73955501357602,
    "48": 1.6195933483231784e-11,
    "49": 0.05201624852856407,
    "51": 3.2188612505248186,
    "53": 0.020770889009946503,
    "55": 20.081211853624847,
    "57": 17.120232200879816,
    "59": 60.560817772654545,
    "62": 0.03172108878389468,