{
  "id": "248",
  "name": "Tyranitar",
  "format_id": "showdown_gen9doublesubers-1630",
  "usage_metrics": {
    "raw": 5363,
    "base_weight": 201.62379953242527,
    "percent": 2.5983778912586364
  },
  "roles": [
    {
      "role": "role_weather",
      "label": "Weather Setter",
      "category": "SUP"
    },
    {
      "role": "role_sweeper_physical",
      "label": "Physical Sweeper",
      "category": "OFF"
    }
  ],
  "items": {
    "assault-vest": 69.13612454652804,
    "choice-band": 1.7333651719618315,
    "life-orb": 19.07308219698543,
    "muscle-band": 0.005658710506783182,
    "heavy-duty-boots": 0.212169394562696,
    "focus-sash": 2.2183180698801714,
    "air-balloon": 5.260627932371598,
    "leftovers": 10.554820576037134,
    "smooth-rock": 71.14014018138153,
    "rocky-helmet": 3.3961530202935655,
    "dawn-stone": 0,
    "clear-amulet": 0.7888251809818202,
    "sitrus-berry": 3.7279296992838913,
    "expert-belt": 0.010524134488171133,
    "weakness-policy": 4.7545741759277975,
    "eject-button": 0.11671667548866477,
    "safety-goggles": 0.0017755690369054,
    "chople-berry": 0.9098586903217267,
    "loaded-dice": 0.6877917939635596,
    "big-nugget": 0.00178513830824778,
    "bright-powder": 0.00011360890434258808,
    "lum-berry": 0.5887315898663952,
    "aguav-berry": 0.08904227320178915,
    "choice-scarf": 4.257206522295585,
    "quick-claw": 0.3385064077237238,
    "hard-stone": 0,
    "iron-ball": 0.906867011592881,
    "wide-lens": 0.16171129867298106,
    "nothing": 0.9000350254589304,
    "earth-plate": 0.4759831784778737,
    "power-herb": 0,
    "eject-pack": 0.0005014642047431739,
    "mirror-herb": 0.027192003570417234,
    "covert-cloak": 0.006080902983452263,
    "razor-claw": 3.3140351574090232e-9,
    "kings-rock": 0,
    "ability-shield": 0.14158738384786923,
    "ring-target": 0,
    "black-glasses": 0,
    "splash-plate": 0
  },
  "abilities": {
    "sand-stream": 201.205574311391,
    "unnerve": 0.4182252210342732
  },
  "moves": {
    "avalanche": 12.106149621606882,
    "crunch": 29.262433516702586,
    "dig": 0.002477642066014585,
    "shadow-claw": 3.8335325428204072,
    "knock-off": 168.77775048703796,
    "stone-edge": 21.864521565608253,
    "low-kick": 25.267951967708733,
    "ice-punch": 25.26445340119611,
    "heavy-slam": 5.692827278045042,
    "high-horsepower": 12.373146837388388,
    "dragon-dance": 20.167580938445322,
    "rock-slide": 162.79273059637924,
    "curse": 0.3374671441495422,
    "earthquake": 45.40608094976663,
    "brick-break": 6.066157037098811,
    "protect": 94.76453527027334,
    "rest": 0.25887215750933035,
    "sleep-talk": 0.2589073752460128,
    "roar": 48.064732680068765,
    "thunder-wave": 0.5215200008860887,
    "foul-play": 6.4954226620442,
    "helping-hand": 3.437533502283976,
    "stealth-rock": 16.735983349982103,
    "ice-beam": 0.19037810003988498,
    "body-slam": 0.03786435438108382,
    "dark-pulse": 0.6088535696474255,
    "fire-punch": 2.2014004392544892,
    "ice-fang": 0.14712521902329284,
    "thunderbolt": 0.09813302458675988,
    "stomping-tantrum": 3.1922747085374175,
    "tera-blast": 28.668948707310896,
    "dragon-claw": 2.8256321413705265,
    "taunt": 1.3273042191620812,
    "dragon-tail": 19.703510117651952,
    "surf": 0.3094867612717397,
    "dragon-pulse": 0.0016696519737173787,
    "thunder-punch": 1.9139102339233336,
    "breaking-swipe": 6.829962483964072,
    "rock-tomb": 0.006228913663329838,
    "fire-blast": 0.3522525667534802,
    "lash-out": 0.5985994265996124,
    "body-press": 4.353595464184213,
    "iron-head": 1.0960246983209725,
    "earth-power": 1.0644262283560084,
    "fire-fang": 0.052540416800279766,
    "bulldoze": 0.0741270114884015,
    "icy-wind": 6.115947415286122,
    "payback": 0.48279323989959266,
    "sandstorm": 0.5531825081361667,
    "ancient-power": 0.00011360890434258808,
    "iron-defense": 1.6615783508716913,
    "blizzard": 0.272951287123397,
    "flamethrower": 0.3302572467901541,
    "hydro-pump": 9.87279463737778e-8,
    "rock-blast": 1.735274998174132,
    "double-edge": 0.06714632623529565,
    "thunder-fang": 0.030328290465158392,
    "snarl": 6.9805130316545245,
    "fling": 0.9086521499011291,
    "thunder": 0.32418728183758533,
    "aerial-ace": 0.10971652520304409,
    "giga-impact": 0.0510358641641413,
    "muddy-water": 0.5743065880694609,
    "tackle": 0.0534234097202862,
    "mud-slap": 0.04281261901843919,
    "power-gem": 0.23477152920771938,
    "outrage": 0.06996497537203938,
    "scary-face": 0.020162527878379966,
    "focus-punch": 0.013330157488155414,
    "substitute": 0.04623085402802629,
    "": 0.0006050120496249312,
    "smack-down": 0.00007043143491453074,
    "assurance": 0.000005337121048498705,
    "facade": 2.605458160331864e-8,
    "sand-tomb": 0.4088160638328899,
    "leer": 0,
    "hyper-beam": 7.330470656596866e-7,
    "sunny-day": 1.765592116953485e-10,
    "rain-dance": 0.000002658872065464113,
    "hard-press": 3.746055687869898e-10
  },
  "teras": {
    "rock": 55.718324036004006,
    "flying": 35.27050986125103,
    "ghost": 44.23383327678865,
    "water": 0.2928800160872809,
    "steel": 0.5724724223405817,
    "dragon": 0.6358672151226867,
    "ground": 2.6686251668930048,
    "dark": 1.269173551807903,
    "fairy": 3.6331920848430492,
    "grass": 49.125968248725485,
    "normal": 0.16748394536523897,
    "stellar": 2.4956122779418166e-8,
    "electric": 0.009480344552395936,
    "psychic": 7.178918086229475,
    "fighting": 0.010598203057780198,
    "poison": 0.314616284770571,
    "ice": 0.1257565862932814,
    "bug": 0.3961001420042411,
    "fire": 3.5331784054015714e-8
  },
  "spreads": [
    {
      "nature": "adamant",
      "usage": "25.2",
      "evs": {
        "hp": 252,
        "atk": 252,
        "def": 0,
        "spa": 0,
        "spd": 0,
        "spe": 4
      }
    },
    {
      "nature": "adamant",
      "usage": "11.1",
      "evs": {
        "hp": 252,
        "atk": 252,
        "def": 0,
        "spa": 0,
        "spd": 4,
        "spe": 0
      }
    },
    {
      "nature": "brave",
      "usage": "7.9",
      "evs": {
        "hp": 0,
        "atk": 252,
        "def": 252,
        "spa": 0,
        "spd": 4,
        "spe": 0
      }
    },
    {
      "nature": "brave",
      "usage": "5.8",
      "evs": {
        "hp": 252,
        "atk": 252,
        "def": 0,
        "spa": 4,
        "spd": 0,
        "spe": 0
      }
    },
    {
      "nature": "adamant",
      "usage": "3.8",
      "evs": {
        "hp": 0,
        "atk": 252,
        "def": 4,
        "spa": 0,
        "spd": 252,
        "spe": 0
      }
    },
    {
      "nature": "adamant",
      "usage": "3.5",
      "evs": {
        "hp": 4,
        "atk": 252,
        "def": 4,
        "spa": 0,
        "spd": 4,
        "spe": 244
      }
    },
    {
      "nature": "adamant",
      "usage": "2.4",
      "evs": {
        "hp": 252,
        "atk": 4,
        "def": 0,
        "spa": 0,
        "spd": 252,
        "spe": 0
      }
    },
    {
      "nature": "brave",
      "usage": "2.1",
      "evs": {
        "hp": 252,
        "atk": 0,
        "def": 124,
        "spa": 4,
        "spd": 128,
        "spe": 0
      }
    },
    {
      "nature": "jolly",
      "usage": "2.0",
      "evs": {
        "hp": 252,
        "atk": 150,
        "def": 0,
        "spa": 0,
        "spd": 0,
        "spe": 106
      }
    },
    {
      "nature": "adamant",
      "usage": "1.9",
      "evs": {
        "hp": 252,
        "atk": 76,
        "def": 0,
        "spa": 0,
        "spd": 180,
        "spe": 0
      }
    }
  ],
  "teammates": {
    "3": 0.033315488869969656,
    "6": 0.05788469409574176,
    "9": 0.03480873061817452,
    "24": 1.0426437491162233e-11,
    "25": 0,
    "26": 0.4375574324508856,
    "28": 0.016380697963288837,
    "35": 1.3468905281089696,
    "36": 0.6966082310353559,
    "38": 0.000011730425953759838,
    "44": 0,