{
  "id": "249",
  "name": "Lugia",
  "format_id": "showdown_gen9doublesubers-1630",
  "usage_metrics": {
    "raw": 4287,
    "base_weight": 246.18263370107698,
    "percent": 2.077055010222967
  },
  "roles": [
    {
      "role": "role_setup",
      "label": "Setup Sweeper",
      "category": "OFF"
    },
    {
      "role": "role_speed_control",
      "label": "Speed Control",
      "category": "SUP"
    },
    {
      "role": "role_staller",
      "label": "Staller",
      "category": "DEF"
    }
  ],
  "items": {
    "assault-vest": 8.10427639157005,
    "covert-cloak": 4.404844747813772,
    "leftovers": 145.95478853696756,
    "rocky-helmet": 14.235652346022896,
    "heavy-duty-boots": 7.700406971856783,
    "sitrus-berry": 16.689268666249248,
    "choice-scarf": 0.4697069983386673,
    "weakness-policy": 12.482540904456064,
    "quick-claw": 9.054965333099574e-9,
    "scope-lens": 0.762651917248699,
    "focus-sash": 0.04530537602706852,
    "metronome": 0.01855343905420942,
    "electric-seed": 8.877479931777087,
    "wide-lens": 0.5150838889471925,
    "light-clay": 7.017367614620102,
    "safety-goggles": 0.01341611742072052,
    "clear-amulet": 1.3397182900622049,
    "life-orb": 0.7916434451967683,
    "shell-bell": 3.521360874762623,
    "choice-specs": 0.01859105917684023,
    "wise-glasses": 0.3132906839301223,
    "expert-belt": 0,
    "mind-plate": 0.03260984220457841,
    "flame-orb": 0.9305951589849006,
    "sky-plate": 4.297907637722705,
    "nothing": 0.5320050467759202,
    "razor-fang": 0.004684551488001731,
    "red-card": 1.441501350754153,
    "ability-shield": 0,
    "rowap-berry": 0.000031121448980153676,
    "mental-herb": 0.19366458337066284,
    "lagging-tail": 0.9308187642148154,
    "eject-button": 0.09098177966403392,
    "zoom-lens": 0,
    "binding-band": 0,
    "absorb-bulb": 0,
    "eviolite": 0,
    "blunder-policy": 0.2112308480771356,
    "choice-band": 0,
    "damp-rock": 0,
    "wiki-berry": 3.9309392195897237,
    "mago-berry": 0.22585975862315577,
    "mirror-herb": 0.04063450842883859,
    "grassy-seed": 2.007233268486175e-11,
    "throat-spray": 0.04322131915638022,
    "air-balloon": 0,
    "toxic-orb": 0,
    "magnet": 0
  },
  "abilities": {
    "multiscale": 229.97428630231553,
    "pressure": 16.208347398761454
  },
  "moves": {
    "aeroblast": 195.48917799430143,
    "icy-wind": 24.501162094387325,
    "psychic-noise": 17.421366905200852,
    "ancient-power": 5.900676978751932,
    "weather-ball": 3.067256763587338,
    "recover": 142.3023766287361,
    "psyshock": 3.5740081444632983,
    "hurricane": 2.1360302964826516,
    "tailwind": 75.66898624391119,
    "psych-up": 52.74396602639094,
    "ice-beam": 19.103737226584872,
    "hyper-voice": 4.230983420734192,
    "psychic": 57.670681181458924,
    "earth-power": 32.40061527093755,
    "calm-mind": 102.67747928424062,
    "chilling-water": 10.880304170908758,
    "shadow-ball": 6.57925578183796,
    "surf": 5.402046496736842,
    "whirlpool": 15.759749597307339,
    "whirlwind": 11.260991759539758,
    "blizzard": 1.1723457297206765,
    "thunder": 2.6998890472810957,
    "light-screen": 13.119664996262717,
    "reflect": 11.381893933985268,
    "protect": 25.842242291728954,
    "giga-drain": 16.93537157837888,
    "avalanche": 3.727916794655194,
    "future-sight": 1.809585426927536,
    "air-slash": 3.1689668584903075,
    "earthquake": 2.7695355921523337,
    "curse": 0.9223254530574951,
    "extrasensory": 10.28972477712102,
    "hydro-pump": 7.1211268847192155,
    "substitute": 6.04908941394711,
    "liquidation": 0.8143581963373302,
    "iron-head": 0.0018486284852888835,
    "brave-bird": 0.21631071105797395,
    "rain-dance": 7.214854118177028,
    "skill-swap": 7.260721412298519,
    "hyper-beam": 0.5214505350315572,
    "dragon-rush": 0.15991462303437065,
    "thunderbolt": 35.55797374466606,
    "helping-hand": 15.661220674591432,
    "dragon-tail": 4.012036506704332,
    "charge-beam": 0.0010210782123496465,
    "zen-headbutt": 0.19929705128768804,
    "body-slam": 0.2619579483930379,
    "acrobatics": 7.239318563330368,
    "tera-blast": 1.4457058410545436,
    "dragon-pulse": 0.9405884895508018,
    "water-pulse": 1.0616530967189821,
    "fly": 1.0616530967189821,
    "trick": 1.8441906347670565,
    "aerial-ace": 0.17912477223476297,
    "sleep-talk": 0.044685790563829486,
    "rest": 0.018828255868062638,
    "sky-attack": 0.13392355311506937,
    "safeguard": 1.156360093376432,
    "": 1.9948894591781396e-8,
    "sunny-day": 1.0175713438802265,
    "giga-impact": 0,
    "waterfall": 0.00004838028893733304,
    "imprison": 0,
    "double-edge": 0,
    "facade": 0.1881108107794493,
    "scale-shot": 0.057170206465415485,
    "scary-face": 0.6781055824435585
  },
  "teras": {
    "normal": 18.38604068426229,
    "psychic": 59.806144785632526,
    "ground": 24.31654717145363,
    "fairy": 9.241151120664895,
    "electric": 2.6211927024527144,
    "grass": 7.533556404310967,
    "flying": 11.87585715442306,
    "steel": 26.310631759567716,
    "ghost": 4.469715649638681,
    "stellar": 0.0401818249479689,
    "dragon": 28.16383532302376,
    "water": 34.031877448565126,
    "dark": 1.2624272280953492,
    "ice": 0.4359680821421724,
    "poison": 9.941253263531477,
    "fire": 7.654962191325956,
    "rock": 0.09129090703906384
  },
  "spreads": [
    {
      "nature": "calm",
      "usage": "15.0",
      "evs": {
        "hp": 148,
        "atk": 0,
        "def": 108,
        "spa": 172,
        "spd": 80,
        "spe": 0
      }
    },
    {
      "nature": "calm",
      "usage": "11.1",
      "evs": {
        "hp": 188,
        "atk": 0,
        "def": 76,
        "spa": 236,
        "spd": 8,
        "spe": 0
      }
    },
    {
      "nature": "bold",
      "usage": "7.9",
      "evs": {
        "hp": 252,
        "atk": 0,
        "def": 252,
        "spa": 4,
        "spd": 0,
        "spe": 0
      }
    },
    {
      "nature": "modest",
      "usage": "7.2",
      "evs": {
        "hp": 248,
        "atk": 0,
        "def": 0,
        "spa": 252,
        "spd": 8,
        "spe": 0
      }
    },
    {
      "nature": "timid",
      "usage": "3.8",
      "evs": {
        "hp": 252,
        "atk": 0,
        "def": 0,
        "spa": 4,
        "spd": 0,
        "spe": 252
      }
    },
    {
      "nature": "bold",
      "usage": "3.6",
      "evs": {
        "hp": 252,
        "atk": 0,
        "def": 252,
        "spa": 0,
        "spd": 4,
        "spe": 0
      }
    },
    {
      "nature": "timid",
      "usage": "2.8",
      "evs": {
        "hp": 252,
        "atk": 0,
        "def": 0,
        "spa": 0,
        "spd": 0,
        "spe": 252
      }
    },
    {
      "nature": "bold",
      "usage": "2.7",
      "evs": {
        "hp": 248,
        "atk": 0,
        "def": 252,
        "spa": 8,
        "spd": 0,
        "spe": 0
      }
    },
    {
      "nature": "timid",
      "usage": "2.6",
      "evs": {
        "hp": 248,
        "atk": 0,
        "def": 28,
        "spa": 12,
        "spd": 20,
        "spe": 200
      }
    },
    {
      "nature": "hardy",
      "usage": "2.6",
      "evs": {
        "hp": 252,
        "atk": 0,
        "def": 0,
        "spa": 0,
        "spd": 0,
        "spe": 252
      }
    }
  ],
  "teammates": {
    "3": 0.25299494144578616,
    "6": 0.011772179709395536,
    "9": 0.6118613309627137,
    "24": 8.715250743307479e-14,
    "25": 0.24917933051611502,
    "26": 0.2620714110205369,
    "35": 0.37827363390441604,
    "36": 6.085971848701632e-8,
    "51": 0,
    "55": 0.22155620106382018,
    "59": 0.000009923471778805482,
    "60": 0,
    "62": 1.4378765781629168,
    "76": 0.0008033796069072952,
    "91": 0.6793069857581153,
    "94": 1.0577119773436645,
    "110": 1.8506395991068072,
    "113": 0,
    "123": 0.020217613609834484,
    "126": 0.13760608256312706,
    "130": 1.2994261003883867,
    "131": 10.930880845822024,
    "132": 2.9984297617867526,