{
  "id": "765",
  "name": "Oranguru",
  "format_id": "showdown_gen9doublesubers-1630",
  "usage_metrics": {
    "raw": 4715,
    "base_weight": 356.75258893159366,
    "percent": 2.2844213606720993
  },
  "roles": [
    {
      "role": "role_tr_setter",
      "label": "Trick Room Setter",
      "category": "SUP"
    },
    {
      "role": "role_disruptor",
      "label": "Disruptor",
      "category": "SUP"
    },
    {
      "role": "role_wall_special",
      "label": "Special Wall",
      "category": "DEF"
    }
  ],
  "items": {
    "leftovers": 81.38627178927062,
    "mental-herb": 171.29774300951544,
    "psychic-seed": 0,
    "focus-sash": 11.821357022762147,
    "covert-cloak": 9.274508002950885,
    "clear-amulet": 6.006606432786163,
    "room-service": 0.12495518926341731,
    "electric-seed": 1.3264954578905903,
    "safety-goggles": 6.7817286332741515,
    "choice-scarf": 1.6857485507255443,
    "sitrus-berry": 12.25542016346125,
    "weakness-policy": 0.013406658844819452,
    "rocky-helmet": 0.8710336527451563,
    "choice-band": 0.169175829102662,
    "icicle-plate": 9.42144118887267e-7,
    "aguav-berry": 16.389871820543316,
    "poke-ball": 0.01365583858493763,
    "assault-vest": 3.7743001598197896,
    "life-orb": 1.6685922963612931,
    "nothing": 0.00562376827925315,
    "ability-shield": 0.31922088906795787,
    "never-melt-ice": 7.334353417941893,
    "eviolite": 0.03126619525973107,
    "colbur-berry": 0.4052272704720597,
    "iron-ball": 5.157583393859998,
    "damp-rock": 0,
    "throat-spray": 0.3233179544823759,
    "lum-berry": 0,
    "wiki-berry": 0,
    "eject-pack": 0.1323000082662102,
    "white-herb": 5.855683271605017e-9,
    "wise-glasses": 1.1102230246251565e-16,
    "terrain-extender": 9.18153091335754,
    "red-card": 0.00003330697992737219,
    "power-herb": 0.011898631853053898,
    "chesto-berry": 0.0006094850717231481,
    "heat-rock": 0.0011064853837355337,
    "light-clay": 5.046788306338769,
    "magnet": 0.0000695991830651499,
    "grassy-seed": 0.00036535239353657767,
    "kee-berry": 4.2536529853975935e-12,
    "normal-gem": 0.00010415302024907591,
    "quick-claw": 2.7282142828367526,
    "choice-specs": 1.2121040614025298,
    "mirror-herb": 2.369281437708537e-10
  },
  "abilities": {
    "telepathy": 123.50192408093427,
    "inner-focus": 196.40976562696872,
    "symbiosis": 36.840899223690684
  },
  "moves": {
    "instruct": 355.9117062549305,
    "rock-slide": 0.000012462531188250914,
    "expanding-force": 7.065657294144914,
    "protect": 102.41398770961759,
    "trick-room": 331.7179205192214,
    "encore": 70.08339269359772,
    "foul-play": 106.24605989220271,
    "knock-off": 8.630553132484724,
    "endeavor": 2.2557266084268295,
    "psychic": 36.47726240402427,
    "yawn": 14.646821401353701,
    "calm-mind": 2.067647584648737,
    "brick-break": 0.18730997410703226,
    "chilling-water": 24.21023393178195,
    "hyper-voice": 29.852975122792053,
    "thunderbolt": 0.017242378922827095,
    "reflect": 8.002593815172748,
    "bulldoze": 19.388418917119342,
    "psyshock": 1.5498158353066964,
    "taunt": 143.23512580549877,
    "pain-split": 6.193290728022933,
    "light-screen": 16.511224891947386,
    "trick": 0.33659615730361103,
    "future-sight": 2.423438477666243,
    "skill-swap": 40.04387738924618,
    "": 0.17198101457837117,
    "last-resort": 0.000971867484617861,
    "focus-blast": 0.2575886237393152,
    "thunder": 0.000629728871931523,
    "psychic-terrain": 10.581998141669942,
    "rain-dance": 0.0019694298799101118,
    "psychic-noise": 16.326300810799033,
    "zen-headbutt": 0.009630586301946964,
    "after-you": 41.956951290538804,
    "psych-up": 0.15845631273343347,
    "sunny-day": 1.6470720883553438,
    "dream-eater": 0.0363285055473051,
    "substitute": 0.14483251649232293,
    "stored-power": 1.8308268105059158,
    "shadow-ball": 7.681289717465866,
    "extrasensory": 3.54624354018597,
    "scary-face": 5.855683271605017e-9,
    "earthquake": 0.00011178545376849813,
    "rest": 0.11587529273660035,
    "imprison": 0.3358672587654591,
    "body-slam": 0.321222279504729,
    "gravity": 1.2822847416589527,
    "nasty-plot": 0.256341613687996,
    "trailblaze": 3.885780586188048e-14,
    "charge-beam": 0,
    "endure": 0.000029737019044462354,
    "hyper-beam": 0.00595346909283595,
    "energy-ball": 10.513041278649613,
    "sleep-talk": 0.02176595047400459,
    "quash": 0.19675421151133166,
    "swift": 0.13796470388902576,
    "tera-blast": 0.0010227465584793927,
    "fling": 0.0001582842950367258
  },
  "teras": {
    "normal": 165.2844295028847,
    "fairy": 17.506781746808514,
    "grass": 19.628368877927375,
    "steel": 8.637387208372097,
    "dark": 61.875639108067965,
    "ghost": 54.62654219029266,
    "dragon": 4.873714554203142,
    "ground": 0.48360012166232264,
    "bug": 0.010550162921838024,
    "psychic": 16.63434633223236,
    "flying": 2.266503023586661,
    "stellar": 0.07892353916860406,
    "water": 1.8976759654639905,
    "fighting": 0.3864700606460244,
    "rock": 0.0000013446593767896253,
    "fire": 0.44558674694880807,
    "ice": 0.15968202749843347,
    "poison": 1.956386418248743
  },
  "spreads": [
    {
      "nature": "sassy",
      "usage": "22.3",
      "evs": {
        "hp": 248,
        "atk": 0,
        "def": 8,
        "spa": 0,
        "spd": 252,
        "spe": 0
      }
    },
    {
      "nature": "sassy",
      "usage": "10.1",
      "evs": {
        "hp": 252,
        "atk": 0,
        "def": 24,
        "spa": 0,
        "spd": 232,
        "spe": 0
      }
    },
    {
      "nature": "sassy",
      "usage": "6.9",
      "evs": {
        "hp": 152,
        "atk": 0,
        "def": 0,
        "spa": 0,
        "spd": 252,
        "spe": 104
      }
    },
    {
      "nature": "calm",
      "usage": "6.9",
      "evs": {
        "hp": 252,
        "atk": 0,
        "def": 252,
        "spa": 0,
        "spd": 4,
        "spe": 0
      }
    },
    {
      "nature": "relaxed",
      "usage": "6.3",
      "evs": {
        "hp": 0,
        "atk": 0,
        "def": 252,
        "spa": 4,
        "spd": 252,
        "spe": 0
      }
    },
    {
      "nature": "bold",
      "usage": "4.5",
      "evs": {
        "hp": 252,
        "atk": 0,
        "def": 252,
        "spa": 0,
        "spd": 4,
        "spe": 0
      }
    },
    {
      "nature": "calm",
      "usage": "3.4",
      "evs": {
        "hp": 252,
        "atk": 0,
        "def": 252,
        "spa": 0,
        "spd": 0,
        "spe": 0
      }
    },
    {
      "nature": "sassy",
      "usage": "3.3",
      "evs": {
        "hp": 252,
        "atk": 0,
        "def": 4,
        "spa": 0,
        "spd": 252,
        "spe": 0
      }
    },
    {
      "nature": "sassy",
      "usage": "3.2",
      "evs": {
        "hp": 252,
        "atk": 0,
        "def": 0,
        "spa": 4,
        "spd": 252,
        "spe": 0
      }
    },
    {
      "nature": "sassy",
      "usage": "3.0",
      "evs": {
        "hp": 248,
        "atk": 0,
        "def": 0,
        "spa": 8,
        "spd": 252,
        "spe": 0
      }
    }
  ],
  "teammates": {
    "3": 2.1269083050334814e-8,
    "6": 0,
    "9": 1.4455103780619538e-13,
    "24": 0.0006335668597634014,
    "25": 0.6272295740161793,
    "35": 1.5291840018677643,
    "36": 2.900551487616987,
    "38": 0.03878044323575558,
    "49": 0.004308528497629138,
    "59": 1.0329181502782099,
    "80": 1.601663246475482e-12,
    "91": 0.000005772556898875347,
    "101": 0.005857187682284493,
    "106": 0.005953469092868258,
    "107": 0.01241058252900512,
    "113": 0.0000013364820971584201,
    "126": 0.3676365193420506,
    "129": 0.3863705036781981,
    "130": 0.000014037458654025947,
    "132": 2.8659311967671544,
    "136": 0.01241058252900512,
    "143": 0.000005355327227396511,
    "145": 0.00044138665413928635,
    "149": 0.00004549255468594415,
    "150": 0.05269749238058519,
    "151": 0.006757786823203715,