{
  "id": "970",
  "name": "Glimmora",
  "format_id": "showdown_gen9doublesubers-1630",
  "usage_metrics": {
    "raw": 5046,
    "base_weight": 713.417654410192,
    "percent": 2.444791131697013
  },
  "roles": [
    {
      "role": "role_sweeper_special",
      "label": "Special Sweeper",
      "category": "OFF"
    }
  ],
  "items": {
    "power-herb": 35.03282971490179,
    "rocky-helmet": 42.20282206544643,
    "black-sludge": 2.746464741700072,
    "focus-sash": 385.38585926819786,
    "red-card": 187.18920041533556,
    "loaded-dice": 0.022224640534025897,
    "leftovers": 19.172100867901037,
    "nothing": 5.366768588188311,
    "choice-scarf": 1.8451687632077585,
    "assault-vest": 3.2112434468078375,
    "clear-amulet": 0.20364526992456156,
    "poison-barb": 0.000009454790080909437,
    "expert-belt": 0.019008788084363515,
    "air-balloon": 8.331420709918547,
    "lum-berry": 4.2315889681177055e-10,
    "bright-powder": 0.009636495701358772,
    "sitrus-berry": 8.17855356565179,
    "weakness-policy": 3.9262704198961274e-11,
    "eject-button": 0.517704161965068,
    "focus-band": 0.001354071501836751,
    "heavy-duty-boots": 0.16607773396839648,
    "normal-gem": 0.1552613892310561,
    "covert-cloak": 3.5730348950071744,
    "mental-herb": 0.21028147342485393,
    "light-clay": 0.02421854872014545,
    "ability-shield": 7.031541103279883,
    "quick-claw": 0,
    "smooth-rock": 0,
    "choice-band": 0,
    "shuca-berry": 1.5295748224260135,
    "hard-stone": 0,
    "life-orb": 0.017374224642123903,
    "safety-goggles": 0.000006218778280775439,
    "choice-specs": 0.0539870997265941,
    "toxic-orb": 1.2202818707670382
  },
  "abilities": {
    "toxic-debris": 711.6072483172541,
    "corrosion": 1.8104060929378663
  },
  "moves": {
    "meteor-beam": 40.23385125819666,
    "sludge-bomb": 122.821610544652,
    "earth-power": 347.8197071917638,
    "spiky-shield": 433.73073515206335,
    "toxic-spikes": 170.1048565172412,
    "spikes": 243.6132792531182,
    "stealth-rock": 618.439973687078,
    "dazzling-gleam": 10.783459107501463,
    "light-screen": 8.567744205805576,
    "mortal-spin": 606.8326078815297,
    "mud-shot": 3.77396945542182,
    "gunk-shot": 0.755789586713554,
    "toxic": 8.633595174503219,
    "sludge-wave": 28.834263340804526,
    "power-gem": 130.69626047624206,
    "flash-cannon": 4.775199127373851,
    "energy-ball": 7.294733043502446,
    "memento": 12.024290139188611,
    "rock-blast": 2.329449730347115,
    "protect": 21.396223132717825,
    "venoshock": 1.0794151259163038,
    "reflect": 4.152354501006874,
    "sandstorm": 0.03359550716486237,
    "ancient-power": 0.0453296195052304,
    "acid-armor": 1.132876693997597,
    "rock-slide": 0.7983520846922736,
    "explosion": 1.2501480229376354,
    "endure": 0.00277165558348047,
    "confuse-ray": 1.3006900737291556,
    "smack-down": 0.011306814517002883,
    "rest": 1.5804852896721548,
    "tera-blast": 0.039296394801336065,
    "rock-tomb": 0,
    "rock-polish": 5.163784731195567,
    "stone-edge": 0.030008787296665507,
    "": 0.02168422676729359,
    "solar-beam": 1.3170537625168406,
    "giga-impact": 0,
    "sleep-talk": 0.8778800866401344,
    "self-destruct": 0.2450265021047477,
    "substitute": 4.03715731851577,
    "acid-spray": 4.463653520399064,
    "facade": 2.5903204131340978,
    "rain-dance": 0.00001052833314174606,
    "sand-tomb": 0.008742996683340498,
    "iron-defense": 0.007955936905927607,
    "harden": 0.0007647591375500862,
    "rock-throw": 0.01835428185073401
  },
  "teras": {
    "grass": 280.4802006563459,
    "rock": 256.5846257387689,
    "ghost": 22.33035248698611,
    "flying": 58.144030899396476,
    "poison": 9.297659248713721,
    "electric": 0,
    "ground": 75.77386780762794,
    "normal": 0.28077234331933837,
    "steel": 0.6400724569282944,
    "fire": 0.47798273123082863,
    "dragon": 5.115682322198722e-10,
    "dark": 2.915625598801792,
    "fairy": 2.4400670504308897,
    "fighting": 0,
    "water": 3.9646763224883315,
    "stellar": 0.0661468670534695,
    "ice": 0.02025343542056729,
    "psychic": 0.001320766168312948,
    "bug": 0
  },
  "spreads": [
    {
      "nature": "timid",
      "usage": "19.4",
      "evs": {
        "hp": 0,
        "atk": 4,
        "def": 0,
        "spa": 252,
        "spd": 0,
        "spe": 252
      }
    },
    {
      "nature": "naive",
      "usage": "12.4",
      "evs": {
        "hp": 252,
        "atk": 4,
        "def": 0,
        "spa": 0,
        "spd": 0,
        "spe": 252
      }
    },
    {
      "nature": "bold",
      "usage": "9.9",
      "evs": {
        "hp": 0,
        "atk": 0,
        "def": 252,
        "spa": 0,
        "spd": 252,
        "spe": 0
      }
    },
    {
      "nature": "bold",
      "usage": "9.3",
      "evs": {
        "hp": 144,
        "atk": 0,
        "def": 136,
        "spa": 0,
        "spd": 228,
        "spe": 0
      }
    },
    {
      "nature": "calm",
      "usage": "7.0",
      "evs": {
        "hp": 252,
        "atk": 0,
        "def": 4,
        "spa": 0,
        "spd": 252,
        "spe": 0
      }
    },
    {
      "nature": "bold",
      "usage": "6.7",
      "evs": {
        "hp": 252,
        "atk": 0,
        "def": 200,
        "spa": 0,
        "spd": 56,
        "spe": 0
      }
    },
    {
      "nature": "timid",
      "usage": "6.4",
      "evs": {
        "hp": 4,
        "atk": 0,
        "def": 0,
        "spa": 252,
        "spd": 0,
        "spe": 252
      }
    },
    {
      "nature": "timid",
      "usage": "5.3",
      "evs": {
        "hp": 0,
        "atk": 0,
        "def": 0,
        "spa": 252,
        "spd": 4,
        "spe": 252
      }
    },
    {
      "nature": "naive",
      "usage": "5.3",
      "evs": {
        "hp": 0,
        "atk": 4,
        "def": 0,
        "spa": 252,
        "spd": 0,
        "spe": 252
      }
    },
    {
      "nature": "jolly",
      "usage": "4.1",
      "evs": {
        "hp": 252,
        "atk": 4,
        "def": 0,
        "spa": 0,
        "spd": 0,
        "spe": 252
      }
    }
  ],
  "teammates": {
    "2": 0.01201681491016221,
    "3": 0.10023020011689399,
    "6": 0.45432138598726834,
    "9": 0.11789140076816607,
    "25": 0.00007625285664153436,
    "26": 0.00040212399210265426,
    "35": 0.6148950948916602,
    "36": 0.12049814183651664,
    "38": 0.0001230574297592102,
    "40": 1.8200157919645576e-7,
    "44": 0,
    "45": 0.00009594609934704401,
    "48": 0,
    "51": 0.5525522916651218,
    "59": 1.8737915955049715,
    "73": 0.06105917368296909,
    "80": 0.003126202151440438,
    "87": 2.699625686789011,
    "91": 2.220446049250313e-15,
    "94": 0.19714265131573155,
    "101": 3.6653180490731074e-11,
    "110": 0.000018251101873700826,
    "113": 1.9091692482943845,
    "123": 4.894917804421084e-12,
    "125": 3.2328260246478964,
    "126": 0,
    "130": 4.019866655602509,
    "131": 0,
    "132": 0.10036424741797284,
    "134": 1.811439331866893e-10,
    "135": 1.8139106883197087e-10,
    "136": 6.439892175080786e-9,
    "144": 0.2656059686848794,
    "145": 0.33682059658086644,
    "149": 7.847942835530873,
    "150": 1.525537812520798,
    "151": 0.3826850381809109,
    "154": 0,
    "160": 0.004546451826046682,
    "162": 0.0012525784541412288,
    "168": 1.6444689974889364,
    "171": 0,
    "184": 0.0459712132990715,
    "185": 0.00990244266625162,
    "186": 0.014400414520376104,
    "189": 0,
    "195": 0.0016179832767525548,
    "196": 0.06232275486509192,
    "197": 0.010758482082965926,
    "198": 2.2154760340944817,
    "203": 0.0000016783850233514919,
    "205": 0.0004461390313981739,
    "212": 1.1953223150298178,
    "214": 2.9165442283485277e-9,
    "217": 9.037215420448774e-14,
    "227": 1.488580401093866,
    "229": 0.000019607713264369053,
    "230": 4.420772748634993,
    "233": 1.5921135154975232,
    "235": 36.90764193491162,
    "237": 0.0032278656957459018,
    "242": 0.03456526805482785,
    "243": 0,