{
  "id": "260",
  "name": "Swampert",
  "format_id": "showdown_gen6ou-1760",
  "usage_metrics": {
    "raw": 1190,
    "base_weight": 1.7776303319549376,
    "percent": 1.7840544511408953
  },
  "roles": [
    {
      "role": "role_wall_physical",
      "label": "Physical Wall",
      "category": "DEF"
    }
  ],
  "items": {
    "leftovers": 1.504231729922014,
    "rocky-helmet": 0.01621046401004178,
    "splash-plate": 0,
    "assault-vest": 0.16125392681115502,
    "choice-scarf": 0,
    "life-orb": 0,
    "custap-berry": 1.2748479250035416e-7,
    "mental-herb": 4.440892098500626e-16,
    "focus-sash": 0,
    "expert-belt": 0.000005074231917645555,
    "lum-berry": 0.00018803750077867054,
    "air-balloon": 0,
    "razor-claw": 0.09488660776449842,
    "choice-specs": 0,
    "choice-band": 0.00028483412407082076,
    "sitrus-berry": 0.0005506227938930075,
    "shell-bell": 9.346837110957296e-7,
    "rindo-berry": 0.00001797262806468858
  },
  "abilities": {
    "torrent": 1.5796060439044008,
    "damp": 0.19802428805053685
  },
  "moves": {
    "stealth-rock": 0.656301100610261,
    "scald": 0.6085883719130178,
    "earthquake": 1.776978240466956,
    "roar": 0.6149010286895247,
    "rock-slide": 0.016775535925921126,
    "toxic": 0.19053361393523577,
    "ice-beam": 0.8489468699413186,
    "waterfall": 0.21588126061439095,
    "ice-punch": 0.1309123150958313,
    "earth-power": 0,
    "hydro-pump": 0.8489468699413186,
    "bide": 0,
    "focus-punch": 0,
    "blizzard": 0,
    "power-up-punch": 0.031517219689707165,
    "aqua-tail": 0.0008574643130960791,
    "mirror-coat": 0.00040796257408676206,
    "sleep-talk": 0,
    "rest": 0,
    "protect": 0.017604576344990297,
    "hammer-arm": 8.168753451442967e-10,
    "avalanche": 0.1329396132067165,
    "stone-edge": 0.12982563061680336,
    "superpower": 0.00006275376378378494,
    "yawn": 0.0005738232504743923,
    "endure": 1.2748479250035416e-7,
    "endeavor": 1.2748479250035416e-7,
    "curse": 0.8560008715147933,
    "ancient-power": 0,
    "brick-break": 0.0005506227938930075,
    "surf": 0.01242309729353197,
    "refresh": 0.012360343529753126,
    "dig": 0,
    "dive": 0,
    "hidden-power-fire": 0.006347051883815069,
    "low-kick": 0.00028483412407082076
  },
  "teras": {
    "nothing": 1.7776303319549378
  },
  "spreads": [
    {
      "nature": "quiet",
      "usage": "47.8",
      "evs": {
        "hp": 240,
        "atk": 0,
        "def": 88,
        "spa": 164,
        "spd": 0,
        "spe": 16
      }
    },
    {
      "nature": "relaxed",
      "usage": "28.3",
      "evs": {
        "hp": 240,
        "atk": 16,
        "def": 252,
        "spa": 0,
        "spd": 0,
        "spe": 0
      }
    },
    {
      "nature": "brave",
      "usage": "7.3",
      "evs": {
        "hp": 252,
        "atk": 252,
        "def": 0,
        "spa": 0,
        "spd": 4,
        "spe": 0
      }
    },
    {
      "nature": "adamant",
      "usage": "5.3",
      "evs": {
        "hp": 0,
        "atk": 252,
        "def": 4,
        "spa": 0,
        "spd": 252,
        "spe": 0
      }
    },
    {
      "nature": "adamant",
      "usage": "4.5",
      "evs": {
        "hp": 0,
        "atk": 252,
        "def": 252,
        "spa": 0,
        "spd": 0,
        "spe": 4
      }
    },
    {
      "nature": "impish",
      "usage": "1.9",
      "evs": {
        "hp": 252,
        "atk": 4,
        "def": 252,
        "spa": 0,
        "spd": 0,
        "spe": 0
      }
    },
    {
      "nature": "adamant",
      "usage": "1.8",
      "evs": {
        "hp": 252,
        "atk": 252,
        "def": 0,
        "spa": 0,
        "spd": 4,
        "spe": 0
      }
    },
    {
      "nature": "impish",
      "usage": "0.9",
      "evs": {
        "hp": 252,
        "atk": 0,
        "def": 252,
        "spa": 0,
        "spd": 0,
        "spe": 0
      }
    },
    {
      "nature": "sassy",
      "usage": "0.7",
      "evs": {
        "hp": 252,
        "atk": 4,
        "def": 0,
        "spa": 0,
        "spd": 252,
        "spe": 0
      }
    },
    {
      "nature": "sassy",
      "usage": "0.5",
      "evs": {
        "hp": 252,
        "atk": 12,
        "def": 36,
        "spa": 4,
        "spd": 204,
        "spe": 0
      }
    }
  ],
  "teammates": {
    "3": 0,
    "6": 7.946976410266871e-13,
    "9": 0,
    "18": 0,
    "34": 4.9404924595819466e-15,
    "36": 0.12943344185284095,
    "38": 0,
    "59": 0.00003592602489183028,
    "65": 0,
    "73": 0.016588294419886962,
    "75": 0,
    "80": 0,
    "94": 0.04687845147109543,
    "113": 0.0000023905874690366424,
    "121": 0.003865429144859156,
    "130": 0,
    "132": 0,
    "134": 0.00009999190424236915,
    "135": 0.0430611004641428,
    "141": 1.2854439734866219e-11,
    "142": 0.8488468780499308,
    "143": 0.0003483286944970243,
    "145": 1.0587772808224298,
    "149": 0.0000028925496775022985,
    "151": 1.2732663740022687e-7,
    "160": 0.00653508938459374,
    "164": 0,
    "169": 0,
    "171": 1.7294443654947145e-11,
    "181": 0,
    "184": 0.04213569555745622,
    "186": 0.003865429144859156,
    "196": 0,
    "197": 0.0006312568050050316,
    "202": 0,
    "205": 0.01912581234310151,
    "212": 0.00006288087409084264,
    "213": 0.0005506235690316275,
    "227": 0.8489426937019562,
    "229": 0,
    "230": 0.01621046401004178,
    "237": 0.0000014768027005729323,
    "241": 0.00009999189138792941,
    "242": 0.02448830150240333,
    "243": 0.000023216321827279618,
    "245": 1.2854439734866219e-11,
    "248": 0.9106428434858003,
    "251": 0.8488468780499308,
    "254": 0.012360343530548268,
    "272": 0.02105138979085147,
    "275": 0,
    "277": 0.0006176378211907863,
    "282": 0.005007801600797113,
    "286": 0.1303075588863652,
    "288": 0,
    "289": 0.00001797262806468858,
    "302": 0.00042589049954583347,
    "304": 0,
    "306": 0.000004145463692151186,
    "308": 0,
    "310": 0,
    "315": 0.00001797262806468858,
    "324": 0,
    "330": 0.00009999189138792941,
    "332": 0.00003592602489183028,
    "342": 0.024933390571305725,
    "344": 0,
    "346": 0.00001797262806468858,
    "350": 0.02590992289569838,
    "356": 0.00019174732164495278,
    "358": 0,
    "359": 0,
    "369": 0.02590992288284394,
    "373": 0.00001192855544468463,
    "376": 0.000017974617040450447,
    "380": 0.000031744022563451324,
    "381": 0.00013816333975091855,
    "385": 0,
    "389": 4.9404924595819466e-15,
    "392": 0.4924740227987664,
    "395": 0.4796145543727809,
    "398": 0,
    "400": 0,
    "405": 0.012360343529753126,
    "407": 1.9801561362831066e-7,
    "409": 4.440892098500626e-16,
    "437": 0,
    "445": 0.0005156541254383029,
    "448": 0.00028879384000324304,
    "450": 4.9404924595819466e-15,
    "452": 0,
    "461": 0.0006510945388989442,
    "464": 1.4888223986986304e-10,
    "466": 0,
    "467": 0.019093965185950967,
    "468": 0.0620475035297427,
    "469": 0,
    "470": 0.0148127104163977,
    "472": 0.001245374944463029,
    "474": 0.000004087042568767796,
    "475": 0,
    "477": 0.000004145463692151186,
    "478": 4.440892098500626e-16,
    "482": 0,
    "485": 0.08121619709427397,
    "488": 1.4118328728329743e-10,
    "497": 0.5314045778478382,
    "503": 0,
    "510": 0,
    "526": 0.00028483412407082076,
    "530": 0.00011647811356946258,
    "534": 0.006319834413309189,
    "545": 0.02448830150240333,
    "547": 0.000031744826584356733,
    "560": 2.6293967003709895e-12,
    "563": 7.503828070021257e-8,
    "571": 0,
    "591": 0.004359047934609117,
    "596": 0.007431220791334514,
    "598": 0.04983313651083038,
    "604": 0.03390667560234867,
    "609": 0.007550241272682778,
    "612": 0.007418505358731398,
    "617": 0,
    "620": 0,
    "623": 0.00019544259841641765,
    "625": 0.13928771827201247,
    "626": 4.440892098500626e-16,
    "628": 0.00028483412407082076,
    "630": 0.0000022838486488652165,
    "635": 0.0007303954926832779,
    "637": 0.000004693533277699835,