{
  "id": "91",
  "name": "Cloyster",
  "format_id": "showdown_gen6ou-1760",
  "usage_metrics": {
    "raw": 2050,
    "base_weight": 133.57294818614795,
    "percent": 3.0733711133099457
  },
  "roles": [
    {
      "role": "role_sweeper_physical",
      "label": "Physical Sweeper",
      "category": "OFF"
    },
    {
      "role": "role_setup",
      "label": "Setup Sweeper",
      "category": "OFF"
    }
  ],
  "items": {
    "sitrus-berry": 0,
    "lum-berry": 60.60839718125003,
    "focus-sash": 68.7009717329955,
    "white-herb": 1.7715821314467923,
    "life-orb": 1.3060226147046905,
    "never-melt-ice": 0.2189260992032454,
    "leftovers": 0.03211520653405492,
    "belue-berry": 0.9230126715811768,
    "rocky-helmet": 1.1385139497832597e-9,
    "weakness-policy": 0.009936652914190769,
    "assault-vest": 0.000012303682849545972,
    "mental-herb": 0,
    "scope-lens": 0.001971590697155523,
    "normal-gem": 0
  },
  "abilities": {
    "skill-link": 133.49137140850212,
    "overcoat": 0.0000013933693593926044,
    "shell-armor": 0.08157538427647609
  },
  "moves": {
    "icicle-spear": 133.3210363954838,
    "shell-smash": 133.47500960866662,
    "rock-blast": 108.44599829048317,
    "razor-shell": 1.4654358825056797,
    "rapid-spin": 113.81393208616456,
    "ice-shard": 13.509489478951194,
    "surf": 0.17033647957670728,
    "explosion": 4.165725009782288,
    "toxic-spikes": 23.27573588019818,
    "spike-cannon": 0.0008366871632267125,
    "twineedle": 0,
    "icicle-crash": 0.0001509663952185547,
    "poison-jab": 0.018445720341196903,
    "toxic": 0,
    "hidden-power-grass": 0,
    "hydro-pump": 0.18770954254311245,
    "ice-beam": 0.17043682325834175,
    "natural-gift": 0.9230126715811768,
    "barrier": 0.04768902705369171,
    "hidden-power-fire": 0.1772462481475071,
    "protect": 0.8722662746306895,
    "iron-defense": 2.1263018779027476e-7,
    "aqua-ring": 2.1263018779027476e-7,
    "avalanche": 0.08132272927612227,
    "blizzard": 3.1319346893710076e-8,
    "double-edge": 0,
    "substitute": 0.005223392920033931,
    "spikes": 0.16475307714278037,
    "signal-beam": 5.358645971398346e-9,
    "hidden-power-psychic": 0,
    "hidden-power-ghost": 0,
    "hail": 1.0388382210013702e-8
  },
  "teras": {
    "nothing": 133.57294818614798
  },
  "spreads": [
    {
      "nature": "jolly",
      "usage": "35.5",
      "evs": {
        "hp": 4,
        "atk": 252,
        "def": 0,
        "spa": 0,
        "spd": 0,
        "spe": 252
      }
    },
    {
      "nature": "jolly",
      "usage": "24.7",
      "evs": {
        "hp": 0,
        "atk": 252,
        "def": 0,
        "spa": 0,
        "spd": 4,
        "spe": 252
      }
    },
    {
      "nature": "adamant",
      "usage": "22.7",
      "evs": {
        "hp": 0,
        "atk": 252,
        "def": 0,
        "spa": 0,
        "spd": 4,
        "spe": 252
      }
    },
    {
      "nature": "adamant",
      "usage": "9.0",
      "evs": {
        "hp": 4,
        "atk": 252,
        "def": 0,
        "spa": 0,
        "spd": 0,
        "spe": 252
      }
    },
    {
      "nature": "jolly",
      "usage": "4.8",
      "evs": {
        "hp": 184,
        "atk": 72,
        "def": 0,
        "spa": 0,
        "spd": 0,
        "spe": 252
      }
    },
    {
      "nature": "jolly",
      "usage": "1.8",
      "evs": {
        "hp": 0,
        "atk": 252,
        "def": 4,
        "spa": 0,
        "spd": 0,
        "spe": 252
      }
    },
    {
      "nature": "adamant",
      "usage": "0.7",
      "evs": {
        "hp": 48,
        "atk": 252,
        "def": 0,
        "spa": 0,
        "spd": 4,
        "spe": 204
      }
    },
    {
      "nature": "adamant",
      "usage": "0.3",
      "evs": {
        "hp": 0,
        "atk": 252,
        "def": 4,
        "spa": 0,
        "spd": 0,
        "spe": 252
      }
    },
    {
      "nature": "adamant",
      "usage": "0.2",
      "evs": {
        "hp": 252,
        "atk": 140,
        "def": 8,
        "spa": 0,
        "spd": 0,
        "spe": 108
      }
    },
    {
      "nature": "naughty",
      "usage": "0.1",
      "evs": {
        "hp": 0,
        "atk": 252,
        "def": 0,
        "spa": 4,
        "spd": 0,
        "spe": 252
      }
    }
  ],
  "teammates": {
    "3": 0.0020973912407217243,
    "26": 0.00000626519662605407,
    "34": 0.999661767484298,
    "36": 0.4621395892925131,
    "38": 0.008312241965853118,
    "55": 0,
    "59": 0.000024114731333568784,
    "65": 0.001971590697155523,
    "68": 0.0018433810137618023,
    "73": 0.0000031953656267069697,
    "80": 0.013263621464440822,
    "87": 0,
    "89": 0.000005322915091310332,
    "94": 0.7084693311253709,
    "99": 0,
    "101": 0.000043509100955074764,
    "112": 0.08504718964668934,
    "113": 0.000014730048159883324,
    "121": 0.8723679265601474,
    "124": 0,
    "128": 0.085046992410991,
    "130": 14.564241494922223,
    "131": 0,
    "132": 1.9523271888033378e-12,
    "134": 0,
    "135": 0.08505930145248652,
    "142": 13.208238306577629,
    "143": 0.001978444959087222,
    "144": 0.0000012404151396583352,
    "145": 0.6751238968163777,
    "149": 14.205010435029592,
    "151": 34.6835816850266,
    "154": 0.000012303682849545972,
    "160": 3.6249336865523674e-12,
    "178": 0.000012303682849545972,
    "184": 0.6432200695405842,
    "186": 0,
    "195": 1.3198412363024659e-9,
    "196": 3.082329591563848e-8,
    "197": 0.16436934703789652,
    "198": 0.000004941392062862704,
    "199": 3.068168785702596e-8,
    "205": 5.365815070046409e-9,
    "212": 0.3244397998605758,
    "213": 0.01506660046796754,
    "214": 0.000009785629666692053,
    "219": 0,
    "221": 0,
    "227": 0.02301394346123181,
    "232": 0.8735012696353945,
    "233": 0,
    "242": 0.0001001793102424764,
    "243": 0,
    "245": 0.009893143813235694,
    "248": 5.3657294718512105e-9,
    "264": 0.000005778505574094428,
    "272": 0,
    "279": 0,
    "286": 0.15638568734160524,
    "289": 8.559819519859957e-14,
    "292": 0.000010821013181672168,
    "302": 0.000025272732335324122,
    "304": 7.083500452864655e-12,
    "306": 0.00017748112124932325,
    "323": 0,
    "327": 0.013076639349702213,
    "330": 0,
    "334": 0,
    "335": 0.015042730430084972,
    "342": 0.0004916173426856019,
    "350": 0,
    "356": 0.000001646628377260928,
    "357": 1.4160805861251902e-10,
    "372": 2.1263018779027476e-7,
    "373": 0,
    "376": 0,
    "378": 0.0000012404151396583352,
    "380": 1.6071759369800072,
    "381": 0.8247190003498222,
    "385": 0.0002669655571549967,
    "392": 0,
    "429": 0.000003997773159791773,
    "430": 3.068168785702596e-8,
    "437": 2.7642202482525136e-7,
    "442": 1.5295421973426926e-7,
    "445": 3.438064076379388,
    "448": 1.1214632333889085e-8,
    "450": 0,
    "452": 0.0000033581895353962388,
    "460": 3.1319346893710076e-8,
    "461": 65.74981316364762,
    "465": 0.004109761568954706,
    "467": 0,
    "468": 0.0001001793102424764,
    "469": 0.14403616789891532,
    "471": 3.1319346893710076e-8,
    "472": 0.10329971082884931,
    "473": 0.0001160328456250026,
    "474": 0.00010482337359229987,
    "475": 0,
    "478": 0.000021606152395547973,
    "480": 1.051386714912006e-7,
    "482": 7.630804408340529,
    "485": 0.013263646126026651,
    "488": 13.356236936309896,
    "490": 2.2590398164983703,
    "494": 1.108513904202355,
    "497": 35.91417433150914,
    "528": 2.8810287489022812e-12,
    "530": 0.0004186853942951818,
    "534": 0,
    "539": 1.4160805861251902e-10,
    "547": 0,
    "549": 2.1263018779027476e-7,
    "553": 0.0000016466045547058883,
    "555": 0.3503122800234774,
    "561": 0.013076918238503543,
    "563": 5.551115123125783e-17,
    "571": 0.0006520825557277954,
    "573": 0,
    "579": 0.08626350493622081,
    "581": 0,
    "591": 0.0007258281703466651,
    "593": 0,
    "596": 0.3420032701871803,
    "598": 0.00915899429071848,
    "604": 0.0032270305227237728,
    "609": 3.6763185384813823e-8,