{
  "id": "230",
  "name": "Kingdra",
  "format_id": "showdown_gen8ou-1760",
  "usage_metrics": {
    "raw": 1888,
    "base_weight": 44.333017059378896,
    "percent": 2.3615349977485365
  },
  "roles": [
    {
      "role": "role_sweeper_special",
      "label": "Special Sweeper",
      "category": "OFF"
    }
  ],
  "items": {
    "razor-claw": 8.953948693601887e-14,
    "life-orb": 1.7190464349438606,
    "choice-specs": 37.86576117065483,
    "scope-lens": 0.2803337857284317,
    "leftovers": 1.5585727153322182e-10,
    "nothing": 0.00004051393716475449,
    "expert-belt": 4.439667364425163,
    "metronome": 0.00001853344238245125,
    "petaya-berry": 0,
    "quick-claw": 0,
    "assault-vest": 0,
    "mystic-water": 0.028149256091126063
  },
  "abilities": {
    "sniper": 0.23766300942396695,
    "swift-swim": 44.09535404995493
  },
  "moves": {
    "waterfall": 8.953948693601887e-14,
    "iron-head": 1.099120794378905e-14,
    "facade": 1.099120794378905e-14,
    "dragon-dance": 4.225742533670029e-9,
    "hydro-pump": 40.27454469575785,
    "draco-meteor": 44.12510982540437,
    "ice-beam": 7.097098455817831,
    "rain-dance": 0,
    "surf": 43.961135618380546,
    "dragon-pulse": 4.90511704263379,
    "hurricane": 23.77166917124911,
    "flash-cannon": 0.06106718218695967,
    "flip-turn": 12.575618918912404,
    "focus-energy": 0.2803337857285183,
    "liquidation": 0.000003300589640931051,
    "yawn": 1.2549009242857068e-7,
    "scald": 1.5585727153322182e-10,
    "scale-shot": 7.854827899222983e-14,
    "agility": 0.2803337857284317,
    "blizzard": 0.0000032185428124886784,
    "toxic": 0,
    "giga-impact": 0.00001853344238245125,
    "outrage": 0,
    "protect": 0.000014573268963979924,
    "brine": 0
  },
  "teras": {
    "nothing": 44.333017059378854
  },
  "spreads": [
    {
      "nature": "modest",
      "usage": "86.5",
      "evs": {
        "hp": 0,
        "atk": 0,
        "def": 0,
        "spa": 252,
        "spd": 4,
        "spe": 252
      }
    },
    {
      "nature": "modest",
      "usage": "8.7",
      "evs": {
        "hp": 0,
        "atk": 0,
        "def": 32,
        "spa": 252,
        "spd": 0,
        "spe": 224
      }
    },
    {
      "nature": "modest",
      "usage": "2.7",
      "evs": {
        "hp": 0,
        "atk": 0,
        "def": 4,
        "spa": 252,
        "spd": 0,
        "spe": 252
      }
    },
    {
      "nature": "rash",
      "usage": "1.8",
      "evs": {
        "hp": 0,
        "atk": 4,
        "def": 0,
        "spa": 252,
        "spd": 0,
        "spe": 252
      }
    },
    {
      "nature": "timid",
      "usage": "0.1",
      "evs": {
        "hp": 0,
        "atk": 0,
        "def": 0,
        "spa": 252,
        "spd": 4,
        "spe": 252
      }
    },
    {
      "nature": "modest",
      "usage": "0.1",
      "evs": {
        "hp": 0,
        "atk": 0,
        "def": 0,
        "spa": 252,
        "spd": 0,
        "spe": 252
      }
    },
    {
      "nature": "modest",
      "usage": "0.0",
      "evs": {
        "hp": 24,
        "atk": 0,
        "def": 0,
        "spa": 252,
        "spd": 0,
        "spe": 232
      }
    },
    {
      "nature": "modest",
      "usage": "0.0",
      "evs": {
        "hp": 156,
        "atk": 0,
        "def": 0,
        "spa": 252,
        "spd": 0,
        "spe": 100
      }
    },
    {
      "nature": "modest",
      "usage": "0.0",
      "evs": {
        "hp": 6,
        "atk": 0,
        "def": 0,
        "spa": 252,
        "spd": 0,
        "spe": 252
      }
    },
    {
      "nature": "lonely",
      "usage": "0.0",
      "evs": {
        "hp": 40,
        "atk": 192,
        "def": 0,
        "spa": 136,
        "spd": 0,
        "spe": 140
      }
    }
  ],
  "teammates": {
    "3": 2.1649348980190553e-15,
    "6": 0.000021829806362339,
    "9": 0.0012535510412860495,
    "12": 0,
    "31": 8.354428260304303e-14,
    "34": 1.887379141862766e-15,
    "36": 0.0016293864957921955,
    "62": 0,
    "64": 0,
    "73": 0,
    "80": 0.0003308970469493855,
    "94": 0,
    "119": 0,
    "121": 0.0002975230205126689,
    "123": 0,
    "131": 0,
    "132": 0,
    "141": 0.012640231623093412,
    "143": 0,
    "145": 29.405789871905192,
    "149": 0.03525983052986187,
    "151": 3.9108275695428554,
    "169": 1.942890293094024e-15,
    "171": 0.007741567167007912,
    "184": 1.1733064532832054,
    "186": 0.0004505544863657174,
    "208": 0,
    "212": 0.0004505497516530954,
    "213": 0,
    "214": 0.0002975230205126689,
    "227": 0.10226956117779679,
    "242": 0.059598784873242494,
    "248": 0,
    "254": 0.002285637934745066,
    "257": 0.23308423052749233,
    "260": 6.183942247162122e-14,
    "272": 0.000014573268963979924,
    "279": 43.55594926946096,
    "282": 0,
    "306": 3.2151920958956026e-8,
    "319": 0,
    "330": 0,
    "342": 29.311280593219617,
    "344": 0,
    "348": 0,
    "369": 0,
    "376": 0,
    "381": 0,
    "385": 0,
    "423": 0,
    "437": 0.000021829806362339,
    "442": 0.0002975230205126689,
    "445": 1.885372505884276,
    "450": 0.0003308970469493855,
    "452": 0,
    "454": 0,
    "461": 6.178373103053006,
    "462": 0.000010060221475205466,
    "464": 0,
    "468": 0.0077415718272880185,
    "473": 2.220446049250313e-16,
    "474": 0.000021829806362339,
    "475": 0.05312803246958575,
    "478": 0,
    "485": 0,
    "494": 0.0004505497516530954,
    "530": 0.03365766077505228,
    "537": 4.51165929615164,
    "591": 0.0003308970469493855,
    "598": 38.22902067411707,
    "609": 0.000010060221391661184,
    "623": 0,
    "625": 0,
    "628": 0.000010060221391661184,
    "638": 1.2549009242857068e-7,
    "639": 0.0003308970469493855,
    "640": 0,
    "641": 0,
    "647": 0.007047559193614661,
    "663": 7.943645741192995e-14,
    "675": 0,
    "695": 0.0004505497516530954,
    "699": 0.002285637934745066,
    "700": 0,
    "707": 0,
    "721": 0.5145420882468562,
    "730": 0,
    "748": 1.037696251374567,
    "750": 0.000450675241745524,
    "768": 4.660280106261183e-9,
    "785": 3.9108526132317505,
    "786": 0.0005669321895498403,
    "794": 0,
    "796": 0.010457256165031459,
    "798": 5.307339809145852,
    "800": 0.23308423052749233,
    "806": 0,
    "807": 0.02165137070212514,
    "809": 0.4840834666730152,
    "811": 0.002285637934745066,
    "812": 0.00039909112839370264,
    "818": 0,
    "823": 0.0003454703159133654,
    "847": 35.35669465597403,
    "849": 0.000010060221391661184,
    "855": 0,
    "858": 0.00504334635733622,
    "861": 0.002285637934745066,
    "887": 0.24572767603311813,
    "894": 7.445905003677922e-11,
    "896": 0.0022857634248374947,
    "10008": 4.660280106261183e-9,
    "10009": 0.18875280764718766,
    "10012": 0,
    "10019": 6.105710791589652,
    "10020": 6.409700972106182,
    "10021": 0.08654229565838861,
    "10104": 0.23310606033385467,
    "10163": 1.2549009242857068e-7,
    "10167": 3.2151920958956026e-8,
    "10169": 0.000010060221391661184,
    "10171": 0.23308423052757588,
    "10172": 0.05429471000973668,
    "10191": 0.0016814362676967898
  }
}