{
  "id": "10191",
  "name": "Urshifu Rapid Strike",
  "format_id": "showdown_gen8doublesou-1500",
  "usage_metrics": {
    "raw": 464,
    "base_weight": 358.8071182112944,
    "percent": 20.549158547387066
  },
  "items": {
    "choice-scarf": 161.42585830888788,
    "choice-band": 25.62510322688793,
    "leftovers": 7.993915913387822,
    "weakness-policy": 0.7977422498891737,
    "nothing": 79.43790182559971,
    "life-orb": 18.200789409305923,
    "focus-sash": 10.320023593824914,
    "mystic-water": 14.197128569779888,
    "assault-vest": 3.3470749586829305,
    "eject-pack": 8.999516899131804,
    "protective-pads": 27.789953096116243,
    "expert-belt": 0.30023296133939403,
    "kings-rock": 0.3718771984604321
  },
  "abilities": {
    "unseen-fist": 358.8071182112944
  },
  "moves": {
    "surging-strikes": 356.2993048168339,
    "aqua-jet": 307.93227130080066,
    "close-combat": 350.2044989595704,
    "u-turn": 186.06106643041844,
    "body-slam": 2.398671341498559,
    "counter": 3.0541243771834576,
    "scald": 2.398671341498559,
    "body-press": 0.8898619313114078,
    "bulk-up": 3.5808511195315593,
    "coaching": 0.047574491333808366,
    "acrobatics": 81.03628101644033,
    "protect": 18.909610576118094,
    "iron-head": 5.405163846202251,
    "ice-punch": 12.980480734468275,
    "detect": 28.561645140858047,
    "reversal": 0.39464376613404817,
    "drain-punch": 11.1610316366239,
    "thunder-punch": 1.022766567673616,
    "poison-jab": 18.327665153323803,
    "low-kick": 2.4011511984419553,
    "taunt": 13.11083158819992,
    "rock-slide": 1.4749320810795588,
    "aura-sphere": 0.10914205296194607,
    "liquidation": 0.48101925142237817,
    "waterfall": 0.48101925142237817,
    "helping-hand": 0.602351906805462,
    "": 2.2628250921529123,
    "fire-punch": 4.315331811576244,
    "zen-headbutt": 4.778532910971586,
    "dig": 11.426534213443961,
    "brick-break": 0.6977851177690355,
    "rain-dance": 0.3718771984604321,
    "endure": 0.7501677585553654,
    "aerial-ace": 1.2987868640907618
  },
  "teras": {
    "nothing": 358.8071182112944
  },
  "spreads": [
    {
      "nature": "Adamant",
      "usage": "41.1",
      "evs": {
        "hp": 0,
        "atk": 252,
        "def": 0,
        "spa": 0,
        "spd": 4,
        "spe": 252
      }
    },
    {
      "nature": "Jolly",
      "usage": "34.1",
      "evs": {
        "hp": 0,
        "atk": 252,
        "def": 0,
        "spa": 0,
        "spd": 4,
        "spe": 252
      }
    },
    {
      "nature": "Lonely",
      "usage": "6.8",
      "evs": {
        "hp": 0,
        "atk": 252,
        "def": 0,
        "spa": 0,
        "spd": 4,
        "spe": 252
      }
    },
    {
      "nature": "Adamant",
      "usage": "2.5",
      "evs": {
        "hp": 4,
        "atk": 252,
        "def": 0,
        "spa": 0,
        "spd": 0,
        "spe": 252
      }
    },
    {
      "nature": "Jolly",
      "usage": "2.4",
      "evs": {
        "hp": 4,
        "atk": 252,
        "def": 0,
        "spa": 0,
        "spd": 0,
        "spe": 252
      }
    },
    {
      "nature": "Adamant",
      "usage": "2.0",
      "evs": {
        "hp": 64,
        "atk": 96,
        "def": 0,
        "spa": 0,
        "spd": 152,
        "spe": 196
      }
    },
    {
      "nature": "Adamant",
      "usage": "1.6",
      "evs": {
        "hp": 140,
        "atk": 156,
        "def": 4,
        "spa": 0,
        "spd": 140,
        "spe": 68
      }
    },
    {
      "nature": "Adamant",
      "usage": "1.4",
      "evs": {
        "hp": 0,
        "atk": 252,
        "def": 0,
        "spa": 0,
        "spd": 52,
        "spe": 204
      }
    },
    {
      "nature": "Hardy",
      "usage": "1.3",
      "evs": {
        "hp": 80,
        "atk": 56,
        "def": 64,
        "spa": 56,
        "spd": 52,
        "spe": 28
      }
    },
    {
      "nature": "Adamant",
      "usage": "0.9",
      "evs": {
        "hp": 252,
        "atk": 252,
        "def": 0,
        "spa": 0,
        "spd": 4,
        "spe": 0
      }
    }
  ],
  "teammates": {
    "3": 0.3718771984604321,
    "6": 0.3718771984604321,
    "9": 3.0379855436070025,
    "25": 0.9963385286953903,
    "26": 0.7058541759533039,
    "35": 1.3570588641138077,
    "36": 0.8386322492786724,
    "38": 0.602351906805462,
    "59": 0.866145920076046,
    "65": 9.33122669018098,
    "80": 0.3789152230090439,
    "109": 2.1694797895789724,
    "126": 0.9875232459852561,
    "128": 4.480629297653417,
    "131": 0.6395178951833469,
    "132": 3.531733465517138,
    "136": 0.6281228015395679,
    "145": 23.68229270289006,
    "149": 13.32208040583606,
    "151": 5.593793695734311,
    "169": 0.10914205296194607,
    "184": 0.6281228015395679,
    "186": 1.7171813548747412,
    "208": 0.3744513301067992,
    "212": 3.860880683982101,
    "213": 2.669149108374952,
    "215": 0.41081745169513795,
    "230": 7.641887431289681,
    "233": 6.8387647285414115,
    "237": 0.39755215642964153,
    "243": 0.40328384762529434,
    "248": 5.392020439114453,
    "257": 0.7150780121698092,
    "279": 82.70481791667363,
    "291": 4.480629297653417,
    "292": 0.5155935831366004,
    "324": 3.3920134945692055,
    "350": 1.3063639031796033,
    "356": 0.6708735259909822,
    "376": 1.4743534225087833,
    "406": 0.9941388742990108,
    "428": 0.037052136713746575,
    "445": 2.1394852045366286,
    "447": 1.3570588641138077,
    "448": 0.8290937833622993,
    "461": 1.2175474722877162,
    "468": 4.980398703436807,
    "474": 1.7075212438025402,
    "485": 11.85518975636045,
    "486": 6.922768654348356,
    "488": 2.8438367109768063,
    "494": 0.7501677585553654,
    "530": 1.2293771239620201,
    "537": 0.30023296133939403,
    "547": 14.066809734987519,
    "549": 0.037052136713746575,
    "553": 0.10914205296194607,
    "567": 1.6750102340759412,
    "591": 195.14614608878745,
    "598": 9.373694223190386,
    "609": 2.6830233784462387,
    "625": 0.602351906805462,
    "637": 2.1887479067102413,
    "638": 0.41081745169513795,
    "641": 13.282281821486679,
    "642": 2.461985366746469,
    "645": 13.748146943057698,
    "649": 2.303446545561542,
    "663": 0.39755215642964153,
    "680": 0.9941388742990108,
    "693": 1.0207640300423533,
    "699": 0.5918725433920453,
    "700": 0.3718771984604321,
    "718": 7.108765177673325,
    "719": 1.2711670530468,
    "721": 0.9830615945454906,
    "727": 235.12024921622876,
    "730": 0.7902420471927009,
    "743": 0.48158066039627834,
    "748": 3.0193915349629354,
    "754": 126.99999327513027,
    "763": 0.6608857148372482,
    "764": 0.3718771984604321,
    "773": 0.7150780121698092,
    "784": 0.6026434071113437,
    "785": 6.068378258955429,
    "786": 13.965601968169919,
    "788": 1.3601870066385795,
    "797": 7.218359314026315,
    "800": 8.771709036083,
    "804": 11.099711963249016,
    "805": 0.9830615945454906,
    "806": 2.499144663692172,
    "807": 3.3330913525637875,
    "812": 115.7933954126067,
    "815": 0.7645950886468449,
    "818": 2.798470542323164,
    "823": 26.752160813404767,
    "830": 0.602351906805462,
    "839": 0.41081745169513795,
    "841": 2.792979354774996,
    "842": 0.6739813776191917,
    "845": 0.6395178951833469,
    "847": 0.7274100427444661,
    "849": 22.003851996519792,
    "853": 126.99999327513027,
    "858": 7.160455800129255,
    "861": 12.211756252245022,
    "869": 4.333603513261893,
    "876": 9.352054330694248,
    "882": 81.91693624148613,
    "884": 0.28357583722446666,
    "887": 169.35463353861786,
    "894": 15.20972010480859,
    "895": 3.306885509821809,
    "896": 0.8422874399775995,
    "10008": 0.40328384762529434,
    "10021": 4.150854104768064,
    "10022": 6.700859320170245,
    "10104": 2.952059858393702,
    "10115": 0.39755215642964153,
    "10165": 0.30023296133939403,
    "10167": 4.7532888647693845,
    "10170": 3.4981663552106266,
    "10171": 5.5905962568625664,
    "10186": 23.259588106359278
  }
}