{
  "id": "788",
  "name": "Tapu Fini",
  "format_id": "showdown_gen8doublesou-1500",
  "usage_metrics": {
    "raw": 163,
    "base_weight": 146.79865506404886,
    "percent": 7.218777679362268
  },
  "items": {
    "leftovers": 104.35513063323816,
    "sitrus-berry": 0.6131343133089405,
    "choice-specs": 4.072248097772063,
    "nothing": 2.1118284584246734,
    "choice-scarf": 0.9986462359469566,
    "terrain-extender": 17.999668814479662,
    "life-orb": 1.389523696706317,
    "light-clay": 1.3391104450822087,
    "eject-button": 0.3409217768206142,
    "safety-goggles": 0.550430202036872,
    "misty-seed": 1.3992966692575086,
    "sticky-barb": 10.996162036634539,
    "wiki-berry": 0.6325536843403833
  },
  "abilities": {
    "misty-surge": 142.22268918946077,
    "telepathy": 4.575965874588094
  },
  "moves": {
    "muddy-water": 124.52750272200439,
    "moonblast": 138.85746956792912,
    "haze": 12.541098334309401,
    "protect": 99.4322305094322,
    "natures-madness": 2.9296696935041435,
    "heal-pulse": 3.1743670246589506,
    "taunt": 82.69264772072738,
    "dazzling-gleam": 13.70609979533231,
    "calm-mind": 24.488427319790084,
    "draining-kiss": 1.1849262822168927,
    "waterfall": 0.6344960801800207,
    "surf": 3.6223351611269425,
    "substitute": 2.0679800437913687,
    "light-screen": 3.4070904888735773,
    "hydro-pump": 2.915854711303904,
    "defog": 0.9986462359469566,
    "trick": 12.993735652510132,
    "mist": 17.999668814479662,
    "ice-beam": 20.779415228963682,
    "blizzard": 0.8744326807950056,
    "grass-knot": 1.4391216483752798,
    "misty-terrain": 1.3391104450822087,
    "safeguard": 0.550430202036872,
    "icy-wind": 0.39929666925750856,
    "scald": 13.638567223567513
  },
  "teras": {
    "nothing": 146.7986550640489
  },
  "spreads": [
    {
      "nature": "Modest",
      "usage": "30.7",
      "evs": {
        "hp": 232,
        "atk": 0,
        "def": 56,
        "spa": 188,
        "spd": 16,
        "spe": 16
      }
    },
    {
      "nature": "Modest",
      "usage": "16.3",
      "evs": {
        "hp": 248,
        "atk": 0,
        "def": 56,
        "spa": 188,
        "spd": 16,
        "spe": 0
      }
    },
    {
      "nature": "Timid",
      "usage": "8.5",
      "evs": {
        "hp": 0,
        "atk": 0,
        "def": 0,
        "spa": 252,
        "spd": 4,
        "spe": 252
      }
    },
    {
      "nature": "Calm",
      "usage": "7.5",
      "evs": {
        "hp": 252,
        "atk": 0,
        "def": 40,
        "spa": 200,
        "spd": 16,
        "spe": 0
      }
    },
    {
      "nature": "Modest",
      "usage": "6.8",
      "evs": {
        "hp": 8,
        "atk": 0,
        "def": 136,
        "spa": 96,
        "spd": 16,
        "spe": 252
      }
    },
    {
      "nature": "Timid",
      "usage": "5.4",
      "evs": {
        "hp": 8,
        "atk": 0,
        "def": 136,
        "spa": 96,
        "spd": 16,
        "spe": 252
      }
    },
    {
      "nature": "Modest",
      "usage": "5.4",
      "evs": {
        "hp": 252,
        "atk": 0,
        "def": 56,
        "spa": 136,
        "spd": 0,
        "spe": 64
      }
    },
    {
      "nature": "Modest",
      "usage": "4.4",
      "evs": {
        "hp": 240,
        "atk": 0,
        "def": 72,
        "spa": 196,
        "spd": 0,
        "spe": 0
      }
    },
    {
      "nature": "Bold",
      "usage": "3.0",
      "evs": {
        "hp": 252,
        "atk": 0,
        "def": 112,
        "spa": 144,
        "spd": 0,
        "spe": 0
      }
    },
    {
      "nature": "Hardy",
      "usage": "1.4",
      "evs": {
        "hp": 252,
        "atk": 0,
        "def": 0,
        "spa": 252,
        "spd": 0,
        "spe": 4
      }
    }
  ],
  "teammates": {
    "9": 0.39929666925750856,
    "38": 9.996245675633581,
    "145": 32.99624567563358,
    "151": 48.91354649478093,
    "212": 0.39929666925750856,
    "233": 6,
    "237": 9.996245675633581,
    "245": 1.5221623098246515,
    "248": 6.914900258833986,
    "275": 9.996245675633581,
    "292": 0.550430202036872,
    "324": 1.5089287609750262,
    "346": 1.3391104450822087,
    "376": 3.5194453578268172,
    "381": 15.999693987087195,
    "423": 2.472914397812809,
    "445": 1.6017293268017974,
    "461": 1.3829588597155134,
    "468": 3.4354357622048237,
    "485": 54.08232471918629,
    "547": 8.544456597305896,
    "591": 6.349565218860462,
    "637": 0.39929666925750856,
    "641": 0.8744326807950056,
    "642": 5.511318803572639,
    "645": 1.9872371881067847,
    "649": 45.42537237683677,
    "678": 8.999999999822622,
    "693": 0.3409217768206142,
    "700": 0.04384841463330463,
    "713": 0.550430202036872,
    "718": 79.10200097061492,
    "719": 32.63449608000264,
    "721": 5.511318803572639,
    "727": 54.68459459043403,
    "743": 0.9997029892881255,
    "746": 0.7370731592606234,
    "763": 3.998927379928637,
    "765": 0.3409217768206142,
    "784": 15.999693987087195,
    "785": 0.9540560901295547,
    "786": 0.6131343133089405,
    "787": 0.6131343133089405,
    "795": 0.7370731592606234,
    "797": 6.985951627783388,
    "805": 0.9223074004973041,
    "806": 0.8744326807950056,
    "807": 1.7692313820720753,
    "812": 96.22408738245471,
    "858": 0.3409217768206142,
    "861": 0.5150910159113113,
    "869": 0.8744326807950056,
    "882": 4.30039440328214,
    "887": 7.682346597573292,
    "894": 1.304499340001433,
    "10021": 2.528166580444754,
    "10022": 28.51206160798485,
    "10104": 15.999693987087195,
    "10171": 2.703529616579451,
    "10177": 1.5221623098246515,
    "10186": 3.0675467864933896,
    "10191": 1.3601870066385795
  }
}