{
  "id": "121",
  "name": "Starmie",
  "format_id": "showdown_gen4ou-1630",
  "usage_metrics": {
    "raw": 28410,
    "base_weight": 5305.598341940375,
    "percent": 24.48378089558413
  },
  "roles": [
    {
      "role": "role_sweeper_special",
      "label": "Special Sweeper",
      "category": "OFF"
    },
    {
      "role": "role_disruptor",
      "label": "Disruptor",
      "category": "SUP"
    },
    {
      "role": "role_staller",
      "label": "Staller",
      "category": "DEF"
    }
  ],
  "items": {
    "leftovers": 3351.344958360815,
    "life-orb": 368.72025629127205,
    "mystic-water": 38.163116991992055,
    "choice-scarf": 94.64720709335971,
    "colbur-berry": 529.3896058954725,
    "choice-specs": 730.956324311592,
    "focus-sash": 66.65283530979393,
    "expert-belt": 19.209656998243187,
    "wacan-berry": 59.92333261659082,
    "flame-orb": 31.25915151817648,
    "lum-berry": 2.0282107459195307,
    "wide-lens": 0.4938266631550664,
    "damp-rock": 7.663004959058553,
    "petaya-berry": 9.159906111388949e-9,
    "sea-incense": 4.222271601239669e-7,
    "sitrus-berry": 0.3034836535695742,
    "nothing": 3.1852807976469144,
    "light-clay": 0.8923087999884552,
    "black-sludge": 0.000329882947164295,
    "wise-glasses": 0.09860116356005483,
    "custap-berry": 0.01061668016891082,
    "salac-berry": 1.0719203302755886e-13,
    "chesto-berry": 0.013607709860011863,
    "kasib-berry": 0.027792905138595447,
    "aguav-berry": 0.6148321606852903
  },
  "abilities": {
    "natural-cure": 5283.241042375297,
    "illuminate": 22.35729956507714
  },
  "moves": {
    "thunderbolt": 2366.035769134052,
    "ice-beam": 1973.099837503954,
    "hydro-pump": 2591.30109715185,
    "rapid-spin": 4609.621170305201,
    "thunder-wave": 2122.4576361880554,
    "recover": 2573.994931264916,
    "surf": 2975.271225966269,
    "psychic": 664.6612187338671,
    "grass-knot": 173.62646375003743,
    "cosmic-power": 0.14869647384216528,
    "hidden-power-fire": 230.4551571106472,
    "thunder": 9.682569435179147,
    "blizzard": 144.08974354819085,
    "trick": 661.5990840381118,
    "rain-dance": 14.289016067618437,
    "hidden-power-fighting": 0.7070985659922229,
    "reflect": 54.241531812250074,
    "gravity": 0.4535007955697655,
    "hidden-power-grass": 2.152235039810741,
    "pain-split": 0.8700327396081515,
    "protect": 1.9936124568789628,
    "camouflage": 2.660550668664996e-10,
    "hyper-beam": 2.660550668664996e-10,
    "signal-beam": 0.1657272048494965,
    "toxic": 8.556193626698946,
    "magic-coat": 0,
    "confuse-ray": 0.000007453647158206511,
    "waterfall": 0.02757534679219842,
    "light-screen": 0.6529640259576184,
    "substitute": 14.710608321072415,
    "hidden-power-ground": 0.00017801427838587403,
    "rest": 0.00019485394766138864,
    "icy-wind": 0.0002121395306908802,
    "flash-cannon": 0.0013333420764800041,
    "": 0.00003179942488890086,
    "hidden-power-ghost": 0,
    "hidden-power-dark": 2.2984211545118427e-7,
    "refresh": 0.00007250969689293063,
    "trick-room": 3.5947698889815527e-7,
    "skill-swap": 27.526640451786964
  },
  "teras": {
    "nothing": 5305.598341940377
  },
  "spreads": [
    {
      "nature": "timid",
      "usage": "19.1",
      "evs": {
        "hp": 0,
        "atk": 0,
        "def": 0,
        "spa": 252,
        "spd": 4,
        "spe": 252
      }
    },
    {
      "nature": "timid",
      "usage": "13.1",
      "evs": {
        "hp": 0,
        "atk": 0,
        "def": 4,
        "spa": 252,
        "spd": 0,
        "spe": 252
      }
    },
    {
      "nature": "timid",
      "usage": "7.2",
      "evs": {
        "hp": 248,
        "atk": 0,
        "def": 44,
        "spa": 0,
        "spd": 0,
        "spe": 216
      }
    },
    {
      "nature": "modest",
      "usage": "6.9",
      "evs": {
        "hp": 0,
        "atk": 0,
        "def": 0,
        "spa": 252,
        "spd": 4,
        "spe": 252
      }
    },
    {
      "nature": "timid",
      "usage": "6.5",
      "evs": {
        "hp": 252,
        "atk": 0,
        "def": 4,
        "spa": 0,
        "spd": 0,
        "spe": 252
      }
    },
    {
      "nature": "timid",
      "usage": "5.4",
      "evs": {
        "hp": 252,
        "atk": 0,
        "def": 40,
        "spa": 0,
        "spd": 0,
        "spe": 216
      }
    },
    {
      "nature": "timid",
      "usage": "4.9",
      "evs": {
        "hp": 4,
        "atk": 0,
        "def": 0,
        "spa": 252,
        "spd": 0,
        "spe": 252
      }
    },
    {
      "nature": "timid",
      "usage": "4.6",
      "evs": {
        "hp": 248,
        "atk": 0,
        "def": 0,
        "spa": 8,
        "spd": 0,
        "spe": 252
      }
    },
    {
      "nature": "timid",
      "usage": "3.3",
      "evs": {
        "hp": 32,
        "atk": 0,
        "def": 0,
        "spa": 252,
        "spd": 0,
        "spe": 224
      }
    },
    {
      "nature": "timid",
      "usage": "2.7",
      "evs": {
        "hp": 252,
        "atk": 0,
        "def": 0,
        "spa": 4,
        "spd": 0,
        "spe": 252
      }
    }
  ],
  "teammates": {
    "3": 4.509573811120325,
    "6": 6.0531916153365115,
    "9": 1.5717003275800598,
    "12": 0,
    "18": 0.04035595284028848,
    "19": 0,
    "20": 0,
    "25": 0.0801327599505759,
    "26": 6.036887656435397e-11,
    "31": 102.07852826449623,
    "34": 8.074192254201382,
    "36": 302.1880818119286,
    "39": 0,
    "45": 0.01256304770169303,
    "57": 3.7956135945371727e-7,
    "59": 3.4935183282326534,
    "62": 0.0006333219195578943,
    "65": 0.6727773448179168,
    "67": 1.0550613279665149,
    "71": 6.047606859738153e-11,
    "73": 1.0102750473713675,
    "74": 6.036887656435397e-11,
    "76": 4.6859572626080634,
    "80": 0.6070826755905536,
    "82": 406.5174229210237,
    "83": 1.0162106711675278e-9,
    "85": 0.1281017444588784,
    "87": 0,
    "89": 0.0022937507201096774,
    "91": 0.029278962176562895,
    "94": 368.79780865917775,
    "95": 6.036887656435397e-11,
    "101": 0.002576312662391611,
    "103": 3.015170666507948,
    "105": 0.0022937507201096774,
    "106": 0.2769489929023042,
    "107": 0.07039398927005791,
    "110": 4.679893660385332,
    "113": 0.012213928393236761,
    "115": 0.35554396501710445,
    "119": 0,
    "122": 0,
    "123": 0.28075663163205616,
    "124": 4.528811941573174e-7,
    "125": 0,
    "126": 0.027810507797120965,
    "127": 0,
    "128": 0.0010011343830766406,
    "130": 1149.5911705244928,
    "131": 0.15666412282676295,
    "132": 0.025652104744039006,
    "134": 2.3779344969688845,
    "135": 86.97494036578244,
    "136": 0.01827000042308463,
    "139": 1.9503188546758454,
    "141": 5.037118509132723,
    "142": 155.05613183733877,
    "143": 18.314572992950318,
    "144": 0.000032635724471541394,
    "145": 1720.2932738786187,
    "146": 5.89110061443004,
    "149": 1265.3423695681856,
    "154": 0.0038760245564929963,
    "157": 0.09910923975930436,
    "160": 3.9654275472768616,
    "169": 41.183936458647395,
    "171": 0.00557593066014922,
    "178": 0.01370435181225893,
    "181": 0.10089644313713958,
    "184": 4.114761312790094e-7,
    "185": 0.008508781918284414,
    "186": 0.002060366904379829,
    "195": 27.933742279366626,
    "196": 0,
    "197": 2.1119528650693153,
    "203": 0,
    "205": 34.85103325398216,
    "206": 0,
    "208": 28.33806404286203,
    "211": 7.715019338120793,
    "212": 986.2076175334677,
    "214": 30.422061984350947,
    "217": 0.0010670644417608566,
    "219": 12.757275250851812,
    "224": 0.00005486044785091293,
    "226": 0,
    "227": 286.8880506172187,
    "229": 0.8682528710307951,
    "230": 62.38196080282799,
    "232": 241.88272110085487,
    "233": 2.080811731079954,
    "235": 1.1497365277744798,
    "237": 0.22111235099153453,
    "241": 0.00023310405505533316,
    "242": 290.9522415470792,
    "243": 25.1219707434939,
    "244": 8.005524101916436,
    "245": 107.21245821598094,