{
  "id": "157",
  "name": "Typhlosion",
  "format_id": "showdown_gen4ou-1630",
  "usage_metrics": {
    "raw": 495,
    "base_weight": 2.445473025682268,
    "percent": 0.4265917473887414
  },
  "roles": [
    {
      "role": "role_sweeper_special",
      "label": "Special Sweeper",
      "category": "OFF"
    }
  ],
  "items": {
    "choice-specs": 0.5916255581802097,
    "choice-scarf": 1.2149532905143265,
    "life-orb": 0.09662293940101602,
    "charcoal": 0.5412323963866181,
    "lum-berry": 1.434222612894942e-8,
    "focus-sash": 0.00010806589037343217,
    "power-herb": 0,
    "sitrus-berry": 0,
    "expert-belt": 0,
    "leftovers": 0.0001240796578148018,
    "heat-rock": 0.0008066813096865855,
    "shell-bell": 0
  },
  "abilities": {
    "blaze": 2.445473025682268
  },
  "moves": {
    "eruption": 2.40441367984385,
    "fire-blast": 1.335886796958432,
    "hidden-power-electric": 0.4780193266658819,
    "focus-blast": 1.6320887003267504,
    "earthquake": 0.02303352187242269,
    "brick-break": 0,
    "flare-blitz": 0,
    "blast-burn": 0.00549483075605417,
    "extrasensory": 0.5166737132340209,
    "hidden-power-grass": 1.1732324142279116,
    "flamethrower": 1.036276630173183,
    "overheat": 0.16164112832191518,
    "sunny-day": 0.17620440191241604,
    "solar-beam": 0.17662874804722023,
    "heat-wave": 0,
    "hidden-power-ice": 0.22102793861470887,
    "lava-plume": 0.07325858624046994,
    "will-o-wisp": 0.0635303280542604,
    "sleep-talk": 0,
    "protect": 0,
    "toxic": 0,
    "thunder-punch": 0.02688163259769727,
    "hidden-power-ground": 0.25929060010737753,
    "hidden-power-rock": 0,
    "hidden-power-dragon": 0.01256304770169303,
    "rollout": 0,
    "gyro-ball": 0,
    "smokescreen": 0.0048531969932984476,
    "double-edge": 0,
    "shadow-claw": 7.650619998633701e-8,
    "substitute": 0.0000017485778217585235,
    "seismic-toss": 0.0008910549954971314
  },
  "teras": {
    "nothing": 2.445473025682268
  },
  "spreads": [
    {
      "nature": "modest",
      "usage": "39.5",
      "evs": {
        "hp": 0,
        "atk": 0,
        "def": 4,
        "spa": 252,
        "spd": 0,
        "spe": 252
      }
    },
    {
      "nature": "timid",
      "usage": "31.4",
      "evs": {
        "hp": 0,
        "atk": 0,
        "def": 4,
        "spa": 252,
        "spd": 0,
        "spe": 252
      }
    },
    {
      "nature": "timid",
      "usage": "17.2",
      "evs": {
        "hp": 0,
        "atk": 0,
        "def": 0,
        "spa": 252,
        "spd": 4,
        "spe": 252
      }
    },
    {
      "nature": "timid",
      "usage": "6.5",
      "evs": {
        "hp": 80,
        "atk": 0,
        "def": 0,
        "spa": 252,
        "spd": 0,
        "spe": 176
      }
    },
    {
      "nature": "timid",
      "usage": "3.4",
      "evs": {
        "hp": 4,
        "atk": 0,
        "def": 0,
        "spa": 252,
        "spd": 0,
        "spe": 252
      }
    },
    {
      "nature": "hasty",
      "usage": "0.9",
      "evs": {
        "hp": 0,
        "atk": 252,
        "def": 0,
        "spa": 4,
        "spd": 0,
        "spe": 252
      }
    },
    {
      "nature": "modest",
      "usage": "0.7",
      "evs": {
        "hp": 0,
        "atk": 0,
        "def": 0,
        "spa": 252,
        "spd": 0,
        "spe": 252
      }
    },
    {
      "nature": "modest",
      "usage": "0.2",
      "evs": {
        "hp": 4,
        "atk": 0,
        "def": 0,
        "spa": 252,
        "spd": 0,
        "spe": 252
      }
    },
    {
      "nature": "modest",
      "usage": "0.2",
      "evs": {
        "hp": 0,
        "atk": 0,
        "def": 0,
        "spa": 252,
        "spd": 4,
        "spe": 252
      }
    },
    {
      "nature": "naughty",
      "usage": "0.0",
      "evs": {
        "hp": 0,
        "atk": 252,
        "def": 0,
        "spa": 156,
        "spd": 0,
        "spe": 100
      }
    }
  ],
  "teammates": {
    "3": 5.566883653496113e-7,
    "6": 0,
    "9": 0.0009871147602322217,
    "12": 0.004241292297749166,
    "18": 0.01256304770169303,
    "24": 0.12788726383782556,
    "25": 0,
    "26": 0.0048531969932984476,
    "40": 0.0757702698630408,
    "45": 0.01256304770169303,
    "47": 0.0008910549954971314,
    "53": 0.0008910549954971314,
    "55": 0,
    "59": 0.01283286697860303,
    "62": 1.4139530435386405e-8,
    "65": 0.5085761576267368,
    "71": 0.15801466627876087,
    "73": 0.07909167604944195,
    "78": 0,
    "80": 0.005355204098286881,
    "85": 0.06464501138083956,
    "89": 0.000007025781035563394,
    "91": 0.06464501138083956,
    "93": 0,
    "94": 0.5463906647230421,
    "97": 0.0000620686349525057,
    "101": 0.002785680696541837,
    "103": 0.00010808002990386756,
    "106": 0.000007025781035563394,
    "107": 0,
    "115": 0.000011509816431554132,
    "121": 0.09910923975930436,
    "122": 0.0000620686349525057,
    "123": 0,
    "124": 0,
    "125": 1.434222612894942e-8,
    "126": 0,
    "130": 0.20878144929831793,
    "131": 0.15801466627876087,
    "132": 0,
    "135": 0.264056038182854,
    "142": 0.08074356715343262,
    "143": 0,
    "144": 0.012807651495584271,
    "145": 0.0007147525626863827,
    "149": 0.027043534243316902,
    "154": 0,
    "160": 0,
    "164": 0.0011798125917640845,
    "169": 0.807834339176933,
    "178": 0,
    "181": 0.0008066813096865855,
    "182": 0.00017621594511901817,
    "184": 0,
    "185": 0.005591931188369759,
    "186": 0.4198433419924098,
    "189": 0.004241292297749166,
    "192": 0,
    "195": 0.014704428636818645,
    "196": 0.0008165190544963674,
    "197": 0.2006510618613324,
    "199": 5.566883653496113e-7,
    "205": 0.5583957322614916,
    "206": 0,
    "208": 0.05675094507758499,
    "212": 1.260280937218576,
    "213": 0,
    "214": 0.000034113002967683936,
    "216": 0,
    "217": 0.12788726383782556,
    "219": 0,
    "224": 0,
    "226": 0.0007147525626863827,
    "227": 0.14724558462617748,
    "230": 0,
    "232": 0.0021576083966213244,
    "235": 0.0000620686349525057,
    "237": 0.00534836331485844,
    "241": 7.650619998633701e-8,
    "243": 0.04123059231614451,
    "245": 0.5583957322614916,
    "248": 0.057848663289313984,
    "251": 0.40735838662560225,
    "254": 0.0008085759740721343,
    "257": 1.8499760712220592e-7,
    "260": 0.0007630282303316971,
    "275": 0.01283286697860303,
    "286": 0.1726822949330023,
    "289": 0,
    "291": 0.00001281194709185085,
    "306": 0.027538593475441298,
    "319": 0,
    "324": 0,
    "330": 0.06726742935066321,
    "334": 0.0053481783172513175,
    "346": 0.06464501138083956,
    "348": 0.000004914502691633071,
    "350": 4.868391083046042e-7,
    "357": 0,
    "359": 0.2592183615301288,
    "367": 0,
    "376": 0,
    "377": 0.0048531969932984476,
    "378": 0,
    "379": 0.0060629308799377,
    "380": 0.00011835171927160326,
    "385": 0.00010806589037343217,
    "389": 0,
    "392": 0.22817814859503532,
    "395": 0.0027305248242153746,
    "398": 0.34790045240576817,
    "407": 0,
    "409": 0.06717606326677711,
    "417": 0.0026707343987915633,
    "424": 0.42786507386822786,
    "428": 0.0026707343987915633,
    "429": 0.0011798125917640845,
    "430": 1.434222612894942e-8,
    "437": 0.10276746834123301,
    "448": 0.2592776550157128,
    "450": 0.019358320788351924,
    "452": 0.2647941287318193,
    "454": 0.0008910549954971314,
    "461": 0.5823157733612112,
    "462": 0.5085761576267368,
    "464": 0.01256304770169303,
    "465": 0.015438674121244667,
    "467": 0.002207689564236337,
    "468": 0.22499945851307773,
    "472": 0.005536691914614145,
    "473": 0.17076827707699427,
    "474": 0.002785680696541837,
    "475": 0.06464549821994786,
    "476": 0.0000620686349525057,
    "477": 0.0758599866232571,
    "481": 0,
    "482": 0.06719659248298021,
    "485": 0.7552588814729636,
    "486": 0.027531885825063107,
    "488": 1.8499760712220592e-7
  }
}