{
  "id": "248",
  "name": "Tyranitar",
  "format_id": "showdown_gen4ou-1630",
  "usage_metrics": {
    "raw": 52540,
    "base_weight": 11096.029264728455,
    "percent": 45.27905132889793
  },
  "roles": [
    {
      "role": "role_sweeper_physical",
      "label": "Physical Sweeper",
      "category": "OFF"
    },
    {
      "role": "role_setup",
      "label": "Setup Sweeper",
      "category": "OFF"
    },
    {
      "role": "role_weather",
      "label": "Weather Setter",
      "category": "SUP"
    }
  ],
  "items": {
    "custap-berry": 724.7140380192692,
    "chople-berry": 836.7410105883902,
    "lum-berry": 2513.3507899736724,
    "leftovers": 879.0804147661013,
    "choice-scarf": 1928.2394956163087,
    "choice-band": 2471.273369388205,
    "shuca-berry": 357.3507124968755,
    "passho-berry": 1081.960056006231,
    "expert-belt": 49.77207557226943,
    "hard-stone": 0.0011340310785870056,
    "nothing": 2.2503056035233064,
    "babiri-berry": 84.2913050429995,
    "life-orb": 20.024487137513045,
    "black-glasses": 42.88441108657349,
    "smooth-rock": 0.008033024858155158,
    "liechi-berry": 19.394396132097995,
    "focus-sash": 81.37395636596592,
    "dread-plate": 1.7522997456514873,
    "sitrus-berry": 0.1760805604143852,
    "black-belt": 0.00007375235573359173,
    "salac-berry": 0.16639235951657488,
    "chesto-berry": 0.3513925790748118,
    "choice-specs": 0.0037355431810754958,
    "soft-sand": 0.4727497700274041,
    "wide-lens": 0.000026257729581369293,
    "kings-rock": 0,
    "rindo-berry": 0.33075538653767644,
    "zoom-lens": 0.002522884876057674,
    "muscle-band": 0.06324503718365776,
    "dragon-fang": 0,
    "damp-rock": 5.54833956556422e-13
  },
  "abilities": {
    "sand-stream": 11096.029264728455
  },
  "moves": {
    "crunch": 10243.926285220094,
    "earthquake": 3975.247842812674,
    "fire-blast": 1875.1868615105495,
    "ice-beam": 417.1256273009357,
    "taunt": 472.3173849435956,
    "pursuit": 7077.297313197606,
    "superpower": 5366.545585537162,
    "fire-punch": 1709.411405469381,
    "stone-edge": 4814.635494487436,
    "dragon-dance": 3074.249230594973,
    "aqua-tail": 455.1000355473286,
    "stealth-rock": 1538.0926986567626,
    "protect": 294.1579123201832,
    "roar": 109.2940288530731,
    "dark-pulse": 19.30387688871891,
    "thunder-wave": 207.70927035060495,
    "substitute": 210.8437698075651,
    "focus-punch": 209.18799644792904,
    "rock-slide": 225.85790513546965,
    "ice-punch": 1102.884183584957,
    "rest": 8.856136437847791,
    "sleep-talk": 0.21045689799970452,
    "curse": 4.124353761615843,
    "hidden-power-grass": 80.77035228010216,
    "blizzard": 0.00036383534594275346,
    "toxic": 208.217015126526,
    "iron-defense": 0.0005025139164235304,
    "counter": 52.14518407844384,
    "thunder-punch": 9.67418398697988,
    "aerial-ace": 1.2209736245423455,
    "natural-gift": 19.38829242021857,
    "ancient-power": 0.002448466713060926,
    "brick-break": 6.092082276861009,
    "payback": 109.12842212149185,
    "flamethrower": 53.79859720248149,
    "avalanche": 0.23218765235576871,
    "low-kick": 132.0672197079203,
    "thunderbolt": 80.82896738962508,
    "hidden-power-bug": 0.49067256402930043,
    "surf": 0.8301113273437865,
    "iron-head": 0.0007405935231745708,
    "dragon-claw": 0.5412912907073005,
    "earth-power": 0.0472435958608346,
    "rock-climb": 0,
    "bite": 10.835942459095424,
    "rain-dance": 0.19535429335615145,
    "block": 0.08737178608803736,
    "seismic-toss": 0.000001295173649218384,
    "double-edge": 0.7565623543091193,
    "fire-fang": 0.28129738513615105,
    "rock-polish": 0.38787382673384313,
    "": 0.9787782989098485,
    "strength": 0.27564147821042967,
    "screech": 0.0009871147602322217,
    "body-slam": 0.00426691635781834,
    "sunny-day": 8.67246003344313e-8,
    "outrage": 0.2322935578160798,
    "sandstorm": 0.0035718299599791226,
    "dragon-pulse": 0.001629750340214453,
    "endure": 200.21740374719894,
    "shadow-claw": 0.0000016044884312838015,
    "dynamic-punch": 2.6902075012102955e-9,
    "dig": 0,
    "hidden-power-rock": 0.0006369006059412374,
    "focus-energy": 0,
    "rock-tomb": 1.0874387026188883,
    "hidden-power-electric": 0.0022129400389175324,
    "thunder": 0,
    "hyper-beam": 0,
    "stomp": 0,
    "ice-fang": 0.07903831737805622,
    "facade": 1.6462464465721622
  },
  "teras": {
    "nothing": 11096.029264728455
  },
  "spreads": [
    {
      "nature": "jolly",
      "usage": "28.6",
      "evs": {
        "hp": 0,
        "atk": 252,
        "def": 0,
        "spa": 0,
        "spd": 4,
        "spe": 252
      }
    },
    {
      "nature": "jolly",
      "usage": "4.7",
      "evs": {
        "hp": 8,
        "atk": 248,
        "def": 0,
        "spa": 0,
        "spd": 0,
        "spe": 252
      }
    },
    {
      "nature": "adamant",
      "usage": "3.6",
      "evs": {
        "hp": 180,
        "atk": 252,
        "def": 0,
        "spa": 0,
        "spd": 0,
        "spe": 76
      }
    },
    {
      "nature": "jolly",
      "usage": "3.4",
      "evs": {
        "hp": 4,
        "atk": 252,
        "def": 0,
        "spa": 0,
        "spd": 0,
        "spe": 252
      }
    },
    {
      "nature": "lonely",
      "usage": "3.0",
      "evs": {
        "hp": 48,
        "atk": 144,
        "def": 0,
        "spa": 52,
        "spd": 184,
        "spe": 80
      }
    },
    {
      "nature": "careful",
      "usage": "2.9",
      "evs": {
        "hp": 252,
        "atk": 0,
        "def": 4,
        "spa": 0,
        "spd": 252,
        "spe": 0
      }
    },
    {
      "nature": "jolly",
      "usage": "2.8",
      "evs": {
        "hp": 0,
        "atk": 252,
        "def": 4,
        "spa": 0,
        "spd": 0,
        "spe": 252
      }
    },
    {
      "nature": "adamant",
      "usage": "2.6",
      "evs": {
        "hp": 176,
        "atk": 252,
        "def": 0,
        "spa": 0,
        "spd": 64,
        "spe": 16
      }
    },
    {
      "nature": "adamant",
      "usage": "1.9",
      "evs": {
        "hp": 0,
        "atk": 252,
        "def": 0,
        "spa": 0,
        "spd": 4,
        "spe": 252
      }
    },
    {
      "nature": "lonely",
      "usage": "1.8",
      "evs": {
        "hp": 48,
        "atk": 188,
        "def": 0,
        "spa": 4,
        "spd": 64,
        "spe": 204
      }
    }
  ],
  "teammates": {
    "3": 0.4971228593927565,
    "6": 8.167771579461935,
    "9": 4.606173940062152,
    "12": 1.3301248991126613e-11,
    "14": 0.0000012692708879491477,
    "19": 0,
    "24": 2.47821916924784,
    "25": 0.038467871787132624,
    "26": 0.24790605940409355,
    "31": 249.31327700086885,
    "34": 0.7482527619400356,
    "36": 910.784198253103,
    "38": 1.2039932873744303,
    "40": 2.741718740928434e-9,
    "55": 0.0011578399593756283,
    "59": 0.20196534801940702,
    "65": 15.149705926175226,
    "67": 1.4332290778153076,
    "73": 120.65182841938588,
    "76": 4.686004338252844,
    "78": 0.010703625612629664,
    "80": 2.0328185862167056,
    "82": 692.9145791330758,
    "89": 0.00017187417650266212,
    "91": 60.87180159226934,
    "94": 1423.2742740303408,
    "95": 0,
    "97": 0.0000620686349525057,
    "99": 2.8040347821445266e-12,
    "101": 0.01271950310564074,
    "103": 4.510429723658141,
    "105": 0.5163781161431416,
    "106": 0.39167147411516556,
    "107": 4.151472897282149,
    "110": 0.0037237939254162744,
    "113": 0,
    "115": 0.8875933916188208,
    "121": 3101.7721929450436,
    "122": 0.00006206889794746484,
    "123": 0.2906146295706545,
    "127": 0,
    "130": 3613.09065523614,
    "131": 0.48459166065720644,
    "132": 0.004696470489089388,
    "134": 29.388202169909544,
    "135": 64.93701679245399,
    "138": 0.17050238327015532,
    "139": 0.5728571852442823,
    "141": 6.156579705285243,
    "142": 195.6555623715543,
    "143": 14.495454091609941,
    "144": 0,
    "145": 1711.4568410117902,