{
  "id": "254",
  "name": "Sceptile",
  "format_id": "showdown_gen4ou-1630",
  "usage_metrics": {
    "raw": 1382,
    "base_weight": 84.38332264380199,
    "percent": 1.191009686648971
  },
  "roles": [
    {
      "role": "role_sweeper_physical",
      "label": "Physical Sweeper",
      "category": "OFF"
    },
    {
      "role": "role_setup",
      "label": "Setup Sweeper",
      "category": "OFF"
    }
  ],
  "items": {
    "life-orb": 79.33398294184069,
    "choice-specs": 0.0685362815493063,
    "leftovers": 3.3043118838467067,
    "salac-berry": 2.220446049250313e-16,
    "focus-sash": 1.0736697649049707,
    "petaya-berry": 0.2466309049250075,
    "muscle-band": 8.572065446355026e-9,
    "sitrus-berry": 0,
    "soft-sand": 0,
    "heat-rock": 0,
    "expert-belt": 0.20651156550194,
    "scope-lens": 0,
    "choice-scarf": 3.275157922644212e-13,
    "power-herb": 0.020121551180531494,
    "lum-berry": 0.0002326232640133541,
    "nothing": 0.09075903602905094,
    "toxic-orb": 0.03319979522852601,
    "choice-band": 0.00022919436066137777,
    "miracle-seed": 0.005137092598255233
  },
  "abilities": {
    "overgrow": 84.38332264380199
  },
  "moves": {
    "leaf-blade": 41.568264333506484,
    "thunder-punch": 0.0012409207958344881,
    "earthquake": 79.67426841564829,
    "brick-break": 0.0232417974627534,
    "leaf-storm": 39.52922877423368,
    "focus-blast": 1.6314953875171003,
    "hidden-power-ice": 2.313098712500074,
    "energy-ball": 4.185240755956187,
    "substitute": 3.1342412793715013,
    "swords-dance": 41.24734055495406,
    "rock-slide": 1.418799762636766,
    "quick-attack": 0.00022919436066159982,
    "leech-seed": 2.7284744274365518,
    "giga-drain": 0.043175088325864086,
    "hidden-power-fire": 38.28059407998988,
    "focus-punch": 0.6122448272232959,
    "dragon-pulse": 40.215163096048514,
    "synthesis": 0.4548906889634185,
    "dragon-claw": 39.30690805895231,
    "x-scissor": 3.4322544806286714e-13,
    "detect": 0,
    "grass-knot": 1.935840376887654e-12,
    "endeavor": 0.10269244202120464,
    "toxic": 0.00023235882705346933,
    "hidden-power-electric": 0.06595166187197665,
    "night-slash": 0.2787805533484511,
    "drain-punch": 0.0015947906009437518,
    "cut": 0,
    "dig": 7.875953778047062e-10,
    "low-kick": 0.11960200642843816,
    "agility": 0,
    "hidden-power-ground": 2.312661728787191e-10,
    "protect": 0.020121555916943368,
    "sunny-day": 0,
    "crunch": 0.38642019304121605,
    "dragon-breath": 0.00015537607895976802,
    "seismic-toss": 0.0002323588270533583,
    "seed-bomb": 0.11937281206777678,
    "solar-beam": 0.020121551180531494,
    "hidden-power-dragon": 0,
    "": 0,
    "body-slam": 0.000019006917072572627,
    "bullet-seed": 0,
    "frenzy-plant": 0.0014158543958308623,
    "hyper-beam": 0.000509412201683046,
    "hidden-power-dark": 0.014650798294115919,
    "double-edge": 0.00007789105584671274,
    "fling": 0.03319979522852601,
    "hidden-power-grass": 0,
    "outrage": 0
  },
  "teras": {
    "nothing": 84.38332264380199
  },
  "spreads": [
    {
      "nature": "naive",
      "usage": "44.8",
      "evs": {
        "hp": 0,
        "atk": 36,
        "def": 0,
        "spa": 252,
        "spd": 0,
        "spe": 220
      }
    },
    {
      "nature": "jolly",
      "usage": "29.5",
      "evs": {
        "hp": 0,
        "atk": 252,
        "def": 4,
        "spa": 0,
        "spd": 0,
        "spe": 252
      }
    },
    {
      "nature": "jolly",
      "usage": "19.1",
      "evs": {
        "hp": 4,
        "atk": 252,
        "def": 0,
        "spa": 0,
        "spd": 0,
        "spe": 252
      }
    },
    {
      "nature": "timid",
      "usage": "1.6",
      "evs": {
        "hp": 0,
        "atk": 0,
        "def": 4,
        "spa": 252,
        "spd": 0,
        "spe": 252
      }
    },
    {
      "nature": "timid",
      "usage": "1.4",
      "evs": {
        "hp": 0,
        "atk": 0,
        "def": 0,
        "spa": 252,
        "spd": 4,
        "spe": 252
      }
    },
    {
      "nature": "timid",
      "usage": "1.3",
      "evs": {
        "hp": 0,
        "atk": 0,
        "def": 0,
        "spa": 252,
        "spd": 0,
        "spe": 252
      }
    },
    {
      "nature": "timid",
      "usage": "0.5",
      "evs": {
        "hp": 112,
        "atk": 0,
        "def": 4,
        "spa": 252,
        "spd": 0,
        "spe": 140
      }
    },
    {
      "nature": "timid",
      "usage": "0.4",
      "evs": {
        "hp": 4,
        "atk": 0,
        "def": 0,
        "spa": 252,
        "spd": 0,
        "spe": 252
      }
    },
    {
      "nature": "jolly",
      "usage": "0.4",
      "evs": {
        "hp": 0,
        "atk": 252,
        "def": 0,
        "spa": 0,
        "spd": 4,
        "spe": 252
      }
    },
    {
      "nature": "mild",
      "usage": "0.3",
      "evs": {
        "hp": 60,
        "atk": 100,
        "def": 0,
        "spa": 124,
        "spd": 0,
        "spe": 224
      }
    }
  ],
  "teammates": {
    "3": 0.000019006917072572627,
    "6": 0.00038156129433297714,
    "9": 1.2763696073739925,
    "18": 2.220446049250313e-16,
    "25": 0.005366286960948097,
    "31": 4.736411873818014e-9,
    "34": 3.0835611841695254e-11,
    "36": 0.00017026085977855931,
    "38": 7.875953778047062e-10,
    "53": 3.885780586188048e-16,
    "55": 0,
    "59": 0.47844357846398744,
    "62": 0.0002326232640133541,
    "65": 0.09075903602905105,
    "73": 0.0001619435652197021,
    "82": 9.321987626265127e-13,
    "87": 0,
    "91": 0.09459754907519102,
    "94": 0.4652009039009556,
    "101": 0,
    "103": 0,
    "106": 0.0008666634336816914,
    "110": 2.195466031196247e-13,
    "115": 0.3184306556358909,
    "121": 0.5224163926562626,
    "128": 0.00011323224611742289,
    "130": 0.44423130083353796,
    "131": 0.10067142986316002,
    "134": 0.00023262333842166694,
    "135": 0.0015920131772727553,
    "141": 1.0722355653025066,
    "142": 0.06801882232005946,
    "143": 0.12616037413597997,
    "145": 0.39377667292022933,
    "146": 0.00010134327335348248,
    "149": 0.37021449596843675,
    "154": 0.0006461783336730864,
    "157": 0.0008085759740721343,
    "160": 0.03924212018271517,
    "164": 1.6653345369377348e-16,
    "169": 0.038336889490004744,
    "171": 0,
    "181": 0,
    "184": 0.44834061399036246,
    "190": 3.3306690738754696e-16,
    "195": 1.2215893737053178,
    "196": 5.551115123125783e-17,
    "197": 0,
    "205": 0.0338639301824229,
    "206": 0,
    "208": 0.00014698135796792355,
    "211": 0.04521143809622552,
    "212": 0.2866362320588368,
    "214": 0.18205302568016324,
    "219": 0,
    "227": 39.05949482201093,
    "229": 0.016609156190874108,
    "230": 0.019962169070947666,
    "232": 0.4326417797509558,
    "237": 0.00541268742409956,
    "241": 0.00009498454681550195,
    "242": 0.00014615605046608415,
    "243": 0.10779214844567858,
    "244": 0,
    "245": 0.0014406173205327444,
    "248": 40.83013652115081,
    "251": 0.0006461783336730864,
    "257": 0.00831123062520256,
    "260": 76.66115527623863,
    "272": 0.0006461783336730864,
    "277": 0.00015190313892710083,
    "282": 0,
    "286": 0.0006461783336730864,
    "289": 1.0320070286892353,
    "297": 9.914180587600185e-12,
    "301": 0.0015444821225159555,
    "306": 0.23418807268921177,
    "308": 0.33279606415109336,
    "310": 0,
    "319": 0.09459754907519102,
    "323": 0.0001519029059571242,
    "324": 1.703470697833609e-12,
    "326": 0.00015921676135904894,
    "330": 1.108751635936759,
    "341": 1.7038037647409965e-12,
    "344": 0.521244422103927,
    "346": 3.2161828755761235e-11,
    "348": 3.220673727710732e-11,
    "350": 0.341347790098235,
    "354": 0.43107357418612396,
    "359": 0.00007678901110308445,
    "362": 1.703470697833609e-12,
    "365": 0.00015190291987010607,
    "376": 0.3590028800662731,
    "378": 7.228243061874196e-7,
    "379": 0.24663090492532808,
    "380": 39.59505426095651,