{
  "id": "282",
  "name": "Gardevoir",
  "format_id": "showdown_gen4ou-1630",
  "usage_metrics": {
    "raw": 619,
    "base_weight": 4.272248722419028,
    "percent": 0.5334551346133958
  },
  "roles": [
    {
      "role": "role_sweeper_special",
      "label": "Special Sweeper",
      "category": "OFF"
    },
    {
      "role": "role_disruptor",
      "label": "Disruptor",
      "category": "SUP"
    },
    {
      "role": "role_cleric",
      "label": "Cleric / Heal",
      "category": "SUP"
    }
  ],
  "items": {
    "choice-specs": 0.024194889752747528,
    "lum-berry": 2.726419090492982e-11,
    "choice-scarf": 2.292763045211538,
    "leftovers": 1.8939216925314848,
    "expert-belt": 0,
    "salac-berry": 2.696856539752268e-7,
    "light-clay": 0.0011599803208650616,
    "life-orb": 0.060208825871951865,
    "toxic-orb": 0,
    "mind-plate": 1.8671026225103304e-8,
    "kasib-berry": 0,
    "colbur-berry": 3.464980524725547e-10,
    "nothing": 0
  },
  "abilities": {
    "trace": 4.252782560362824,
    "synchronize": 0.019466162056203884
  },
  "moves": {
    "calm-mind": 0.000017057405302223216,
    "energy-ball": 0.019467341184263187,
    "psychic": 4.272226252022423,
    "thunderbolt": 0.9830908986215319,
    "reflect": 0.0011824695263892293,
    "light-screen": 0.0011599990191554777,
    "healing-wish": 1.0944073425278589e-10,
    "taunt": 0.06020882624571411,
    "focus-blast": 2.357643488999529,
    "trick": 2.297440314858299,
    "will-o-wisp": 1.89389804281713,
    "wish": 1.89389804281713,
    "protect": 1.5955898567029907,
    "shadow-sneak": 0,
    "ice-punch": 0,
    "fire-punch": 0,
    "thunder-punch": 0,
    "thunder-wave": 0.000006861940950397827,
    "attract": 5.375655476314023e-11,
    "shadow-ball": 1.3544755458365731,
    "hidden-power-fire": 0,
    "toxic": 0,
    "icy-wind": 0,
    "destiny-bond": 0.060300914323022425,
    "mean-look": 0,
    "grass-knot": 0.00005832001603855996,
    "giga-impact": 0,
    "trick-room": 0,
    "disable": 0,
    "heal-bell": 0.29830818611413945,
    "hidden-power-ice": 0,
    "signal-beam": 0.000015627583807631407,
    "hidden-power-ground": 3.464980524725547e-10,
    "pain-split": 0,
    "magic-coat": 0,
    "hidden-power-psychic": 0,
    "confusion": 0,
    "hidden-power-poison": 0,
    "confuse-ray": 0.000006843132032474664,
    "encore": 0
  },
  "teras": {
    "nothing": 4.272248722419031
  },
  "spreads": [
    {
      "nature": "timid",
      "usage": "31.2",
      "evs": {
        "hp": 0,
        "atk": 0,
        "def": 4,
        "spa": 252,
        "spd": 0,
        "spe": 252
      }
    },
    {
      "nature": "timid",
      "usage": "26.5",
      "evs": {
        "hp": 112,
        "atk": 0,
        "def": 204,
        "spa": 0,
        "spd": 28,
        "spe": 148
      }
    },
    {
      "nature": "timid",
      "usage": "24.5",
      "evs": {
        "hp": 0,
        "atk": 0,
        "def": 0,
        "spa": 252,
        "spd": 4,
        "spe": 252
      }
    },
    {
      "nature": "calm",
      "usage": "8.0",
      "evs": {
        "hp": 120,
        "atk": 0,
        "def": 148,
        "spa": 0,
        "spd": 0,
        "spe": 240
      }
    },
    {
      "nature": "bold",
      "usage": "7.0",
      "evs": {
        "hp": 252,
        "atk": 0,
        "def": 252,
        "spa": 0,
        "spd": 0,
        "spe": 4
      }
    },
    {
      "nature": "bold",
      "usage": "2.9",
      "evs": {
        "hp": 188,
        "atk": 0,
        "def": 120,
        "spa": 0,
        "spd": 0,
        "spe": 200
      }
    },
    {
      "nature": "timid",
      "usage": "0.0",
      "evs": {
        "hp": 188,
        "atk": 0,
        "def": 252,
        "spa": 0,
        "spd": 0,
        "spe": 68
      }
    },
    {
      "nature": "timid",
      "usage": "0.0",
      "evs": {
        "hp": 180,
        "atk": 0,
        "def": 152,
        "spa": 0,
        "spd": 0,
        "spe": 176
      }
    },
    {
      "nature": "lonely",
      "usage": "0.0",
      "evs": {
        "hp": 0,
        "atk": 64,
        "def": 0,
        "spa": 128,
        "spd": 4,
        "spe": 252
      }
    },
    {
      "nature": "lonely",
      "usage": "0.0",
      "evs": {
        "hp": 252,
        "atk": 64,
        "def": 0,
        "spa": 4,
        "spd": 136,
        "spe": 0
      }
    }
  ],
  "teammates": {
    "6": 0.0000687757047490023,
    "12": 0,
    "26": 1.8671026225103304e-8,
    "31": 0.9588218251186957,
    "36": 1.1010797309121676,
    "59": 0.3314989531499893,
    "65": 1.8671026225103304e-8,
    "73": 8.217654334785607e-11,
    "76": 0.0011599802386885183,
    "89": 0,
    "91": 1.3321852792051168,
    "94": 0.28269388041297416,
    "101": 0.28269360617813466,
    "107": 0.9588218159587896,
    "121": 1.4136900501856124,
    "122": 0,
    "130": 0.06020883508561453,
    "131": 0,
    "134": 0.0011599802386885183,
    "141": 0,
    "145": 3.464980524725547e-10,
    "149": 1.3563841868600974,
    "154": 0.0047287533129839465,
    "169": 0.0011599802386885183,
    "178": 0,
    "182": 0,
    "196": 0,
    "203": 0.00169997507903219,
    "205": 0.060209081297873446,
    "208": 0.33151458038729886,
    "212": 1.332230424058185,
    "214": 0.0000068432142090180115,
    "215": 0.9588218159587896,
    "217": 0,
    "227": 0.01946614322198037,
    "229": 0,
    "230": 0.28271609538290265,
    "232": 0.2826936079744137,
    "242": 0.3137754192606314,
    "243": 0.060208825871951865,
    "248": 0.000005171921605207075,
    "254": 0,
    "257": 1.8671026225103304e-8,
    "260": 0.01951244855738732,
    "267": 0,
    "277": 0,
    "286": 0,
    "289": 0,
    "291": 0,
    "295": 0,
    "303": 1.4237500067793007e-12,
    "304": 0,
    "306": 2.554259215803434e-7,
    "308": 0,
    "310": 0.01946614322198037,
    "314": 0,
    "330": 3.464980524725547e-10,
    "334": 0,
    "337": 0,
    "338": 0,
    "340": 0,
    "344": 0.0016999921181791167,
    "350": 0.0047341376473094,
    "354": 0.9588218159587896,
    "356": 0,
    "366": 0.0000011604823386690555,
    "376": 1.332184119095784,
    "380": 1.332184118722778,
    "385": 0.0000051715485991365995,
    "389": 0,
    "392": 0.3069350730345882,
    "395": 0.0000463053354069487,
    "398": 0,
    "400": 0,
    "407": 1.0822013883327202,
    "411": 0.000006843132032474664,
    "419": 0,
    "424": 8.217654334785607e-11,
    "426": 8.217654334785607e-11,
    "428": 1.0821908324497955,
    "429": 0.000005384334325453377,
    "432": 0,
    "437": 0.001701135561370859,
    "448": 0.000015627291066133697,
    "450": 1.0821908324497955,
    "452": 0.000022470369342053598,
    "461": 0.0011653645730139717,
    "462": 0.0000051715485991365995,
    "463": 0.9588218159587896,
    "464": 0.0000011604823386690555,
    "466": 2.7830932336492253e-8,
    "468": 0.3362277064615495,
    "469": 1.8808917923163193e-8,
    "472": 0,
    "473": 8.217654334785607e-11,
    "475": 0.00169997507903219,
    "477": 0.060209986354290534,
    "482": 0.0016999751327887447,
    "485": 0.06020884468086979,
    "486": 0,
    "488": 2.6508018002857625e-11,
    "10008": 1.8671026225103304e-8,
    "10010": 0,
    "10011": 0,
    "10012": 0
  }
}