{
  "id": "346",
  "name": "Cradily",
  "format_id": "showdown_gen4ou-1630",
  "usage_metrics": {
    "raw": 1407,
    "base_weight": 40.81167466370757,
    "percent": 1.2125547243958772
  },
  "roles": [
    {
      "role": "role_staller",
      "label": "Staller",
      "category": "DEF"
    }
  ],
  "items": {
    "leftovers": 40.249563471670534,
    "leppa-berry": 1.402948424100714e-9,
    "sitrus-berry": 0.33075538653767644,
    "life-orb": 0.00003939319382523232,
    "lansat-berry": 5.574513073369758e-10,
    "big-root": 0.04683063435484863,
    "nothing": 0,
    "mail": 1.618994338592472e-8,
    "expert-belt": 6.122363727101288e-11,
    "apicot-berry": 0.16924028305687688,
    "lum-berry": 0.0152454766822811
  },
  "abilities": {
    "suction-cups": 40.81167466370757
  },
  "moves": {
    "energy-ball": 0.16526479802309563,
    "recover": 37.29067963300774,
    "earth-power": 0.400378685719576,
    "toxic": 11.713766880765789,
    "stockpile": 0.8754303768055598,
    "rock-slide": 25.112749429147787,
    "earthquake": 24.6371897661689,
    "seed-bomb": 14.63793223808099,
    "curse": 39.39275551532811,
    "amnesia": 0.08967831020657707,
    "mirror-coat": 2.6645352591003757e-15,
    "hidden-power-ice": 8.201072931868225e-9,
    "stealth-rock": 0.16028651551092332,
    "ancient-power": 0.3307594503347249,
    "synthesis": 0.0004535579700081227,
    "sludge-bomb": 0,
    "hidden-power-fire": 8.833753627479624e-7,
    "mimic": 0,
    "rest": 3.455850550902955,
    "sleep-talk": 1.9559281503524133,
    "body-slam": 5.5322318393002945e-9,
    "giga-drain": 0.3776123385476086,
    "block": 9.14675124530362e-9,
    "swords-dance": 0.8754125370015071,
    "stone-edge": 1.7265755442958446,
    "natural-gift": 1.0964429364435091e-10,
    "ingrain": 0.03823279513136929,
    "confuse-ray": 0.008597839223669357,
    "facade": 0.001158792797621322,
    "sandstorm": 0,
    "mud-slap": 4.496403249731884e-15,
    "psych-up": 4.496403249731884e-15,
    "barrier": 0.0000040431425203379945
  },
  "teras": {
    "nothing": 40.81167466370757
  },
  "spreads": [
    {
      "nature": "careful",
      "usage": "66.5",
      "evs": {
        "hp": 252,
        "atk": 4,
        "def": 0,
        "spa": 0,
        "spd": 252,
        "spe": 0
      }
    },
    {
      "nature": "sassy",
      "usage": "24.7",
      "evs": {
        "hp": 252,
        "atk": 4,
        "def": 0,
        "spa": 0,
        "spd": 252,
        "spe": 0
      }
    },
    {
      "nature": "relaxed",
      "usage": "1.8",
      "evs": {
        "hp": 4,
        "atk": 0,
        "def": 252,
        "spa": 0,
        "spd": 252,
        "spe": 0
      }
    },
    {
      "nature": "careful",
      "usage": "1.8",
      "evs": {
        "hp": 252,
        "atk": 72,
        "def": 76,
        "spa": 0,
        "spd": 108,
        "spe": 0
      }
    },
    {
      "nature": "careful",
      "usage": "1.6",
      "evs": {
        "hp": 252,
        "atk": 0,
        "def": 4,
        "spa": 0,
        "spd": 252,
        "spe": 0
      }
    },
    {
      "nature": "adamant",
      "usage": "1.4",
      "evs": {
        "hp": 80,
        "atk": 104,
        "def": 252,
        "spa": 0,
        "spd": 72,
        "spe": 0
      }
    },
    {
      "nature": "modest",
      "usage": "0.8",
      "evs": {
        "hp": 0,
        "atk": 0,
        "def": 128,
        "spa": 252,
        "spd": 128,
        "spe": 0
      }
    },
    {
      "nature": "careful",
      "usage": "0.4",
      "evs": {
        "hp": 248,
        "atk": 0,
        "def": 0,
        "spa": 0,
        "spd": 252,
        "spe": 8
      }
    },
    {
      "nature": "impish",
      "usage": "0.3",
      "evs": {
        "hp": 4,
        "atk": 0,
        "def": 252,
        "spa": 0,
        "spd": 252,
        "spe": 0
      }
    },
    {
      "nature": "sassy",
      "usage": "0.2",
      "evs": {
        "hp": 252,
        "atk": 0,
        "def": 0,
        "spa": 0,
        "spd": 252,
        "spe": 0
      }
    }
  ],
  "teammates": {
    "19": 0.00023182483533551457,
    "31": 10.009196113573813,
    "34": 0.7368234474931898,
    "36": 4.208289887214664,
    "38": 0,
    "45": 0.0011018741216877737,
    "59": 2.962607936751738e-11,
    "67": 5.574513073369758e-10,
    "73": 0.000565325811130668,
    "76": 0,
    "80": 4.295728879516088,
    "82": 0.0017085296424990681,
    "85": 0.06464501138083956,
    "91": 0.06464501138083956,
    "94": 0.9009843008910853,
    "101": 0.0017085296424990681,
    "112": 0,
    "121": 18.105904997581046,
    "130": 1.5556352240830753,
    "131": 0.000004043229337169496,
    "133": 0,
    "134": 3.2161828755761235e-11,
    "135": 0.8696898821161281,
    "139": 0,
    "141": 0.00007914601376707298,
    "142": 2.4188556994109374,
    "143": 0.8682525706251436,
    "144": 1.9569379339223758e-8,
    "145": 5.806287873365801,
    "149": 0.11867909550620193,
    "157": 0.06464501138083956,
    "160": 2.9338795837219322e-9,
    "169": 2.060140921174251,
    "195": 2.760469458440706,
    "197": 0.0004375220556577242,
    "205": 6.584269242717641,
    "208": 0,
    "212": 2.3827912290267275,
    "213": 0,
    "214": 2.9338795837219322e-9,
    "219": 0,
    "222": 0,
    "227": 12.328871909825244,
    "229": 7.777128940844591e-11,
    "230": 0.04643488525721273,
    "232": 1.6176157643116793,
    "242": 5.974485545500788,
    "243": 0.5770102201681755,
    "245": 0.8679813524736288,
    "248": 31.397592672505155,
    "251": 0.0004535579700081227,
    "254": 3.2161828755761235e-11,
    "260": 0.2264280872149294,
    "272": 0.0015554320916958964,
    "286": 0.0015554320916958964,
    "306": 0.000028165163436288942,
    "308": 7.777128940844591e-11,
    "310": 3.973044115923585e-12,
    "312": 0.00003939319382523232,
    "330": 11.682254353258116,
    "334": 0.11593774338474544,
    "337": 0.4628484029669858,
    "338": 0.00007914601376707298,
    "348": 0.00021974554364184717,
    "350": 0.003953153450555358,
    "352": 0,
    "369": 0.00009779056671377351,
    "376": 0.6054064556747588,
    "377": 9.962916112424823,
    "378": 0.00034511325551894734,
    "379": 0.0005539331743049103,
    "380": 1.6176157643116793,
    "385": 3.949670753304251,
    "389": 0.0004535579700081227,
    "392": 1.5261966251368047,
    "395": 0.000037112540346717626,
    "400": 2.5357493882438575e-12,
    "405": 9.045542093133463e-12,
    "407": 0.0015554516610752356,
    "409": 0.01524606466441919,
    "416": 0.04567184155722731,
    "419": 0.08424080717791899,
    "423": 0.3307553865738113,
    "426": 0.3339382153753421,
    "430": 3.564461757208253,
    "437": 0.11588057691115844,
    "442": 0.03386114310172328,
    "450": 10.419819180511825,
    "454": 9.045542093133463e-12,
    "461": 0.06464503095926444,
    "462": 12.476386550073729,
    "464": 10.472331893929791,
    "466": 2.9338795837219322e-9,
    "467": 0.00000404314649338211,
    "468": 5.574513073369758e-10,
    "469": 0.0004375220556577242,
    "470": 0.0011018741216877737,
    "472": 11.848118044519653,
    "473": 2.9338795837219322e-9,
    "474": 1.5070572960111321,
    "475": 0.11064237458239456,
    "476": 1.6176157643116793,
    "477": 1.0268861790060344,
    "482": 0.007136293773633395,
    "485": 1.1375560315778248,
    "486": 0.0002197455075069743,
    "10008": 0.506799660194269,
    "10009": 0.3629227958755855
  }
}