{
  "id": "130",
  "name": "Gyarados",
  "format_id": "showdown_gen5ou-1500",
  "usage_metrics": {
    "raw": 4945,
    "base_weight": 2681.733149209583,
    "percent": 6.152793330844843
  },
  "items": {
    "choice-scarf": 386.51579498561637,
    "life-orb": 128.27072518237512,
    "focus-sash": 32.012502047752974,
    "leftovers": 1688.1194549597074,
    "lum-berry": 265.6808433031627,
    "wacan-berry": 37.508913251063916,
    "nothing": 0.5480775831440765,
    "shell-bell": 2.1938276034741384,
    "choice-band": 30.334595951264486,
    "sitrus-berry": 10.729723160473572,
    "watmel-berry": 8.328151467929503,
    "rocky-helmet": 17.500514656358067,
    "mystic-water": 1.933942646037356,
    "rawst-berry": 3.8930268607419327,
    "occa-berry": 8.602736130442578,
    "splash-plate": 0.47463948024676905,
    "expert-belt": 16.714935400904878,
    "chesto-berry": 20.83864250265512,
    "choice-specs": 3.319160120106418,
    "wiki-berry": 0.8201087219604855,
    "cheri-berry": 4.838089559378272,
    "salac-berry": 7.417839215748301,
    "wide-lens": 0.0012475283639739598,
    "metronome": 0.21279220511115648,
    "persim-berry": 0,
    "air-balloon": 0.6754526953385429,
    "dragon-fang": 0.41276108311873955,
    "muscle-band": 0.8004261826607175,
    "pecha-berry": 1.4671767178289954,
    "liechi-berry": 0.7381531816548799,
    "charti-berry": 0.8288948249614021
  },
  "abilities": {
    "moxie": 1574.585843397997,
    "intimidate": 1107.1473058115862
  },
  "moves": {
    "earthquake": 1658.1113610739783,
    "ice-fang": 1150.9452738074142,
    "aqua-tail": 91.60910048972163,
    "stone-edge": 473.8733187579347,
    "waterfall": 2567.402286881052,
    "outrage": 257.7709840896075,
    "dragon-dance": 2169.676192103428,
    "bounce": 783.8814340569523,
    "taunt": 164.99689468119232,
    "substitute": 881.6409946284562,
    "avalanche": 7.377446465374011,
    "bite": 74.7158753653005,
    "protect": 4.272691786076276,
    "iron-head": 59.374971093433636,
    "thunder-wave": 93.66163891719873,
    "natural-gift": 22.507130339405233,
    "dragon-tail": 28.839303047348125,
    "roar": 35.005101608306,
    "fire-blast": 10.18858137553029,
    "thunderbolt": 3.8147323586996364,
    "flamethrower": 16.59481885015167,
    "surf": 2.3488648137407724,
    "hidden-power-grass": 0.9466014724519705,
    "facade": 7.145544801529484,
    "return": 26.33579207600741,
    "thunder": 12.472747147471726,
    "dive": 0.3626711309775812,
    "rest": 42.82470807123994,
    "frustration": 2.7579610345999837,
    "ice-beam": 11.287480224410944,
    "hydro-pump": 13.184744583014213,
    "dragon-pulse": 2.4937852158234373,
    "scald": 5.651212957710921,
    "toxic": 5.929696589010582,
    "rain-dance": 1.366160343538009,
    "blizzard": 5.283608131216739,
    "body-slam": 2.4298331229659,
    "sleep-talk": 21.634737811375658,
    "double-edge": 3.464304101081812,
    "iron-tail": 0.2704292970409723,
    "attract": 0,
    "thrash": 0.21485816240781813,
    "twister": 0,
    "giga-impact": 0.00004105399232917639,
    "": 1.324090512002143,
    "bulldoze": 0.15407775035996862,
    "dark-pulse": 0.7885111409642744,
    "whirlpool": 0.000003516831360295125
  },
  "teras": {
    "nothing": 2681.733149209579
  },
  "spreads": [
    {
      "nature": "Jolly",
      "usage": "29.0",
      "evs": {
        "hp": 0,
        "atk": 252,
        "def": 0,
        "spa": 0,
        "spd": 4,
        "spe": 252
      }
    },
    {
      "nature": "Adamant",
      "usage": "19.1",
      "evs": {
        "hp": 0,
        "atk": 252,
        "def": 0,
        "spa": 0,
        "spd": 4,
        "spe": 252
      }
    },
    {
      "nature": "Jolly",
      "usage": "12.2",
      "evs": {
        "hp": 88,
        "atk": 252,
        "def": 0,
        "spa": 0,
        "spd": 0,
        "spe": 168
      }
    },
    {
      "nature": "Jolly",
      "usage": "6.3",
      "evs": {
        "hp": 4,
        "atk": 252,
        "def": 0,
        "spa": 0,
        "spd": 0,
        "spe": 252
      }
    },
    {
      "nature": "Adamant",
      "usage": "4.4",
      "evs": {
        "hp": 0,
        "atk": 252,
        "def": 4,
        "spa": 0,
        "spd": 0,
        "spe": 252
      }
    },
    {
      "nature": "Adamant",
      "usage": "4.4",
      "evs": {
        "hp": 4,
        "atk": 252,
        "def": 0,
        "spa": 0,
        "spd": 0,
        "spe": 252
      }
    },
    {
      "nature": "Jolly",
      "usage": "2.3",
      "evs": {
        "hp": 28,
        "atk": 252,
        "def": 0,
        "spa": 0,
        "spd": 4,
        "spe": 224
      }
    },
    {
      "nature": "Jolly",
      "usage": "2.2",
      "evs": {
        "hp": 88,
        "atk": 248,
        "def": 4,
        "spa": 0,
        "spd": 0,
        "spe": 168
      }
    },
    {
      "nature": "Adamant",
      "usage": "1.3",
      "evs": {
        "hp": 0,
        "atk": 252,
        "def": 0,
        "spa": 0,
        "spd": 0,
        "spe": 252
      }
    },
    {
      "nature": "Jolly",
      "usage": "1.3",
      "evs": {
        "hp": 0,
        "atk": 252,
        "def": 4,
        "spa": 0,
        "spd": 0,
        "spe": 252
      }
    }
  ],
  "teammates": {
    "3": 3.890066059716871,
    "6": 4.290800926406544,
    "9": 37.06376043233435,
    "15": 18.26720949278254,
    "18": 2.043894021559253,
    "26": 0.7277097599662832,
    "34": 36.12658772989363,
    "36": 2.5398841599014026,
    "38": 14.876899871854818,
    "42": 2.0239365738916604e-13,
    "45": 0.0495646009052112,
    "47": 0.45748513049093587,
    "49": 0.3718771984604321,
    "51": 4.529971273799605,
    "53": 0.00003243263168456467,
    "55": 2.4823765487624883e-8,
    "57": 0.3718771984604321,
    "59": 35.79017871613972,
    "65": 474.1582468860664,
    "67": 0.7879062659719394,
    "68": 228.2671852368982,
    "73": 98.688696273415,
    "76": 0.9962637270929826,
    "80": 0.005734013489971601,
    "89": 2.7235396515896975,
    "94": 567.3333494342213,
    "103": 2.169206031786386,
    "108": 0.12277168870947414,
    "112": 5.255224833249807,
    "113": 27.302683307235757,
    "114": 0.00003243263168456467,
    "119": 0.27999606418956086,
    "121": 562.5927708595746,
    "123": 1.2683482388857243,
    "126": 0.6280570543989457,
    "128": 0.3060065479411519,
    "131": 11.695175858040532,
    "132": 6.433447215010641,
    "134": 22.05575208786285,
    "135": 47.914464668772155,
    "139": 1.028194912171387,
    "141": 1.21182782433872,
    "142": 81.22750029777538,
    "143": 7.7517472992392165,
    "144": 0.7780267301071284,
    "145": 16.296063811224055,
    "146": 1.5023686590149807,
    "149": 450.9500866708891,
    "151": 410.96920414230505,
    "157": 0.5199386648508413,
    "160": 0.8020224830077944,
    "168": 0.357263378291777,
    "169": 10.379838627796957,
    "171": 18.920423098550728,
    "178": 52.18984946573979,
    "184": 28.107467285749724,
    "186": 713.6454545453332,
    "195": 6.155687298619259,
    "196": 31.026970731576924,
    "197": 8.567703887861535,
    "198": 0.05273106616417017,
    "199": 0.6281228017281877,
    "200": 0.7596337017802133,
    "205": 93.53920620559602,
    "207": 0.4543623911360048,
    "208": 2.5110559089829434,
    "212": 482.48009274472,
    "213": 0.3540740285896391,
    "214": 71.7899378906592,
    "217": 0.012932242675162686,
    "227": 231.82918545095882,
    "229": 3.1488518600765025,
    "230": 17.624117403236138,
    "232": 44.9048089684282,
    "233": 46.42303841057468,
    "237": 0.9291267814898878,
    "241": 0.5943842601886198,
    "242": 145.80361742802347,
    "243": 5.4688108402609314,
    "244": 0.3718771984604321,
    "245": 28.590534653242855,
    "248": 121.562060014329,
    "251": 52.459230437369364,
    "260": 74.90014194930521,
    "272": 0.7050174189018146,
    "279": 0.7780267301071284,
    "282": 0.04715814591900197,
    "286": 334.2817324376171,
    "289": 0,
    "291": 0.6474644543864525,
    "292": 0.00003243263168456467,