{
  "id": "430",
  "name": "Honchkrow",
  "format_id": "showdown_gen5ou-1500",
  "usage_metrics": {
    "raw": 842,
    "base_weight": 206.11565165107052,
    "percent": 1.0476545974866243
  },
  "roles": [
    {
      "role": "role_sweeper_physical",
      "label": "Physical Sweeper",
      "category": "OFF"
    }
  ],
  "items": {
    "life-orb": 48.035777574644825,
    "lum-berry": 2.5311274798955328,
    "black-glasses": 87.37335475710107,
    "expert-belt": 15.321454092399101,
    "focus-sash": 1.4063823670102513,
    "scope-lens": 1.1418626553986817,
    "razor-claw": 6.505660996889504,
    "choice-scarf": 17.83302556509217,
    "leftovers": 20.984959588343546,
    "quick-claw": 0.00006268056191982563,
    "sitrus-berry": 0.3812009923811511,
    "power-herb": 0.6569357434679554,
    "salac-berry": 1.1086742989274225,
    "nothing": 0.6281228015395679,
    "choice-band": 0.3624970923049355,
    "wacan-berry": 1.8445529651128618
  },
  "abilities": {
    "moxie": 123.14669491210734,
    "super-luck": 82.29180436499382,
    "insomnia": 0.6771523739693501
  },
  "moves": {
    "brave-bird": 190.5468142735755,
    "sucker-punch": 189.6342888723629,
    "superpower": 115.99925296574709,
    "pursuit": 93.77142640127528,
    "icy-wind": 3.1592502814351007,
    "heat-wave": 65.62426242858594,
    "night-slash": 92.04179787811083,
    "drill-peck": 6.444027796662039,
    "taunt": 0.9318709550003632,
    "roost": 16.5582962096806,
    "thunder-wave": 5.739943895973145,
    "foul-play": 1.735046162490081,
    "perish-song": 2.5133405209829895,
    "protect": 2.5133405209829895,
    "air-cutter": 1.7731724868377274,
    "haze": 2.3859478805453613,
    "substitute": 18.55973990915001,
    "night-shade": 1.6673073977013786e-8,
    "whirlwind": 1.6673073977013786e-8,
    "tailwind": 6.38958489947988,
    "psychic": 7.66053886991358e-15,
    "sky-attack": 1.4598914591356715,
    "dark-pulse": 1.4407957488839747,
    "mean-look": 1.3714778655843078,
    "shadow-ball": 1.0846859845066716,
    "nasty-plot": 0.6281228015395679,
    "calm-mind": 0.15573720387645124,
    "hidden-power-electric": 0.15573720387645124,
    "steel-wing": 5.551115123125783e-17,
    "psycho-shift": 0.00006699984729885422,
    "sleep-talk": 0.00006699984729885422,
    "rest": 0.00006699984729885422,
    "aerial-ace": 1.8445529651128618
  },
  "teras": {
    "nothing": 206.11565165107046
  },
  "spreads": [
    {
      "nature": "adamant",
      "usage": "26.9",
      "evs": {
        "hp": 252,
        "atk": 252,
        "def": 0,
        "spa": 0,
        "spd": 4,
        "spe": 0
      }
    },
    {
      "nature": "naive",
      "usage": "15.3",
      "evs": {
        "hp": 0,
        "atk": 252,
        "def": 0,
        "spa": 4,
        "spd": 0,
        "spe": 252
      }
    },
    {
      "nature": "adamant",
      "usage": "8.0",
      "evs": {
        "hp": 0,
        "atk": 252,
        "def": 0,
        "spa": 0,
        "spd": 4,
        "spe": 252
      }
    },
    {
      "nature": "jolly",
      "usage": "7.8",
      "evs": {
        "hp": 0,
        "atk": 252,
        "def": 0,
        "spa": 0,
        "spd": 4,
        "spe": 252
      }
    },
    {
      "nature": "brave",
      "usage": "6.7",
      "evs": {
        "hp": 248,
        "atk": 252,
        "def": 0,
        "spa": 8,
        "spd": 0,
        "spe": 0
      }
    },
    {
      "nature": "jolly",
      "usage": "6.1",
      "evs": {
        "hp": 0,
        "atk": 252,
        "def": 4,
        "spa": 0,
        "spd": 0,
        "spe": 252
      }
    },
    {
      "nature": "lonely",
      "usage": "4.8",
      "evs": {
        "hp": 0,
        "atk": 252,
        "def": 0,
        "spa": 0,
        "spd": 0,
        "spe": 252
      }
    },
    {
      "nature": "adamant",
      "usage": "3.8",
      "evs": {
        "hp": 248,
        "atk": 252,
        "def": 0,
        "spa": 0,
        "spd": 8,
        "spe": 0
      }
    },
    {
      "nature": "naughty",
      "usage": "3.7",
      "evs": {
        "hp": 0,
        "atk": 252,
        "def": 0,
        "spa": 0,
        "spd": 0,
        "spe": 252
      }
    },
    {
      "nature": "jolly",
      "usage": "2.5",
      "evs": {
        "hp": 0,
        "atk": 252,
        "def": 0,
        "spa": 0,
        "spd": 0,
        "spe": 252
      }
    }
  ],
  "teammates": {
    "3": 0.639041035366898,
    "6": 1.0866616043588975,
    "9": 2.5463133627796664,
    "15": 0.6410320551757921,
    "24": 0.7947782365430232,
    "25": 0.024210065346768117,
    "38": 4.07178780906653,
    "49": 1.9946494742613305,
    "59": 1.994738769086488,
    "65": 3.858909196764341,
    "68": 19.420178732766267,
    "76": 1.0439026518635108,
    "80": 15.415815166395802,
    "94": 0.30497808919890657,
    "106": 10.953705310502627,
    "107": 3.2546280138210815,
    "121": 11.29384330145039,
    "124": 1.0233750631970024,
    "130": 30.27227340470574,
    "132": 4.635442525595025,
    "135": 0.32462150803699635,
    "139": 2.5311274798955328,
    "142": 7.538953278318772e-8,
    "144": 8.650621219352672e-9,
    "145": 8.650621219352672e-9,
    "146": 8.650621219352672e-9,
    "149": 28.474718737007894,
    "157": 1.3916246889609685,
    "169": 2.280754811597925,
    "171": 1.0439026518635108,
    "178": 26.797865344472093,
    "181": 3.502088297861522,
    "186": 5.193969051512926,
    "196": 4.1374653056289805,
    "197": 0.6569357434679606,
    "198": 0.656467847437396,
    "199": 18.429829993992193,
    "205": 2.528296214143163,
    "208": 1.6768975537637734,
    "212": 14.682533623784334,
    "217": 26.346347505235702,
    "220": 0.11290105050665178,
    "227": 2.0185522909031532,
    "229": 0.001872471846908863,
    "232": 13.41322985447456,
    "237": 9.367577882443335,
    "242": 0.11753661002854837,
    "248": 0.9605784869717611,
    "251": 5,
    "260": 2.0185523075762273,
    "262": 5.2735593669694936e-15,
    "275": 5.2735593669694936e-15,
    "286": 63.00882239206645,
    "297": 1.6673073977013786e-8,
    "301": 0.6410320551757921,
    "302": 1.5161531477216894,
    "304": 0.11290105050665178,
    "317": 2.1712389284189415,
    "319": 1.1516980298374584,
    "321": 2.4162886691492247e-9,
    "324": 3.3698275745353774,
    "330": 0.15573720387645124,
    "342": 1.3875756105006118,
    "351": 0.19396905151292676,
    "356": 13.785185823606431,
    "358": 0.8433751102538175,
    "359": 1.2980884079722657,
    "373": 0.6570806294929665,
    "376": 34.70185858986582,
    "377": 1.3875756480467165,
    "378": 1.1293563745295998e-7,
    "379": 3.754610466977226e-8,
    "380": 4.221266225876841,
    "381": 0.006922382184091969,
    "385": 1.6768975537637734,
    "389": 15.342547923497921,
    "392": 4.190548238516727,
    "395": 0.6570806294929665,
    "398": 31.920744203524922,
    "407": 3.8060263760551427,
    "409": 0.15573720387645124,
    "411": 0.000020834849202788774,
    "416": 0.6410320551757921,
    "423": 0.639041032666572,
    "424": 7.153577515188599,
    "437": 13.553109684197349,
    "442": 1.3733506874120862,
    "445": 54.9121740782759,
    "447": 1.3714778655843078,
    "448": 0.8462771681125021,
    "452": 2.400484864136836,
    "460": 0.24746028404044124,
    "461": 14.608741936804527,
    "462": 5.477786081579164,
    "466": 12.911625630592201,
    "467": 14.326870346306947,
    "468": 3.2546721750490564,
    "469": 5.049676946332927,
    "472": 2.7123185761177684,
    "473": 6.206232646846832,
    "474": 0.00011347537618910941,
    "477": 10.953705310502627,
    "478": 2.150386678137782,
    "485": 2.383243920920961,
    "494": 0.015698419398903152,
    "497": 0.790610304915715,
    "503": 0.00016912191097839813,
    "510": 2.846409719198649,
    "521": 0.25275733150856583,
    "530": 0.6259937261467237,
    "534": 50.884069156730234,
    "537": 15.996504019206366,
    "547": 2.524726399672082,
    "549": 2.3497834603132643,
    "553": 1.1516895305064367,
    "555": 7.813026408029957,
    "558": 1.3714778655843078,