{
  "id": "530",
  "name": "Excadrill",
  "format_id": "showdown_gen5ou-1500",
  "usage_metrics": {
    "raw": 13529,
    "base_weight": 8537.517450853415,
    "percent": 16.833395545601594
  },
  "roles": [
    {
      "role": "role_sweeper_physical",
      "label": "Physical Sweeper",
      "category": "OFF"
    },
    {
      "role": "role_setup",
      "label": "Setup Sweeper",
      "category": "OFF"
    }
  ],
  "items": {
    "focus-sash": 594.1674734557453,
    "choice-scarf": 3305.776010112197,
    "leftovers": 3608.134977034226,
    "life-orb": 82.14143348987695,
    "rocky-helmet": 30.483798302406043,
    "air-balloon": 773.9357144825201,
    "white-herb": 0.0909092131145175,
    "choice-band": 39.32382206879922,
    "shuca-berry": 21.55383417578898,
    "chople-berry": 13.672354313392008,
    "lum-berry": 1.6073382434395584,
    "berry-juice": 0.0433621228171025,
    "earth-plate": 0.4180131799236598,
    "expert-belt": 25.068354029745134,
    "sitrus-berry": 6.84488651361134,
    "eject-button": 0.9915276505583799,
    "quick-claw": 2.693812421826781,
    "ring-target": 0.0009160777093693562,
    "salac-berry": 10.845691798612396,
    "focus-band": 0.008012048187880094,
    "soft-sand": 6.342516070108368,
    "stone-plate": 2.2415463374336753e-9,
    "nothing": 1.5716152410815096,
    "razor-claw": 1.3979364230039555,
    "metronome": 0.5975461078555364,
    "smooth-rock": 2.0349474991589225,
    "scope-lens": 0.6715895347141119,
    "occa-berry": 0.9789955650540306,
    "shell-bell": 0.3596538792058832,
    "chesto-berry": 5.760409796483605
  },
  "abilities": {
    "mold-breaker": 4329.937346211758,
    "sand-force": 4207.580104641656
  },
  "moves": {
    "earthquake": 8508.585789849974,
    "stealth-rock": 1754.3644985583473,
    "rapid-spin": 8099.251154691385,
    "rock-slide": 3723.84811382421,
    "iron-head": 7296.363566997265,
    "protect": 1564.521623630022,
    "swords-dance": 1751.7681617968028,
    "toxic": 427.5814459197002,
    "brick-break": 153.89412469707702,
    "poison-jab": 114.97446425671653,
    "sandstorm": 28.253250932076355,
    "x-scissor": 220.36227326288247,
    "hone-claws": 2.817967415244294,
    "metal-claw": 0.5445867750074189,
    "rock-tomb": 111.10356658139612,
    "return": 3.3188614225910875,
    "shadow-claw": 146.21209001291558,
    "substitute": 126.35732790335133,
    "earth-power": 3.016619775795746,
    "hidden-power-dragon": 7.949587654820789e-10,
    "facade": 35.57059139742546,
    "hidden-power-electric": 0.8727340753314248,
    "": 2.242306164364874,
    "drill-run": 19.673218449719652,
    "magnet-rise": 0.4180131799236598,
    "focus-blast": 3.274533507600298,
    "iron-defense": 3.2724740899631724,
    "hidden-power-ice": 1.1515369325612956,
    "aerial-ace": 0.6946781286463535,
    "hidden-power-steel": 0.3718771984604321,
    "hidden-power-fire": 7.623626064276782,
    "dig": 22.953558055599718,
    "rock-climb": 4.635852456793306,
    "hidden-power-grass": 2.9236779663932566e-11,
    "rest": 7.967862602946476,
    "sleep-talk": 2.2074528064628707
  },
  "teras": {
    "nothing": 8537.517450853427
  },
  "spreads": [
    {
      "nature": "jolly",
      "usage": "25.0",
      "evs": {
        "hp": 0,
        "atk": 252,
        "def": 0,
        "spa": 0,
        "spd": 4,
        "spe": 252
      }
    },
    {
      "nature": "adamant",
      "usage": "23.8",
      "evs": {
        "hp": 0,
        "atk": 252,
        "def": 0,
        "spa": 0,
        "spd": 4,
        "spe": 252
      }
    },
    {
      "nature": "adamant",
      "usage": "5.8",
      "evs": {
        "hp": 0,
        "atk": 252,
        "def": 4,
        "spa": 0,
        "spd": 0,
        "spe": 252
      }
    },
    {
      "nature": "jolly",
      "usage": "5.1",
      "evs": {
        "hp": 0,
        "atk": 252,
        "def": 4,
        "spa": 0,
        "spd": 0,
        "spe": 252
      }
    },
    {
      "nature": "adamant",
      "usage": "4.6",
      "evs": {
        "hp": 4,
        "atk": 252,
        "def": 0,
        "spa": 0,
        "spd": 0,
        "spe": 252
      }
    },
    {
      "nature": "careful",
      "usage": "3.4",
      "evs": {
        "hp": 208,
        "atk": 0,
        "def": 0,
        "spa": 0,
        "spd": 252,
        "spe": 48
      }
    },
    {
      "nature": "jolly",
      "usage": "3.0",
      "evs": {
        "hp": 4,
        "atk": 252,
        "def": 0,
        "spa": 0,
        "spd": 0,
        "spe": 252
      }
    },
    {
      "nature": "jolly",
      "usage": "2.5",
      "evs": {
        "hp": 48,
        "atk": 0,
        "def": 0,
        "spa": 0,
        "spd": 252,
        "spe": 208
      }
    },
    {
      "nature": "jolly",
      "usage": "2.3",
      "evs": {
        "hp": 4,
        "atk": 244,
        "def": 0,
        "spa": 0,
        "spd": 8,
        "spe": 252
      }
    },
    {
      "nature": "jolly",
      "usage": "1.4",
      "evs": {
        "hp": 4,
        "atk": 0,
        "def": 0,
        "spa": 0,
        "spd": 252,
        "spe": 252
      }
    }
  ],
  "teammates": {
    "3": 6.645988901990306,
    "6": 140.19639093808695,
    "9": 0.3506727343834955,
    "25": 0.04410802146558668,
    "31": 2.953441340430065,
    "34": 8.97836867388828,
    "36": 120.35712491729555,
    "38": 952.2510765047161,
    "40": 5.351490842188842,
    "49": 2.115666746917425,
    "51": 4.611400386037315,
    "57": 3.090690962841471,
    "59": 35.15960069191129,
    "62": 1.3334209056209425,
    "65": 1160.3078965356394,
    "68": 3.6511139019703607,
    "73": 46.79984909692373,
    "80": 415.50366711825194,
    "82": 6.405175273603463,
    "87": 0.001572510765088131,
    "89": 0.029206527954446337,
    "94": 233.70348840395138,
    "99": 10.183909264466994,
    "101": 0.7653260266028085,
    "103": 1.9341994704305878,
    "106": 13.999998601505025,
    "107": 0.2857718742562996,
    "108": 0.012194961566626306,
    "110": 2.902607821014429,
    "112": 0.7010193052287583,
    "113": 241.10933703912136,
    "115": 1.8073499610719235,
    "121": 417.96097918889944,
    "122": 2.82939924394878,
    "123": 0.008012048187880094,
    "130": 381.5550288007516,
    "131": 1.5029920254440514,
    "132": 30.9009883736548,
    "134": 21.98629017689878,
    "135": 46.52310658802339,
    "136": 2.9347662983292797,
    "139": 24.720589953245998,
    "141": 0.38572501936943615,
    "142": 119.69547592515774,
    "143": 7.746196194933339,
    "144": 0.00421554369443472,
    "145": 127.76571720301011,
    "146": 37.011737072163726,
    "149": 884.5327681892973,
    "151": 31.103959324644997,
    "157": 0.2501990565040739,
    "160": 35.143317942012324,
    "169": 12.993881220977908,
    "171": 2.146052286916718,
    "178": 260.99660437536625,
    "184": 41.0815887514853,
    "186": 609.750110027157,
    "195": 44.65619422929069,
    "196": 39.02514163381771,
    "197": 10.821639880716878,
    "199": 97.0892710343479,
    "205": 83.0897564618355,
    "207": 2.8947908352183997,
    "208": 2.029367653978241,
    "211": 3.6325444132554567,
    "212": 823.5067183168858,
    "213": 5.543995054284159,
    "214": 107.59714124643068,
    "226": 6.682436671979419,
    "227": 890.9829983218816,
    "229": 0.004638569573940043,
    "230": 38.984290123554324,
    "232": 12.58762349697391,
    "233": 21.95249938326369,
    "235": 0.5307833127092649,
    "237": 3.0983391879142013,
    "241": 1.63853558304272,
    "242": 214.30144369440532,
    "243": 6.2936088197630955,
    "244": 5.681979858656978,
    "245": 6.335684481423609,
    "248": 4209.649877187685,
    "251": 979.0679872967821,
    "254": 138.77125228035908,
    "256": 0.46653987164339067,
    "260": 2.2410199648818816,
    "272": 1.8747619836067055,
    "277": 2.8947908352183997,
    "282": 7.568873022143787,
    "286": 379.0746413440947,
    "291": 2.9236779663932566e-11,
    "292": 0.009922902045280013,
    "297": 0.785275901698368,
    "299": 0.08330903965634623,
    "302": 142.01282642370805,