{
  "id": "591",
  "name": "Amoonguss",
  "format_id": "showdown_gen5ou-1500",
  "usage_metrics": {
    "raw": 2856,
    "base_weight": 1901.3363356973118,
    "percent": 3.553564762971258
  },
  "roles": [
    {
      "role": "role_tr_attacker",
      "label": "Trick Room Attacker",
      "category": "OFF"
    },
    {
      "role": "role_staller",
      "label": "Staller",
      "category": "DEF"
    }
  ],
  "items": {
    "black-sludge": 1374.5241575779778,
    "leftovers": 52.19556711090718,
    "eject-button": 386.86456909068784,
    "rocky-helmet": 56.79622236268342,
    "life-orb": 2.8291990972206804e-10,
    "mental-herb": 0.9894527097050108,
    "sitrus-berry": 4.376010565013216,
    "lum-berry": 0.5240896624608308,
    "focus-sash": 1.8036619280969874,
    "payapa-berry": 19.996723149299264,
    "meadow-plate": 1.5403992382995635,
    "nothing": 1.4001543194656054,
    "air-balloon": 0.32532798243590744
  },
  "abilities": {
    "regenerator": 1887.147496520891,
    "effect-spore": 14.188839176420785
  },
  "moves": {
    "sludge-bomb": 778.3765337186411,
    "hidden-power-fire": 1039.4061431198618,
    "giga-drain": 1794.253859258655,
    "stun-spore": 1488.7170626348066,
    "substitute": 0.049209828096401675,
    "toxic": 299.3188382720326,
    "clear-smog": 1135.6848103768816,
    "body-slam": 0.7930159963108568,
    "payback": 0.4601341166154006,
    "foul-play": 23.287501855284933,
    "hidden-power-ice": 83.89014769072055,
    "seed-bomb": 13.251267718076202,
    "synthesis": 704.2217394556941,
    "energy-ball": 79.62636924243941,
    "hidden-power-fighting": 2.8291990972206804e-10,
    "rage-powder": 3.9854769095580393,
    "protect": 61.46186436629087,
    "attract": 0.28059721294657963,
    "sunny-day": 68.57368529355614,
    "worry-seed": 12.434560147420001,
    "grass-knot": 6.645859459474601,
    "venoshock": 0.8802368856091298,
    "flash": 0.000001598866062324511,
    "hidden-power-ground": 1.8830725529463477,
    "rest": 0.0008460726031084831,
    "after-you": 0.692325567206356,
    "ingrain": 1.10135026820668e-7,
    "sleep-talk": 4.877404896630466e-8,
    "gastro-acid": 1.300056431692757,
    "growth": 0.000017658383409335787,
    "astonish": 1.6448464280055035,
    "hidden-power-rock": 1.814359521610469,
    "poison-powder": 1.5417851087720422,
    "solar-beam": 0.5397570340479727,
    "hidden-power-grass": 0.32532798243590744,
    "rain-dance": 0.004033114524150061
  },
  "teras": {
    "nothing": 1901.3363356973114
  },
  "spreads": [
    {
      "nature": "calm",
      "usage": "32.7",
      "evs": {
        "hp": 0,
        "atk": 0,
        "def": 252,
        "spa": 4,
        "spd": 252,
        "spe": 0
      }
    },
    {
      "nature": "calm",
      "usage": "12.3",
      "evs": {
        "hp": 240,
        "atk": 0,
        "def": 8,
        "spa": 0,
        "spd": 232,
        "spe": 28
      }
    },
    {
      "nature": "calm",
      "usage": "10.3",
      "evs": {
        "hp": 0,
        "atk": 0,
        "def": 128,
        "spa": 128,
        "spd": 252,
        "spe": 0
      }
    },
    {
      "nature": "bold",
      "usage": "7.9",
      "evs": {
        "hp": 252,
        "atk": 0,
        "def": 252,
        "spa": 0,
        "spd": 4,
        "spe": 0
      }
    },
    {
      "nature": "calm",
      "usage": "5.1",
      "evs": {
        "hp": 4,
        "atk": 0,
        "def": 252,
        "spa": 0,
        "spd": 252,
        "spe": 0
      }
    },
    {
      "nature": "calm",
      "usage": "4.6",
      "evs": {
        "hp": 252,
        "atk": 0,
        "def": 4,
        "spa": 0,
        "spd": 252,
        "spe": 0
      }
    },
    {
      "nature": "calm",
      "usage": "2.4",
      "evs": {
        "hp": 240,
        "atk": 0,
        "def": 40,
        "spa": 0,
        "spd": 220,
        "spe": 8
      }
    },
    {
      "nature": "calm",
      "usage": "1.6",
      "evs": {
        "hp": 252,
        "atk": 0,
        "def": 88,
        "spa": 52,
        "spd": 116,
        "spe": 0
      }
    },
    {
      "nature": "bold",
      "usage": "1.5",
      "evs": {
        "hp": 0,
        "atk": 0,
        "def": 188,
        "spa": 128,
        "spd": 192,
        "spe": 0
      }
    },
    {
      "nature": "modest",
      "usage": "1.2",
      "evs": {
        "hp": 252,
        "atk": 0,
        "def": 212,
        "spa": 44,
        "spd": 0,
        "spe": 0
      }
    }
  ],
  "teammates": {
    "6": 7.409198868103824,
    "9": 0.23274102115202355,
    "12": 6.382732659071522e-8,
    "36": 8.612349543933481,
    "38": 981.4225256823481,
    "39": 2.366750684323904e-10,
    "57": 3.090690962841471,
    "59": 759.2365919301601,
    "65": 35.43071364170256,
    "73": 10.281608146462307,
    "80": 48.61096456567097,
    "82": 2.366750684323904e-10,
    "94": 28.21438863719755,
    "97": 3.124341452220847e-9,
    "103": 7.045458351728762e-7,
    "105": 0.47199195889341233,
    "107": 3.124341452220847e-9,
    "110": 0.4047710128302332,
    "113": 70.75865243933953,
    "121": 32.3573829929535,
    "123": 0.000019136009744735727,
    "130": 4.976979640900721,
    "132": 0.5296354814133546,
    "133": 0.6051445981269599,
    "134": 2.484388294097485,
    "135": 16.61069076416019,
    "142": 0.4117809556648353,
    "143": 5.50225834310853,
    "145": 22.358707201975758,
    "149": 25.171365084946352,
    "151": 6.232922381712719,
    "157": 5.50225834310853,
    "160": 6.382732659071522e-8,
    "169": 6.312325786983817,
    "171": 0.9654556802423989,
    "178": 805.71535169052,
    "186": 29.289529842566303,
    "195": 26.14357546465961,
    "196": 112.1949660363579,
    "197": 0.4047710128302332,
    "199": 8.90086712154418,
    "200": 2.366750684323904e-10,
    "205": 55.67322230381689,
    "207": 0.6051445981269599,
    "208": 0.000019136009744735727,
    "212": 42.44875698769464,
    "213": 0.4601341163324807,
    "222": 0.12155575099691662,
    "227": 79.38428843058489,
    "230": 0.9549097775461011,
    "232": 911.5973952530184,
    "233": 0.4957988006440112,
    "234": 0.47199195889341233,
    "237": 1.7589613650453075,
    "242": 30.58784348799634,
    "243": 1.1856829624843828,
    "248": 553.125797706566,
    "251": 6.923088780797622,
    "260": 5.109611082114236,
    "272": 0.004778727140920702,
    "279": 0.33288187997837615,
    "282": 0.28059721294657963,
    "286": 5.111557382548262,
    "289": 0.8649624038685524,
    "292": 2.548772485411629,
    "302": 3.9450096571364686,
    "306": 0.47219775594892605,
    "321": 0.27509228748217,
    "330": 0.14028572779719145,
    "335": 0.00002547557776527709,
    "342": 5.502258406935857,
    "344": 1.274986524136347,
    "350": 0.03730567945204649,
    "359": 0.36772656702408096,
    "365": 0.35517351295097616,
    "373": 0.07334817102476265,
    "376": 0.7917979955102248,
    "380": 0.38660312803532326,
    "381": 96.28101409823074,
    "385": 23.070248006743807,
    "392": 8.408174789391397,
    "395": 3.265470033576803,
    "398": 5.50225834310853,
    "423": 0.7501693976920296,
    "424": 2.520567559484859,
    "426": 0.00001695383757416291,
    "429": 1.0372883024628587,
    "437": 8.249501547368446,
    "442": 1.120865230137535,
    "445": 60.48184734017178,
    "448": 26.998962969068337,
    "450": 49.45855646840981,
    "454": 1.2282376588195194,
    "460": 3.000124410984419,
    "461": 77.3783677276652,
    "462": 33.598571561972776,
    "464": 1.4053012495621668,
    "465": 7.338579097024178,
    "467": 0.47201109490315707,
    "468": 1.2479756674397717,
    "469": 2.610994427709991,
    "472": 149.70824593001123,
    "473": 65.46860876220947,
    "474": 1.8830725529463477,
    "476": 3.124341452220847e-9,
    "477": 0.27193216190588526,
    "478": 1.4528390673330747,
    "481": 6.382732659071522e-8,
    "485": 1050.594768360584,
    "488": 4.434531982508924,
    "494": 0.3274388337280656,
    "497": 1.67014584307605,
    "500": 1.2044998243430096,
    "503": 0.9884403023745861,