{
  "id": "647",
  "name": "Keldeo Ordinary",
  "format_id": "showdown_gen5ou-1500",
  "usage_metrics": {
    "raw": 13613,
    "base_weight": 8951.863903942076,
    "percent": 16.937912156277218
  },
  "items": {
    "leftovers": 2613.1974779230272,
    "choice-scarf": 3120.8471106873067,
    "life-orb": 450.6054820823766,
    "choice-specs": 2082.0567744322343,
    "payapa-berry": 101.10607067009917,
    "expert-belt": 318.63810838099477,
    "focus-sash": 0.8005047453754087,
    "mystic-water": 57.343995579931,
    "wide-lens": 45.19665169727985,
    "choice-band": 9.139723894202032,
    "nothing": 10.506437331432078,
    "sitrus-berry": 6.33080266775592,
    "salac-berry": 69.85718628368377,
    "lum-berry": 44.90649331049158,
    "wise-glasses": 1.1308524782112943,
    "splash-plate": 0.8638713342297636,
    "berry-juice": 1.90558002705303,
    "air-balloon": 5.973658918581191,
    "chesto-berry": 9.75026879685162,
    "rocky-helmet": 0.869373422265731,
    "black-belt": 0.45367756189290137,
    "wave-incense": 0.33726390292552955,
    "sea-incense": 0.046537813837513375
  },
  "abilities": {
    "justified": 8951.863903942076
  },
  "moves": {
    "scald": 2525.3307176511225,
    "secret-sword": 8738.885286768209,
    "hidden-power-ghost": 920.5386873579524,
    "calm-mind": 1884.029875864528,
    "protect": 375.37275194247104,
    "toxic": 323.4245716496101,
    "hidden-power-ice": 3048.1805122434425,
    "hydro-pump": 5645.099146664066,
    "surf": 5219.5187645096485,
    "hidden-power-grass": 2017.7943671966002,
    "icy-wind": 2156.0160449810646,
    "substitute": 660.3146227876802,
    "hidden-power-fire": 36.8688240062209,
    "hyper-beam": 7.482061750130891,
    "taunt": 216.7121654796183,
    "focus-blast": 123.05789627181167,
    "hidden-power-dark": 398.64048497239673,
    "hidden-power-electric": 663.3809578045863,
    "hidden-power-bug": 117.70618891206041,
    "aqua-jet": 163.2603389093952,
    "hidden-power-psychic": 334.0462271990044,
    "sacred-sword": 137.27771459932399,
    "aqua-tail": 4.933678107049315,
    "swords-dance": 8.53827487336097,
    "stone-edge": 10.925524859096916,
    "close-combat": 13.645016554442105,
    "roar": 0.9024810185605102,
    "hidden-power-flying": 7.978923674554444,
    "hidden-power-dragon": 19.119265195788568,
    "": 2.7197803541476824,
    "return": 0.1419897799797134,
    "hidden-power-rock": 7.536191065792462,
    "rest": 9.75026879685162,
    "rain-dance": 0.42925250195715237,
    "poison-jab": 1.736307189928671,
    "superpower": 1.1664011018506861,
    "x-scissor": 2.792363902803572,
    "hidden-power-ground": 1.016050295227802,
    "last-resort": 0.3718771984604321,
    "endeavor": 0.8137597774249987
  },
  "teras": {
    "nothing": 8951.863903942076
  },
  "spreads": [
    {
      "nature": "Timid",
      "usage": "67.3",
      "evs": {
        "hp": 0,
        "atk": 0,
        "def": 0,
        "spa": 252,
        "spd": 4,
        "spe": 252
      }
    },
    {
      "nature": "Timid",
      "usage": "11.1",
      "evs": {
        "hp": 0,
        "atk": 0,
        "def": 4,
        "spa": 252,
        "spd": 0,
        "spe": 252
      }
    },
    {
      "nature": "Timid",
      "usage": "9.7",
      "evs": {
        "hp": 4,
        "atk": 0,
        "def": 0,
        "spa": 252,
        "spd": 0,
        "spe": 252
      }
    },
    {
      "nature": "Timid",
      "usage": "2.4",
      "evs": {
        "hp": 0,
        "atk": 0,
        "def": 0,
        "spa": 252,
        "spd": 0,
        "spe": 252
      }
    },
    {
      "nature": "Timid",
      "usage": "2.1",
      "evs": {
        "hp": 48,
        "atk": 0,
        "def": 0,
        "spa": 252,
        "spd": 0,
        "spe": 208
      }
    },
    {
      "nature": "Modest",
      "usage": "1.8",
      "evs": {
        "hp": 0,
        "atk": 0,
        "def": 0,
        "spa": 252,
        "spd": 4,
        "spe": 252
      }
    },
    {
      "nature": "Modest",
      "usage": "0.9",
      "evs": {
        "hp": 4,
        "atk": 0,
        "def": 0,
        "spa": 252,
        "spd": 0,
        "spe": 252
      }
    },
    {
      "nature": "Naive",
      "usage": "0.8",
      "evs": {
        "hp": 0,
        "atk": 0,
        "def": 4,
        "spa": 252,
        "spd": 0,
        "spe": 252
      }
    },
    {
      "nature": "Timid",
      "usage": "0.6",
      "evs": {
        "hp": 0,
        "atk": 0,
        "def": 0,
        "spa": 244,
        "spd": 12,
        "spe": 252
      }
    },
    {
      "nature": "Timid",
      "usage": "0.4",
      "evs": {
        "hp": 6,
        "atk": 0,
        "def": 0,
        "spa": 252,
        "spd": 0,
        "spe": 252
      }
    }
  ],
  "teammates": {
    "3": 1.747732370845387,
    "6": 0.21225646484153093,
    "8": 0.876749047503232,
    "9": 23.18934490551372,
    "20": 0.04232440570215101,
    "22": 2.0142831846925446e-11,
    "26": 0.529978666567134,
    "34": 9.11645988649267,
    "36": 47.90728360705182,
    "38": 10.403665555624956,
    "49": 2.115666746917425,
    "55": 0.7542284751747494,
    "59": 1.5700577518597514,
    "62": 3.898276190739125e-8,
    "65": 696.838739393499,
    "68": 14.358425690777644,
    "73": 2248.075379860023,
    "78": 2.8851640828663956,
    "80": 62.69003993868057,
    "82": 0.8717846630186816,
    "87": 0.0019102198855668884,
    "94": 352.99933110675227,
    "95": 0.12945843221053788,
    "101": 0.7268005914795783,
    "106": 50.98283314205019,
    "107": 0.9509886702217977,
    "113": 108.45234770320391,
    "115": 0.05861999678376423,
    "121": 2010.9478800768554,
    "123": 1.2683482380258122,
    "126": 0.6280570543989457,
    "130": 320.2657089192229,
    "131": 9.223845945290915,
    "132": 14.22713985822932,
    "134": 48.749515488562544,
    "135": 83.3031240415212,
    "141": 53.8056135964865,
    "142": 168.56861603775735,
    "143": 0.8693738717190327,
    "145": 159.79834616356248,
    "146": 36.84485567232065,
    "149": 585.6639337332034,
    "151": 5.912310783946429,
    "160": 12.789049959717035,
    "169": 19.470847711857903,
    "171": 0.9256381659823121,
    "178": 67.66653296817626,
    "181": 0.9927296263602796,
    "184": 14.717949140909537,
    "186": 4685.069574502884,
    "195": 6.5823046155625216,
    "196": 22.226998668896304,
    "197": 3.5298236897490365,
    "198": 0.05273106616417017,
    "199": 78.43143853344289,
    "202": 0.3642623386989734,
    "205": 123.49235788350504,
    "207": 2.8947908352183997,
    "208": 1.6768975537637734,
    "212": 1801.7203568543275,
    "214": 107.93176642158252,
    "227": 443.48511892872716,
    "229": 5.671744452926327,
    "230": 22.776115512965983,
    "232": 76.41019760709618,
    "233": 201.81967192799732,
    "235": 0.0295704326483604,
    "237": 14.944828104480921,
    "242": 55.78340422144913,
    "243": 31.818247687195196,
    "244": 3.4310822842712496,
    "245": 0.10893536073065363,
    "248": 1714.1917818256857,
    "251": 491.37898218375705,
    "260": 137.63387626997525,
    "272": 0.6904205107546788,
    "277": 6.305949571164094,
    "279": 1.463861816982559,
    "286": 728.9582314637858,
    "291": 0.537442723968797,
    "292": 0.9194797682920266,
    "297": 0.42107988611056846,
    "302": 1.718580129123805,
    "304": 0.2554953251893243,
    "306": 0.869373422265731,
    "308": 0.0008142806725939811,
    "319": 11.431004859841067,
    "330": 0.0008741927575308672,
    "340": 1.4959611841503517,
    "342": 2.2115187432832153,
    "344": 0.6261622452459628,
    "346": 0.4414515237747115,
    "350": 13.68169196380424,
    "356": 0.002872234136402363,
    "373": 382.4551512925643,
    "376": 346.5267641529841,
    "379": 3.5169250603298674,
    "380": 58.29299210995445,
    "381": 2806.8849432830743,
    "385": 1936.5458643815402,
    "389": 0.7099260626061108,
    "392": 79.87506054365161,
    "395": 15.316003823630906,
    "398": 8.492363939702706,
    "402": 3.6915049214507585,
    "407": 14.779092062253493,