{
  "id": "1003",
  "name": "Ting Lu",
  "format_id": "showdown_gen91v1-1760",
  "usage_metrics": {
    "raw": 1228,
    "base_weight": 8.355502742821033,
    "percent": 1.4465438439428921
  },
  "roles": [
    {
      "role": "role_tr_attacker",
      "label": "Trick Room Attacker",
      "category": "OFF"
    },
    {
      "role": "role_wall_special",
      "label": "Special Wall",
      "category": "DEF"
    }
  ],
  "items": {
    "weakness-policy": 6.059941366009945,
    "assault-vest": 2.100271043827358,
    "sitrus-berry": 0.00043625610252956415,
    "leftovers": 0.08823461049019582,
    "heal-ball": 0.00006816923140684494,
    "chesto-berry": 0,
    "rocky-helmet": 0.000013717474711627542,
    "nothing": 0,
    "choice-band": 0.10646765090430949,
    "clear-amulet": 0.00006992878058448282,
    "ability-shield": 0,
    "covert-cloak": 1.6653345369377348e-16,
    "apicot-berry": 0
  },
  "abilities": {
    "vessel-of-ruin": 8.355502742821033
  },
  "moves": {
    "taunt": 1.4411059141395488,
    "heavy-slam": 7.2269339520887135,
    "earthquake": 8.247937159819807,
    "payback": 4.99438989675238,
    "stone-edge": 2.2292669785185484,
    "body-press": 1.6148396554981737,
    "zen-headbutt": 0.005748319883612185,
    "ruination": 2.0651233708251397,
    "substitute": 0.03927642903935091,
    "lash-out": 1.948462557965769e-8,
    "protect": 0.010347213931180266,
    "spite": 0.0006553906590258118,
    "giga-impact": 0.00007406590884334596,
    "hyper-beam": 0.00006816923140684494,
    "thrash": 0.00006816923140684494,
    "body-slam": 0,
    "hex": 0.0012774295322356966,
    "tera-blast": 0,
    "rest": 0.05102670738050963,
    "dark-pulse": 0.00027952123912383664,
    "sand-tomb": 0.12479800215683895,
    "memento": 0,
    "sleep-talk": 0.05037131904968667,
    "rock-slide": 2.1579284431575245,
    "throat-chop": 3.053144133529506,
    "whirlwind": 0.0006994317498509872,
    "dig": 1.9484625413124235e-8,
    "bulldoze": 8.339260102463442e-7,
    "facade": 0.10554190002357888,
    "double-edge": 0,
    "stealth-rock": 0.0001354213132876425,
    "scary-face": 0.0003177153987878323,
    "sandstorm": 0.0006553883308229591
  },
  "teras": {
    "nothing": 8.355502742821033
  },
  "spreads": [
    {
      "nature": "careful",
      "usage": "25.3",
      "evs": {
        "hp": 252,
        "atk": 4,
        "def": 0,
        "spa": 0,
        "spd": 252,
        "spe": 0
      }
    },
    {
      "nature": "adamant",
      "usage": "21.5",
      "evs": {
        "hp": 56,
        "atk": 152,
        "def": 152,
        "spa": 0,
        "spd": 148,
        "spe": 0
      }
    },
    {
      "nature": "impish",
      "usage": "13.0",
      "evs": {
        "hp": 80,
        "atk": 176,
        "def": 4,
        "spa": 0,
        "spd": 204,
        "spe": 44
      }
    },
    {
      "nature": "brave",
      "usage": "11.7",
      "evs": {
        "hp": 252,
        "atk": 252,
        "def": 0,
        "spa": 0,
        "spd": 4,
        "spe": 0
      }
    },
    {
      "nature": "careful",
      "usage": "10.7",
      "evs": {
        "hp": 252,
        "atk": 0,
        "def": 0,
        "spa": 0,
        "spd": 252,
        "spe": 4
      }
    },
    {
      "nature": "brave",
      "usage": "7.9",
      "evs": {
        "hp": 252,
        "atk": 136,
        "def": 60,
        "spa": 0,
        "spd": 60,
        "spe": 0
      }
    },
    {
      "nature": "adamant",
      "usage": "2.8",
      "evs": {
        "hp": 252,
        "atk": 252,
        "def": 0,
        "spa": 0,
        "spd": 4,
        "spe": 0
      }
    },
    {
      "nature": "adamant",
      "usage": "2.4",
      "evs": {
        "hp": 156,
        "atk": 252,
        "def": 52,
        "spa": 0,
        "spd": 0,
        "spe": 48
      }
    },
    {
      "nature": "adamant",
      "usage": "0.9",
      "evs": {
        "hp": 176,
        "atk": 252,
        "def": 0,
        "spa": 0,
        "spd": 80,
        "spe": 0
      }
    },
    {
      "nature": "brave",
      "usage": "0.8",
      "evs": {
        "hp": 252,
        "atk": 252,
        "def": 0,
        "spa": 4,
        "spd": 0,
        "spe": 0
      }
    }
  ],
  "teammates": {
    "91": 0,
    "130": 0.00006816923140684494,
    "132": 0,
    "135": 0,
    "144": 0,
    "145": 0.00004301207137463736,
    "184": 0.00007212013500212944,
    "185": 0.011814022843932015,
    "212": 2.1689105371409605,
    "219": 0,
    "232": 0.0009065978467828195,
    "233": 0.0000010440277257717234,
    "242": 1.832381422706142e-7,
    "248": 0.00014239945482297234,
    "260": 0.14483316195651452,
    "302": 0.7373933953815148,
    "376": 0.02721655703810294,
    "377": 0,
    "381": 0.02060621640564475,
    "409": 8.852166649142568e-7,
    "424": 0.0028906941772915973,
    "426": 1.832381422706142e-7,
    "454": 0.00032364013371499745,
    "464": 0.15324739133486392,
    "472": 0.3435078802831529,
    "474": 0.00001104126013484752,
    "485": 0.018660769013918277,
    "490": 1.814069396921525e-7,
    "491": 0.02179557698999285,
    "500": 0.00006816923140684494,
    "547": 0.03799628451961368,
    "594": 0,
    "604": 8.852166649142568e-7,
    "609": 0.0000037053230188544006,
    "612": 8.7702800360967e-7,
    "637": 0.0007134736034649647,
    "642": 2.3945631638655485e-7,
    "646": 0.02672033659669648,
    "663": 0.001782146566579823,
    "671": 0,
    "700": 0.8899969075927598,
    "707": 7.761063597344631e-8,
    "713": 0.052633879152864604,
    "721": 0.013636497843037998,
    "730": 0.038840957338807935,
    "743": 3.4028724282819667e-11,
    "758": 1.6392610258098017e-7,
    "774": 3.0389490923710127e-10,
    "784": 2.4652418995074754e-10,
    "812": 1.4963289505997772,
    "823": 0.14519787916575394,
    "847": 0.0020395066587250987,
    "858": 0.059482348875770974,
    "869": 0.00005964136097141859,
    "873": 1.6154035276105816e-8,
    "884": 1.6653345369377348e-16,
    "887": 2.1100844105294194,
    "892": 0.1472684781698239,
    "894": 0,
    "896": 0.0009537893985206991,
    "897": 0.07658743010079538,
    "900": 1.9484625413124235e-8,
    "901": 0.000589596336295406,
    "903": 0.06471440191486388,
    "905": 0.2399436532107525,
    "908": 0,
    "911": 0.14094851946457115,
    "925": 0,
    "934": 2.116207431512862e-9,
    "936": 0,
    "937": 0.8417211152167843,
    "959": 0.00014409992583619413,
    "970": 0.040024422038569984,
    "972": 0.000664210779114216,
    "977": 0.039005190583500826,
    "979": 0.000005201333116600093,
    "983": 0.9807991121689954,
    "989": 0.09056607328384114,
    "992": 0.21403432830663943,
    "994": 0.12915699922294804,
    "1001": 0.0001630489515139777,
    "1002": 0.008960157891709952,
    "1005": 0.002002920425496435,
    "1006": 0.737738508303049,
    "1021": 1.0215842423003023,
    "1022": 0,
    "1023": 0.14081926200949596,
    "1025": 1.0632355138182683,
    "10019": 0,
    "10021": 0.015296451691357238,
    "10086": 1.0322641815952704,
    "10104": 0.000001868555845829789,
    "10165": 8.70616934101065e-9,
    "10171": 1.1102230246251565e-16,
    "10191": 0.0281752771640581,
    "10230": 0.03524515748368329,
    "10242": 0.49762545793414814,
    "10248": 0,
    "10249": 0.000005255585771690718,
    "10272": 0.01633567526818369,
    "10273": 0.05289463927110294
  }
}