{
  "id": "901",
  "name": "Ursaluna",
  "format_id": "showdown_gen91v1-1760",
  "usage_metrics": {
    "raw": 4008,
    "base_weight": 13.709892970168935,
    "percent": 4.721292936908071
  },
  "roles": [
    {
      "role": "role_sweeper_physical",
      "label": "Physical Sweeper",
      "category": "OFF"
    },
    {
      "role": "role_setup",
      "label": "Setup Sweeper",
      "category": "OFF"
    }
  ],
  "items": {
    "choice-band": 2.1503691372523406,
    "flame-orb": 9.87045297145915,
    "assault-vest": 1.3050246375919694,
    "life-orb": 0.09752292627689935,
    "rocky-helmet": 0.12248567222134377,
    "leftovers": 0.012894802744780165,
    "ability-shield": 0,
    "rindo-berry": 0.007762589529367647,
    "chople-berry": 0.017786692333225995,
    "mental-herb": 0.004435357723557742,
    "metronome": 8.272648915896852e-8,
    "razor-claw": 0.007195689150290174,
    "air-balloon": 0.00007994506679331881,
    "choice-scarf": 0,
    "nothing": 0.11388246606263486,
    "passho-berry": 3.009809068643676e-11
  },
  "abilities": {
    "bulletproof": 0.6618084482517872,
    "guts": 12.562854953398805,
    "unnerve": 0.4852295685183437
  },
  "moves": {
    "earthquake": 5.304782220094835,
    "giga-impact": 4.327049158635719,
    "avalanche": 5.64556568353595,
    "gunk-shot": 3.4095007006906646,
    "facade": 8.449211577751637,
    "headlong-rush": 8.27262220094162,
    "protect": 8.061965967752311,
    "play-rough": 0.21713484235425923,
    "seed-bomb": 0.0007861783527428612,
    "fire-punch": 1.8893727372160387,
    "close-combat": 0.8689593074360663,
    "drain-punch": 0.2908684140262521,
    "crunch": 1.6659823235950442,
    "low-kick": 0.02231722996227775,
    "body-press": 0.0855611433456066,
    "supercell-slam": 0.2625735524443639,
    "taunt": 0.16497661075972264,
    "bulk-up": 0.14817976239153785,
    "trailblaze": 0.2027947194149035,
    "swords-dance": 2.3524275445330973,
    "counter": 0.17629401480987134,
    "payback": 0.06998452564332291,
    "smack-down": 0.5440988385437898,
    "high-horsepower": 0.198166691430684,
    "metronome": 0.000021222932236830694,
    "substitute": 0.000007627537960852582,
    "rest": 0.000007627537960852582,
    "sleep-talk": 0.000007627537960852582,
    "ice-punch": 0.9481746632215037,
    "body-slam": 0.007383549650951171,
    "cross-chop": 0,
    "brick-break": 0.00025610512006890573,
    "shadow-claw": 0.0011573700671673737,
    "double-edge": 0.03076224896549995,
    "belly-drum": 0.48803624481284874,
    "thunder-punch": 0.2711470904536928,
    "endure": 0.005141249016577698,
    "stone-edge": 0,
    "lick": 8.272648915896852e-8,
    "charm": 8.272648915896852e-8,
    "thrash": 0.02493700584984493,
    "rock-slide": 3.0503377601576176e-13,
    "hyper-voice": 0,
    "hammer-arm": 0.020082864357109487,
    "heavy-slam": 0.00024127397096407321,
    "throat-chop": 0.0006096460407264415,
    "": 0.3416881843707325,
    "rock-tomb": 0.06873416811642197,
    "leer": 0
  },
  "teras": {
    "nothing": 13.709892970168925
  },
  "spreads": [
    {
      "nature": "adamant",
      "usage": "21.1",
      "evs": {
        "hp": 248,
        "atk": 252,
        "def": 0,
        "spa": 0,
        "spd": 8,
        "spe": 0
      }
    },
    {
      "nature": "adamant",
      "usage": "9.1",
      "evs": {
        "hp": 152,
        "atk": 188,
        "def": 4,
        "spa": 0,
        "spd": 164,
        "spe": 0
      }
    },
    {
      "nature": "adamant",
      "usage": "8.8",
      "evs": {
        "hp": 184,
        "atk": 184,
        "def": 0,
        "spa": 0,
        "spd": 136,
        "spe": 4
      }
    },
    {
      "nature": "adamant",
      "usage": "8.3",
      "evs": {
        "hp": 252,
        "atk": 252,
        "def": 0,
        "spa": 0,
        "spd": 4,
        "spe": 0
      }
    },
    {
      "nature": "adamant",
      "usage": "7.9",
      "evs": {
        "hp": 152,
        "atk": 196,
        "def": 4,
        "spa": 0,
        "spd": 156,
        "spe": 0
      }
    },
    {
      "nature": "adamant",
      "usage": "7.9",
      "evs": {
        "hp": 168,
        "atk": 196,
        "def": 0,
        "spa": 0,
        "spd": 144,
        "spe": 0
      }
    },
    {
      "nature": "adamant",
      "usage": "7.8",
      "evs": {
        "hp": 248,
        "atk": 252,
        "def": 8,
        "spa": 0,
        "spd": 0,
        "spe": 0
      }
    },
    {
      "nature": "impish",
      "usage": "4.3",
      "evs": {
        "hp": 248,
        "atk": 0,
        "def": 252,
        "spa": 0,
        "spd": 0,
        "spe": 8
      }
    },
    {
      "nature": "adamant",
      "usage": "3.8",
      "evs": {
        "hp": 232,
        "atk": 16,
        "def": 252,
        "spa": 0,
        "spd": 0,
        "spe": 8
      }
    },
    {
      "nature": "adamant",
      "usage": "2.4",
      "evs": {
        "hp": 80,
        "atk": 192,
        "def": 172,
        "spa": 0,
        "spd": 0,
        "spe": 64
      }
    }
  ],
  "teammates": {
    "9": 0.0037516394800954367,
    "59": 0.009079485396105258,
    "80": 0,
    "91": 0,
    "130": 0.020820264069240924,
    "132": 0,
    "145": 0.5010229002173034,
    "164": 1.489933176834768e-10,
    "184": 0.207039974307477,
    "185": 0.00036874146966558996,
    "197": 0.00004740698407956767,
    "212": 0.03375709438709373,
    "227": 0.048209944613613,
    "232": 0.000589596336295406,
    "233": 0.008246407994930816,
    "242": 0.000011700447385409873,
    "243": 1.0953626894405488e-11,
    "244": 0.003540582705258033,
    "257": 0.10299054935042429,
    "260": 0.0077625863838420295,
    "279": 0.05032033845837708,
    "286": 0.21935909889247757,
    "289": 0,
    "302": 0.1506982800739678,
    "308": 0.007278534883095211,
    "317": 0.028306791978498724,
    "336": 0,
    "350": 0.0077625863838420295,
    "376": 0.023333322825243086,
    "377": 0.0018291305821865333,
    "381": 0.02355777558561223,
    "389": 0,
    "395": 0.000996953678165935,
    "398": 0,
    "409": 0.0006096460407264415,
    "423": 0,
    "424": 0.00006461581914951608,
    "437": 0,
    "445": 0,
    "462": 0.03663725225846387,
    "469": 1.4322323327320419e-9,
    "472": 0.022142120341150984,
    "474": 0.0028599096818551772,
    "475": 0,
    "485": 2.21302087766162e-10,
    "488": 0.0009336948613518081,
    "490": 0.015407211122246522,
    "491": 0.6900105955691256,
    "497": 0.6071893389376282,
    "523": 0.005822314879386614,
    "547": 0.012644977812468206,
    "579": 1.355395701230222e-7,
    "591": 0.0022002365905599564,
    "594": 0,
    "596": 0,
    "609": 0.000003561756457881593,
    "612": 0.3889190352471274,
    "620": 0,
    "637": 0.2035483730723155,
    "642": 0,
    "645": 0.012387141874586227,
    "646": 0.7603608451074428,
    "647": 0.04258029270725627,
    "655": 6.266294687584661e-7,
    "658": 0.0005803415803371514,
    "663": 0.00005705576123449241,
    "671": 1.5567119815429464e-10,
    "700": 0.585863118055053,
    "703": 0.00007994506679331881,
    "707": 1.355395701230222e-7,
    "715": 0,
    "721": 0.01882240859937445,
    "727": 0,
    "730": 0.8395691698389689,
    "743": 0,
    "748": 0.07449906559384006,
    "752": 8.172570786779687e-9,
    "754": 0.0000668991071244851,
    "764": 0.00006323605539471089,
    "784": 0.024391609913469614,
    "812": 0.20832090728298558,
    "823": 2.482038163730654,
    "844": 0,
    "849": 0.0000026033861186824936,
    "858": 0.07451266098811604,
    "861": 0.001542740691563127,
    "869": 0.0029946598163665406,
    "875": 8.129425682623648e-8,
    "887": 0.3901523459684817,
    "892": 0.00028360405409816325,
    "894": 0.006326092009149409,
    "896": 0,
    "897": 1.4967323279317815,
    "902": 0.003226011357348346,
    "903": 1.6330595233605694,
    "905": 0.37215758116418685,
    "908": 0.05244195565266291,
    "911": 0.0004457537288070079,
    "920": 0,
    "925": 0.002460547346411379,
    "930": 0.008260003389206794,
    "934": 0,
    "937": 0.5060222345479473,