{
  "id": "233",
  "name": "Porygon2",
  "format_id": "showdown_gen9doublesou-1695",
  "usage_metrics": {
    "raw": 18940,
    "base_weight": 1098.8470922389045,
    "percent": 3.2117481473944816
  },
  "roles": [
    {
      "role": "role_tr_setter",
      "label": "Trick Room Setter",
      "category": "SUP"
    },
    {
      "role": "role_staller",
      "label": "Staller",
      "category": "DEF"
    }
  ],
  "items": {
    "eviolite": 1097.7523384201882,
    "clear-amulet": 0.011650567750433605,
    "sitrus-berry": 5.551115123125783e-17,
    "rocky-helmet": 0.5031679718411544,
    "red-card": 7.191854378696405e-8,
    "safety-goggles": 4.313757290264064e-7,
    "choice-specs": 0.17867181901229234,
    "silk-scarf": 0.0006897058330371797,
    "flame-orb": 0,
    "twisted-spoon": 0.0027966293772007655,
    "focus-sash": 0.034627744133664595,
    "covert-cloak": 0.006616235267024928,
    "zap-plate": 3.746505553015034e-7,
    "nothing": 0.144295147211991,
    "assault-vest": 0.0021237520971334467,
    "shell-bell": 0,
    "leftovers": 0.09259926197324037,
    "choice-scarf": 0.008873979555623468,
    "life-orb": 0.014946185479536078,
    "room-service": 0.004123225695920385,
    "mental-herb": 0.014582042598039191,
    "expert-belt": 0.004792745482751992,
    "weakness-policy": 0.00007719318685872611,
    "eject-button": 0.07008899380069289,
    "choice-band": 0,
    "air-balloon": 0.00002974047323450746,
    "aguav-berry": 0,
    "toxic-orb": 0
  },
  "abilities": {
    "download": 983.9440765039247,
    "analytic": 10.137706362888586,
    "trace": 104.76530937209112
  },
  "moves": {
    "trick-room": 1057.0854783880234,
    "tera-blast": 615.3707715958109,
    "recover": 981.4227873294781,
    "ice-beam": 805.4078646314881,
    "zap-cannon": 0.025576447159815108,
    "blizzard": 180.76551748070793,
    "tri-attack": 118.54625173542314,
    "shadow-ball": 125.52371592556389,
    "electroweb": 5.718660797819675,
    "psychic": 26.92734313241904,
    "thunder": 6.834828772368931,
    "protect": 28.63212854069751,
    "hyper-beam": 15.68690817754147,
    "icy-wind": 26.997372878582457,
    "conversion": 2.558255984830282e-8,
    "eerie-impulse": 2.6771116540898006,
    "thunder-wave": 23.872934581806035,
    "foul-play": 7.327621140248896,
    "rest": 0.06170705348288469,
    "sleep-talk": 0.011830370976928739,
    "thunderbolt": 292.0529835228713,
    "conversion-2": 0.46326097575999386,
    "substitute": 0.4673825357048465,
    "sunny-day": 8.33544257415525,
    "solar-beam": 10.62819453063991,
    "discharge": 11.539950850423397,
    "agility": 0.00005923813809427525,
    "psyshock": 2.5211903541361784,
    "charge-beam": 39.738808586968624,
    "giga-impact": 5.5034652335361756e-8,
    "trick": 0.024476736486015782,
    "magnet-rise": 0,
    "lock-on": 2.0894397323445446e-13,
    "double-edge": 0.20141390201663156,
    "recycle": 0.12886984200402773,
    "facade": 0.000232338284018474,
    "endure": 0.0011307723223125121,
    "": 0.06133886121784543,
    "rain-dance": 0.1878882638278564,
    "zen-headbutt": 0.023927994967793242,
    "swift": 0.0016245117211030058,
    "charge": 4.297895372928906e-11,
    "gravity": 0.11372430306715908,
    "thief": 0.00005754656199913333,
    "defense-curl": 0
  },
  "teras": {
    "fighting": 42.33218888876051,
    "ghost": 186.72016583478054,
    "flying": 466.17387051491147,
    "normal": 97.3027891383133,
    "steel": 3.225814001620612,
    "fairy": 82.09481683903942,
    "electric": 35.87140978054059,
    "ground": 134.0959716970933,
    "grass": 12.771930588437417,
    "dragon": 15.68168807355618,
    "ice": 1.492735891431982,
    "stellar": 0.8782541123930625,
    "psychic": 7.196083794458015,
    "dark": 0.3464515689977231,
    "poison": 11.02789582855311,
    "fire": 0.6264584026918278,
    "water": 0.9974440406819689,
    "rock": 0,
    "bug": 0.011123242648612808
  },
  "spreads": [
    {
      "nature": "sassy",
      "usage": "19.3",
      "evs": {
        "hp": 252,
        "atk": 0,
        "def": 0,
        "spa": 4,
        "spd": 252,
        "spe": 0
      }
    },
    {
      "nature": "quiet",
      "usage": "14.5",
      "evs": {
        "hp": 252,
        "atk": 4,
        "def": 124,
        "spa": 92,
        "spd": 36,
        "spe": 0
      }
    },
    {
      "nature": "quiet",
      "usage": "10.7",
      "evs": {
        "hp": 252,
        "atk": 0,
        "def": 4,
        "spa": 252,
        "spd": 0,
        "spe": 0
      }
    },
    {
      "nature": "quiet",
      "usage": "9.1",
      "evs": {
        "hp": 252,
        "atk": 0,
        "def": 0,
        "spa": 252,
        "spd": 4,
        "spe": 0
      }
    },
    {
      "nature": "relaxed",
      "usage": "3.7",
      "evs": {
        "hp": 252,
        "atk": 0,
        "def": 172,
        "spa": 0,
        "spd": 84,
        "spe": 0
      }
    },
    {
      "nature": "quiet",
      "usage": "3.6",
      "evs": {
        "hp": 252,
        "atk": 4,
        "def": 140,
        "spa": 76,
        "spd": 36,
        "spe": 0
      }
    },
    {
      "nature": "modest",
      "usage": "3.4",
      "evs": {
        "hp": 252,
        "atk": 0,
        "def": 4,
        "spa": 204,
        "spd": 44,
        "spe": 4
      }
    },
    {
      "nature": "quiet",
      "usage": "2.2",
      "evs": {
        "hp": 252,
        "atk": 4,
        "def": 108,
        "spa": 92,
        "spd": 52,
        "spe": 0
      }
    },
    {
      "nature": "sassy",
      "usage": "1.5",
      "evs": {
        "hp": 252,
        "atk": 0,
        "def": 140,
        "spa": 4,
        "spd": 112,
        "spe": 0
      }
    },
    {
      "nature": "sassy",
      "usage": "1.4",
      "evs": {
        "hp": 252,
        "atk": 0,
        "def": 252,
        "spa": 0,
        "spd": 6,
        "spe": 0
      }
    }
  ],
  "teammates": {
    "3": 0.4789135819582791,
    "6": 162.90020815268588,
    "9": 0.009548553215652178,
    "24": 0.000015300035029142123,
    "25": 0.0032459132946072167,
    "26": 0.15129044083840443,
    "28": 1.551951400724505e-9,
    "35": 2.059158222498007,
    "36": 0.047436860174273066,
    "38": 0.19904216025543708,
    "40": 8.089923674847732e-7,
    "44": 2.250527153524473e-9,
    "45": 0.0011756473438588877,
    "48": 0.04700805128240487,
    "49": 2.2005197664043408e-10,
    "50": 0.0961590824852146,
    "51": 0.003505659137145012,
    "53": 2.1614932066427173e-10,
    "55": 0.06462741188805565,
    "57": 2.100382177054876,
    "59": 0.5335761189637633,
    "62": 0.00035026083854056145,
    "69": 0.002342654254535448,
    "70": 0,
    "73": 0.0013999983395953097,
    "76": 0.004775224025687863,
    "79": 0.00607520067720968,
    "80": 6.365845642753185,
    "82": 0.007977932526819165,
    "89": 0.003181443071449519,
    "91": 0.008890254557646637,
    "93": 0.000035784142864203616,
    "94": 0.27523530892155257,
    "101": 2.378860591845111e-8,
    "103": 0.02820856285429829,
    "106": 2.3314683517128287e-15,
    "107": 2.1094237467877974e-15,
    "110": 4.122137686746186e-9,
    "112": 0.00797802305510531,
    "113": 0.00013317556138459086,
    "123": 0.008113268876310031,
    "125": 0.3076905440551664,
    "126": 0.0008837928975375942,
    "128": 0.09810881145550843,
    "130": 0.4156773312803392,
    "131": 11.042695982780595,
    "132": 0.025186240406797233,
    "134": 6.356899703828355,
    "135": 0.18534353501232032,
    "136": 0.004076120056399901,
    "143": 9.892333859497592,
    "144": 0.06691140281371122,
    "145": 0.061945858897033634,
    "146": 0,
    "149": 77.79146722339614,
    "151": 0.9469923189504003,
    "154": 0.29499232801051395,
    "157": 0.09187366258948354,
    "160": 0.12340780975593146,
    "162": 0,
    "168": 0.009270745194366936,
    "171": 0.010056743900621279,
    "172": 0,
    "181": 0.15554893042344403,
    "182": 0.004775224025687863,
    "184": 1.6491897743489725,
    "185": 0,
    "186": 0.7706360627333586,
    "189": 15.38487729648427,