{
  "id": "10009",
  "name": "Rotom Wash",
  "format_id": "showdown_gen9uu-1630",
  "usage_metrics": {
    "raw": 17798,
    "base_weight": 2413.1776178515083,
    "percent": 11.85190117866418
  },
  "items": {
    "leftovers": 1616.4396065864314,
    "assault-vest": 16.719858667962864,
    "ability-shield": 283.97021807232846,
    "choice-scarf": 287.7394558401234,
    "choice-specs": 39.83492205246569,
    "life-orb": 7.231327381238374,
    "wide-lens": 0.9786495653909533,
    "air-balloon": 0.311707193734294,
    "heavy-duty-boots": 51.53409329412282,
    "light-clay": 58.425120562231776,
    "focus-sash": 0.04058965547781668,
    "sitrus-berry": 4.817428079210588,
    "rocky-helmet": 38.835271471864125,
    "wise-glasses": 0,
    "wiki-berry": 0,
    "nothing": 1.6548528921823054,
    "quick-claw": 0,
    "expert-belt": 0.018863309911397508,
    "black-sludge": 0.01725224735974873,
    "covert-cloak": 0.00008892396816168047,
    "lagging-tail": 0.5279530104001422,
    "mystic-water": 0,
    "magnet": 1.298706222462728,
    "red-card": 0,
    "terrain-extender": 1.3004989363185615e-8,
    "absorb-bulb": 0.07716652218905629,
    "heat-rock": 0.0026129222187230017,
    "clear-amulet": 1.8432678628258994,
    "electric-seed": 0.33293864826511194,
    "weakness-policy": 0.000409700488626652,
    "choice-band": 0.3387274442696713,
    "shell-bell": 1.7412853381415516e-9,
    "chesto-berry": 0,
    "adrenaline-orb": 1.1253524778709334e-9,
    "damp-rock": 0.181691431414979,
    "zoom-lens": 0.004838275103657863,
    "toxic-orb": 0
  },
  "abilities": {
    "levitate": 2413.1776178515083
  },
  "moves": {
    "will-o-wisp": 1696.4954213223318,
    "volt-switch": 2387.342331916843,
    "hydro-pump": 2327.7931938855722,
    "pain-split": 1688.1185726908925,
    "dark-pulse": 8.835476829625383,
    "thunderbolt": 150.41357723800004,
    "hex": 37.76593186785476,
    "trick": 281.3288555196752,
    "discharge": 56.282939732414704,
    "hyper-voice": 1.0158098598053225,
    "nasty-plot": 23.83300035019168,
    "shadow-ball": 52.58131276271052,
    "thunder-wave": 580.0904663778264,
    "night-shade": 1.2033943447303699,
    "reflect": 59.88105691207442,
    "light-screen": 60.03701268375432,
    "foul-play": 6.7281068523876515,
    "protect": 204.23368148171687,
    "electroweb": 0.9183221180941361,
    "shock-wave": 0.0056919676593154,
    "tera-blast": 16.49207213812726,
    "stored-power": 0.2758465553624434,
    "confuse-ray": 0.0031092239605885474,
    "thunder": 9.353866550244089,
    "": 0.16944015433101423,
    "poltergeist": 0.4825008989079468,
    "sunny-day": 0.0027098285794526777,
    "substitute": 0.4504586790415023,
    "facade": 9.343483312052037e-7,
    "uproar": 0.000006628250833307092,
    "rain-dance": 0.2867686607468683,
    "rest": 0.000346252294354088,
    "electric-terrain": 1.3004989363185615e-8,
    "charge-beam": 0.2888466701989715,
    "electro-ball": 1.1253524778709334e-9,
    "thief": 1.1253524778709334e-9,
    "charge": 0,
    "sleep-talk": 0.00034150222529327756
  },
  "teras": {
    "electric": 583.0572120937957,
    "steel": 1423.5512975592048,
    "flying": 16.470192327444238,
    "bug": 2.6469158698201,
    "ghost": 93.34402909329332,
    "dark": 8.794886964815083,
    "poison": 73.80068847096555,
    "water": 9.747421991196154,
    "rock": 49.990172589127894,
    "fire": 36.59425765192749,
    "fairy": 44.563571203871035,
    "ice": 9.638543481901884,
    "grass": 54.94374078662485,
    "psychic": 0.0685631991123995,
    "normal": 0.3216824226712628,
    "dragon": 4.732297609413968,
    "ground": 0.9070637921605288,
    "stellar": 0.005080744158153516
  },
  "spreads": [
    {
      "nature": "Bold",
      "usage": "24.1",
      "evs": {
        "hp": 252,
        "atk": 0,
        "def": 160,
        "spa": 12,
        "spd": 84,
        "spe": 0
      }
    },
    {
      "nature": "Calm",
      "usage": "13.0",
      "evs": {
        "hp": 252,
        "atk": 0,
        "def": 44,
        "spa": 12,
        "spd": 200,
        "spe": 0
      }
    },
    {
      "nature": "Timid",
      "usage": "6.3",
      "evs": {
        "hp": 0,
        "atk": 0,
        "def": 0,
        "spa": 252,
        "spd": 4,
        "spe": 252
      }
    },
    {
      "nature": "Calm",
      "usage": "5.5",
      "evs": {
        "hp": 248,
        "atk": 0,
        "def": 56,
        "spa": 0,
        "spd": 120,
        "spe": 84
      }
    },
    {
      "nature": "Bold",
      "usage": "4.4",
      "evs": {
        "hp": 252,
        "atk": 0,
        "def": 168,
        "spa": 0,
        "spd": 0,
        "spe": 88
      }
    },
    {
      "nature": "Bold",
      "usage": "2.5",
      "evs": {
        "hp": 248,
        "atk": 0,
        "def": 252,
        "spa": 0,
        "spd": 8,
        "spe": 0
      }
    },
    {
      "nature": "Bold",
      "usage": "2.5",
      "evs": {
        "hp": 252,
        "atk": 0,
        "def": 252,
        "spa": 0,
        "spd": 4,
        "spe": 0
      }
    },
    {
      "nature": "Calm",
      "usage": "2.2",
      "evs": {
        "hp": 252,
        "atk": 0,
        "def": 0,
        "spa": 4,
        "spd": 252,
        "spe": 0
      }
    },
    {
      "nature": "Bold",
      "usage": "1.9",
      "evs": {
        "hp": 252,
        "atk": 0,
        "def": 192,
        "spa": 20,
        "spd": 0,
        "spe": 44
      }
    },
    {
      "nature": "Calm",
      "usage": "1.5",
      "evs": {
        "hp": 252,
        "atk": 0,
        "def": 0,
        "spa": 0,
        "spd": 252,
        "spe": 4
      }
    }
  ],
  "teammates": {
    "3": 4.735219944429978,
    "6": 2.520423587359817,
    "9": 7.097831986531249,
    "25": 0.28062325771371993,
    "26": 0.1497002206747594,
    "35": 0.05265967665615556,
    "38": 1.1639532321464632,
    "40": 0.0690154601910839,
    "45": 10.394422232329209,
    "49": 0.15983714008498645,
    "51": 0.45809888735036597,
    "57": 0.08169572458299218,
    "59": 4.123080493908109,
    "62": 0,
    "73": 3.28852659844305,
    "76": 0.09421324800111286,
    "80": 10.905575576355185,
    "82": 0.01823033187890044,
    "87": 0.0008376820905321991,
    "91": 0.46296440608243083,
    "94": 15.12078726194746,
    "103": 0.2228458994448116,
    "106": 9.517736718533126,
    "107": 0.000025946798309917085,
    "112": 0.16245267595813245,
    "113": 4.346990315894538,
    "117": 1.3004989363185615e-8,
    "123": 0.2982582796153377,
    "128": 0,
    "130": 130.13166638711587,
    "132": 0.06474551722318911,
    "134": 0.323171590177607,
    "135": 1.9813188997647246,
    "136": 0.00398044859910196,
    "143": 5.794806692422861,
    "144": 0,
    "151": 29.961583859428504,
    "154": 0,
    "157": 0.26260544835375077,
    "160": 0.06238034291020572,
    "171": 0,
    "184": 48.42145436331976,
    "186": 5.629757940230112,
    "195": 9.706999436733819,
    "196": 12.634255699251225,
    "197": 3.515828408286824,
    "198": 1.5313811985162573e-7,
    "199": 133.18086574143186,
    "205": 15.123495586160336,
    "206": 0.034382757926290475,
    "207": 0.9999865168920016,
    "210": 0.013794831323883427,
    "212": 344.9811568371351,
    "214": 10.57319411834622,
    "217": 0.26247200714506297,
    "221": 0.0015528387133802446,
    "227": 239.26263559865373,
    "229": 0.10958659969099893,
    "230": 2.519536456181375,
    "232": 421.53747725593377,
    "233": 2.388258704777357,
    "235": 0.035342569165071114,
    "237": 0.6778732733043762,
    "242": 2.7503510873576347,
    "243": 8.00463857961753,
    "244": 7.889444173913643,
    "245": 1.6673009987419798,
    "254": 7.3469049379416305,
    "260": 3.3049650791002003,
    "272": 0.6542200211061443,
    "275": 0.98566352950332,
    "282": 62.5237846832554,
    "284": 0.00002160302076659182,
    "286": 9.073472168201771,
    "289": 0.33813871589399563,
    "297": 0,
    "302": 4.874801319528471,
    "308": 0.000019050165402711983,
    "314": 0,
    "317": 0.354413087327105,