{
  "id": "10239",
  "name": "Zoroark hisuian",
  "format_id": "showdown_gen9uu-1630",
  "usage_metrics": {
    "raw": 6566,
    "base_weight": 734.8443337306592,
    "percent": 4.37237797163215
  },
  "roles": [
    {
      "role": "role_sweeper_special",
      "label": "Special Sweeper",
      "category": "OFF"
    },
    {
      "role": "role_setup",
      "label": "Setup Sweeper",
      "category": "OFF"
    }
  ],
  "items": {
    "choice-scarf": 40.974821384313636,
    "choice-specs": 168.34018251215693,
    "heavy-duty-boots": 190.89088960518583,
    "focus-sash": 215.59988596679221,
    "nothing": 1.5193402091995267e-13,
    "spell-tag": 0.9214110009448816,
    "mental-herb": 0,
    "leftovers": 3.552027746760623,
    "throat-spray": 14.809654477795537,
    "life-orb": 49.279860020617114,
    "expert-belt": 6.477820377762669,
    "salac-berry": 0.0370643579553418,
    "black-glasses": 0,
    "air-balloon": 1.777551263926762,
    "mirror-herb": 0.006824926589335145,
    "ability-shield": 0,
    "colbur-berry": 14.262071933284595,
    "normal-gem": 0,
    "spooky-plate": 3.3947252555469305,
    "damp-rock": 0.3799337020756048,
    "assault-vest": 0.2655860619664647,
    "choice-band": 3.5111124726428105,
    "rocky-helmet": 0.00021523320519017952,
    "wise-glasses": 0.7466939642663086,
    "metronome": 5.4424131867847336e-11,
    "flame-orb": 0,
    "red-card": 0.0006976630185192012,
    "utility-umbrella": 0.002050334455524161,
    "silk-scarf": 19.30446914015993,
    "hard-stone": 0,
    "wide-lens": 0.2940097994328282,
    "lagging-tail": 0.008590720073692437,
    "metal-coat": 0,
    "adrenaline-orb": 0,
    "weakness-policy": 4.713263143663049e-7,
    "toxic-orb": 0.006183338349888157
  },
  "abilities": {
    "illusion": 734.8443337306592
  },
  "moves": {
    "focus-blast": 268.4589461012224,
    "flamethrower": 243.8248991828793,
    "shadow-ball": 521.272838170641,
    "hyper-voice": 470.5738559945858,
    "trick": 114.18842209324951,
    "u-turn": 87.56900449046,
    "will-o-wisp": 65.8663267324972,
    "bitter-malice": 134.6565855079122,
    "psychic": 77.19499539665557,
    "taunt": 132.51730862090963,
    "nasty-plot": 368.03314258147884,
    "sludge-bomb": 9.508229531062721,
    "calm-mind": 2.7527892372500307,
    "extrasensory": 6.931929673821717,
    "dark-pulse": 35.25844164070913,
    "grass-knot": 61.457546063445484,
    "hyper-beam": 7.348848677121881,
    "tera-blast": 138.5483424392058,
    "hex": 50.57786386954134,
    "pain-split": 0.7253807690503753,
    "swords-dance": 24.12245432644557,
    "body-slam": 3.9001772007887645,
    "knock-off": 15.96362400495568,
    "protect": 7.733719554830193,
    "burning-jealousy": 0,
    "focus-punch": 19.926750720099736,
    "crunch": 0.007194357983133337,
    "poltergeist": 27.417654172297105,
    "brick-break": 0.7435344583098495,
    "detect": 0.006824926589335145,
    "shadow-claw": 7.616129948928574e-14,
    "substitute": 25.335156708452946,
    "foul-play": 0.08939163438981079,
    "night-shade": 0.006597315109214075,
    "memento": 1.1681470903663784,
    "agility": 0.25956581629195796,
    "curse": 0.08647496979529323,
    "shadow-sneak": 4.789644977178772,
    "roar": 0.0011767614613944488,
    "phantom-force": 7.577272143066693e-14,
    "skitter-smack": 7.577272143066693e-14,
    "snarl": 0,
    "icy-wind": 0.2654867948816921,
    "rain-dance": 2.0821128561648354,
    "giga-impact": 0.0003543233628313658,
    "low-kick": 4.399502578192038,
    "comeuppance": 0.00021523320519017952,
    "throat-chop": 2.9701194836917466e-9,
    "lash-out": 0,
    "hone-claws": 0,
    "endure": 1.8724836706441648,
    "torment": 0,
    "swift": 0,
    "facade": 1.9333936941746435,
    "low-sweep": 0,
    "helping-hand": 0
  },
  "teras": {
    "normal": 264.78260107291885,
    "ghost": 199.99633561521458,
    "fighting": 104.03422495337252,
    "stellar": 2.204940838786524,
    "dark": 14.679413767220801,
    "fairy": 88.87707639725878,
    "water": 1.3633697769850202,
    "poison": 0.9991057310061746,
    "fire": 21.86214501917816,
    "steel": 0.8331765748548137,
    "ground": 20.60501434490075,
    "bug": 1.3086377442795258,
    "flying": 0.1889843344457363,
    "electric": 1.2345477827815134,
    "psychic": 0.6488721347344232,
    "grass": 0,
    "ice": 11.22588764272181
  },
  "spreads": [
    {
      "nature": "timid",
      "usage": "71.8",
      "evs": {
        "hp": 0,
        "atk": 0,
        "def": 0,
        "spa": 252,
        "spd": 4,
        "spe": 252
      }
    },
    {
      "nature": "timid",
      "usage": "13.7",
      "evs": {
        "hp": 4,
        "atk": 0,
        "def": 0,
        "spa": 252,
        "spd": 0,
        "spe": 252
      }
    },
    {
      "nature": "timid",
      "usage": "4.2",
      "evs": {
        "hp": 0,
        "atk": 0,
        "def": 0,
        "spa": 252,
        "spd": 0,
        "spe": 252
      }
    },
    {
      "nature": "jolly",
      "usage": "3.6",
      "evs": {
        "hp": 0,
        "atk": 252,
        "def": 0,
        "spa": 0,
        "spd": 4,
        "spe": 252
      }
    },
    {
      "nature": "timid",
      "usage": "2.3",
      "evs": {
        "hp": 252,
        "atk": 0,
        "def": 0,
        "spa": 4,
        "spd": 0,
        "spe": 252
      }
    },
    {
      "nature": "modest",
      "usage": "2.1",
      "evs": {
        "hp": 4,
        "atk": 0,
        "def": 0,
        "spa": 252,
        "spd": 0,
        "spe": 252
      }
    },
    {
      "nature": "timid",
      "usage": "0.6",
      "evs": {
        "hp": 0,
        "atk": 0,
        "def": 4,
        "spa": 252,
        "spd": 0,
        "spe": 252
      }
    },
    {
      "nature": "modest",
      "usage": "0.6",
      "evs": {
        "hp": 0,
        "atk": 0,
        "def": 0,
        "spa": 252,
        "spd": 4,
        "spe": 252
      }
    },
    {
      "nature": "hasty",
      "usage": "0.4",
      "evs": {
        "hp": 0,
        "atk": 4,
        "def": 0,
        "spa": 252,
        "spd": 0,
        "spe": 252
      }
    },
    {
      "nature": "hasty",
      "usage": "0.2",
      "evs": {
        "hp": 4,
        "atk": 0,
        "def": 0,
        "spa": 252,
        "spd": 0,
        "spe": 252
      }
    }
  ],
  "teammates": {
    "3": 0.31579666582728455,
    "6": 0.006578717592232219,
    "9": 20.6993726899701,
    "24": 0.09580806152559501,
    "25": 4.177736844676534,
    "26": 0,
    "28": 0,
    "38": 0.0022688821437067963,
    "40": 0,
    "44": 0.01128277838500108,
    "45": 0,
    "55": 0.00017169016385881752,
    "59": 2.2358866164118862,
    "73": 0.32940291645691694,
    "80": 6.4204372613693845,
    "82": 0.18898857529441637,
    "85": 0.03434905365314339,
    "91": 0.363185398096985,
    "93": 0,
    "94": 14.152202314133925,
    "106": 1.7950577559058432,
    "110": 3.4127486325129586,
    "112": 1.1056740821233926,
    "113": 0.07943113559551401,
    "123": 0.39673661956424,
    "128": 0.16293427131155142,
    "130": 11.596045916676953,
    "131": 6.074589656641256,
    "132": 2.5386801202861795,
    "134": 0.3170712251181271,
    "135": 0.3132848108153988,
    "143": 1.0024127753444634,
    "144": 0,
    "151": 5.7735604487428995,
    "157": 2.1710074936360617,
    "160": 0.04983967857497157,
    "164": 0.004080649494388133,
    "168": 0.19416538474930917,
    "184": 31.432865711336166,
    "186": 0.3632055851683248,
    "189": 0,
    "193": 0.001845127569984062,
    "195": 5.026912616366131,
    "196": 0.5218526703814205,
    "197": 3.0704317266790824,
    "199": 150.9060240465739,
    "205": 1.4011511185331154,
    "206": 1.1056740821233926,
    "207": 0.07825625157322041,
    "212": 112.60815597082275,
    "214": 3.056733454802502,
    "217": 0.5766993476496308,
    "219": 0.005424179197730139,
    "227": 31.85192185453713,
    "229": 1.1732185357710514,
    "230": 0.0013537257400776381,
    "232": 137.47299575737622,
    "233": 0.7918736259023254,
    "235": 0.5097454959441479,