{
  "id": "130",
  "name": "Gyarados",
  "format_id": "showdown_gen9uu-1630",
  "usage_metrics": {
    "raw": 5165,
    "base_weight": 760.7292708781197,
    "percent": 3.4394353066524608
  },
  "roles": [
    {
      "role": "role_sweeper_physical",
      "label": "Physical Sweeper",
      "category": "OFF"
    },
    {
      "role": "role_setup",
      "label": "Setup Sweeper",
      "category": "OFF"
    },
    {
      "role": "role_disruptor",
      "label": "Disruptor",
      "category": "SUP"
    }
  ],
  "items": {
    "heavy-duty-boots": 257.7504068308523,
    "rocky-helmet": 0.15562323546063972,
    "leftovers": 434.68872967325154,
    "choice-band": 2.0290012365970074,
    "choice-scarf": 7.043454557987023,
    "nothing": 2.535945664572381e-8,
    "focus-sash": 2.7118563421302326,
    "life-orb": 13.868017401084131,
    "assault-vest": 0.20744115912336708,
    "damp-rock": 0.1250230710872942,
    "salac-berry": 0.5653192517158372,
    "chesto-berry": 7.5630400614114635,
    "blunder-policy": 0.0016707529745223493,
    "lum-berry": 4.733394989297548,
    "expert-belt": 0.07545706663674351,
    "figy-berry": 0.042580767281498844,
    "loaded-dice": 9.691305985310745,
    "covert-cloak": 0.0005054014169126875,
    "air-balloon": 0.0010114674812911617,
    "clear-amulet": 1.4411167217708105,
    "mystic-water": 0.14448423439881303,
    "icicle-plate": 0,
    "sitrus-berry": 9.170674318074637,
    "aguav-berry": 1.0107911174728201e-8,
    "iapapa-berry": 0,
    "quick-claw": 0.0007845007745173049,
    "choice-specs": 1.1818477063433148,
    "sharp-beak": 2.6392530522555453,
    "wide-lens": 0.0003155759194938823,
    "safety-goggles": 0,
    "wacan-berry": 3.878758975117691e-8,
    "coba-berry": 0,
    "dragon-fang": 0,
    "mirror-herb": 0.17066099634472526,
    "ability-shield": 8.354428260304303e-14,
    "weakness-policy": 0,
    "mental-herb": 0.0006332638136105628,
    "metronome": 0.0070407202671841085,
    "normal-gem": 0.0011521203506568156,
    "shell-bell": 0.00006180526120502794,
    "soft-sand": 0.13613060254515036,
    "muscle-band": 4.581263959334404,
    "sky-plate": 0.000011974563052574716,
    "rawst-berry": 7.480077113264372e-10,
    "cell-battery": 0,
    "splash-plate": 0,
    "razor-claw": 0
  },
  "abilities": {
    "intimidate": 258.2120630984446,
    "moxie": 502.5172077796751
  },
  "moves": {
    "dragon-dance": 738.9398708445249,
    "earthquake": 416.08386315700477,
    "waterfall": 753.8650344611766,
    "ice-fang": 60.12649144621033,
    "tera-blast": 394.7647458783042,
    "scale-shot": 31.266396978340662,
    "substitute": 127.74302087703983,
    "taunt": 313.44790013991104,
    "temper-flare": 41.905634063011796,
    "aqua-tail": 1.9190107709552513,
    "crunch": 58.62851308981646,
    "iron-head": 2.345457585234452,
    "body-slam": 0.01632703658178475,
    "giga-impact": 5.689893001203927e-14,
    "thunder-wave": 20.659220476015463,
    "rain-dance": 0.12581514626634782,
    "double-edge": 0.5463012344747635,
    "ice-beam": 1.182872314737862,
    "scald": 1.0487507795839144,
    "rest": 14.893313137170527,
    "dragon-tail": 4.4875929867674635,
    "sleep-talk": 7.55906039235011,
    "stone-edge": 9.896969762411507,
    "lash-out": 0.15391910004954812,
    "roar": 0.7881628707208436,
    "protect": 2.572503269837715,
    "fire-blast": 0.13411266901057228,
    "hurricane": 0.032757144292821117,
    "dragon-pulse": 0,
    "muddy-water": 0.0010114674812911617,
    "surf": 0.0008640671687925594,
    "thunder": 0.0005159850775366404,
    "outrage": 10.024712329036571,
    "avalanche": 0.12398113068955924,
    "facade": 25.187214667707543,
    "dragon-cheer": 0.045388669763500755,
    "hyper-beam": 1.0487470468782076,
    "thunderbolt": 1.1827281048909033,
    "blizzard": 5.420641739917187e-7,
    "hydro-pump": 0.13310120152928112,
    "thrash": 0.001467696270150698,
    "endeavor": 0,
    "flamethrower": 0,
    "whirlpool": 0,
    "water-pulse": 0.029037519037183768,
    "": 0.000003730065081475331,
    "bulldoze": 0.0034005494552956095,
    "chilling-water": 0.0012911935644311923,
    "dark-pulse": 0
  },
  "teras": {
    "water": 63.505005742301535,
    "dragon": 40.12963661342126,
    "flying": 383.33668738047356,
    "ground": 220.64153526103468,
    "steel": 0.5103463793729311,
    "fairy": 6.054892982407888,
    "fire": 9.468359819570919,
    "grass": 5.679155406270085,
    "electric": 4.812672269518779,
    "normal": 23.91932538346671,
    "stellar": 0.41588440877571853,
    "rock": 0,
    "ice": 2.0397975159681208,
    "dark": 0.04454446277989654,
    "ghost": 4.04121180963557e-14,
    "bug": 0.0007673531545453471,
    "fighting": 0.170659899603896
  },
  "spreads": [
    {
      "nature": "adamant",
      "usage": "53.9",
      "evs": {
        "hp": 0,
        "atk": 252,
        "def": 0,
        "spa": 0,
        "spd": 4,
        "spe": 252
      }
    },
    {
      "nature": "lonely",
      "usage": "13.1",
      "evs": {
        "hp": 0,
        "atk": 252,
        "def": 0,
        "spa": 4,
        "spd": 0,
        "spe": 252
      }
    },
    {
      "nature": "jolly",
      "usage": "7.5",
      "evs": {
        "hp": 0,
        "atk": 252,
        "def": 0,
        "spa": 0,
        "spd": 4,
        "spe": 252
      }
    },
    {
      "nature": "jolly",
      "usage": "4.4",
      "evs": {
        "hp": 4,
        "atk": 252,
        "def": 0,
        "spa": 0,
        "spd": 0,
        "spe": 252
      }
    },
    {
      "nature": "adamant",
      "usage": "3.5",
      "evs": {
        "hp": 0,
        "atk": 252,
        "def": 4,
        "spa": 0,
        "spd": 0,
        "spe": 252
      }
    },
    {
      "nature": "adamant",
      "usage": "2.9",
      "evs": {
        "hp": 48,
        "atk": 252,
        "def": 0,
        "spa": 0,
        "spd": 0,
        "spe": 208
      }
    },
    {
      "nature": "adamant",
      "usage": "2.1",
      "evs": {
        "hp": 152,
        "atk": 252,
        "def": 0,
        "spa": 0,
        "spd": 4,
        "spe": 100
      }
    },
    {
      "nature": "lonely",
      "usage": "1.7",
      "evs": {
        "hp": 0,
        "atk": 252,
        "def": 0,
        "spa": 0,
        "spd": 4,
        "spe": 252
      }
    },
    {
      "nature": "adamant",
      "usage": "1.7",
      "evs": {
        "hp": 4,
        "atk": 252,
        "def": 0,
        "spa": 0,
        "spd": 0,
        "spe": 252
      }
    },
    {
      "nature": "jolly",
      "usage": "1.3",
      "evs": {
        "hp": 0,
        "atk": 252,
        "def": 4,
        "spa": 0,
        "spd": 0,
        "spe": 252
      }
    }
  ],
  "teammates": {
    "3": 0.031748339414804705,
    "6": 0.11812214121026138,
    "8": 0.06329638520165187,
    "9": 5.737078598193797,
    "24": 0,
    "25": 0.000004706669199494584,
    "26": 0.23059829866881215,
    "38": 0.5211946787313813,
    "40": 0.03554857484786894,
    "44": 0.01128277838500108,
    "45": 0.6787152209174425,
    "49": 0,
    "53": 0.0000018456727526316996,
    "55": 0,
    "57": 0.023122563290539244,
    "59": 0.5622999371681363,
    "62": 0,
    "73": 1.0018158548147191,
    "76": 4.497024974625674e-11,
    "80": 2.2837484319253805,
    "82": 3.4338255972727243,
    "89": 5.2826965024621586e-11,
    "91": 6.125178136110141,
    "94": 26.46311896869432,
    "103": 0.0009628838827379638,
    "106": 0.025267622045580418,
    "107": 2.0467616379526987e-8,
    "112": 7.856715278364845e-12,
    "113": 4.534708764827551,
    "123": 1.8888987798057537,
    "128": 0,
    "131": 0.004958293194142871,
    "132": 0.00915931115470825,
    "134": 0.001255947396993251,
    "135": 17.208293127103538,
    "136": 0.009436286173967356,
    "143": 0.11469220067698327,
    "144": 0,
    "148": 0,
    "151": 18.84619791427964,
    "157": 0.0004100860051059474,
    "160": 0.16078653209526655,
    "171": 0.315286983082228,
    "182": 0,
    "184": 34.87302201642283,
    "185": 0.6107047408800713,