{
  "id": "184",
  "name": "Azumarill",
  "format_id": "showdown_gen9uu-1630",
  "usage_metrics": {
    "raw": 11416,
    "base_weight": 2348.1660120965466,
    "percent": 7.6020510088566295
  },
  "items": {
    "life-orb": 13.661021100181667,
    "choice-band": 330.81188421796475,
    "sitrus-berry": 1352.563757955834,
    "assault-vest": 537.2131862649876,
    "rocky-helmet": 28.242153941962762,
    "shell-bell": 0.024848482469576272,
    "leftovers": 35.54756199426546,
    "damp-rock": 8.368812157009387,
    "splash-plate": 0.2557918616950441,
    "focus-sash": 0.49194345279978074,
    "flame-orb": 0.028632582435991705,
    "choice-scarf": 0.021339240696784723,
    "quick-claw": 0.016721300064212685,
    "heavy-duty-boots": 0.610856396465224,
    "wide-lens": 0.020997932276732134,
    "white-herb": 0.08699785272218913,
    "muscle-band": 0.42459685128273544,
    "mystic-water": 31.1999109555404,
    "expert-belt": 0.3308981461293544,
    "aguav-berry": 0.3002993050414429,
    "grip-claw": 0.27864287670795473,
    "salac-berry": 0.7476482137900217,
    "nothing": 4.113694324625605e-7,
    "lum-berry": 0.8851940331843997,
    "air-balloon": 8.341836693626092e-7,
    "chesto-berry": 0.9214449747114628,
    "red-card": 0.00007271631256106081,
    "choice-specs": 0.17074700040339064,
    "figy-berry": 0.7786292541953964,
    "metronome": 0.000003384441178144737,
    "weakness-policy": 0.43659916419876377,
    "liechi-berry": 0.06573282123731916,
    "mago-berry": 0.0001753467011008092,
    "binding-band": 3.651278963309702,
    "blunder-policy": 0,
    "mental-herb": 0.0009977722138465595,
    "rawst-berry": 0.000004997278833851482,
    "babiri-berry": 0.0000010949870155596564,
    "pretty-feather": 0,
    "light-clay": 0.006626245487412197,
    "pixie-plate": 0
  },
  "abilities": {
    "huge-power": 2260.069720120131,
    "sap-sipper": 69.31802227278384,
    "thick-fat": 18.778269703631786
  },
  "moves": {
    "aqua-jet": 2275.6829974960997,
    "play-rough": 2238.4019658370366,
    "knock-off": 1550.3493443514667,
    "ice-spinner": 406.0420696025328,
    "liquidation": 1122.9303651260657,
    "belly-drum": 1353.9921223715257,
    "whirlpool": 62.75326584644358,
    "encore": 78.81693769950749,
    "protect": 74.32658209773085,
    "substitute": 2.506014772278389,
    "tera-blast": 27.16633668632884,
    "ice-punch": 6.073581433648659,
    "trailblaze": 7.742839174271415,
    "aqua-tail": 12.825948703989857,
    "draining-kiss": 10.607389430439815,
    "waterfall": 44.120332962488035,
    "light-screen": 0.012667212286102347,
    "rain-dance": 0,
    "double-edge": 4.57538819401722,
    "aqua-ring": 0.0611245760180954,
    "perish-song": 20.542672141685777,
    "brick-break": 2.584659706943723,
    "facade": 3.1021114183198977,
    "bounce": 0.008750834558818588,
    "body-slam": 2.5031930943358347,
    "superpower": 24.787340239933243,
    "bulldoze": 37.421930282131065,
    "grass-knot": 0.002091844378869223,
    "focus-punch": 5.946854232516003,
    "dig": 0.0000016640488659236397,
    "blizzard": 0.04236178163485377,
    "ice-beam": 0.2995328852911533,
    "chilling-water": 0.16305971019587356,
    "amnesia": 0.1021506386124924,
    "alluring-voice": 0.3350281356519746,
    "hydro-pump": 0.16658307432638542,
    "rest": 4.152683577872262,
    "": 0.0038493712613513753,
    "sleep-talk": 2.337661535194594,
    "icy-wind": 0.000006428688418103068,
    "focus-blast": 0.1665830757931102,
    "surf": 0.005043630096441265,
    "rollout": 0.00011166123577333043,
    "copycat": 0.201743346161941,
    "hyper-beam": 0,
    "misty-explosion": 0,
    "hyper-voice": 0,
    "bubble-beam": 0,
    "charm": 0.2006330096113177,
    "snowscape": 0,
    "giga-impact": 8.600137491288336,
    "endure": 2.273741195324419e-10,
    "muddy-water": 0,
    "defense-curl": 0
  },
  "teras": {
    "ice": 9.35711673435565,
    "water": 1062.1321344764995,
    "ground": 58.96651406377683,
    "poison": 7.489689632218004,
    "steel": 892.7128747279363,
    "fire": 140.34284078986872,
    "fairy": 7.834634455664906,
    "grass": 67.00458787241568,
    "dragon": 60.951996107106446,
    "ghost": 1.316611110244875,
    "dark": 15.60292553070223,
    "fighting": 1.151782495951828,
    "electric": 5.643520804131575,
    "stellar": 0.0329316522033854,
    "normal": 11.126460886032257,
    "psychic": 0,
    "flying": 0,
    "bug": 6.499279096188795,
    "rock": 0.00011166123577333043
  },
  "spreads": [
    {
      "nature": "Adamant",
      "usage": "28.8",
      "evs": {
        "hp": 4,
        "atk": 252,
        "def": 0,
        "spa": 0,
        "spd": 0,
        "spe": 252
      }
    },
    {
      "nature": "Adamant",
      "usage": "20.5",
      "evs": {
        "hp": 252,
        "atk": 252,
        "def": 0,
        "spa": 0,
        "spd": 4,
        "spe": 0
      }
    },
    {
      "nature": "Jolly",
      "usage": "6.7",
      "evs": {
        "hp": 4,
        "atk": 252,
        "def": 0,
        "spa": 0,
        "spd": 0,
        "spe": 252
      }
    },
    {
      "nature": "Adamant",
      "usage": "6.0",
      "evs": {
        "hp": 224,
        "atk": 252,
        "def": 0,
        "spa": 0,
        "spd": 32,
        "spe": 0
      }
    },
    {
      "nature": "Adamant",
      "usage": "5.9",
      "evs": {
        "hp": 252,
        "atk": 252,
        "def": 0,
        "spa": 0,
        "spd": 0,
        "spe": 4
      }
    },
    {
      "nature": "Adamant",
      "usage": "4.0",
      "evs": {
        "hp": 252,
        "atk": 252,
        "def": 4,
        "spa": 0,
        "spd": 0,
        "spe": 0
      }
    },
    {
      "nature": "Adamant",
      "usage": "3.8",
      "evs": {
        "hp": 4,
        "atk": 252,
        "def": 252,
        "spa": 0,
        "spd": 0,
        "spe": 0
      }
    },
    {
      "nature": "Adamant",
      "usage": "2.8",
      "evs": {
        "hp": 0,
        "atk": 252,
        "def": 0,
        "spa": 0,
        "spd": 4,
        "spe": 252
      }
    },
    {
      "nature": "Adamant",
      "usage": "2.3",
      "evs": {
        "hp": 236,
        "atk": 252,
        "def": 0,
        "spa": 0,
        "spd": 4,
        "spe": 16
      }
    },
    {
      "nature": "Sassy",
      "usage": "1.7",
      "evs": {
        "hp": 252,
        "atk": 4,
        "def": 0,
        "spa": 0,
        "spd": 252,
        "spe": 0
      }
    }
  ],
  "teammates": {
    "3": 6.8398500899151085,
    "6": 1.0605606848404738,
    "9": 17.919811470726493,
    "25": 0.5042637960316445,
    "26": 0.13408621152192363,
    "28": 0.00012897251320531655,
    "38": 0.0008756656119199291,
    "40": 0.0010866490962022635,
    "45": 0.909420697263144,
    "49": 0.36830081841899975,
    "51": 0.0027721672176415635,
    "53": 0.0312199168822076,
    "55": 0.3776391193484308,
    "57": 0.0008456668479130403,
    "59": 3.566120802468264,
    "62": 0.000033766105779931,
    "73": 5.714068977747334,
    "76": 0.494234894702739,
    "80": 2.902445194860279,
    "82": 0.34592035565747353,
    "91": 2.504064186471281,
    "94": 59.40960529164488,
    "101": 0,
    "103": 0.04912217960329435,
    "106": 0.13479811506018796,
    "107": 0.0002942159429248914,
    "110": 0,
    "112": 0.005659379052788516,
    "113": 0.8073098089048784,
    "123": 4.2793238415795845,
    "126": 0.006626245487412197,
    "128": 0.16658307432638542,
    "129": 0.09989712481066942,
    "130": 34.87302201642283,
    "131": 0.20836763483240228,
    "132": 3.498152527177634,
    "133": 0.08473759816835524,
    "134": 6.003282421172718,
    "135": 6.672173591190991,
    "143": 0.005836114726079089,
    "144": 0.00005582883525967475,
    "151": 170.39422036258307,
    "154": 0.0008549782433229791,
    "157": 9.8560406234372,
    "160": 2.6698592148036773,
    "164": 0.000987723627859205,
    "168": 0,
    "181": 1.963340043951673,
    "185": 0,
    "186": 80.2369657141522,
    "189": 0,
    "192": 0,
    "195": 1.8395444089333723,
    "196": 13.636416150518178,