{
  "id": "392",
  "name": "Infernape",
  "format_id": "showdown_gen9uu-1630",
  "usage_metrics": {
    "raw": 2077,
    "base_weight": 151.44059207575606,
    "percent": 1.3830991542918025
  },
  "roles": [
    {
      "role": "role_sweeper_mixed",
      "label": "Mixed Sweeper",
      "category": "OFF"
    },
    {
      "role": "role_setup",
      "label": "Setup Sweeper",
      "category": "OFF"
    },
    {
      "role": "role_disruptor",
      "label": "Disruptor",
      "category": "SUP"
    }
  ],
  "items": {
    "choice-scarf": 10.160653132984162,
    "choice-band": 34.82986662542457,
    "expert-belt": 0.36410508101155076,
    "focus-sash": 11.632425426276502,
    "heavy-duty-boots": 51.69995470957354,
    "life-orb": 29.560683753184534,
    "flame-orb": 1.3244929852884724e-7,
    "heat-rock": 0.0361457772543376,
    "persim-berry": 0.01689215339981076,
    "leftovers": 0.8347030602035459,
    "throat-spray": 0.10897243857926103,
    "lum-berry": 0.6603649698586351,
    "punching-glove": 7.700744216051357,
    "choice-specs": 2.265882651908322,
    "assault-vest": 0.4266835282853626,
    "nothing": 0,
    "psychic-seed": 0.09461710789406891,
    "shell-bell": 0,
    "air-balloon": 0.09767917410098692,
    "sitrus-berry": 0.0000053413445208483346,
    "salac-berry": 0.7366137651422011,
    "hearthflame-mask": 0,
    "clear-amulet": 0.0018763469670803334,
    "scope-lens": 0.00016655003767962473,
    "rocky-helmet": 0,
    "power-herb": 0,
    "muscle-band": 0.07563651184833031,
    "charcoal": 0.0058996520906948735,
    "liechi-berry": 0.13001996988554876,
    "fire-stone": 0
  },
  "abilities": {
    "blaze": 115.6433935976773,
    "iron-fist": 35.797198478078755
  },
  "moves": {
    "stealth-rock": 31.44451182328794,
    "switcheroo": 2.970651753337136,
    "u-turn": 86.90628820761084,
    "flamethrower": 31.207007798970928,
    "flare-blitz": 40.262093206964465,
    "close-combat": 80.45885921265017,
    "thunder-punch": 14.011888928873457,
    "fire-punch": 23.305884610325283,
    "drain-punch": 12.528668455932957,
    "fake-out": 0.7531914075596244,
    "swords-dance": 16.02381863483637,
    "taunt": 11.379689000229597,
    "mach-punch": 10.644013184076567,
    "nasty-plot": 14.446753140728235,
    "aura-sphere": 6.087948452912323,
    "knock-off": 44.41495322402901,
    "fire-blast": 13.749062156812657,
    "tera-blast": 2.4163917435377833,
    "grass-knot": 14.0448494675293,
    "earthquake": 5.094178594150113,
    "sunny-day": 0.07442215077446873,
    "overheat": 36.34974480772814,
    "raging-fury": 7.359534533803948,
    "heat-wave": 0.08282312074979153,
    "solar-beam": 0.026012056100839287,
    "gunk-shot": 2.3862860545336324,
    "focus-blast": 1.9441535081124954,
    "flame-charge": 1.0327234487195365,
    "vacuum-wave": 16.614774449193746,
    "scorching-sands": 1.3236502905468335,
    "roar": 0.10897243857926103,
    "psych-up": 0.004272296055060798,
    "endeavor": 0.6324321661141409,
    "stone-edge": 11.754078019274328,
    "slack-off": 26.323046774383904,
    "substitute": 0,
    "calm-mind": 0.005569655240946214,
    "throat-chop": 0,
    "upper-hand": 0.13843623394861826,
    "focus-punch": 0.20007743984743542,
    "acrobatics": 1.0402215291470642,
    "low-kick": 0,
    "zen-headbutt": 0.4049033552558098,
    "temper-flare": 0,
    "poison-jab": 0.774730315915456,
    "fire-pledge": 0,
    "will-o-wisp": 33.53077448907109,
    "bulk-up": 0.7771582212827433,
    "counter": 0,
    "protect": 0,
    "encore": 0.2354703534608399,
    "flame-wheel": 0,
    "body-slam": 0,
    "brick-break": 0.2393843441008443,
    "agility": 0.00025222233874838684,
    "shadow-claw": 0.05461148026032253,
    "focus-energy": 0.00016655003767962473,
    "metronome": 0,
    "fire-spin": 0.00012226064130854697,
    "rock-slide": 0.06284076356427537,
    "endure": 0.13001996988554876
  },
  "teras": {
    "fire": 49.55179296812436,
    "grass": 13.038095490163004,
    "dragon": 0.002883074090184956,
    "fighting": 4.371152350679491,
    "ghost": 11.522588999465727,
    "water": 0.22301330116692447,
    "stellar": 0.18068211531922895,
    "dark": 32.49440014530342,
    "electric": 4.4010120390227545,
    "flying": 3.8041222219886324,
    "ground": 2.9092482496521663,
    "fairy": 26.457233049309583,
    "steel": 2.484368071431192,
    "rock": 0,
    "psychic": 3.9204528512470915e-11,
    "normal": 0
  },
  "spreads": [
    {
      "nature": "jolly",
      "usage": "35.5",
      "evs": {
        "hp": 0,
        "atk": 252,
        "def": 0,
        "spa": 0,
        "spd": 4,
        "spe": 252
      }
    },
    {
      "nature": "timid",
      "usage": "17.7",
      "evs": {
        "hp": 0,
        "atk": 0,
        "def": 0,
        "spa": 252,
        "spd": 4,
        "spe": 252
      }
    },
    {
      "nature": "bold",
      "usage": "15.9",
      "evs": {
        "hp": 252,
        "atk": 0,
        "def": 252,
        "spa": 0,
        "spd": 4,
        "spe": 0
      }
    },
    {
      "nature": "hasty",
      "usage": "10.8",
      "evs": {
        "hp": 0,
        "atk": 252,
        "def": 0,
        "spa": 4,
        "spd": 0,
        "spe": 252
      }
    },
    {
      "nature": "jolly",
      "usage": "5.3",
      "evs": {
        "hp": 4,
        "atk": 252,
        "def": 0,
        "spa": 0,
        "spd": 0,
        "spe": 252
      }
    },
    {
      "nature": "jolly",
      "usage": "3.1",
      "evs": {
        "hp": 0,
        "atk": 252,
        "def": 4,
        "spa": 0,
        "spd": 0,
        "spe": 252
      }
    },
    {
      "nature": "naive",
      "usage": "1.8",
      "evs": {
        "hp": 0,
        "atk": 20,
        "def": 0,
        "spa": 236,
        "spd": 0,
        "spe": 252
      }
    },
    {
      "nature": "hasty",
      "usage": "1.7",
      "evs": {
        "hp": 0,
        "atk": 4,
        "def": 0,
        "spa": 252,
        "spd": 0,
        "spe": 252
      }
    },
    {
      "nature": "naive",
      "usage": "1.4",
      "evs": {
        "hp": 0,
        "atk": 152,
        "def": 0,
        "spa": 104,
        "spd": 0,
        "spe": 252
      }
    },
    {
      "nature": "adamant",
      "usage": "1.0",
      "evs": {
        "hp": 4,
        "atk": 252,
        "def": 0,
        "spa": 0,
        "spd": 0,
        "spe": 252
      }
    }
  ],
  "teammates": {
    "3": 0.2007054397124915,
    "6": 0.03984678095646016,
    "9": 0.23948198102915524,
    "24": 0.08134887620952602,
    "25": 0.420184687825224,
    "26": 0,
    "38": 0.17669645414863777,
    "45": 0.1538831374936614,
    "55": 0.17170099672948497,
    "57": 0.022575643848301574,
    "59": 0.011930686988428973,
    "62": 0.00002356909263906415,
    "73": 1.6462317786060192,
    "76": 0,
    "80": 4.463041047841898e-12,
    "82": 0.002883074090184956,
    "89": 0.013277230100991577,
    "91": 1.2901259495547326,
    "94": 0.3386343059396622,
    "97": 0.04338758990729058,
    "106": 0.018505953724316182,
    "107": 4.066501744005743,
    "113": 4.226192972133472,
    "123": 0.03560531567543118,
    "130": 0.6250361821534783,
    "131": 0.0016276715158332622,
    "132": 0.18059381862185125,
    "134": 0.016894463568681795,
    "135": 0.007918522530483807,
    "143": 0.5353226829936731,
    "144": 0,
    "151": 0.007918212815122838,
    "154": 0.0016273618004722934,
    "157": 0,
    "160": 1.1190700201789847,
    "171": 4.885869566706447e-7,
    "184": 26.408859288828747,
    "185": 0,
    "186": 0.005399815437874322,
    "189": 0.000007247753047667782,
    "196": 0.518745345412219,
    "197": 1.1525671237941093,
    "199": 5.89016635201312,
    "205": 0.2133893705913355,
    "207": 0.005399815437874322,
    "210": 0,
    "212": 16.0745224007643,
    "214": 0.00032111040692961446,
    "227": 8.164603831228774,
    "230": 0,
    "232": 27.947685185285444,
    "233": 0.44311657266412774,
    "235": 0,
    "237": 0.038276373520131135,
    "242": 0,
    "243": 1.324591686890919e-7,