{
  "id": "497",
  "name": "Serperior",
  "format_id": "showdown_gen9uu-1630",
  "usage_metrics": {
    "raw": 9598,
    "base_weight": 988.9907465758164,
    "percent": 6.391423053872278
  },
  "items": {
    "leftovers": 658.563173974826,
    "heavy-duty-boots": 109.85319620627158,
    "choice-scarf": 26.666595857538105,
    "life-orb": 27.250875020929616,
    "wide-lens": 16.686700579883887,
    "loaded-dice": 3.1000850608831607,
    "assault-vest": 57.40253690231078,
    "choice-specs": 9.896264978718747,
    "weakness-policy": 0.01908063324963194,
    "petaya-berry": 0.015557772225477995,
    "shell-bell": 0.06732200941914895,
    "meadow-plate": 2.8020401791134315,
    "sitrus-berry": 2.0280576739571865,
    "light-clay": 55.231904843873544,
    "metronome": 0.06500809603319047,
    "leppa-berry": 9.496407808020193,
    "blunder-policy": 0.00010240906716141307,
    "miracle-seed": 0.21503062237441,
    "nothing": 0.0076600741802312355,
    "choice-band": 0.00003809819354605448,
    "focus-sash": 6.934361270709816,
    "room-service": 0.30388556810574024,
    "heat-rock": 0.00007624779705023288,
    "lum-berry": 0.6079299685950685,
    "absorb-bulb": 0.03981596121401282,
    "expert-belt": 0.8998743003825431,
    "rocky-helmet": 0.5123363170025468,
    "quick-claw": 0,
    "mirror-herb": 0.01802613063465941,
    "covert-cloak": 0.17058988755760246,
    "big-root": 0.06810463675812845,
    "black-sludge": 0.02311255140486429,
    "eject-button": 0,
    "salac-berry": 0.000021297226094674215,
    "power-lens": 0,
    "adrenaline-orb": 0.00009532243445631305,
    "clear-amulet": 0.04487635465077988,
    "chesto-berry": 0.0000019602771419435783
  },
  "abilities": {
    "contrary": 980.5848479118428,
    "overgrow": 8.405898663973646
  },
  "moves": {
    "leaf-storm": 982.7039460218716,
    "tera-blast": 612.4919935557273,
    "substitute": 307.3064075050336,
    "glare": 750.7409130249066,
    "knock-off": 45.953225708289864,
    "reflect": 57.65310122217031,
    "dragon-pulse": 314.93353593659316,
    "leech-seed": 191.73962915527966,
    "synthesis": 307.1401257569099,
    "taunt": 102.02372169657778,
    "giga-drain": 127.38465137195458,
    "mirror-coat": 8.500940448824057,
    "protect": 50.80931700416498,
    "coil": 0.22775725668765762,
    "scale-shot": 5.324484905632566,
    "swords-dance": 2.7800352113934443,
    "bullet-seed": 2.7551248112540025,
    "hyper-beam": 1.9984835878772351,
    "calm-mind": 0.0046241843934701765,
    "light-screen": 56.2950893244034,
    "dragon-tail": 11.399941136819015,
    "sunny-day": 0.015558007315456923,
    "grass-knot": 0.08030169722215635,
    "leaf-blade": 0.6362526324580253,
    "frenzy-plant": 2.3322963792953435,
    "double-edge": 0.005024105644908516,
    "energy-ball": 1.987765639583079,
    "gastro-acid": 9.499585743815066,
    "iron-tail": 0.0849027664055611,
    "trailblaze": 0.009312984328950391,
    "magical-leaf": 0.011489550327169529,
    "outrage": 0.5647975712970481,
    "": 0.06277840267761287,
    "rest": 0.00009088424530362404,
    "swift": 0.16509156637643596,
    "grassy-terrain": 0.02350571701023424,
    "sleep-talk": 0.00008892396816168047,
    "growth": 0.06150423368162111,
    "solar-beam": 0.0699659004408944,
    "body-slam": 0,
    "seed-bomb": 0.000916084916342097,
    "grassy-glide": 0,
    "mean-look": 0.18144960098676371,
    "wrap": 0,
    "petal-blizzard": 0.0000019602771419435783,
    "facade": 0.0016285620109570131,
    "grass-pledge": 0.0016285620109570131,
    "mega-drain": 2.1116380866104123e-10
  },
  "teras": {
    "fire": 249.5844422424824,
    "rock": 84.17101310937727,
    "dragon": 89.1529304289106,
    "electric": 203.22894041809639,
    "stellar": 88.97876005273162,
    "grass": 57.17351988137119,
    "water": 53.055466022147876,
    "ice": 0.6260620073684483,
    "steel": 32.29240241979435,
    "poison": 15.218999510805913,
    "ground": 83.26078450847557,
    "fairy": 0.971246915757066,
    "ghost": 27.629219882503463,
    "normal": 0.1823744650744808,
    "flying": 0.14472287898390684,
    "psychic": 0.44091914068456284,
    "bug": 0,
    "dark": 0.0014323952696985165,
    "fighting": 2.8775102959835306
  },
  "spreads": [
    {
      "nature": "Timid",
      "usage": "32.5",
      "evs": {
        "hp": 0,
        "atk": 0,
        "def": 0,
        "spa": 252,
        "spd": 4,
        "spe": 252
      }
    },
    {
      "nature": "Timid",
      "usage": "24.8",
      "evs": {
        "hp": 204,
        "atk": 0,
        "def": 0,
        "spa": 52,
        "spd": 0,
        "spe": 252
      }
    },
    {
      "nature": "Timid",
      "usage": "10.5",
      "evs": {
        "hp": 252,
        "atk": 0,
        "def": 0,
        "spa": 4,
        "spd": 0,
        "spe": 252
      }
    },
    {
      "nature": "Timid",
      "usage": "5.8",
      "evs": {
        "hp": 0,
        "atk": 0,
        "def": 4,
        "spa": 252,
        "spd": 0,
        "spe": 252
      }
    },
    {
      "nature": "Timid",
      "usage": "3.4",
      "evs": {
        "hp": 248,
        "atk": 0,
        "def": 0,
        "spa": 20,
        "spd": 0,
        "spe": 240
      }
    },
    {
      "nature": "Timid",
      "usage": "2.9",
      "evs": {
        "hp": 24,
        "atk": 0,
        "def": 0,
        "spa": 252,
        "spd": 0,
        "spe": 232
      }
    },
    {
      "nature": "Timid",
      "usage": "2.9",
      "evs": {
        "hp": 4,
        "atk": 0,
        "def": 0,
        "spa": 252,
        "spd": 0,
        "spe": 252
      }
    },
    {
      "nature": "Timid",
      "usage": "1.9",
      "evs": {
        "hp": 56,
        "atk": 0,
        "def": 0,
        "spa": 200,
        "spd": 0,
        "spe": 252
      }
    },
    {
      "nature": "Modest",
      "usage": "1.9",
      "evs": {
        "hp": 4,
        "atk": 0,
        "def": 0,
        "spa": 252,
        "spd": 0,
        "spe": 252
      }
    },
    {
      "nature": "Timid",
      "usage": "1.3",
      "evs": {
        "hp": 0,
        "atk": 0,
        "def": 0,
        "spa": 252,
        "spd": 0,
        "spe": 252
      }
    }
  ],
  "teammates": {
    "3": 0,
    "6": 0.08454199515676802,
    "9": 14.281826157610784,
    "24": 0.03233240388787012,
    "25": 0,
    "26": 1.227755516697293e-7,
    "38": 0.06150423368162111,
    "39": 0,
    "45": 0.019961198380089862,
    "57": 0.11298322878299955,
    "59": 2.5586166166213697,
    "62": 0.0000309480907379478,
    "73": 57.74784731574359,
    "76": 24.150710996650048,
    "80": 1.6140868561643107,
    "82": 1.8199160065834263,
    "89": 0.32811282744721304,
    "91": 10.341584960229143,
    "94": 6.121235020626651,
    "101": 0,
    "103": 0.025014805172093757,
    "106": 0.7099779250002202,
    "107": 0,
    "110": 0.014966676173514548,
    "112": 0.000017254266446942168,
    "113": 0.19657971312425432,
    "123": 0.09152924422420078,
    "128": 0.35815456918506194,
    "130": 19.668991152920125,
    "131": 0,
    "132": 1.1785843174922308,
    "134": 0.17257648263272046,
    "135": 1.5877294891566194,
    "136": 2.1116380866104123e-10,
    "143": 0.5912826293262735,
    "144": 0.000004838082409086564,
    "148": 0.000592903789746968,
    "151": 14.137614998243606,
    "154": 0,
    "157": 0.015424079584359651,
    "160": 0.553704319498966,
    "164": 0.0005963688025281688,
    "168": 0,
    "171": 0,
    "184": 85.59645899332179,
    "186": 2.9641671376197247,
    "189": 0,
    "194": 0,
    "195": 19.02966563694071,
    "196": 13.063060555362759,
    "197": 0.4975808783119775,
    "198": 0,
    "199": 63.9195701516805,
    "205": 4.224418526320628,
    "207": 0.0013947832468229615,
    "212": 137.13366023413394,
    "214": 9.747562933399655,
    "217": 0.09072741711703713,
    "219": 0,
    "227": 137.99059734683468,
    "229": 3.8872507435172565e-9,
    "230": 0.021369890084162846,
    "232": 128.35456131647632,
    "233": 0.000007585698474699143,
    "235": 11.57979326257585,