{
  "id": "10275",
  "name": "Ogerpon Cornerstone Mask",
  "format_id": "showdown_gen9vgc2026regf-1760",
  "usage_metrics": {
    "raw": 59374,
    "base_weight": 650.1751456160754,
    "percent": 3.7802953996452353
  },
  "items": {
    "cornerstone-mask": 650.1751456160754
  },
  "abilities": {
    "sturdy": 650.1751456160754
  },
  "moves": {
    "ivy-cudgel": 650.0819081772389,
    "wood-hammer": 166.2981783157116,
    "follow-me": 644.5930455797777,
    "spiky-shield": 621.5081678019856,
    "power-whip": 216.55653642622553,
    "encore": 5.27496006547565,
    "protect": 0.31646576477100313,
    "taunt": 30.20178055542955,
    "horn-leech": 20.399352531475838,
    "swords-dance": 0.718471540813801,
    "seed-bomb": 0.22188319296994619,
    "helping-hand": 0.9445675128513094,
    "u-turn": 20.59858134665498,
    "substitute": 8.349656804851335e-8,
    "stomping-tantrum": 1.3607989606259459,
    "grassy-glide": 1.9526173827621922,
    "knock-off": 0.6704791018829979,
    "sandstorm": 8.17967725719182e-7,
    "focus-energy": 201.56152667049884,
    "": 0.000006489244510743397,
    "solar-blade": 13.442503132455945,
    "leech-seed": 0.43781695128402087,
    "grass-knot": 0.00001399706018906377,
    "rock-tomb": 0.000011294697418839927,
    "low-kick": 0.7082077271815572,
    "brick-break": 0.044778794091220764,
    "spikes": 0.0005330861253467489,
    "zen-headbutt": 0,
    "giga-drain": 0.032275601548356236,
    "play-rough": 0.026737420017275082,
    "trailblaze": 2.367344243805295,
    "superpower": 0.24931026841565657,
    "low-sweep": 0,
    "tera-blast": 0,
    "throat-chop": 0.007872063337539925,
    "charm": 0.0032801931662645445,
    "scary-face": 0.0032801931662645445,
    "bullet-seed": 0.0000025277428905012833,
    "grassy-terrain": 0,
    "synthesis": 0.000006742652537028437,
    "rain-dance": 0,
    "double-kick": 6.856127443555238e-9,
    "facade": 0.00002505188272827752,
    "counter": 0.0932210887574158,
    "quick-attack": 0.017203115507635924,
    "sunny-day": 0.00681158453587466,
    "energy-ball": 0,
    "leaf-storm": 0.00001906214643698778,
    "rest": 0,
    "reversal": 2.0704493675083313e-11,
    "lash-out": 0
  },
  "teras": {
    "rock": 650.1751456160754
  },
  "spreads": [
    {
      "nature": "Adamant",
      "usage": "35.7",
      "evs": {
        "hp": 0,
        "atk": 252,
        "def": 4,
        "spa": 0,
        "spd": 0,
        "spe": 252
      }
    },
    {
      "nature": "Jolly",
      "usage": "12.7",
      "evs": {
        "hp": 4,
        "atk": 252,
        "def": 0,
        "spa": 0,
        "spd": 0,
        "spe": 252
      }
    },
    {
      "nature": "Jolly",
      "usage": "12.1",
      "evs": {
        "hp": 0,
        "atk": 252,
        "def": 0,
        "spa": 0,
        "spd": 4,
        "spe": 252
      }
    },
    {
      "nature": "Jolly",
      "usage": "7.6",
      "evs": {
        "hp": 4,
        "atk": 196,
        "def": 52,
        "spa": 0,
        "spd": 4,
        "spe": 252
      }
    },
    {
      "nature": "Jolly",
      "usage": "6.0",
      "evs": {
        "hp": 0,
        "atk": 252,
        "def": 4,
        "spa": 0,
        "spd": 0,
        "spe": 252
      }
    },
    {
      "nature": "Jolly",
      "usage": "3.6",
      "evs": {
        "hp": 4,
        "atk": 244,
        "def": 4,
        "spa": 0,
        "spd": 4,
        "spe": 252
      }
    },
    {
      "nature": "Jolly",
      "usage": "3.0",
      "evs": {
        "hp": 140,
        "atk": 60,
        "def": 52,
        "spa": 0,
        "spd": 4,
        "spe": 252
      }
    },
    {
      "nature": "Adamant",
      "usage": "1.4",
      "evs": {
        "hp": 4,
        "atk": 252,
        "def": 0,
        "spa": 0,
        "spd": 0,
        "spe": 252
      }
    },
    {
      "nature": "Jolly",
      "usage": "1.3",
      "evs": {
        "hp": 36,
        "atk": 204,
        "def": 12,
        "spa": 0,
        "spd": 4,
        "spe": 252
      }
    },
    {
      "nature": "Jolly",
      "usage": "1.3",
      "evs": {
        "hp": 252,
        "atk": 4,
        "def": 0,
        "spa": 0,
        "spd": 0,
        "spe": 252
      }
    }
  ],
  "teammates": {
    "3": 0.1783605453172406,
    "6": 0.10051192738776499,
    "8": 0.010538122546579765,
    "9": 0.0003468693370015652,
    "24": 0,
    "25": 0.00009632846835078146,
    "26": 0.04828867463177938,
    "35": 0.03336179797748223,
    "36": 1.6179352302359007e-10,
    "38": 3.395364549403386,
    "40": 0.19590202947625596,
    "45": 0.001090274993501672,
    "48": 0.00006024766942402948,
    "51": 0.0008298804936701654,
    "55": 6.391502348490619e-7,
    "57": 0.000002527742903657426,
    "59": 0.1403148258241012,
    "62": 0,
    "71": 2.5979218776228663e-14,
    "76": 0,
    "79": 0.11377652362031182,
    "80": 0.09065810399680191,
    "82": 0.0000022714514726907,
    "85": 6.512076988762772e-10,
    "89": 0.000044568970445968414,
    "91": 0,
    "93": 5.551115123125783e-17,
    "94": 1.6992685036854027e-10,
    "103": 0.0000909642661857113,
    "107": 0,
    "110": 2.2627859201988194,
    "112": 0.000026132263624911722,
    "113": 2.7464414076305843e-8,
    "123": 9.61538459964828e-10,
    "125": 0.036371255075778375,
    "126": 0.005279790512058291,
    "128": 0.0032736824060722314,
    "129": 0,
    "130": 0.02020946903284676,
    "131": 0.03649489182232096,
    "132": 0.030869672886358057,
    "135": 0.004196825190493414,
    "136": 0.000005828669873864101,
    "143": 1.3496983031213716e-8,
    "144": 2.7832862909909135,
    "145": 0.021881287241605263,
    "146": 0.00030982972730764224,
    "149": 15.647768944585055,
    "153": 3.885780586188048e-16,
    "157": 0.00048161178663075344,
    "160": 0.005869811975580397,
    "161": 0.000099390121297116,
    "162": 5.589972928987663e-14,
    "168": 2.1649348980190553e-15,
    "171": 0.005579985244989483,
    "181": 0.00006024704344820275,
    "182": 0,
    "184": 0.13472863778753885,
    "186": 0.003222366896851625,
    "189": 0.1344483934552535,
    "192": 4.372890938242335e-12,
    "194": 5.3083759610217385e-11,
    "195": 0.06023188017473813,
    "196": 0.056243350134896786,
    "197": 0.09226923689849803,
    "198": 0.02267187646071822,
    "199": 0.000013983115352445008,
    "200": 0.009854264755164877,
    "210": 0.00008718464051904462,
    "212": 0.14301210340528075,
    "217": 0,
    "227": 0,
    "229": 0.000897532293506198,
    "230": 6.40556829800687e-10,
    "231": 0,
    "232": 0.000006325683036267904,
    "233": 3.5480145471065243,
    "235": 3.6862033148413853,
    "237": 0.024410592608811954,
    "242": 0.00011312299290539007,
    "243": 0.0000033467171484669045,
    "244": 8.118147659810118,
    "245": 0.2421266175123475,
    "248": 0.49315367942220223,
    "254": 0.16255050903095603,
    "257": 0.23880426729991977,
    "260": 0.000007508829960867214,
    "272": 0.06480851440551477,
    "275": 2.1177934406146903e-9,
    "279": 3.6161677437153186,
    "280": 0,
    "282": 0.04188596014814627,
    "284": 0,
    "286": 0.005100874576064396,
    "289": 0.009089322462505545,
    "297": 5.050074469714616e-9,
    "302": 0.11428267856728319,
    "308": 0.015875337460939498,
    "313": 0.000003017357222578898,
    "314": 0.001207962780901406,
    "322": 0,
    "323": 0.02120751842396157,
    "324": 113.73507452744279,
    "326": 0,
    "330": 0.001973457141442758,
    "332": 0,
    "334": 0.000002851993625208049,
    "335": 0.000001318928039839573,
    "342": 0.000016523164107329347,
    "350": 10.423421381064864,
    "356": 0.5281018924110887,
    "357": 0,
    "362": 0.017413544862338537,
    "373": 0.08342955501222238,
    "375": 0.004448275840350346,
    "376": 18.052779060237906,
    "377": 1.3945749527399798e-7,
    "378": 0.0014949880229112589,
    "379": 0.006165660108511273,
    "380": 0.13182653254640342,
    "381": 2.1867317060689766,
    "389": 0.020716956629229455,
    "392": 0.007542581903981771,
    "395": 1.029503284051387,