{
  "id": "486",
  "name": "Regigigas",
  "format_id": "showdown_gen9vgc2026regf-1760",
  "usage_metrics": {
    "raw": 20463,
    "base_weight": 148.88497809950096,
    "percent": 1.3028629494886725
  },
  "roles": [
    {
      "role": "role_sweeper_physical",
      "label": "Physical Sweeper",
      "category": "OFF"
    }
  ],
  "items": {
    "leftovers": 0.6552831773772729,
    "choice-band": 1.5498545480484403,
    "life-orb": 123.52955907035074,
    "clear-amulet": 6.12358628114323,
    "assault-vest": 1.4753583270324864,
    "choice-specs": 0.15475392406123945,
    "covert-cloak": 3.272752609384385,
    "sitrus-berry": 1.0784264425014927,
    "safety-goggles": 0.35954801709337064,
    "rocky-helmet": 0.19226195584734374,
    "damp-rock": 0,
    "lum-berry": 0.1278607394939374,
    "silk-scarf": 2.7237709055529002,
    "aguav-berry": 0.00026665135736242407,
    "choice-scarf": 4.871635322898085,
    "nothing": 0.00017915048560401825,
    "flame-orb": 0.002211588091105665,
    "heavy-duty-boots": 2.889366523817216e-11,
    "pomeg-berry": 0.18658842749477983,
    "chople-berry": 0.463971733373842,
    "weakness-policy": 0.06284163365353812,
    "focus-sash": 0.460937016384492,
    "toxic-orb": 0.0000059492580714581855,
    "fist-plate": 1.3916090502164025e-12,
    "adrenaline-orb": 0.0036322788209074974,
    "normal-gem": 4.440892098500626e-16,
    "chesto-berry": 2.5545093884637993e-7,
    "iron-ball": 0.00001944061441089273,
    "mago-berry": 3.62279317656089e-10,
    "mental-herb": 0.00948914956947794,
    "wide-lens": 0,
    "expert-belt": 4.226272609653137e-8,
    "mirror-herb": 0.00008833562758353564,
    "eject-button": 1.7344027880561441e-9,
    "blunder-policy": 0,
    "punching-glove": 0.00025003819119656656,
    "safari-ball": 1.5654144647214707e-14,
    "figy-berry": 0.0016852249179034051,
    "grassy-seed": 0,
    "room-service": 0.0004096434262041426,
    "shell-bell": 0,
    "muscle-band": 0.11029619264756263,
    "heat-rock": 0.00011100483326625943,
    "eject-pack": 0.00003231630034677968,
    "power-herb": 0.000020812200139164183,
    "white-herb": 1.432187701766452e-14,
    "bright-powder": 1.4672883411742361,
    "red-card": 2.612299265791762e-12,
    "iapapa-berry": 7.14277470503788e-9,
    "booster-energy": 0.000001543308196960691,
    "big-root": 0
  },
  "abilities": {
    "slow-start": 148.88497809950096
  },
  "moves": {
    "wide-guard": 3.1335380184498103,
    "double-edge": 24.457636147145767,
    "knock-off": 21.40971406739671,
    "protect": 136.42682110293333,
    "high-horsepower": 129.26504568043643,
    "brick-break": 0.14707775062573542,
    "earthquake": 8.88524284483995,
    "drain-punch": 3.9151713457654713,
    "ice-punch": 8.35372800993167,
    "crush-grip": 121.05101176386694,
    "bulldoze": 1.0382529632043411,
    "rock-slide": 3.9069267248142743,
    "thunder-wave": 2.5594242873605406,
    "stomping-tantrum": 0.009683614063367318,
    "heat-crash": 69.05132654362605,
    "stone-edge": 0.09373409391201476,
    "avalanche": 0.02644024605231099,
    "heavy-slam": 46.731842028049584,
    "hammer-arm": 0.3736269961897799,
    "body-slam": 2.8254255421771095,
    "tera-blast": 1.2563325449746436,
    "substitute": 0.27937660813610826,
    "icy-wind": 0.7339790085552389,
    "earth-power": 0.1547539240668459,
    "thunderbolt": 0.15482871551753286,
    "fire-punch": 0.07605132248091806,
    "zen-headbutt": 0.05601565432913591,
    "giga-impact": 1.3932985926493575,
    "iron-head": 1.97192722815199,
    "thunder-punch": 0.8816632640231545,
    "rain-dance": 2.9671926027319273e-9,
    "confuse-ray": 1.5213010013681623,
    "body-press": 0.46160473965007737,
    "facade": 0.3922274647999822,
    "": 1.383195363859468,
    "rest": 0.025388171201921828,
    "sleep-talk": 2.719554689223358e-7,
    "focus-punch": 0.0016310660458496717,
    "focus-blast": 0.03236899624677397,
    "payback": 0.00005637870404401335,
    "mega-punch": 0.0020397929786227786,
    "hard-press": 0.000007732911240232454,
    "rock-tomb": 1.2824094891561444e-7,
    "hyper-beam": 0.052172240806954984,
    "gravity": 0.9086548094997415,
    "sunny-day": 0.1298589524032357,
    "thunder": 0.009489149569381294,
    "fling": 0.000019440614401344813,
    "pound": 0,
    "smack-down": 6.045556005807029e-8,
    "stomp": 0
  },
  "teras": {
    "ghost": 129.07524717699437,
    "ground": 3.1206497150107158,
    "stellar": 1.9714653628765493,
    "fighting": 0.214868498577587,
    "normal": 8.756024738704864,
    "flying": 0.01768696225524896,
    "dragon": 0.0000010697886296817671,
    "fire": 0.03624369464819588,
    "grass": 0.15569803422407663,
    "fairy": 1.921439750864008,
    "rock": 0.0002430171243928414,
    "steel": 0.6861403431959061,
    "water": 0.7364529592168014,
    "electric": 0.14749078316722436,
    "dark": 0.0046164861194967766,
    "poison": 0.5140340754479789,
    "psychic": 0.041701714955568236,
    "bug": 1.4848913131007628,
    "ice": 0.00008240322888919405
  },
  "spreads": [
    {
      "nature": "jolly",
      "usage": "28.4",
      "evs": {
        "hp": 0,
        "atk": 252,
        "def": 0,
        "spa": 0,
        "spd": 4,
        "spe": 252
      }
    },
    {
      "nature": "jolly",
      "usage": "15.3",
      "evs": {
        "hp": 4,
        "atk": 252,
        "def": 0,
        "spa": 0,
        "spd": 0,
        "spe": 252
      }
    },
    {
      "nature": "adamant",
      "usage": "11.5",
      "evs": {
        "hp": 0,
        "atk": 252,
        "def": 0,
        "spa": 0,
        "spd": 4,
        "spe": 252
      }
    },
    {
      "nature": "adamant",
      "usage": "10.3",
      "evs": {
        "hp": 4,
        "atk": 252,
        "def": 0,
        "spa": 0,
        "spd": 0,
        "spe": 252
      }
    },
    {
      "nature": "jolly",
      "usage": "9.7",
      "evs": {
        "hp": 28,
        "atk": 252,
        "def": 36,
        "spa": 0,
        "spd": 36,
        "spe": 156
      }
    },
    {
      "nature": "jolly",
      "usage": "6.0",
      "evs": {
        "hp": 28,
        "atk": 236,
        "def": 4,
        "spa": 0,
        "spd": 4,
        "spe": 236
      }
    },
    {
      "nature": "jolly",
      "usage": "2.9",
      "evs": {
        "hp": 0,
        "atk": 252,
        "def": 4,
        "spa": 0,
        "spd": 0,
        "spe": 252
      }
    },
    {
      "nature": "adamant",
      "usage": "2.7",
      "evs": {
        "hp": 0,
        "atk": 252,
        "def": 4,
        "spa": 0,
        "spd": 0,
        "spe": 252
      }
    },
    {
      "nature": "adamant",
      "usage": "2.0",
      "evs": {
        "hp": 148,
        "atk": 204,
        "def": 156,
        "spa": 0,
        "spd": 0,
        "spe": 0
      }
    },
    {
      "nature": "adamant",
      "usage": "1.7",
      "evs": {
        "hp": 188,
        "atk": 76,
        "def": 4,
        "spa": 0,
        "spd": 4,
        "spe": 236
      }
    }
  ],
  "teammates": {
    "3": 0.011390505284536723,
    "6": 0.0012205982301464746,
    "9": 0.01994971931291556,
    "24": 0.0000019503447816759945,
    "25": 0.016831082984514023,
    "26": 0.000055690686212639395,
    "35": 0.009341859138340292,
    "36": 0.1029745389873104,
    "38": 0.002623418998140392,
    "40": 0,
    "50": 0,
    "51": 1.6139589281705113e-7,
    "53": 0.012700531664429027,
    "54": 0.016901423516518244,
    "55": 0,
    "59": 0.005593167831197232,
    "62": 0.0000464352096415932,
    "73": 6.405431740574841e-13,
    "76": 0.000051832603541301925,
    "80": 0.00004151773126703784,
    "85": 4.0511641985485625e-8,
    "87": 0.0033705434756978736,
    "91": 9.649957348756288e-7,
    "93": 8.035967835606783e-9,
    "94": 0.004555598436883357,
    "97": 1.4871437414853972e-13,
    "103": 0.0009971726685912286,
    "109": 2.124919487727537,
    "110": 12.318136635178949,
    "113": 2.7464414076305843e-8,
    "123": 5.649980483468653e-12,
    "125": 0.000011133465956769673,
    "126": 0,
    "129": 0,