{
  "id": "10248",
  "name": "Basculegion Female",
  "format_id": "showdown_gen9ru",
  "usage_metrics": {
    "raw": 8727,
    "base_weight": 366.7216711915799,
    "percent": 11.685233785014193
  },
  "items": {
    "weakness-policy": 65.32003507219906,
    "metronome": 149.4620610635772,
    "choice-scarf": 21.81575474029912,
    "choice-specs": 100.94619643228337,
    "assault-vest": 1.2342529153247526,
    "life-orb": 2.744849200271995,
    "expert-belt": 0.17622950336668802,
    "shell-bell": 0,
    "room-service": 0.000012209184936384787,
    "wise-glasses": 0,
    "nothing": 0.08766503915085866,
    "leftovers": 3.8696193231801774,
    "choice-band": 0.01471365934243929,
    "mystic-water": 14.111209882810593,
    "splash-plate": 0.0004408609775555794,
    "heavy-duty-boots": 6.853238122250167,
    "rocky-helmet": 0.00044543214963954636,
    "air-balloon": 0,
    "salac-berry": 0,
    "petaya-berry": 0.00016441903147623727,
    "focus-sash": 2.1649348980190553e-15,
    "silk-scarf": 0.04855424418166815,
    "razor-claw": 0.00002186007725729633,
    "blunder-policy": 4.5973502782459263e-11,
    "colbur-berry": 0.030551154839755623,
    "sitrus-berry": 1.5810200981736244e-8,
    "mirror-herb": 0.0001085236754786445,
    "chesto-berry": 0,
    "black-belt": 0.005429576105062339,
    "quick-claw": 0,
    "binding-band": 0.000012941203895333597,
    "toxic-orb": 0,
    "spell-tag": 0.0000023925264988622352,
    "damp-rock": 0.00010260771427234028,
    "power-herb": 0
  },
  "abilities": {
    "adaptability": 297.20435374788144,
    "swift-swim": 69.50703447605113,
    "mold-breaker": 0.010282967647377128
  },
  "moves": {
    "agility": 66.10909418661454,
    "shadow-ball": 366.53940990770326,
    "surf": 348.8663410822318,
    "ice-beam": 326.03162663037295,
    "substitute": 152.50610232537588,
    "flip-turn": 79.55411137874518,
    "hydro-pump": 17.80079145743382,
    "tera-blast": 1.0926150967406456,
    "aqua-jet": 57.9880260383869,
    "mud-shot": 0.00040645916954418215,
    "blizzard": 0.8735795369812334,
    "hex": 44.660915735122956,
    "wave-crash": 0.714943030283494,
    "phantom-force": 0.06712841082008919,
    "rain-dance": 0.3587684298448855,
    "outrage": 0.00044049759144559886,
    "zen-headbutt": 0.0009588346735780462,
    "head-smash": 0.05424221511232502,
    "liquidation": 0.0024392640242150154,
    "psychic-fangs": 0.0008117413086130565,
    "crunch": 0.05454031841895157,
    "night-shade": 0.00014026040980380516,
    "icy-wind": 0.0015248320817204952,
    "hyper-beam": 0.03774126549976903,
    "protect": 0.00006558807290235613,
    "double-edge": 0,
    "pain-split": 1.0509392380537896,
    "waterfall": 0.00006120497957479154,
    "ice-fang": 0.015028283994955594,
    "whirlpool": 1.1613267509840712,
    "facade": 0,
    "soak": 0,
    "chilling-water": 0.8869540364325219,
    "scale-shot": 0,
    "endeavor": 0,
    "thrash": 0,
    "giga-impact": 0.00002249541907300978,
    "": 0.4554792665042425,
    "rest": 0.000026813176385087623,
    "muddy-water": 0.00002613487175107121,
    "water-pulse": 0,
    "confuse-ray": 0.000026813176385087623,
    "spite": 0.000026813176385087623,
    "bite": 0.0000023925264988622352
  },
  "teras": {
    "ghost": 39.86870741740432,
    "water": 309.6983714853272,
    "stellar": 0.008625495466088373,
    "fairy": 1.5418933486615771,
    "dark": 3.6937501243672446,
    "grass": 1.0872270944903413,
    "ground": 6.369435327684419,
    "normal": 0.2995443450008457,
    "electric": 0.03104026871055321,
    "ice": 4.093176556878824,
    "steel": 0.003934812946178479,
    "dragon": 0.005037779964581379,
    "fighting": 0.020872874409968156,
    "fire": 4.960505894935352e-10,
    "psychic": 0.000054226822644276584,
    "bug": 0,
    "flying": 3.2948302586266465e-8
  },
  "spreads": [
    {
      "nature": "Timid",
      "usage": "53.3",
      "evs": {
        "hp": 0,
        "atk": 0,
        "def": 0,
        "spa": 252,
        "spd": 4,
        "spe": 252
      }
    },
    {
      "nature": "Modest",
      "usage": "12.3",
      "evs": {
        "hp": 4,
        "atk": 0,
        "def": 0,
        "spa": 252,
        "spd": 0,
        "spe": 252
      }
    },
    {
      "nature": "Modest",
      "usage": "9.0",
      "evs": {
        "hp": 252,
        "atk": 4,
        "def": 0,
        "spa": 252,
        "spd": 0,
        "spe": 0
      }
    },
    {
      "nature": "Timid",
      "usage": "7.3",
      "evs": {
        "hp": 0,
        "atk": 0,
        "def": 4,
        "spa": 252,
        "spd": 0,
        "spe": 252
      }
    },
    {
      "nature": "Modest",
      "usage": "5.8",
      "evs": {
        "hp": 0,
        "atk": 0,
        "def": 52,
        "spa": 236,
        "spd": 24,
        "spe": 196
      }
    },
    {
      "nature": "Serious",
      "usage": "3.2",
      "evs": {
        "hp": 0,
        "atk": 4,
        "def": 0,
        "spa": 252,
        "spd": 0,
        "spe": 252
      }
    },
    {
      "nature": "Modest",
      "usage": "1.9",
      "evs": {
        "hp": 0,
        "atk": 0,
        "def": 0,
        "spa": 252,
        "spd": 4,
        "spe": 252
      }
    },
    {
      "nature": "Timid",
      "usage": "1.7",
      "evs": {
        "hp": 0,
        "atk": 0,
        "def": 104,
        "spa": 208,
        "spd": 0,
        "spe": 196
      }
    },
    {
      "nature": "Modest",
      "usage": "1.1",
      "evs": {
        "hp": 0,
        "atk": 0,
        "def": 52,
        "spa": 180,
        "spd": 24,
        "spe": 252
      }
    },
    {
      "nature": "Modest",
      "usage": "0.9",
      "evs": {
        "hp": 0,
        "atk": 0,
        "def": 0,
        "spa": 252,
        "spd": 108,
        "spe": 148
      }
    }
  ],
  "teammates": {
    "3": 0.014207418963802121,
    "6": 7.995736267529807e-7,
    "26": 0.0025199508344556643,
    "38": 8.02176187697512e-7,
    "45": 0.0284978224732918,
    "55": 0,
    "57": 0,
    "59": 0.15396549235791523,
    "62": 0.21272296555324083,
    "71": 0,
    "73": 0.017329549285260593,
    "80": 1.544505959171512,
    "82": 0.40465819470813646,
    "87": 0.0000992376314785659,
    "91": 0.015912129176405665,
    "94": 15.728406850104284,
    "106": 0.3155799868104836,
    "112": 0.6946942728459115,
    "113": 44.67179780746262,
    "123": 0.6939882536895472,
    "128": 0.00007244765157093935,
    "132": 31.76712265609426,
    "134": 0.29898389238106476,
    "135": 0.0038710781630241775,
    "143": 0.00010494440387437409,
    "144": 0.06796791788042728,
    "151": 17.282889200844327,
    "157": 0.00010494440387437409,
    "160": 0.3171130063648653,
    "168": 0,
    "171": 0,
    "186": 73.3904217499606,
    "195": 1.738683501025507,
    "196": 0.01713754622482183,
    "197": 5.651347450923325,
    "198": 0,
    "200": 0.000010539230665351784,
    "205": 80.18788242352157,
    "206": 0,
    "207": 0.016180280076894038,
    "211": 0,
    "214": 0.7994877685235128,
    "215": 0.8838245365201634,
    "217": 0.00010494440387437409,
    "221": 0.018020755113242304,
    "230": 6.038474080086087,
    "233": 0.00043128875529885313,
    "242": 4.370918011780408,
    "243": 0.8137982572720852,
    "244": 10.03127066014824,
    "245": 0.027275957112458893,
    "254": 0,
    "260": 0.05058474147171255,
    "272": 0.4643433891496398,
    "282": 6.40551700268549,
    "284": 0.6467237397159248,
    "286": 5.005350397614236,
    "289": 0.000012209184936384787,
    "297": 0.029893261702800766,
    "302": 0.009298465347012674,
    "308": 0.12228757472475477,
    "313": 0.014210516402276274,
    "314": 0.007583726850197481,
    "324": 0.012670621249829872,
    "330": 0.8803457745916476,
    "334": 1.3312118641272703,
    "336": 0.0012958490919900978,
    "342": 6.123792060770523,
    "356": 0,
    "358": 0.00010793949394055646,
    "379": 14.756937036211033,
    "385": 6.21458741782298,
    "389": 194.8069025704307,
    "392": 1.4462512810070185,
    "395": 12.053242134966174,