{
  "id": "10181",
  "name": "Zygarde 10",
  "format_id": "showdown_gen9legendszaou-1630",
  "usage_metrics": {
    "raw": 6573,
    "base_weight": 574.3925729688633,
    "percent": 2.3615681991290978
  },
  "roles": [
    {
      "role": "role_sweeper_physical",
      "label": "Physical Sweeper",
      "category": "OFF"
    }
  ],
  "items": {
    "choice-band": 529.0582286212897,
    "life-orb": 11.528515562311647,
    "loaded-dice": 5.977025103916155,
    "leftovers": 2.84906795173395,
    "muscle-band": 0.052852672203669515,
    "roseli-berry": 0.004758761285952318,
    "mirror-herb": 0.030101203687929845,
    "assault-vest": 0.05540070402789893,
    "choice-scarf": 18.099344231299636,
    "focus-sash": 3.2253708407758346,
    "air-balloon": 0.0006957286261917717,
    "silk-scarf": 0.26022892422666344,
    "heavy-duty-boots": 0.12045629215528653,
    "lum-berry": 2.1498425957254046,
    "persim-berry": 0.20634509113130411,
    "eject-pack": 0.24975133032393043,
    "nothing": 0.00028351613650878793,
    "expert-belt": 0.003535421530510785,
    "clear-amulet": 0.000023853115999283858,
    "rocky-helmet": 0.07459166276807316,
    "soft-sand": 0.000023209118875711088,
    "earth-plate": 0.000001539862041710638,
    "draco-plate": 0,
    "yache-berry": 0.006848798493265251,
    "dragon-fang": 1.109445868507919e-12,
    "power-bracer": 0,
    "aguav-berry": 0.004290437833348315,
    "weakness-policy": 0.17430273054955397,
    "heat-rock": 0,
    "shell-bell": 0,
    "sitrus-berry": 0,
    "covert-cloak": 0.2606861847353032
  },
  "abilities": {
    "aura-break": 574.3925729688633
  },
  "moves": {
    "thousand-arrows": 573.7544878633794,
    "outrage": 441.3098404501801,
    "superpower": 8.831225831212942,
    "extreme-speed": 556.9013955470119,
    "glare": 59.94723172603972,
    "iron-head": 215.2416082868229,
    "earthquake": 102.46196913677477,
    "thousand-waves": 17.2810923572563,
    "facade": 0.20603093450282323,
    "dragon-dance": 13.003833668698611,
    "crunch": 21.520219161255653,
    "stone-edge": 12.444258558006853,
    "coil": 0.7869242762505697,
    "scale-shot": 121.86343054450104,
    "dragon-tail": 7.6804953927533,
    "psychic-fangs": 13.480962009092702,
    "bulldoze": 0.9195024537646576,
    "return": 0.000250953281429378,
    "skitter-smack": 0.02235494330742427,
    "rock-slide": 56.31061154332753,
    "protect": 0.04591914948758835,
    "breaking-swipe": 1.0082053321279614,
    "iron-tail": 58.593499748448494,
    "zen-headbutt": 9.060957409119164,
    "core-enforcer": 0.35895583587162244,
    "substitute": 2.579271570818345,
    "rest": 0.023789325108854897,
    "brick-break": 0.4623914055293397,
    "magnet-bomb": 7.208988633822244e-8,
    "haze": 0.02963802349212713,
    "dragon-pulse": 0.001179244401690871,
    "earth-power": 0.0007384473023228644,
    "draco-meteor": 0.0013859990169601266,
    "lands-wrath": 0.01006264918889066,
    "focus-blast": 4.801355930061924e-7,
    "tri-attack": 0.06796097974477655,
    "": 0,
    "sunny-day": 0.6537026669763907,
    "hyper-voice": 0,
    "giga-impact": 0,
    "grass-knot": 0.0010634861220308878,
    "body-slam": 6.170018918005837e-8,
    "sleep-talk": 0,
    "poison-fang": 0.0000033752449200008527,
    "endure": 0.17430273052823114,
    "sludge-wave": 0.26931440413312197,
    "dig": 0,
    "high-horsepower": 8.540165714610026e-7,
    "reversal": 0.0000023221822436081396,
    "camouflage": 0.2602206652492042
  },
  "teras": {
    "nothing": 574.3925729688633
  },
  "spreads": [
    {
      "nature": "jolly",
      "usage": "57.3",
      "evs": {
        "hp": 0,
        "atk": 252,
        "def": 0,
        "spa": 0,
        "spd": 4,
        "spe": 252
      }
    },
    {
      "nature": "jolly",
      "usage": "28.5",
      "evs": {
        "hp": 4,
        "atk": 252,
        "def": 0,
        "spa": 0,
        "spd": 0,
        "spe": 252
      }
    },
    {
      "nature": "adamant",
      "usage": "6.0",
      "evs": {
        "hp": 0,
        "atk": 252,
        "def": 0,
        "spa": 0,
        "spd": 0,
        "spe": 252
      }
    },
    {
      "nature": "adamant",
      "usage": "3.5",
      "evs": {
        "hp": 0,
        "atk": 252,
        "def": 0,
        "spa": 0,
        "spd": 4,
        "spe": 252
      }
    },
    {
      "nature": "jolly",
      "usage": "1.4",
      "evs": {
        "hp": 0,
        "atk": 252,
        "def": 4,
        "spa": 0,
        "spd": 0,
        "spe": 252
      }
    },
    {
      "nature": "jolly",
      "usage": "1.3",
      "evs": {
        "hp": 0,
        "atk": 252,
        "def": 0,
        "spa": 0,
        "spd": 0,
        "spe": 252
      }
    },
    {
      "nature": "adamant",
      "usage": "0.8",
      "evs": {
        "hp": 0,
        "atk": 252,
        "def": 4,
        "spa": 0,
        "spd": 0,
        "spe": 252
      }
    },
    {
      "nature": "adamant",
      "usage": "0.4",
      "evs": {
        "hp": 4,
        "atk": 252,
        "def": 0,
        "spa": 0,
        "spd": 0,
        "spe": 252
      }
    },
    {
      "nature": "adamant",
      "usage": "0.3",
      "evs": {
        "hp": 0,
        "atk": 252,
        "def": 0,
        "spa": 4,
        "spd": 0,
        "spe": 252
      }
    },
    {
      "nature": "hardy",
      "usage": "0.1",
      "evs": {
        "hp": 0,
        "atk": 252,
        "def": 0,
        "spa": 0,
        "spd": 0,
        "spe": 0
      }
    }
  ],
  "teammates": {
    "3": 0.6612619653000197,
    "6": 0.05924045992735294,
    "9": 13.141398482007022,
    "18": 0,
    "24": 0.06880597053211968,
    "26": 0.0002476750006967232,
    "36": 33.99951995105043,
    "39": 0,
    "40": 6.297260490839562e-10,
    "57": 0.09498637747071725,
    "65": 5.281449857947564,
    "67": 0.019912490125557347,
    "68": 0.002447562757068533,
    "71": 0,
    "80": 137.77523167482713,
    "93": 0,
    "94": 0.8127170796912293,
    "104": 3.5550648724846923e-7,
    "121": 2.0573734364215337,
    "123": 9.992007221626409e-16,
    "130": 28.32295639581802,
    "132": 0,
    "134": 0.6101613184921526,
    "135": 0.8453922794427476,
    "142": 0.43339696633894703,
    "149": 17.01178923186067,
    "154": 0,
    "160": 0.018171869734570134,
    "167": 2.558971934230458,
    "168": 0.6392249322842483,
    "169": 10.957731939419563,
    "181": 7.001527690952969e-10,
    "196": 0.0013189220303434501,
    "197": 3.916495470004935,
    "199": 1.9706028186005566,
    "208": 0.0962021252313835,
    "212": 14.06681770798004,
    "214": 0,
    "227": 86.55769109437064,
    "233": 51.93355770261623,
    "248": 48.15663247916549,
    "254": 0.035487919902650156,
    "257": 9.281099613783676,
    "260": 0.569657077017511,
    "282": 0.23939647561725003,
    "302": 0.0009093307754687863,
    "303": 4.0190073491430667e-14,
    "304": 0,
    "306": 0.0008304038898940824,
    "319": 0.010905427105566023,
    "323": 0.026111978071945763,
    "350": 34.14176907014261,
    "352": 0,
    "362": 0,
    "373": 0.36358119341166345,
    "376": 0.3624213334560976,
    "380": 3.458436237745056,
    "381": 5.562524493719777,
    "396": 0,
    "398": 0.22287984862652416,
    "407": 0.06660175690248016,
    "428": 0.033464523150642356,
    "445": 36.24129158093177,
    "448": 1.989245657085803e-9,
    "450": 3.7809923428645043,
    "460": 3.3245693531469556e-7,
    "470": 0.00001192949172779123,
    "471": 0,
    "474": 85.51409544947225,
    "475": 0.00006967587120654262,
    "478": 0.4313174930780085,
    "485": 55.72111232225886,
    "491": 37.80749480056236,
    "499": 6.170018918005837e-8,
    "500": 0,
    "510": 0.021785249707576393,
    "512": 0.12554958889889828,
    "518": 6.209225126285745e-7,
    "530": 13.622812740581002,
    "531": 0.15802031607379463,
    "544": 0.00006814398718341108,
    "545": 0.6420991678627218,
    "553": 3.1667110911912544,
    "560": 0.0007968511201361106,
    "563": 2.0169241139420055,
    "569": 0,
    "584": 0.01044271516550005,