{
  "id": "233",
  "name": "Porygon2",
  "format_id": "showdown_gen9legendszaou-1630",
  "usage_metrics": {
    "raw": 7312,
    "base_weight": 522.2330349534086,
    "percent": 2.627078453070434
  },
  "roles": [
    {
      "role": "role_tr_setter",
      "label": "Trick Room Setter",
      "category": "SUP"
    },
    {
      "role": "role_wall_special",
      "label": "Special Wall",
      "category": "DEF"
    }
  ],
  "items": {
    "eviolite": 521.5076391699606,
    "blunder-policy": 2.2349979844626944e-7,
    "choice-scarf": 0.12899959778954,
    "leftovers": 0.00106260742067682,
    "life-orb": 0.36638605681349634,
    "air-balloon": 0.00003931680852842234,
    "nothing": 0.22890798111560312
  },
  "abilities": {
    "trace": 267.05935548766035,
    "download": 218.59932107799094,
    "analytic": 36.574358387757336
  },
  "moves": {
    "recover": 477.9961582516828,
    "teleport": 374.8152492869102,
    "trick-room": 456.8350920760096,
    "volt-switch": 88.35371779243464,
    "tri-attack": 71.79664959722562,
    "shadow-ball": 22.268415921878226,
    "ice-beam": 243.21227355014528,
    "thunderbolt": 148.9498412638492,
    "psychic": 0.3928253625187397,
    "charge": 5.860089913323208e-9,
    "thunder": 0.002755464054506551,
    "blizzard": 0.002798539409346601,
    "conversion-2": 0.0010400774107710564,
    "discharge": 48.7016754123223,
    "thunder-wave": 32.80913460781004,
    "pain-split": 0.5189735484892595,
    "foul-play": 75.8845538879802,
    "charge-beam": 0.6751218895610318,
    "tera-blast": 0.001266580683283447,
    "protect": 0.012905125835347808,
    "magic-coat": 42.758949046291704,
    "trick": 0.13501407039946628,
    "rain-dance": 0.6631827404194393,
    "barrier": 0.0054701294343619256,
    "flash-cannon": 0.20812214292673248,
    "signal-beam": 0.23201957309930948,
    "hyper-beam": 0.057597677040884476,
    "curse": 0.46889795655616817,
    "": 0.12816693089556092,
    "psyshock": 0.6897342160255212,
    "return": 1.2492784584594574e-11,
    "magnet-rise": 0,
    "conversion": 0,
    "ally-switch": 0,
    "reflect": 0.021246746505495406,
    "confuse-ray": 0.0054701294343619256,
    "icy-wind": 0,
    "zap-cannon": 0.0009847811889786007,
    "sunny-day": 1.720162889906618e-8,
    "substitute": 0.07383547255321804,
    "electroweb": 2.4313884239290928e-14,
    "agility": 2.4313884239290928e-14,
    "double-edge": 2.9744120721986178e-8,
    "headbutt": 8.560824826808755e-10,
    "iron-tail": 0.0013890002645143285,
    "gravity": 0.2516109107111086,
    "rest": 0,
    "sleep-talk": 0
  },
  "teras": {
    "nothing": 522.2330349534083
  },
  "spreads": [
    {
      "nature": "sassy",
      "usage": "14.9",
      "evs": {
        "hp": 252,
        "atk": 0,
        "def": 0,
        "spa": 4,
        "spd": 252,
        "spe": 0
      }
    },
    {
      "nature": "sassy",
      "usage": "14.4",
      "evs": {
        "hp": 252,
        "atk": 0,
        "def": 4,
        "spa": 0,
        "spd": 252,
        "spe": 0
      }
    },
    {
      "nature": "quiet",
      "usage": "12.7",
      "evs": {
        "hp": 252,
        "atk": 0,
        "def": 4,
        "spa": 252,
        "spd": 0,
        "spe": 0
      }
    },
    {
      "nature": "sassy",
      "usage": "7.8",
      "evs": {
        "hp": 252,
        "atk": 0,
        "def": 6,
        "spa": 0,
        "spd": 252,
        "spe": 0
      }
    },
    {
      "nature": "relaxed",
      "usage": "7.8",
      "evs": {
        "hp": 252,
        "atk": 0,
        "def": 252,
        "spa": 0,
        "spd": 4,
        "spe": 0
      }
    },
    {
      "nature": "sassy",
      "usage": "7.4",
      "evs": {
        "hp": 252,
        "atk": 0,
        "def": 0,
        "spa": 0,
        "spd": 252,
        "spe": 0
      }
    },
    {
      "nature": "relaxed",
      "usage": "5.5",
      "evs": {
        "hp": 252,
        "atk": 0,
        "def": 252,
        "spa": 4,
        "spd": 0,
        "spe": 0
      }
    },
    {
      "nature": "calm",
      "usage": "5.4",
      "evs": {
        "hp": 252,
        "atk": 0,
        "def": 0,
        "spa": 4,
        "spd": 252,
        "spe": 0
      }
    },
    {
      "nature": "sassy",
      "usage": "4.4",
      "evs": {
        "hp": 252,
        "atk": 0,
        "def": 32,
        "spa": 0,
        "spd": 224,
        "spe": 0
      }
    },
    {
      "nature": "bold",
      "usage": "2.4",
      "evs": {
        "hp": 252,
        "atk": 0,
        "def": 252,
        "spa": 0,
        "spd": 4,
        "spe": 0
      }
    }
  ],
  "teammates": {
    "3": 0.000006616672218906494,
    "9": 0.16308425345099903,
    "18": 0,
    "25": 0.02393623190863614,
    "26": 1.084687895058778e-13,
    "36": 4.585496064643559,
    "40": 1.667750604283924e-8,
    "57": 0,
    "64": 0.00019921551274154625,
    "65": 3.08855667306998,
    "67": 0.00004817107716309499,
    "68": 4.771492545312696,
    "80": 215.92921778088242,
    "83": 0.21829396441747795,
    "94": 0.000051695601933410273,
    "105": 0,
    "115": 2.3722379616231137e-10,
    "121": 3.2219523659403326,
    "123": 0.00019921554094204375,
    "130": 0.28635128783646235,
    "132": 0,
    "134": 2.9084163152149216,
    "135": 0,
    "136": 0.02027812207837415,
    "149": 2.59266556696021,
    "154": 0.0433683391907006,
    "160": 0.000055296221792455746,
    "168": 0.04403049273683157,
    "169": 21.389452785785064,
    "181": 1.5252721863312502e-8,
    "196": 0.4787329544822116,
    "197": 1.0652839350192211,
    "199": 27.638735375836216,
    "208": 0.4701450034053944,
    "212": 3.982448411356171,
    "214": 0.0005080919816410345,
    "227": 7.108076829863771,
    "248": 0.9608573869855809,
    "254": 1.1545254979816733e-7,
    "257": 3.7987855466217786,
    "260": 2.959724959773736,
    "282": 0.009607511712286576,
    "302": 0.7152726781925804,
    "306": 0.0073726630948464655,
    "308": 0,
    "317": 0.005496908297575376,
    "319": 1.4573442452814334e-10,
    "335": 1.6880227937665637e-8,
    "350": 2.0052792759628346e-10,
    "352": 3.753814481477491e-10,
    "354": 0.00000395065475883305,
    "359": 0,
    "373": 25.408571237098936,
    "376": 9.879691479919295e-7,
    "380": 6.956681388663046,
    "381": 9.127330244643801,
    "398": 6.862133639096157e-10,
    "407": 1.3598614247527914,
    "439": 0,
    "444": 0.000151045751728196,
    "445": 40.54335384308683,
    "448": 1.3877787807814457e-15,
    "450": 0.5437652114645457,
    "470": 0.0027001678327140954,
    "474": 0.06281568115878766,
    "475": 0.6419843487786822,
    "485": 26.32551890875918,
    "491": 12.854366847054768,
    "500": 0.023669931242528974,
    "505": 0,
    "510": 0.41022837411732815,
    "512": 0.41013839038078787,
    "516": 0.00017286831571067252,
    "518": 4.148602761182843,
    "530": 19.632680970381994,
    "531": 36.28723336437684,
    "538": 0.0011989338295721463,
    "539": 4.6629367034256575e-15,
    "544": 0.02027812207837415,
    "545": 0.26344503570728034,
    "553": 1.703173623377884,
    "563": 11.559542227152999,
    "569": 0.014368649090219232,
    "584": 6.075567826613337e-11,
    "587": 0.005269946753532984,
    "591": 0.0030753143430785612,
    "604": 0.00007691149648114681,
    "609": 0.21803428181010975,
    "615": 0.5721697812635884,
    "623": 7.8987140682270365,
    "638": 4.996003610813204e-16,
    "639": 6.661338147750939e-16,
    "640": 4.440892098500626e-16,
    "647": 5.22246682493969,
    "652": 2.4689178520225776,
    "655": 0.00002026572847518837,
    "658": 6.424603558943808,
    "660": 0.13271789205750717,
    "663": 1.5571098651671273,
    "668": 0,
    "671": 0.0007057145041284296,
    "673": 0.000005927029338159695,
    "675": 0.39978937195221337,
    "676": 1.7233175997333205e-10,
    "678": 5.495631479847485,
    "680": 0.00937016966275267,
    "681": 0.3768349077608132,
    "683": 0.09423707462786313,
    "684": 0.000151045751728196,
    "685": 0.3585057340024215,
    "687": 5.451185502991507e-9,