{
  "id": "36",
  "name": "Clefable",
  "format_id": "showdown_gen9legendszaou-1630",
  "usage_metrics": {
    "raw": 41763,
    "base_weight": 4072.940094072169,
    "percent": 15.004742537688804
  },
  "roles": [
    {
      "role": "role_disruptor",
      "label": "Disruptor",
      "category": "SUP"
    },
    {
      "role": "role_cleric",
      "label": "Cleric / Heal",
      "category": "SUP"
    },
    {
      "role": "role_wall_physical",
      "label": "Physical Wall",
      "category": "DEF"
    }
  ],
  "items": {
    "life-orb": 202.90107025744234,
    "leftovers": 2827.7945532338754,
    "babiri-berry": 4.125238379011572,
    "rocky-helmet": 93.28141838971342,
    "heavy-duty-boots": 835.4431162306407,
    "choice-scarf": 0.855063289712866,
    "mental-herb": 0.8716164726230964,
    "covert-cloak": 1.1912429514424137,
    "weakness-policy": 0.3047463468564164,
    "clear-amulet": 0.0019557093182828167,
    "sitrus-berry": 1.4843171211002208,
    "grassy-seed": 3.775353155826151,
    "choice-specs": 8.076541961445479,
    "assault-vest": 1.129532622561959,
    "flame-orb": 0.9039971649643365,
    "nothing": 1.0319256890646717,
    "kee-berry": 0.07248072153164564,
    "punching-glove": 3.1857849691618867e-13,
    "fairy-feather": 0.009306111851004717,
    "power-herb": 0.002640318485281845,
    "ring-target": 0.018292959143457577,
    "aguav-berry": 0.0006659064610274323,
    "expert-belt": 0.17869972716571025,
    "red-card": 0.12097220217008126,
    "toxic-orb": 0.009516244529026552,
    "wise-glasses": 0.000013258773373658883,
    "sticky-barb": 74.96644059430967,
    "air-balloon": 0.000998916361619806,
    "safety-goggles": 0.0009786910051886033,
    "lagging-tail": 0.0010579884322023947,
    "damp-rock": 0.21855146882756987,
    "chesto-berry": 0.000005621466124705599,
    "throat-spray": 0,
    "big-root": 0.08215417207929904,
    "ability-shield": 0.33196276098318217,
    "black-sludge": 0.16923191112081432,
    "custap-berry": 12.866875413620303,
    "pixie-plate": 0.006144289049763996,
    "heat-rock": 0.6795915338712806,
    "focus-sash": 0.023135436629015294,
    "shell-bell": 0,
    "terrain-extender": 9.053761018673612e-9,
    "big-nugget": 0,
    "zoom-lens": 0,
    "salac-berry": 0,
    "light-ball": 0,
    "silver-powder": 0.005036982753431785,
    "eject-button": 0.0017365580586993223,
    "magnet": 4.488227986487736e-7,
    "metronome": 0,
    "starf-berry": 0,
    "lum-berry": 0.001868784690690739,
    "mirror-herb": 0.000046065309747378436
  },
  "abilities": {
    "magic-guard": 1811.9986747860703,
    "unaware": 2253.666415636373,
    "cute-charm": 7.275003649725439
  },
  "moves": {
    "soft-boiled": 1863.613441164244,
    "fire-blast": 155.17843525681525,
    "ice-beam": 12.778916013680982,
    "moonblast": 4025.7063256063743,
    "flamethrower": 820.4204944817064,
    "calm-mind": 752.4323367370318,
    "wish": 1809.1001804896985,
    "protect": 1589.200398119735,
    "thunder-wave": 1457.627902718348,
    "moonlight": 356.3561712164117,
    "knock-off": 665.8095115236373,
    "stealth-rock": 1069.5459959633006,
    "teleport": 1041.5151909295232,
    "heal-bell": 81.77998602457733,
    "healing-wish": 18.86546310843629,
    "thunderbolt": 49.511534487595576,
    "air-slash": 1.0630956487233458,
    "cosmic-power": 107.9698899298977,
    "draining-kiss": 10.993825880055281,
    "stored-power": 43.054186446346854,
    "encore": 40.644755235810365,
    "shadow-ball": 6.286440317188585,
    "seismic-toss": 15.76394514481262,
    "aromatherapy": 118.61217879547732,
    "night-shade": 15.700590336707446,
    "mystical-fire": 2.8364608676388663,
    "trick": 74.8156989493987,
    "body-slam": 0.003751578177128456,
    "alluring-voice": 12.096644130661094,
    "amnesia": 4.3576253716537394e-14,
    "focus-blast": 6.963324845091905,
    "": 0.017449457655889178,
    "light-screen": 3.3828003167546288,
    "substitute": 0.5467260985611708,
    "curse": 0.14137632902850195,
    "rain-dance": 0.7864426079112627,
    "reflect": 1.8956484576168011,
    "chilling-water": 5.036531327792949,
    "charge-beam": 0.05111064472155924,
    "rest": 0.06274999694761901,
    "psychic": 19.339295580415275,
    "future-sight": 0.4137278729001301,
    "endeavor": 0.45735354235153786,
    "psyshock": 0.269286003924057,
    "icy-wind": 0.00007674675055913127,
    "gravity": 3.9290766031735247,
    "counter": 3.1623844003040578,
    "signal-beam": 0.03677420676673676,
    "defense-curl": 0.9344714388602118,
    "blizzard": 0.7746666961258659,
    "magic-coat": 2.224798006099425,
    "double-edge": 0,
    "dazzling-gleam": 2.066416905945871,
    "drain-punch": 0.3325578757741636,
    "fire-punch": 0.016135246291657523,
    "meteor-beam": 0.23894769105997138,
    "grass-knot": 0.44810392154022327,
    "misty-explosion": 0.00002124082776672198,
    "sleep-talk": 0.019410278373044265,
    "play-rough": 0.09573041895833767,
    "charm": 0.04037338663494966,
    "thunder-punch": 0.5172439920759144,
    "follow-me": 0,
    "heal-pulse": 0.00106480932216646,
    "brick-break": 0.3419129648054098,
    "hyper-voice": 0.16017189962354844,
    "telekinesis": 0,
    "detect": 0.4446663105508807,
    "thunder": 0.2528038254349037,
    "sunny-day": 0.6821187488782721,
    "tera-blast": 1.4725475172561175e-8,
    "endure": 12.864773445279978,
    "metronome": 0.0008237811612298307,
    "heal-block": 0.00015824444183620834,
    "attract": 0.0000013514355127752786,
    "tri-attack": 0.0029734890429981564,
    "misty-terrain": 9.053761018673612e-9,
    "dig": 0.00041269157868534245,
    "belly-drum": 0.3240164973904121,
    "meteor-mash": 0.00004877125635366353,
    "present": 1.2951031701795201,
    "sweet-kiss": 0.0005015018528738424,
    "power-up-punch": 0.013692721191317425,
    "ice-punch": 0.2233652951637929,
    "water-pulse": 0.4224178718017177,
    "headbutt": 0.6000477060816471,
    "tickle": 0.16767378620330353,
    "life-dew": 0,
    "nightmare": 7.580560368314337e-8,
    "fling": 1.2434497875801753e-14,
    "facade": 1.2434497875801753e-14,
    "psych-up": 0.003197214510209878,
    "psywave": 0.00001890383482572311,
    "copycat": 0.4736519487821004
  },
  "teras": {
    "nothing": 4072.9400940721353
  },
  "spreads": [
    {
      "nature": "bold",
      "usage": "20.2",
      "evs": {
        "hp": 252,
        "atk": 0,
        "def": 252,
        "spa": 0,
        "spd": 4,
        "spe": 0
      }
    },
    {
      "nature": "calm",
      "usage": "19.0",
      "evs": {
        "hp": 252,
        "atk": 0,
        "def": 0,
        "spa": 4,
        "spd": 252,
        "spe": 0
      }
    },
    {
      "nature": "bold",
      "usage": "10.6",
      "evs": {
        "hp": 252,
        "atk": 0,
        "def": 252,
        "spa": 4,
        "spd": 0,
        "spe": 0
      }
    },
    {
      "nature": "calm",
      "usage": "9.3",
      "evs": {
        "hp": 252,
        "atk": 0,
        "def": 4,
        "spa": 0,
        "spd": 252,
        "spe": 0
      }
    },
    {
      "nature": "bold",
      "usage": "7.4",
      "evs": {
        "hp": 252,
        "atk": 0,
        "def": 192,
        "spa": 0,
        "spd": 64,
        "spe": 0
      }
    },
    {
      "nature": "calm",
      "usage": "4.6",
      "evs": {
        "hp": 248,
        "atk": 0,
        "def": 0,
        "spa": 8,
        "spd": 252,
        "spe": 0
      }
    },
    {
      "nature": "bold",
      "usage": "2.2",
      "evs": {
        "hp": 248,
        "atk": 0,
        "def": 252,
        "spa": 0,
        "spd": 0,
        "spe": 8
      }
    },
    {
      "nature": "bold",
      "usage": "2.1",
      "evs": {
        "hp": 252,
        "atk": 0,
        "def": 252,
        "spa": 0,
        "spd": 0,
        "spe": 0
      }
    },
    {
      "nature": "modest",
      "usage": "1.7",
      "evs": {
        "hp": 252,
        "atk": 0,
        "def": 0,
        "spa": 252,
        "spd": 4,