{
  "id": "934",
  "name": "Garganacl",
  "format_id": "showdown_gen9legendszaou-1630",
  "usage_metrics": {
    "raw": 5458,
    "base_weight": 264.75901440272344,
    "percent": 1.9609674776885158
  },
  "roles": [
    {
      "role": "role_staller",
      "label": "Staller",
      "category": "DEF"
    },
    {
      "role": "role_disruptor",
      "label": "Disruptor",
      "category": "SUP"
    },
    {
      "role": "role_speed_control",
      "label": "Speed Control",
      "category": "SUP"
    }
  ],
  "items": {
    "leftovers": 260.0691191358475,
    "rocky-helmet": 1.4232526385148958,
    "nothing": 0.0005310551084773407,
    "heavy-duty-boots": 0.5575331242405597,
    "air-balloon": 0.07174499624237712,
    "misty-seed": 0.002858190247603698,
    "normal-gem": 0.0009701889735748148,
    "hard-stone": 0.0000984536049696838,
    "absorb-bulb": 0.00013196400676540598,
    "assault-vest": 0.0001267750161274006,
    "expert-belt": 5.891953591685706e-13,
    "custap-berry": 0.023951241191962624,
    "covert-cloak": 1.889863044157687,
    "binding-band": 0.00008704979013246517,
    "maranga-berry": 0.3618836544728947,
    "passho-berry": 0.0000013087108117204593,
    "life-orb": 1.5710244216649016e-10,
    "aguav-berry": 0.02954421252888262,
    "chople-berry": 0.0023067057825459925,
    "choice-band": 0.003897332175993584,
    "eviolite": 0.02124297972506478,
    "zoom-lens": 0,
    "focus-sash": 0.0220698184111488,
    "salac-berry": 0.059041047106161315,
    "clear-amulet": 0.19362536131293423,
    "mirror-herb": 0.00002475841268223533,
    "mental-herb": 0.022519258245355278,
    "weakness-policy": 0.0025730167779008384,
    "sitrus-berry": 0.00001709196093141463
  },
  "abilities": {
    "purifying-salt": 262.5397486764039,
    "sturdy": 1.568568101036337,
    "clear-body": 0.6506976252831396
  },
  "moves": {
    "salt-cure": 264.69961336487023,
    "earthquake": 79.306756813366,
    "recover": 261.98406443427854,
    "protect": 205.92757611309165,
    "stealth-rock": 131.49133938769486,
    "curse": 18.600949135492638,
    "body-press": 58.32127056250789,
    "iron-defense": 32.671642417426746,
    "heavy-slam": 0.2322094789566157,
    "power-gem": 0.00013196400676540598,
    "hard-press": 0.00004507927077623819,
    "substitute": 1.4192872854221132,
    "stone-edge": 0.07069368346455734,
    "body-slam": 0.021968288697160054,
    "ice-punch": 0.3654949963893907,
    "avalanche": 2.0754861330623275,
    "iron-head": 0.0034394805628946146,
    "brick-break": 0.004867521149568399,
    "explosion": 0.1216004647256787,
    "sandstorm": 0.00018644337254897225,
    "hammer-arm": 0.8618551267225605,
    "rock-throw": 0.011916318946839699,
    "earth-power": 0.00002475841327143069,
    "flash-cannon": 5.891953591685706e-13,
    "thunder-punch": 0.28551782538963905,
    "": 0.10363102088923459,
    "bulldoze": 0.000018723369178519356,
    "fire-punch": 0.29878642991139,
    "zen-headbutt": 1.7933449170115523e-10,
    "block": 1.27675647831893e-15,
    "gravity": 0.017954161905924304,
    "rock-polish": 0,
    "sunny-day": 0.0000013087108117204593,
    "rock-slide": 0.1352427780670752,
    "dynamic-punch": 0,
    "rock-blast": 0.002227043917748417,
    "smack-down": 0.0002590666593065838,
    "meteor-beam": 0,
    "double-edge": 0
  },
  "teras": {
    "nothing": 264.7590144027231
  },
  "spreads": [
    {
      "nature": "relaxed",
      "usage": "29.5",
      "evs": {
        "hp": 252,
        "atk": 4,
        "def": 252,
        "spa": 0,
        "spd": 0,
        "spe": 0
      }
    },
    {
      "nature": "impish",
      "usage": "18.7",
      "evs": {
        "hp": 252,
        "atk": 4,
        "def": 252,
        "spa": 0,
        "spd": 0,
        "spe": 0
      }
    },
    {
      "nature": "careful",
      "usage": "10.3",
      "evs": {
        "hp": 252,
        "atk": 0,
        "def": 4,
        "spa": 0,
        "spd": 252,
        "spe": 0
      }
    },
    {
      "nature": "impish",
      "usage": "7.6",
      "evs": {
        "hp": 252,
        "atk": 0,
        "def": 236,
        "spa": 0,
        "spd": 20,
        "spe": 0
      }
    },
    {
      "nature": "careful",
      "usage": "6.4",
      "evs": {
        "hp": 252,
        "atk": 4,
        "def": 0,
        "spa": 0,
        "spd": 252,
        "spe": 0
      }
    },
    {
      "nature": "impish",
      "usage": "4.9",
      "evs": {
        "hp": 252,
        "atk": 0,
        "def": 252,
        "spa": 0,
        "spd": 0,
        "spe": 0
      }
    },
    {
      "nature": "impish",
      "usage": "3.3",
      "evs": {
        "hp": 248,
        "atk": 8,
        "def": 252,
        "spa": 0,
        "spd": 0,
        "spe": 0
      }
    },
    {
      "nature": "careful",
      "usage": "2.5",
      "evs": {
        "hp": 168,
        "atk": 0,
        "def": 168,
        "spa": 0,
        "spd": 172,
        "spe": 0
      }
    },
    {
      "nature": "careful",
      "usage": "2.1",
      "evs": {
        "hp": 252,
        "atk": 0,
        "def": 52,
        "spa": 0,
        "spd": 204,
        "spe": 0
      }
    },
    {
      "nature": "careful",
      "usage": "1.3",
      "evs": {
        "hp": 252,
        "atk": 0,
        "def": 28,
        "spa": 0,
        "spd": 228,
        "spe": 0
      }
    }
  ],
  "teammates": {
    "3": 0,
    "6": 0.0002763714363369085,
    "9": 2.2638440636707533,
    "18": 0,
    "36": 57.50908858803042,
    "40": 1.0603099120931603e-8,
    "57": 3.4159675088574204e-11,
    "65": 1.585090496316625,
    "68": 0.0022184330712312073,
    "71": 0.06380581301231336,
    "80": 16.471871758161512,
    "94": 1.2599230819050828,
    "121": 2.0955603251138943,
    "130": 1.1145213932611495,
    "132": 0,
    "134": 0.19949964790758673,
    "135": 0.09027868586246279,
    "136": 2.682273292364812e-10,
    "142": 0.03281911711613372,
    "149": 24.47506664841028,
    "153": 0,
    "154": 0.034273106239798956,
    "160": 8.186237386804764,
    "168": 0.8655354521721979,
    "169": 0.35547101216362725,
    "172": 0,
    "181": 0.0001314091707421139,
    "196": 0,
    "197": 7.776172878709338,
    "199": 2.325341896789798,
    "208": 0.009866464435092148,
    "212": 5.5559249288114,
    "214": 0.00494411747807022,
    "225": 3.9363151627114235e-10,
    "227": 9.571948019732414,
    "233": 0.3135962351040972,
    "248": 5.911890829495048,
    "254": 1.3275439671613496,
    "257": 7.330200387726406,
    "260": 0.026171609909935722,
    "282": 0.36620609190149134,
    "302": 5.161282828895038,
    "303": 0.00029648777197449627,
    "304": 0.050454633414649785,
    "306": 0,
    "319": 1.1872132843185745,
    "326": 0,
    "334": 0.06380581301231336,
    "350": 3.194682923408118,
    "354": 0,
    "359": 0.029225270796542524,
    "362": 0.0009701889735748148,
    "373": 0.49335451165766087,
    "376": 0.023278649783550986,
    "380": 1.677966037970008,
    "381": 25.880113520776273,
    "398": 0.030172795287619736,
    "407": 0.29010816956313557,
    "428": 0.0007765781791561066,
    "444": 0.0008185965687017571,
    "445": 40.926607279915096,
    "448": 1.7835946936051172e-7,
    "450": 5.275729862683662,
    "460": 0.5876771563012626,
    "471": 0.004756274353811651,
    "474": 3.6685537649318336,
    "475": 1.8918443884749738,
    "479": 0.03546048294475035,
    "485": 4.603393550057551,
    "491": 5.58299100952549,
    "510": 0.20248914802723567,
    "516": 0.0010049083347716814,
    "518": 0.21034069768818342,
    "529": 0.00006468685887889292,
    "530": 55.41908696449416,
    "531": 13.999949274253884,
    "539": 0,
    "545": 1.8739219401664182,
    "553": 51.07305202394191,
    "560": 1.0049506834715152,
    "563": 0.471150042626053,
    "569": 0.004531360686848507,
    "584": 0.11620700995563815,
    "591": 6.488066246946812,
    "604": 0.003014160115165365,
    "609": 1.8177912141529293,
    "615": 0.7491673895451265,
    "618": 0,
    "623": 4.449590904979032,
    "638": 0.013663223978172101,