{
  "id": "967",
  "name": "Cyclizar",
  "format_id": "showdown_gen9legendszaou-1630",
  "usage_metrics": {
    "raw": 5778,
    "base_weight": 466.0827676895807,
    "percent": 2.0759380883261715
  },
  "roles": [
    {
      "role": "role_sweeper_special",
      "label": "Special Sweeper",
      "category": "OFF"
    }
  ],
  "items": {
    "heavy-duty-boots": 38.61422608836858,
    "choice-scarf": 325.2530825363873,
    "choice-specs": 2.354850721344901,
    "rocky-helmet": 0.030973249821583948,
    "assault-vest": 42.456882346744734,
    "life-orb": 47.263535835159104,
    "focus-sash": 0.8430742816894123,
    "damp-rock": 0.827232202803463,
    "nothing": 0.06941082023103534,
    "leftovers": 1.150890173921098,
    "loaded-dice": 0.00010498761775451504,
    "muscle-band": 0.000018636895686485744,
    "clear-amulet": 0.00644459771901934,
    "sitrus-berry": 3.107324372549641,
    "aguav-berry": 0.0000010699682047032866,
    "choice-band": 2.5680899688278993,
    "expert-belt": 0.0017094784329674262,
    "flame-orb": 1.8675305746285176e-10,
    "heat-rock": 1.474407877055431,
    "eject-pack": 0.02645420108763258,
    "zap-plate": 0.03404975102307001,
    "mirror-herb": 0.000003739706095240436,
    "yache-berry": 7.520400473470801e-7,
    "power-herb": 0
  },
  "abilities": {
    "regenerator": 463.2468136299123,
    "shed-skin": 2.835954059668362
  },
  "moves": {
    "taunt": 6.583487469028862,
    "draco-meteor": 421.9475578293368,
    "rapid-spin": 462.01445695755456,
    "knock-off": 71.29481016423689,
    "u-turn": 404.311212980017,
    "overheat": 405.0893521015615,
    "body-slam": 1.49779583208624,
    "dragon-claw": 5.0313527327253835,
    "ice-spinner": 1.9598770444231812,
    "iron-head": 0.8558225261207548,
    "dragon-tail": 1.5053258415319397,
    "hyper-voice": 0.10953942485969881,
    "shift-gear": 0.6929893414740385,
    "double-edge": 41.61504211273978,
    "rain-dance": 0.8272322348078575,
    "endeavor": 1.2592183423686016,
    "protect": 0.3235725493233646,
    "dragon-rush": 0.010978381044979113,
    "scale-shot": 0.0017453763734773808,
    "temper-flare": 6.304810141798539,
    "fire-fang": 0.001206289838508845,
    "facade": 0.0002411708076650032,
    "acrobatics": 0.02207618588018523,
    "crunch": 0.010290314138052037,
    "thunderbolt": 13.895195175657932,
    "power-whip": 6.164169791598321,
    "rest": 0.00644459771901934,
    "headbutt": 0.00644459771901934,
    "quick-attack": 0.0013780751435594762,
    "": 0,
    "sunny-day": 1.4744078937695761,
    "substitute": 0.5357503882148573,
    "supercell-slam": 0.05348000938305669,
    "dragon-pulse": 0.5039233854251732,
    "mud-slap": 0.0000191033851272282,
    "flame-charge": 1.8675305746285176e-10,
    "aqua-tail": 0.6782330908852143,
    "outrage": 7.74013980381566,
    "breaking-swipe": 3.662059054332367e-7,
    "tera-blast": 0.0007455675680311802,
    "iron-tail": 0,
    "skull-bash": 0,
    "aerial-ace": 0.0007455675680311802
  },
  "teras": {
    "nothing": 466.08276768958063
  },
  "spreads": [
    {
      "nature": "timid",
      "usage": "61.0",
      "evs": {
        "hp": 0,
        "atk": 0,
        "def": 4,
        "spa": 252,
        "spd": 0,
        "spe": 252
      }
    },
    {
      "nature": "hasty",
      "usage": "6.6",
      "evs": {
        "hp": 0,
        "atk": 88,
        "def": 0,
        "spa": 252,
        "spd": 0,
        "spe": 168
      }
    },
    {
      "nature": "timid",
      "usage": "6.1",
      "evs": {
        "hp": 0,
        "atk": 0,
        "def": 0,
        "spa": 252,
        "spd": 4,
        "spe": 252
      }
    },
    {
      "nature": "hasty",
      "usage": "3.8",
      "evs": {
        "hp": 0,
        "atk": 4,
        "def": 0,
        "spa": 252,
        "spd": 0,
        "spe": 252
      }
    },
    {
      "nature": "modest",
      "usage": "3.6",
      "evs": {
        "hp": 0,
        "atk": 0,
        "def": 4,
        "spa": 252,
        "spd": 0,
        "spe": 252
      }
    },
    {
      "nature": "hasty",
      "usage": "2.1",
      "evs": {
        "hp": 0,
        "atk": 136,
        "def": 0,
        "spa": 204,
        "spd": 0,
        "spe": 168
      }
    },
    {
      "nature": "timid",
      "usage": "2.1",
      "evs": {
        "hp": 252,
        "atk": 0,
        "def": 0,
        "spa": 20,
        "spd": 0,
        "spe": 236
      }
    },
    {
      "nature": "jolly",
      "usage": "2.1",
      "evs": {
        "hp": 0,
        "atk": 252,
        "def": 0,
        "spa": 0,
        "spd": 4,
        "spe": 252
      }
    },
    {
      "nature": "timid",
      "usage": "1.9",
      "evs": {
        "hp": 236,
        "atk": 0,
        "def": 0,
        "spa": 0,
        "spd": 72,
        "spe": 200
      }
    },
    {
      "nature": "timid",
      "usage": "1.1",
      "evs": {
        "hp": 104,
        "atk": 0,
        "def": 0,
        "spa": 0,
        "spd": 152,
        "spe": 252
      }
    }
  ],
  "teammates": {
    "3": 0.45105446753959283,
    "6": 1.0624744083735733,
    "9": 1.0636506825338405,
    "15": 0,
    "25": 1.1149327738824155e-7,
    "35": 0.0002865441786520373,
    "36": 13.359760236201149,
    "40": 0.2910501799726874,
    "52": 1.5592345192771973e-9,
    "57": 1.8258727862985324e-12,
    "65": 0.001044703753405929,
    "68": 0.00011112077448655056,
    "71": 0.3024315471888749,
    "79": 0.003825996394043907,
    "80": 7.082468224613029,
    "93": 0.03170567509701555,
    "94": 0.32160665829792334,
    "105": 0.0031011836811451476,
    "121": 0.03170584468748011,
    "130": 41.537062820270705,
    "132": 0,
    "134": 0.054517514436085934,
    "135": 0.013535974706796572,
    "142": 0.03445083027642537,
    "149": 15.527758123798607,
    "154": 3.858025010572419e-13,
    "160": 0.0006147674205098652,
    "168": 0.7484027543773563,
    "169": 0.08744313330997261,
    "181": 1.4897748035203051e-8,
    "196": 3.429830730146616,
    "197": 1.561239322860398,
    "199": 11.764211370784585,
    "208": 0.2571639032119302,
    "212": 4.877521836063014,
    "214": 0.00012571962124241498,
    "227": 8.014614461556372,
    "229": 0.000036771699926330115,
    "233": 0.22512993179427965,
    "248": 5.1914011231218815,
    "254": 0.04916234052934171,
    "257": 18.353868872479513,
    "260": 2.838360914641691,
    "282": 0.15473929579060341,
    "302": 11.324669142507,
    "303": 0.0004887245095246961,
    "306": 0.00012571969293079244,
    "319": 0.0003608005534570524,
    "326": 0.00014324161278372882,
    "334": 0,
    "335": 0.00001298458558007809,
    "350": 0.422383133010878,
    "352": 8.724711580976319e-8,
    "358": 0,
    "359": 0.0000019714209733567856,
    "373": 1.0495800043857466,
    "376": 0.0079077478837416,
    "380": 0.3076574896674326,
    "381": 2.474611698499557,
    "398": 0.026721564300799305,
    "407": 27.547813705993885,
    "445": 347.072495559973,
    "448": 0.03910299580178844,
    "450": 1.9436069941237837,
    "460": 0.17945973579106972,
    "470": 0.10285428145375214,
    "471": 0.6703114350637975,
    "474": 2.9213358829182585,
    "475": 0.2528617329981911,
    "478": 3.624878175401136e-13,
    "479": 0.0725143785097227,
    "485": 5.138480268653415,
    "491": 9.065200840435764,
    "500": 0.019433998284547116,
    "510": 1.671414512349756e-8,
    "512": 0,
    "514": 1.430321572797029,
    "516": 1.3446843638575956e-9,
    "530": 0.5095512852050783,
    "531": 0.337045988389482,
    "538": 0.003690460447690447,
    "545": 0.03497215741011128,
    "553": 40.758238043979176,
    "563": 2.8858640975121896,
    "569": 0.03170567509701555,
    "584": 0,
    "587": 0.000001971420610868968,
    "591": 2.841201969778429,
    "604": 0.020645471023697293,
    "609": 0.44706895598989155,
    "615": 0.000018631787483458506,
    "623": 0.2878116518679621,
    "638": 1.1891264204720724,
    "639": 0.0006319048743405609,
    "640": 0.5828608488471039,
    "647": 334.5502276560303,
    "648": 0.06942774814617131,