{
  "id": "970",
  "name": "Glimmora",
  "format_id": "showdown_gen9legendszaou-1630",
  "usage_metrics": {
    "raw": 32737,
    "base_weight": 2712.205845663462,
    "percent": 11.761852751390425
  },
  "roles": [
    {
      "role": "role_sweeper_special",
      "label": "Special Sweeper",
      "category": "OFF"
    }
  ],
  "items": {
    "focus-sash": 1563.6165112450074,
    "power-herb": 621.8677996640666,
    "heavy-duty-boots": 29.46992986613242,
    "choice-scarf": 226.7149832477307,
    "red-card": 76.67610176981383,
    "black-sludge": 40.43962401539449,
    "air-balloon": 54.01532449944567,
    "white-herb": 0.32999755061769787,
    "rocky-helmet": 8.350308879362709,
    "leftovers": 19.602520441635786,
    "life-orb": 2.8887939585045537,
    "choice-specs": 42.00778113465802,
    "assault-vest": 10.898211003257495,
    "sitrus-berry": 0.16959848102505942,
    "mental-herb": 0.22589437644029925,
    "poison-barb": 0.053853566019141874,
    "stone-plate": 0.0000012863578739419346,
    "custap-berry": 9.815286522893555,
    "payapa-berry": 3.072331367093284e-8,
    "smooth-rock": 0.020093479344145126,
    "heat-rock": 0.007603643599207566,
    "normal-gem": 0,
    "nothing": 0.754096738508621,
    "salac-berry": 1.7830181775480014e-13,
    "damp-rock": 0.7535384296764478,
    "shuca-berry": 1.4656658487382819,
    "passho-berry": 0.06401242406603408,
    "loaded-dice": 2.0261570199409107e-14,
    "choice-band": 0.00825017224040836,
    "black-glasses": 1.8782048319720033,
    "expert-belt": 0.007492168547819367,
    "blunder-policy": 0,
    "flame-orb": 0,
    "eject-button": 0.10436638767031853
  },
  "abilities": {
    "toxic-debris": 2655.819540218058,
    "corrosion": 56.38630544540359
  },
  "moves": {
    "stealth-rock": 1693.9463973861207,
    "mortal-spin": 2378.6706002903525,
    "spikes": 782.8251932680736,
    "power-gem": 1238.1446502280367,
    "light-screen": 18.149913821047363,
    "reflect": 8.640797504234795,
    "meteor-beam": 622.0343770353957,
    "spiky-shield": 56.904615576387286,
    "earth-power": 2295.978281810477,
    "sludge-bomb": 303.8771749774312,
    "flash-cannon": 16.57721914762756,
    "sludge-wave": 603.8477160413324,
    "energy-ball": 114.80032510982748,
    "memento": 106.73017674248122,
    "toxic-spikes": 30.278093915127386,
    "toxic": 77.07734001905459,
    "dazzling-gleam": 332.30584003911935,
    "rock-polish": 12.069720916879664,
    "ancient-power": 0.9504329743436554,
    "acid-spray": 1.2769509968687291,
    "protect": 7.98120505570223,
    "explosion": 13.695650076263153,
    "mud-shot": 82.04923500569099,
    "venoshock": 2.2057779066726395,
    "gunk-shot": 1.1877159501204935,
    "acid-armor": 3.3451016109768617,
    "substitute": 27.123982860381187,
    "rock-slide": 0.3107633236584754,
    "self-destruct": 0.054225435248258014,
    "endure": 10.370844826342179,
    "rock-blast": 0.0039021508891791123,
    "rain-dance": 0.9330836890948129,
    "tera-blast": 0.0244403431816122,
    "stone-edge": 0.487199349455056,
    "": 0.03990182962845329,
    "sunny-day": 0.009140396455870003,
    "sandstorm": 0.020093479344145126,
    "rest": 0.022137530200674993,
    "rock-tomb": 3.5096319693536877,
    "facade": 0.0000010737639645763686,
    "magnet-bomb": 5.374234390842503e-11,
    "solar-beam": 8.311149465867196e-7,
    "confuse-ray": 0.3635301599845724
  },
  "teras": {
    "nothing": 2712.2058456634586
  },
  "spreads": [
    {
      "nature": "timid",
      "usage": "41.7",
      "evs": {
        "hp": 0,
        "atk": 0,
        "def": 0,
        "spa": 252,
        "spd": 4,
        "spe": 252
      }
    },
    {
      "nature": "naive",
      "usage": "20.7",
      "evs": {
        "hp": 0,
        "atk": 4,
        "def": 0,
        "spa": 252,
        "spd": 0,
        "spe": 252
      }
    },
    {
      "nature": "timid",
      "usage": "7.8",
      "evs": {
        "hp": 0,
        "atk": 0,
        "def": 4,
        "spa": 252,
        "spd": 0,
        "spe": 252
      }
    },
    {
      "nature": "timid",
      "usage": "5.1",
      "evs": {
        "hp": 4,
        "atk": 0,
        "def": 0,
        "spa": 252,
        "spd": 0,
        "spe": 252
      }
    },
    {
      "nature": "naive",
      "usage": "4.2",
      "evs": {
        "hp": 252,
        "atk": 4,
        "def": 0,
        "spa": 0,
        "spd": 0,
        "spe": 252
      }
    },
    {
      "nature": "timid",
      "usage": "2.6",
      "evs": {
        "hp": 252,
        "atk": 0,
        "def": 0,
        "spa": 4,
        "spd": 0,
        "spe": 252
      }
    },
    {
      "nature": "timid",
      "usage": "2.6",
      "evs": {
        "hp": 0,
        "atk": 0,
        "def": 0,
        "spa": 252,
        "spd": 0,
        "spe": 252
      }
    },
    {
      "nature": "jolly",
      "usage": "1.9",
      "evs": {
        "hp": 252,
        "atk": 4,
        "def": 0,
        "spa": 0,
        "spd": 0,
        "spe": 252
      }
    },
    {
      "nature": "timid",
      "usage": "1.5",
      "evs": {
        "hp": 252,
        "atk": 0,
        "def": 4,
        "spa": 0,
        "spd": 0,
        "spe": 252
      }
    },
    {
      "nature": "bold",
      "usage": "1.0",
      "evs": {
        "hp": 252,
        "atk": 0,
        "def": 252,
        "spa": 4,
        "spd": 0,
        "spe": 0
      }
    }
  ],
  "teammates": {
    "3": 1.1131895217053427,
    "6": 0.012729782953337876,
    "9": 6.891716550791114,
    "15": 0,
    "24": 0.01363774741489554,
    "25": 1.4500754860795113,
    "26": 0.01729858713815058,
    "35": 0,
    "36": 257.20936258056696,
    "40": 0.5034892560067072,
    "42": 8.045313532045739e-8,
    "53": 0.024062021796201094,
    "57": 4.4506936392223055,
    "65": 8.762715400285238,
    "68": 1.3550818118047905,
    "80": 119.21490669377847,
    "94": 3.069821903295826,
    "105": 0.04275099240021596,
    "115": 0.017583196751321806,
    "121": 19.46337513733444,
    "123": 0.00041989588050728166,
    "127": 6.639688798770749e-13,
    "130": 75.15554712502399,
    "132": 0,
    "133": 0,
    "134": 33.0316600539961,
    "135": 2.9195747115980413,
    "136": 2.5636988806517964,
    "142": 1.6180968739317854,
    "149": 468.47148102069474,
    "153": 0.000005072216764601123,
    "154": 0.10907975039994372,
    "160": 0.3743335523042123,
    "168": 1.8753469162096437,
    "169": 4.015094657006163,
    "174": 0,
    "196": 4.39750488888567,
    "197": 9.32419937669535,
    "199": 127.70028277924038,
    "208": 0.45035159278664494,
    "211": 3.2356894941187875e-12,
    "212": 163.4651448514602,
    "214": 0.44888719662538085,
    "227": 83.20504694742567,
    "229": 7.816060898645613,
    "233": 8.99668290758867,
    "247": 7.771797372324585e-9,
    "248": 153.23435681266076,
    "254": 2.2043403850053354,
    "256": 0.6928468340414875,
    "257": 185.93668984001724,
    "260": 38.62417549155856,
    "282": 2.775786601340789,
    "302": 11.164131203635394,
    "303": 0.04292512951102251,
    "304": 1.1438794356166682e-11,
    "305": 0.006519975412794754,
    "306": 0.016218218016602892,
    "308": 0.0007527241228962867,
    "310": 0.02851291273398837,
    "315": 0.2610652098622486,
    "317": 3.76391301459833e-9,
    "319": 0.03392468594386605,
    "323": 1.846456321175083e-11,
    "326": 0.000007690025060735906,
    "334": 0.0007256297608655982,
    "335": 0.15573749335759468,
    "350": 0.7224231702943094,
    "352": 0.00019639755074929433,
    "354": 0.12766695373903503,
    "358": 5.374234390842503e-11,
    "359": 0.019008845122644114,
    "362": 0.0009701889735748148,
    "373": 32.98862954404705,
    "376": 0.4464889147119614,
    "380": 32.501153994174224,
    "381": 172.52634498977585,
    "396": 1.1438794356166682e-11,
    "398": 8.051536562420054,
    "407": 0.5429972422064673,
    "428": 1.9872992140790302e-14,
    "445": 713.6934277835919,
    "447": 0,
    "448": 2.0707375690939496,
    "450": 19.53515283673038,
    "460": 3.0245415332952406,