{
  "id": "10100",
  "name": "Raichu alola",
  "format_id": "showdown_gen9nationaldexmonotype-1630",
  "usage_metrics": {
    "raw": 1368,
    "base_weight": 173.04489154854866,
    "percent": 2.4585744581431292
  },
  "roles": [
    {
      "role": "role_sweeper_special",
      "label": "Special Sweeper",
      "category": "OFF"
    },
    {
      "role": "role_setup",
      "label": "Setup Sweeper",
      "category": "OFF"
    },
    {
      "role": "role_pivot",
      "label": "Pivot",
      "category": "DEF"
    }
  ],
  "items": {
    "assault-vest": 0.0014174376337597328,
    "alolaraichum-z": 6.726088003242003,
    "psychium-z": 48.115012841678954,
    "heavy-duty-boots": 1.0504988485963924,
    "life-orb": 80.99878496840925,
    "choice-specs": 21.59501812566015,
    "normalium-z": 0.001376339467249743,
    "leftovers": 1.4463335790138032e-7,
    "magnet": 1.9948698248839491e-10,
    "expert-belt": 0.19777653588795036,
    "focus-sash": 1.5409624166440161,
    "choice-scarf": 0.13698241902907143,
    "covert-cloak": 1.0057423268003771,
    "electric-seed": 0.00019672890443744873,
    "fightinium-z": 8.966731643390679,
    "wise-glasses": 0.0031880973422484526,
    "electrium-z": 0.4411487482412079,
    "air-balloon": 1.4572127250426385,
    "zap-plate": 0.13715589869971945,
    "waterium-z": 0.6695972990457664
  },
  "abilities": {
    "surge-surfer": 173.04489154854866
  },
  "moves": {
    "thunderbolt": 8.697085003212262,
    "psychic": 96.48716699003369,
    "surf": 40.95996886702838,
    "alluring-voice": 4.017164760416685,
    "calm-mind": 2.683917010583076,
    "rising-voltage": 160.2464954322409,
    "volt-switch": 47.54386393782727,
    "expanding-force": 0.8984127927173613,
    "psyshock": 59.52556735493391,
    "nasty-plot": 72.38566805279719,
    "grass-knot": 93.80585954761226,
    "focus-blast": 72.63658023196263,
    "draining-kiss": 0.2624218504407336,
    "electro-ball": 3.234076166285824,
    "celebrate": 0.001376339467249743,
    "electric-terrain": 0.007085646619913566,
    "yawn": 0.0018582036916058864,
    "magnet-rise": 0,
    "protect": 0,
    "discharge": 0.000028977977809208078,
    "thunder": 1.5232343164583995e-9,
    "hidden-power-ice": 21.058545496792654,
    "psychic-noise": 1.0253103173396672,
    "tera-blast": 2.5322707007685072,
    "hidden-power-grass": 0.095870219998133,
    "hidden-power-fire": 3.070375638570856,
    "knock-off": 0,
    "charge-beam": 0.000028833344451306697,
    "fake-out": 0.000028834434890767646,
    "signal-beam": 1.0008456470395686,
    "substitute": 0.0016933374436456372,
    "thunder-wave": 1.6542323066914832e-14,
    "volt-tackle": 1.0904394609489998e-9
  },
  "teras": {
    "nothing": 173.04489154854866
  },
  "spreads": [
    {
      "nature": "timid",
      "usage": "84.0",
      "evs": {
        "hp": 0,
        "atk": 0,
        "def": 0,
        "spa": 252,
        "spd": 4,
        "spe": 252
      }
    },
    {
      "nature": "modest",
      "usage": "13.8",
      "evs": {
        "hp": 0,
        "atk": 0,
        "def": 0,
        "spa": 252,
        "spd": 4,
        "spe": 252
      }
    },
    {
      "nature": "timid",
      "usage": "0.8",
      "evs": {
        "hp": 0,
        "atk": 0,
        "def": 4,
        "spa": 252,
        "spd": 0,
        "spe": 252
      }
    },
    {
      "nature": "timid",
      "usage": "0.5",
      "evs": {
        "hp": 4,
        "atk": 0,
        "def": 0,
        "spa": 252,
        "spd": 0,
        "spe": 252
      }
    },
    {
      "nature": "modest",
      "usage": "0.4",
      "evs": {
        "hp": 0,
        "atk": 0,
        "def": 0,
        "spa": 252,
        "spd": 0,
        "spe": 252
      }
    },
    {
      "nature": "modest",
      "usage": "0.1",
      "evs": {
        "hp": 0,
        "atk": 4,
        "def": 0,
        "spa": 252,
        "spd": 0,
        "spe": 252
      }
    },
    {
      "nature": "hardy",
      "usage": "0.1",
      "evs": {
        "hp": 4,
        "atk": 0,
        "def": 0,
        "spa": 252,
        "spd": 0,
        "spe": 252
      }
    },
    {
      "nature": "modest",
      "usage": "0.1",
      "evs": {
        "hp": 0,
        "atk": 0,
        "def": 4,
        "spa": 252,
        "spd": 0,
        "spe": 252
      }
    },
    {
      "nature": "modest",
      "usage": "0.1",
      "evs": {
        "hp": 0,
        "atk": 0,
        "def": 0,
        "spa": 188,
        "spd": 68,
        "spe": 252
      }
    },
    {
      "nature": "timid",
      "usage": "0.1",
      "evs": {
        "hp": 172,
        "atk": 0,
        "def": 32,
        "spa": 52,
        "spd": 0,
        "spe": 252
      }
    }
  ],
  "teammates": {
    "25": 0.002068403626682258,
    "65": 0.0004298684735611902,
    "80": 0.0004256121644803934,
    "135": 0.15751528871606213,
    "145": 123.82993763587885,
    "151": 0.002472992911172478,
    "171": 1.7982292756928921,
    "196": 0.0009069044857077935,
    "199": 0,
    "251": 0.0004256121644803934,
    "282": 0,
    "312": 1.426636586643326e-14,
    "376": 0.0015660884254646845,
    "385": 0.0038956104223620835,
    "405": 0.009536226945167148,
    "437": 0.000004256309080796772,
    "462": 7.883968408962336,
    "466": 1.0584871367952564,
    "475": 0.005461698847826768,
    "494": 0.0004256121723346662,
    "523": 0,
    "576": 0.3043957397574344,
    "579": 0,
    "587": 0.00003316180233819965,
    "596": 12.579134346033602,
    "604": 0.4135542850574176,
    "642": 15.433423726466332,
    "655": 0.002472992911172478,
    "678": 0.0038956104223620835,
    "695": 1.4463335790138032e-7,
    "702": 0.00003316180234130828,
    "738": 1.3551987328101012,
    "777": 0.0008456470396407401,
    "779": 0.000004256309080796772,
    "785": 159.10384877144048,
    "786": 0.3053026442431422,
    "796": 3.6810008840311834,
    "800": 0.003188097341546736,
    "807": 74.40501984185597,
    "826": 0.3043957397574344,
    "836": 1.2646921443426606e-7,
    "849": 0.1130553606729276,
    "858": 0,
    "871": 5.571520534243745,
    "877": 0.1005778879201839,
    "880": 0.8527579148181892,
    "894": 44.96489146751567,
    "899": 7.85427278771067e-12,
    "923": 0.5255144664332863,
    "939": 0.5931874994973398,
    "941": 0.015595633471824744,
    "954": 0.000004256309080796772,
    "989": 18.19341541569368,
    "992": 128.3701378988514,
    "995": 4.215100972123327,
    "1010": 0.003216930685998043,
    "1015": 6.328271240363392e-15,
    "1021": 45.17454698604967,
    "1022": 0.3115082808657945,
    "1023": 0.003216930685998043,
    "10008": 0.1475411348559838,
    "10009": 109.74202670992283,
    "10010": 0.0006069220544382414,
    "10012": 1.0904394609489998e-9,
    "10020": 1.0425657277320588,
    "10037": 0.0015660884254646845,
    "10045": 0.523862915998256,
    "10051": 0.0036425428504784363,
    "10055": 20.618118998321656,
    "10068": 0.3044288294109665,
    "10071": 0.00480251491592415,
    "10111": 0.018584274262074596,
    "10123": 0.2979224647824059,
    "10172": 7.85427278771067e-12,
    "10186": 7.847944516470307e-12,
    "10231": 0,
    "10232": 14.8560866392348
  }
}