{
  "id": "149",
  "name": "Dragonite",
  "format_id": "showdown_gen9nationaldexmonotype-1630",
  "usage_metrics": {
    "raw": 3416,
    "base_weight": 878.5418775759274,
    "percent": 6.139247331152727
  },
  "roles": [
    {
      "role": "role_sweeper_physical",
      "label": "Physical Sweeper",
      "category": "OFF"
    },
    {
      "role": "role_setup",
      "label": "Setup Sweeper",
      "category": "OFF"
    }
  ],
  "items": {
    "life-orb": 0.535928282033963,
    "leftovers": 23.361209454966204,
    "heavy-duty-boots": 626.1069690761166,
    "silk-scarf": 0.3013740544817902,
    "choice-band": 97.3429727759743,
    "weakness-policy": 31.329619782232946,
    "lum-berry": 4.317455599053885,
    "focus-sash": 0.8810473521535114,
    "assault-vest": 1.1878303594565607,
    "expert-belt": 0,
    "dragonium-z": 25.09087907291769,
    "flyinium-z": 60.50032624668742,
    "loaded-dice": 3.869951341091866,
    "choice-scarf": 0.13443223808030502,
    "electrium-z": 2.999918809290937,
    "light-clay": 0.005743920752942944,
    "sitrus-berry": 0.2864975748530582,
    "heat-rock": 0,
    "yache-berry": 0.0023204431852448804,
    "nothing": 0.0006630918193927249,
    "blunder-policy": 1.1654782744452419e-7,
    "binding-band": 0.009213561903906264,
    "normal-gem": 0.0000021615972661259697,
    "aguav-berry": 0.26692887242155444,
    "firium-z": 0.010593378228915207,
    "rocky-helmet": 1.0079410306396142e-8
  },
  "abilities": {
    "multiscale": 874.9671711115826,
    "inner-focus": 3.5747064643448367
  },
  "moves": {
    "dragon-dance": 762.9721887747952,
    "earthquake": 795.0286313218529,
    "extreme-speed": 819.6606959987022,
    "dragon-claw": 121.2906127571538,
    "dragon-tail": 1.2953442729244409,
    "iron-head": 31.13161517541538,
    "roost": 64.61111350271175,
    "outrage": 197.11619968989643,
    "fire-punch": 120.98397329570656,
    "dual-wingbeat": 504.5847478043945,
    "ice-spinner": 19.787368418664176,
    "aqua-tail": 0.29657064413114925,
    "body-press": 0.024698954861448408,
    "draco-meteor": 1.9907417542300871,
    "flamethrower": 0.00007792701062325769,
    "wing-attack": 0.004860722577236576,
    "waterfall": 0.309772663365518,
    "superpower": 9.560412673492461,
    "whirlpool": 0.03408561354737394,
    "thunder-punch": 19.625643979127076,
    "aqua-jet": 1.1189515055180188,
    "defog": 13.483716474238646,
    "thunder-wave": 0.9687883739122273,
    "frustration": 0,
    "stone-edge": 0.015465217845756107,
    "scale-shot": 3.869951341091866,
    "power-up-punch": 0.0025075465600910007,
    "sky-drop": 0.007271343983893508,
    "air-slash": 0.0018315679734161594,
    "toxic": 0.0432991754512802,
    "aerial-ace": 18.459311072421585,
    "fly": 0.9968510590472655,
    "brick-break": 0.07539177572634598,
    "light-screen": 0.005743920752942944,
    "reflect": 0.005743920752942944,
    "agility": 1.9075295824604575,
    "dragon-rush": 0.4639448991012597,
    "ice-punch": 0.14215396060312124,
    "sunny-day": 0,
    "protect": 0,
    "tailwind": 0.00007287286141921534,
    "hurricane": 0.2485820587688683,
    "ice-beam": 0,
    "substitute": 0.9299811675881713,
    "": 9.15370586551667e-8,
    "wrap": 0.009213561903906264,
    "blizzard": 0,
    "dragon-pulse": 0,
    "haze": 0,
    "curse": 0.011163023858996812,
    "heal-bell": 0.320038443296337,
    "tera-blast": 0.0005986194218741692,
    "encore": 0.030835852482994863,
    "rain-dance": 0.2485820587688683,
    "thunder": 0.2485820587688683,
    "hone-claws": 0.16569101268751601,
    "thunderbolt": 0,
    "low-kick": 0.07636079976385235
  },
  "teras": {
    "nothing": 878.5418775759275
  },
  "spreads": [
    {
      "nature": "adamant",
      "usage": "45.7",
      "evs": {
        "hp": 0,
        "atk": 252,
        "def": 0,
        "spa": 0,
        "spd": 4,
        "spe": 252
      }
    },
    {
      "nature": "jolly",
      "usage": "20.9",
      "evs": {
        "hp": 0,
        "atk": 252,
        "def": 0,
        "spa": 0,
        "spd": 4,
        "spe": 252
      }
    },
    {
      "nature": "adamant",
      "usage": "12.9",
      "evs": {
        "hp": 196,
        "atk": 252,
        "def": 4,
        "spa": 0,
        "spd": 0,
        "spe": 56
      }
    },
    {
      "nature": "adamant",
      "usage": "9.4",
      "evs": {
        "hp": 0,
        "atk": 252,
        "def": 0,
        "spa": 0,
        "spd": 0,
        "spe": 252
      }
    },
    {
      "nature": "adamant",
      "usage": "5.0",
      "evs": {
        "hp": 0,
        "atk": 252,
        "def": 0,
        "spa": 4,
        "spd": 0,
        "spe": 252
      }
    },
    {
      "nature": "jolly",
      "usage": "1.6",
      "evs": {
        "hp": 4,
        "atk": 252,
        "def": 0,
        "spa": 0,
        "spd": 0,
        "spe": 252
      }
    },
    {
      "nature": "adamant",
      "usage": "1.2",
      "evs": {
        "hp": 252,
        "atk": 252,
        "def": 0,
        "spa": 0,
        "spd": 4,
        "spe": 0
      }
    },
    {
      "nature": "jolly",
      "usage": "0.6",
      "evs": {
        "hp": 244,
        "atk": 12,
        "def": 0,
        "spa": 0,
        "spd": 0,
        "spe": 252
      }
    },
    {
      "nature": "impish",
      "usage": "0.4",
      "evs": {
        "hp": 252,
        "atk": 0,
        "def": 252,
        "spa": 0,
        "spd": 4,
        "spe": 0
      }
    },
    {
      "nature": "adamant",
      "usage": "0.4",
      "evs": {
        "hp": 0,
        "atk": 252,
        "def": 4,
        "spa": 0,
        "spd": 0,
        "spe": 252
      }
    }
  ],
  "teammates": {
    "6": 0.0002614453042766862,
    "18": 0.009501296166248452,
    "22": 0.04826588004526816,
    "85": 0.23616245283310688,
    "123": 0.012561078036925466,
    "130": 18.061599510886207,
    "142": 29.877798761344415,
    "144": 0.05503988376298713,
    "145": 35.0489040527183,
    "146": 46.92010082713946,
    "169": 0.06507809507123213,
    "178": 0.02057857624791526,
    "189": 0.016490413277629068,
    "198": 0.04949730297287264,
    "225": 0.9208802733389909,
    "226": 21.721093720534157,
    "227": 16.95575618714764,
    "230": 4.947488934613561,
    "277": 0.444538223885181,
    "279": 0.06985230550870974,
    "284": 0.1781409925057013,
    "330": 0.34268399684728496,
    "334": 0.039960763107504405,
    "357": 0.00006368607734658083,
    "372": 0.0004043061142108284,
    "373": 17.214591542073254,
    "380": 43.78418442566689,
    "381": 221.03888788086212,
    "398": 1.6860730318547,
    "426": 0.00030223891701136596,
    "430": 15.99568024687221,
    "445": 214.83122791487082,
    "468": 6.922696347650053,
    "469": 0.1856474160708605,
    "472": 214.85509289640513,
    "528": 0.006881923617042762,
    "561": 0.04898900906154052,
    "567": 0.8549930731752953,
    "587": 0.0020218589542050913,
    "612": 1.3780629984340524,
    "621": 23.569716752517863,
    "630": 19.77358795275158,
    "635": 37.75134861094085,
    "642": 0.18487464472685983,
    "645": 64.08377543947554,
    "646": 221.1052584461467,
    "663": 3.634785478189997,
    "666": 1.5226007415250429,
    "691": 11.455409591856185,
    "697": 0.4955190173540341,
    "701": 21.58364459256285,
    "706": 0.032159338382401426,
    "715": 5.65731879970375,
    "733": 0.000026954830115444306,
    "774": 0.43515174286759006,
    "776": 0.504489780805053,
    "780": 1.2647461798909843,
    "784": 388.8996628515075,
    "797": 152.7316629862001,
    "799": 0.34085235958015453,
    "823": 126.34830143129611,
    "841": 0,
    "842": 0.11797414366755599,
    "845": 1.0079410306396142e-8,
    "880": 0.5359871272853862,
    "884": 0.7715651103957928,
    "895": 6.279719771451154,
    "905": 32.58405231764659,
    "941": 0.40105406800728677,
    "967": 1.6890425925172527,
    "978": 0.007827532684102134,
    "993": 3.2083403863561073,
    "1005": 304.32422743779455,
    "1009": 58.12239742829058,
    "1011": 0.0018315679734161594,