{
  "id": "184",
  "name": "Azumarill",
  "format_id": "showdown_gen9nationaldexmonotype-1630",
  "usage_metrics": {
    "raw": 1756,
    "base_weight": 525.7334661259948,
    "percent": 3.1558894360375254
  },
  "roles": [
    {
      "role": "role_staller",
      "label": "Staller",
      "category": "DEF"
    },
    {
      "role": "role_setup",
      "label": "Setup Sweeper",
      "category": "OFF"
    },
    {
      "role": "role_sweeper_physical",
      "label": "Physical Sweeper",
      "category": "OFF"
    }
  ],
  "items": {
    "leftovers": 277.00662904019237,
    "waterium-z": 0,
    "sitrus-berry": 98.34411197649158,
    "normalium-z": 105.77414342998316,
    "choice-band": 39.882094506986085,
    "heavy-duty-boots": 0,
    "life-orb": 1.8735083557623369,
    "assault-vest": 1.7574938070324262,
    "liechi-berry": 0.0073426896293481425,
    "focus-sash": 0,
    "salac-berry": 0.3953724747403663,
    "eject-button": 0.16975814831222547,
    "lum-berry": 0.003556579385827874,
    "bluk-berry": 0.0020410390321245475,
    "fightinium-z": 0.4933779297394811,
    "mystic-water": 9.619471885713438e-12,
    "aguav-berry": 0.02344263153402293,
    "expert-belt": 0,
    "muscle-band": 0.0005935171642058035
  },
  "abilities": {
    "sap-sipper": 277.67734002739235,
    "huge-power": 247.9954674305917,
    "thick-fat": 0.06065866801075154
  },
  "moves": {
    "whirlpool": 276.5995215886899,
    "perish-song": 276.6033809265992,
    "protect": 276.8133619001303,
    "rest": 255.9947769829676,
    "play-rough": 201.54209770855704,
    "knock-off": 152.99111331950607,
    "aqua-jet": 247.21179571439106,
    "liquidation": 100.3703270536594,
    "belly-drum": 210.0685021598075,
    "return": 8.811311125922785,
    "frustration": 11.999307906657002,
    "ice-spinner": 23.378622728794397,
    "superpower": 8.964155537000808,
    "toxic": 1.2979483784747465,
    "aqua-tail": 0.8245103094863622,
    "trailblaze": 1.7338501176397976,
    "refresh": 0.15240273246978492,
    "bulldoze": 7.878353123613198,
    "waterfall": 0.3898498321483709,
    "encore": 12.512926071413832,
    "brick-break": 17.870855681499982,
    "substitute": 4.201130979233517,
    "alluring-voice": 0.16976218272576676,
    "future-sight": 0.0000040344135412984095,
    "scald": 0.16976223890130815,
    "ice-punch": 0.7965722961860056,
    "power-up-punch": 0.0035572802267481163,
    "body-slam": 0.0000029494759127279835,
    "bounce": 0,
    "ice-beam": 0.16975814831222547,
    "draining-kiss": 3.4099078372536304,
    "muddy-water": 0,
    "aqua-ring": 0,
    "natural-gift": 0.0020410390321245475,
    "": 0,
    "surf": 9.619471885713438e-12,
    "hydro-pump": 9.619471885713438e-12,
    "iron-tail": 0.0000029494759127279835,
    "grass-knot": 5.12523591900127e-8,
    "icy-wind": 0.0023916180420593958
  },
  "teras": {
    "nothing": 525.7334661259954
  },
  "spreads": [
    {
      "nature": "bold",
      "usage": "37.5",
      "evs": {
        "hp": 252,
        "atk": 0,
        "def": 252,
        "spa": 4,
        "spd": 0,
        "spe": 0
      }
    },
    {
      "nature": "adamant",
      "usage": "14.9",
      "evs": {
        "hp": 4,
        "atk": 252,
        "def": 0,
        "spa": 0,
        "spd": 0,
        "spe": 252
      }
    },
    {
      "nature": "adamant",
      "usage": "11.5",
      "evs": {
        "hp": 248,
        "atk": 252,
        "def": 0,
        "spa": 0,
        "spd": 8,
        "spe": 0
      }
    },
    {
      "nature": "calm",
      "usage": "6.5",
      "evs": {
        "hp": 252,
        "atk": 0,
        "def": 0,
        "spa": 0,
        "spd": 244,
        "spe": 12
      }
    },
    {
      "nature": "adamant",
      "usage": "5.3",
      "evs": {
        "hp": 252,
        "atk": 252,
        "def": 0,
        "spa": 0,
        "spd": 4,
        "spe": 0
      }
    },
    {
      "nature": "jolly",
      "usage": "5.3",
      "evs": {
        "hp": 0,
        "atk": 252,
        "def": 0,
        "spa": 0,
        "spd": 4,
        "spe": 252
      }
    },
    {
      "nature": "adamant",
      "usage": "5.2",
      "evs": {
        "hp": 0,
        "atk": 252,
        "def": 0,
        "spa": 0,
        "spd": 4,
        "spe": 252
      }
    },
    {
      "nature": "calm",
      "usage": "2.8",
      "evs": {
        "hp": 252,
        "atk": 0,
        "def": 0,
        "spa": 4,
        "spd": 252,
        "spe": 0
      }
    },
    {
      "nature": "calm",
      "usage": "2.1",
      "evs": {
        "hp": 252,
        "atk": 0,
        "def": 4,
        "spa": 0,
        "spd": 252,
        "spe": 0
      }
    },
    {
      "nature": "calm",
      "usage": "1.8",
      "evs": {
        "hp": 248,
        "atk": 0,
        "def": 8,
        "spa": 0,
        "spd": 252,
        "spe": 0
      }
    }
  ],
  "teammates": {
    "9": 7.008409202424737e-7,
    "36": 1.3806910672142287,
    "40": 9.619471885713438e-12,
    "55": 8.575945509292637e-11,
    "73": 1.9414064473794461,
    "80": 0.0028993921178387394,
    "87": 0.0000040344135412984095,
    "91": 3.0039762102167376,
    "121": 0.10297286490455859,
    "130": 0.02279340885677028,
    "131": 3.1985027196505063,
    "134": 0,
    "139": 0.12482956280976104,
    "160": 0.258446510039282,
    "171": 221.69644091125028,
    "186": 0.24984896411672514,
    "195": 16.774768749056623,
    "199": 1.7818827251189024,
    "210": 0.20535696360061273,
    "226": 188.74983582818894,
    "230": 5.12581030486341,
    "245": 14.94309241468181,
    "260": 6.810101606394334,
    "272": 0.5791725303538152,
    "279": 112.5297501466618,
    "282": 0.015938603028845977,
    "303": 0.058471642865075,
    "319": 0.10020975530585746,
    "321": 0,
    "340": 0.0038576700711449585,
    "342": 0.10297286490455859,
    "350": 0.10297286490455859,
    "365": 0.012569370713121586,
    "369": 0.0000040344135412984095,
    "395": 17.705103313398144,
    "400": 0.4943710789809908,
    "423": 178.4736451297085,
    "468": 16.874267277862597,
    "490": 0.08499182952100276,
    "537": 0.0000040344135412984095,
    "547": 0.5410725728786716,
    "565": 1.9833940989588683e-8,
    "581": 0,
    "593": 0.42199038358348157,
    "594": 3.4297781079476195,
    "647": 14.995644210965265,
    "658": 19.76892792923642,
    "671": 0.5642765930644495,
    "683": 0,
    "685": 7.268683757467497,
    "700": 1.1745079292809968,
    "702": 0.0003142068994877456,
    "703": 7.23940320108914,
    "707": 113.29791500993458,
    "719": 0.5754410709939468,
    "721": 48.145293758883206,
    "730": 1.1597362250697076,
    "743": 33.02035485596605,
    "748": 236.61131394003027,
    "752": 2.138179097560674,
    "756": 9.619471885713438e-12,
    "764": 9.756424873335732,
    "768": 0.027306469146559098,
    "778": 93.70308617510324,
    "785": 82.91223414585868,
    "786": 104.1894892584993,
    "787": 25.898550463505458,
    "788": 16.14834939052198,
    "818": 2.346954110961394,
    "834": 0.000023694885982639136,
    "845": 0,
    "847": 0.025196793764477532,
    "858": 25.583955266928324,
    "861": 14.072067077612024,
    "902": 0.020705006697772754,
    "905": 26.536785158326673,
    "914": 0.023442631619782384,
    "959": 9.749445267084468,
    "977": 174.98560375188399,
    "985": 0.05432803520589641,
    "1006": 150.89473041072068,
    "1009": 50.34700781902109,
    "1016": 0.004133201169492173,
    "10009": 0.17728884999440625,
    "10041": 8.292470177194854,
    "10051": 39.64095822184749,
    "10064": 106.83913243389863,
    "10070": 2.679432033230046,
    "10071": 0.0015705047880016365,
    "10075": 98.00038595274337,
    "10104": 2.6635498486642466,
    "10163": 1.6153745008296028e-14,
    "10167": 0.5919236047401875,
    "10191": 5.354651314877296,
    "10236": 80.96599386065711,
    "10249": 0.00386674800855652,
    "10252": 0.08764038459273588,
    "10273": 13.04466150649037
  }
}