{
  "id": "793",
  "name": "Nihilego",
  "format_id": "showdown_gen9nationaldexmonotype-1630",
  "usage_metrics": {
    "raw": 1347,
    "base_weight": 312.67492150536015,
    "percent": 2.420833183566371
  },
  "roles": [
    {
      "role": "role_sweeper_special",
      "label": "Special Sweeper",
      "category": "OFF"
    }
  ],
  "items": {
    "air-balloon": 0.6946610785402856,
    "power-herb": 113.52119455821716,
    "choice-scarf": 170.61457845494755,
    "choice-specs": 3.925215912961286,
    "leftovers": 0.0062891900494117525,
    "black-sludge": 21.704725482598505,
    "life-orb": 1.1300650786204616,
    "assault-vest": 0.8485332038274946,
    "light-clay": 1.485491374353387e-7,
    "iron-ball": 0.0007726846590944136,
    "grassium-z": 3.3986554048848205e-7,
    "covert-cloak": 7.227551890309769e-13,
    "focus-sash": 0.22820714682926369,
    "poison-barb": 0.0000059736406317068,
    "white-herb": 0.0000886966598112604,
    "expert-belt": 6.98885394001536e-14,
    "heavy-duty-boots": 0.0005835553932369564
  },
  "abilities": {
    "beast-boost": 312.67492150536015
  },
  "moves": {
    "stealth-rock": 0.009687064137950507,
    "meteor-beam": 113.52128325487706,
    "clear-smog": 1.349477166346318,
    "reflect": 1.485491374353387e-7,
    "sludge-wave": 273.56482832760224,
    "thunderbolt": 119.34705817513536,
    "grass-knot": 269.622955228482,
    "dazzling-gleam": 171.72427787970884,
    "psyshock": 1.8623999138776701,
    "power-gem": 206.10051913643895,
    "hidden-power-ice": 29.199242691407335,
    "psychic": 3.3499959445896734,
    "hex": 0.010604771702242055,
    "sludge-bomb": 13.03711962402984,
    "hidden-power-fire": 9.469730148096907,
    "protect": 0.05871374713790323,
    "foul-play": 0.0062951636907662145,
    "substitute": 21.704725482598505,
    "toxic-spikes": 0.7746293357768981,
    "hidden-power-ground": 2.1118147955745914,
    "charge-beam": 0.2768733141837028,
    "light-screen": 1.4854986019052774e-7,
    "venom-drench": 1.485491374353387e-7,
    "hidden-power-grass": 1.3447814298301655,
    "trick-room": 0.10182049910242691,
    "hidden-power-water": 0.032173124658975316,
    "thunder": 12.118672829583454,
    "return": 0.0000059736406317068,
    "magic-coat": 5.535805220890921e-7,
    "poison-jab": 6.98885394001536e-14
  },
  "teras": {
    "nothing": 312.67492150536015
  },
  "spreads": [
    {
      "nature": "timid",
      "usage": "57.0",
      "evs": {
        "hp": 0,
        "atk": 0,
        "def": 0,
        "spa": 252,
        "spd": 4,
        "spe": 252
      }
    },
    {
      "nature": "timid",
      "usage": "19.0",
      "evs": {
        "hp": 80,
        "atk": 0,
        "def": 0,
        "spa": 176,
        "spd": 0,
        "spe": 252
      }
    },
    {
      "nature": "timid",
      "usage": "11.8",
      "evs": {
        "hp": 0,
        "atk": 0,
        "def": 80,
        "spa": 176,
        "spd": 0,
        "spe": 252
      }
    },
    {
      "nature": "timid",
      "usage": "7.1",
      "evs": {
        "hp": 0,
        "atk": 0,
        "def": 4,
        "spa": 252,
        "spd": 0,
        "spe": 252
      }
    },
    {
      "nature": "timid",
      "usage": "2.8",
      "evs": {
        "hp": 4,
        "atk": 0,
        "def": 0,
        "spa": 252,
        "spd": 0,
        "spe": 252
      }
    },
    {
      "nature": "timid",
      "usage": "0.8",
      "evs": {
        "hp": 40,
        "atk": 0,
        "def": 28,
        "spa": 56,
        "spd": 132,
        "spe": 252
      }
    },
    {
      "nature": "timid",
      "usage": "0.5",
      "evs": {
        "hp": 0,
        "atk": 0,
        "def": 76,
        "spa": 176,
        "spd": 4,
        "spe": 252
      }
    },
    {
      "nature": "timid",
      "usage": "0.3",
      "evs": {
        "hp": 77,
        "atk": 0,
        "def": 0,
        "spa": 179,
        "spd": 0,
        "spe": 252
      }
    },
    {
      "nature": "timid",
      "usage": "0.2",
      "evs": {
        "hp": 76,
        "atk": 0,
        "def": 0,
        "spa": 176,
        "spd": 4,
        "spe": 252
      }
    },
    {
      "nature": "timid",
      "usage": "0.1",
      "evs": {
        "hp": 0,
        "atk": 0,
        "def": 0,
        "spa": 176,
        "spd": 80,
        "spe": 252
      }
    }
  ],
  "teammates": {
    "3": 1.485491374353387e-7,
    "34": 122.83396839262066,
    "44": 0.23508859639895135,
    "45": 1.4854986019052774e-7,
    "49": 0.010955923990746574,
    "73": 0.2673486944754111,
    "76": 2.2147792592645112,
    "93": 0,
    "94": 0.2519927863882288,
    "139": 0.0972220002816021,
    "141": 0.007280370872936925,
    "142": 1.1803257609389504,
    "168": 0.03146233099036616,
    "169": 13.68562121483128,
    "213": 88.24042348219928,
    "248": 42.1906929795398,
    "304": 0.16592675353059394,
    "306": 0.5830496890909207,
    "336": 0.004689209294205854,
    "337": 0.000020289295798336937,
    "346": 15.143883552580332,
    "348": 0.08935641652027893,
    "377": 0.3303511905023401,
    "411": 0.00002960265500046022,
    "452": 1.633452237145845,
    "454": 0.010455229218217565,
    "464": 0.440618449372849,
    "526": 2.0379674748171697,
    "545": 0.2370452198697257,
    "558": 0.5855093607697031,
    "567": 12.10071616771344,
    "591": 0.005154902852572918,
    "639": 15.996726550160393,
    "689": 0.9355643985253743,
    "691": 0.0007520933033894339,
    "697": 16.32208278217179,
    "699": 0.6359830139388942,
    "703": 0.12025970146089326,
    "719": 1.0979554653321317,
    "745": 2.3230229637356388,
    "748": 121.78713657262209,
    "758": 0.38784425003541645,
    "773": 3.536801640446896e-8,
    "774": 1.3533554311345668,
    "805": 9.433196797283234,
    "834": 10.313256646406474,
    "839": 20.838610471955167,
    "849": 0.03031311875235737,
    "900": 7.021469436061756,
    "903": 37.58279130231366,
    "904": 1.1681400932064934,
    "934": 7.9471495458149475,
    "945": 4.1144286910821393e-7,
    "966": 0.004928467265668868,
    "970": 15.769971913149524,
    "980": 35.25760849164103,
    "994": 1.6544160064207913,
    "1014": 0.03887371315541044,
    "1016": 0.011076742592981192,
    "1022": 79.76148699436105,
    "1025": 13.511969477770794,
    "10033": 158.05791167827573,
    "10042": 10.099344869717607,
    "10049": 10.662237210780523,
    "10075": 94.81713566090617,
    "10090": 15.241460576773003,
    "10111": 3.612329144201613,
    "10113": 170.92856873180537,
    "10126": 0,
    "10152": 0.7758683341508716,
    "10165": 0.03031311875235737,
    "10167": 157.93150021186844,
    "10172": 0.32127157416106705,
    "10230": 66.21175621382254,
    "10243": 0.26319140920406514,
    "10275": 98.17760039936002
  }
}