{
  "id": "797",
  "name": "Celesteela",
  "format_id": "showdown_gen9nationaldexmonotype-1630",
  "usage_metrics": {
    "raw": 2039,
    "base_weight": 645.197011891921,
    "percent": 3.664498041048129
  },
  "roles": [
    {
      "role": "role_staller",
      "label": "Staller",
      "category": "DEF"
    },
    {
      "role": "role_sweeper_mixed",
      "label": "Mixed Sweeper",
      "category": "OFF"
    },
    {
      "role": "role_pivot",
      "label": "Pivot",
      "category": "DEF"
    }
  ],
  "items": {
    "leftovers": 482.11955069183614,
    "weakness-policy": 35.781557908663366,
    "assault-vest": 30.29509463095014,
    "metronome": 21.529353819627772,
    "power-herb": 58.291518680567584,
    "covert-cloak": 0,
    "flyinium-z": 13.935336836531945,
    "buginium-z": 0.0000030431448205248124,
    "air-balloon": 0.002099089233384588,
    "rocky-helmet": 2.858571804997413,
    "nothing": 0.02186160652510144,
    "groundium-z": 0.10128555918181154,
    "focus-sash": 0.0000025042002055331025,
    "life-orb": 0.17385918115751725,
    "blunder-policy": 2.4391044739502377e-12,
    "sitrus-berry": 0.044612535491080185,
    "poisonium-z": 0.04230399980912919,
    "heavy-duty-boots": 0
  },
  "abilities": {
    "beast-boost": 645.197011891921
  },
  "moves": {
    "leech-seed": 482.7466379608548,
    "heavy-slam": 390.68973727036894,
    "protect": 469.3790067430982,
    "toxic": 73.96706798053137,
    "acrobatics": 29.841339527911558,
    "autotomize": 98.27297225780548,
    "earthquake": 34.911947631287234,
    "iron-head": 29.683667788043014,
    "flamethrower": 255.0644656985611,
    "flash-cannon": 90.365626240891,
    "giga-drain": 126.29261581924511,
    "air-slash": 393.9996842980396,
    "substitute": 31.277795742995448,
    "meteor-beam": 58.32387486145358,
    "rock-slide": 0.0971163694179965,
    "seed-bomb": 1.3348810227813703,
    "iron-defense": 1.5806340933658052,
    "megahorn": 0.0000030431471634284613,
    "explosion": 0.0000035135877661796044,
    "body-slam": 0.026983698336480455,
    "stone-edge": 9.620082508376981e-14,
    "gyro-ball": 0,
    "fly": 1.1452207458222285,
    "superpower": 1.1817923286545875,
    "hidden-power-ice": 0.17825708191066014,
    "flame-charge": 1.6107309039793023,
    "fire-blast": 3.0699828671679894,
    "rest": 0.10128555918181154,
    "energy-ball": 4.744574412396909,
    "hidden-power-ground": 0.9001421068433563
  },
  "teras": {
    "nothing": 645.197011891921
  },
  "spreads": [
    {
      "nature": "sassy",
      "usage": "35.3",
      "evs": {
        "hp": 252,
        "atk": 0,
        "def": 0,
        "spa": 4,
        "spd": 252,
        "spe": 0
      }
    },
    {
      "nature": "impish",
      "usage": "10.3",
      "evs": {
        "hp": 248,
        "atk": 0,
        "def": 252,
        "spa": 0,
        "spd": 8,
        "spe": 0
      }
    },
    {
      "nature": "modest",
      "usage": "5.3",
      "evs": {
        "hp": 252,
        "atk": 0,
        "def": 36,
        "spa": 96,
        "spd": 124,
        "spe": 0
      }
    },
    {
      "nature": "timid",
      "usage": "4.6",
      "evs": {
        "hp": 0,
        "atk": 0,
        "def": 0,
        "spa": 252,
        "spd": 4,
        "spe": 252
      }
    },
    {
      "nature": "adamant",
      "usage": "4.6",
      "evs": {
        "hp": 64,
        "atk": 96,
        "def": 88,
        "spa": 0,
        "spd": 12,
        "spe": 248
      }
    },
    {
      "nature": "relaxed",
      "usage": "4.2",
      "evs": {
        "hp": 248,
        "atk": 0,
        "def": 156,
        "spa": 0,
        "spd": 104,
        "spe": 0
      }
    },
    {
      "nature": "calm",
      "usage": "3.8",
      "evs": {
        "hp": 252,
        "atk": 0,
        "def": 0,
        "spa": 156,
        "spd": 100,
        "spe": 0
      }
    },
    {
      "nature": "calm",
      "usage": "3.8",
      "evs": {
        "hp": 248,
        "atk": 0,
        "def": 8,
        "spa": 0,
        "spd": 252,
        "spe": 0
      }
    },
    {
      "nature": "calm",
      "usage": "3.5",
      "evs": {
        "hp": 252,
        "atk": 0,
        "def": 0,
        "spa": 4,
        "spd": 252,
        "spe": 0
      }
    },
    {
      "nature": "sassy",
      "usage": "3.0",
      "evs": {
        "hp": 252,
        "atk": 0,
        "def": 168,
        "spa": 0,
        "spd": 88,
        "spe": 0
      }
    }
  ],
  "teammates": {
    "130": 6.624864317913501,
    "142": 5.5337005275856805,
    "144": 3.0556477162421034,
    "145": 68.38953284840726,
    "146": 46.715522215068304,
    "149": 152.7316629862001,
    "166": 0.004370169059910833,
    "169": 5.712987830906164,
    "178": 4.7044294565479206e-7,
    "189": 0.08164621744311673,
    "198": 0.04421132720334087,
    "205": 0.14307173011209878,
    "208": 0.000250831394290274,
    "212": 0.07883015626179507,
    "225": 0.9074222693471626,
    "226": 32.616449178586265,
    "227": 64.89641776624713,
    "277": 0.39583098314112036,
    "279": 19.670846257746916,
    "284": 10.19729314866979,
    "291": 4.7044294565479206e-7,
    "303": 0.0000013357761847188065,
    "306": 6.439848654338221e-13,
    "373": 4.678941359424919,
    "376": 3.4457390232455296,
    "379": 0.000004322937331602272,
    "385": 31.237763932066326,
    "395": 20.880561464422268,
    "398": 2.7456152588605236,
    "426": 0,
    "430": 15.995653292042094,
    "437": 23.813031629868135,
    "448": 8.622578502218072,
    "462": 7.730378424579688,
    "468": 32.27744303486552,
    "469": 0.5312574094807108,
    "472": 162.1258975928615,
    "485": 290.3993781106417,
    "528": 0.04645812443213798,
    "530": 112.89434201822245,
    "561": 1.1450652885406494,
    "589": 6.439848654338221e-13,
    "598": 202.0847105821048,
    "625": 4.5470595539282215,
    "628": 0.011453478070788337,
    "630": 22.259430332772638,
    "632": 1.3877787807814457e-15,
    "638": 1.6445925598838682,
    "641": 1.678134664506922,
    "642": 0.005373053673969563,
    "645": 64.0757764456576,
    "663": 1.8828118358600223,
    "666": 0.01145349539290147,
    "681": 7.068127328809432,
    "701": 29.938702316868707,
    "707": 4.318204460597045,
    "741": 0.49198296059494334,
    "773": 0.000002102129892656013,
    "774": 53.67085877518317,
    "805": 31.772619232646623,
    "809": 66.30860119041604,
    "823": 118.39608086185417,
    "863": 0.0002468280940864376,
    "905": 27.27197175509617,
    "941": 0.25290582989641397,
    "959": 1.6989388346211327,
    "962": 0.02698369833404135,
    "966": 1.2603754279885773,
    "968": 0.039453763398548,
    "990": 99.79972126773178,
    "993": 3.0053699782929417,
    "1000": 231.7285896959628,
    "1018": 16.842929183459827,
    "1023": 9.650883349683511,
    "10019": 42.73834888194053,
    "10020": 131.75107679756852,
    "10021": 114.60890437215619,
    "10035": 207.22473750233547,
    "10042": 9.618094000089421,
    "10046": 183.68615205736486,
    "10053": 4.671603017700287,
    "10072": 0.45682192779637,
    "10073": 2.3600779700123193,
    "10169": 0.0000030431448205248124,
    "10170": 97.8127912001519,
    "10171": 11.776188873218587,
    "10242": 8.828583168161686,
    "10249": 0.9074222693471626
  }
}