{
  "id": "135",
  "name": "Jolteon",
  "format_id": "showdown_gen9ru-1760",
  "usage_metrics": {
    "raw": 942,
    "base_weight": 1.0113152060984683,
    "percent": 1.261314337743024
  },
  "roles": [
    {
      "role": "role_sweeper_special",
      "label": "Special Sweeper",
      "category": "OFF"
    },
    {
      "role": "role_pivot",
      "label": "Pivot",
      "category": "DEF"
    }
  ],
  "items": {
    "magnet": 0.00965602685418282,
    "focus-sash": 0.0003651178459881388,
    "flame-orb": 0.3616860285967953,
    "choice-specs": 0.17501965541818876,
    "expert-belt": 4.0183768812429577e-8,
    "air-balloon": 0.00004555595251654054,
    "leftovers": 0.02258989517477905,
    "heavy-duty-boots": 0.03432026960170115,
    "heat-rock": 0,
    "throat-spray": 0.2752433104378685,
    "choice-scarf": 0.12734410490405546,
    "loaded-dice": 0,
    "life-orb": 0.003445860471706752,
    "assault-vest": 3.3098301877032554e-11,
    "sitrus-berry": 0.000882256362376932,
    "fairy-feather": 7.39308614328138e-12,
    "toxic-orb": 0.000006578427203085546,
    "wise-glasses": 0.0007105058268457309,
    "nothing": 0,
    "power-herb": 0
  },
  "abilities": {
    "volt-absorb": 0.64573551582163,
    "quick-feet": 0.3655796902768382
  },
  "moves": {
    "thunderbolt": 0.842273249759323,
    "volt-switch": 1.0071161155077233,
    "tera-blast": 0.7498833921844621,
    "hyper-beam": 8.093690500032835e-7,
    "calm-mind": 0.011341460392463198,
    "electro-ball": 0.00015950136331699394,
    "thunder": 0.20076325244214793,
    "alluring-voice": 0.7911130471650538,
    "shadow-ball": 0.35417049026155234,
    "substitute": 0.0000414087027322263,
    "discharge": 0.027907120560258736,
    "wish": 0.01133269698000422,
    "protect": 0.00989264169119658,
    "thunder-wave": 0.0012265729600864916,
    "light-screen": 0.0000011380268974403585,
    "roar": 0.0008822569783401013,
    "sunny-day": 0.00003671621151274396,
    "trailblaze": 0.0001714824449591812,
    "facade": 6.085700832159091e-10,
    "pin-missile": 0,
    "wild-charge": 0,
    "weather-ball": 0.01022680941218973,
    "stored-power": 0.00021012743586024119,
    "hyper-voice": 0.02636044839108831,
    "agility": 0.00008195831645713136,
    "electroweb": 0,
    "fake-tears": 5.551115123125783e-15,
    "sleep-talk": 0.000029042558861158696,
    "rest": 0.000029042558861158696,
    "last-resort": 0,
    "giga-impact": 0,
    "charm": 0.000005021055449416778,
    "eerie-impulse": 0.000005021055449416778,
    "mud-slap": 0
  },
  "teras": {
    "ice": 0.10886590022764031,
    "electric": 0.24892493466996118,
    "ghost": 0.01063418808233757,
    "grass": 0.6386859076098614,
    "water": 0.0008712771204258396,
    "flying": 0.0003228516442979057,
    "fairy": 0.00290018539304443,
    "steel": 0.000004715979212366328,
    "bug": 2.6341595571466314e-11,
    "fire": 4.8405723873656825e-14,
    "dark": 0,
    "normal": 3.5955242877472315e-7,
    "ground": 0,
    "fighting": 0.00010488579286843658
  },
  "spreads": [
    {
      "nature": "modest",
      "usage": "40.5",
      "evs": {
        "hp": 0,
        "atk": 0,
        "def": 0,
        "spa": 252,
        "spd": 4,
        "spe": 252
      }
    },
    {
      "nature": "timid",
      "usage": "27.2",
      "evs": {
        "hp": 4,
        "atk": 0,
        "def": 0,
        "spa": 252,
        "spd": 0,
        "spe": 252
      }
    },
    {
      "nature": "timid",
      "usage": "17.3",
      "evs": {
        "hp": 0,
        "atk": 0,
        "def": 0,
        "spa": 252,
        "spd": 4,
        "spe": 252
      }
    },
    {
      "nature": "modest",
      "usage": "12.7",
      "evs": {
        "hp": 4,
        "atk": 0,
        "def": 0,
        "spa": 252,
        "spd": 0,
        "spe": 252
      }
    },
    {
      "nature": "timid",
      "usage": "1.0",
      "evs": {
        "hp": 252,
        "atk": 0,
        "def": 0,
        "spa": 4,
        "spd": 0,
        "spe": 252
      }
    },
    {
      "nature": "timid",
      "usage": "0.6",
      "evs": {
        "hp": 0,
        "atk": 0,
        "def": 4,
        "spa": 252,
        "spd": 0,
        "spe": 252
      }
    },
    {
      "nature": "modest",
      "usage": "0.4",
      "evs": {
        "hp": 0,
        "atk": 0,
        "def": 4,
        "spa": 252,
        "spd": 0,
        "spe": 252
      }
    },
    {
      "nature": "timid",
      "usage": "0.1",
      "evs": {
        "hp": 0,
        "atk": 0,
        "def": 0,
        "spa": 252,
        "spd": 0,
        "spe": 252
      }
    },
    {
      "nature": "quiet",
      "usage": "0.1",
      "evs": {
        "hp": 216,
        "atk": 232,
        "def": 0,
        "spa": 0,
        "spd": 0,
        "spe": 60
      }
    },
    {
      "nature": "serious",
      "usage": "0.0",
      "evs": {
        "hp": 4,
        "atk": 0,
        "def": 0,
        "spa": 252,
        "spd": 0,
        "spe": 252
      }
    }
  ],
  "teammates": {
    "3": 0.022579301059415025,
    "6": 0.022585892484492442,
    "25": 0,
    "28": 0.0000011815880678334167,
    "38": 0.022579301059415025,
    "53": 0,
    "59": 0.02926781577030685,
    "62": 0.002072409271560549,
    "73": 0.024963657985220655,
    "80": 0.36124888811179334,
    "85": 3.573186191374589e-11,
    "89": 0,
    "91": 0.025115706338732058,
    "94": 0.011084844570712682,
    "101": 0,
    "103": 0,
    "107": 0,
    "110": 0,
    "112": 0,
    "113": 0.00013727697879589718,
    "123": 0,
    "131": 7.501247067942529e-9,
    "132": 0,
    "133": 0.00003424456112199881,
    "134": 0.05484968163474141,
    "136": 0.050803649450899324,
    "137": 0,
    "143": 0.0001731379610369066,
    "144": 0,
    "151": 0.10625404869338306,
    "157": 0.000015137232380890708,
    "160": 0.000040522527144593035,
    "164": 0.0001731379610369066,
    "186": 0.01862272399968412,
    "189": 2.872293684563765e-7,
    "195": 0.002623460058073568,
    "196": 0.3260656056544873,
    "197": 0.16070545187866153,
    "205": 0.011016405933502893,
    "207": 5.615936511382813e-7,
    "211": 0.000031218732099991264,
    "214": 7.85007561732165e-7,
    "221": 9.874858004077502e-7,
    "230": 0.00688107833178242,
    "237": 0.00003361640173366043,
    "242": 0.00002117599410711435,
    "243": 5.384581669432009e-15,
    "244": 0.2843053181914205,
    "245": 0.024527337722008546,
    "254": 0,
    "262": 0.00010056607163611009,
    "272": 0.006847455850354955,
    "282": 0.05470779794746089,
    "284": 4.846240742040209e-9,
    "286": 0.000040184836621270925,
    "297": 0,
    "302": 0.000015424461749347085,
    "324": 0.0013137942315035178,
    "330": 9.940624173809809e-8,
    "334": 4.813884846299743e-10,
    "342": 0.05054011125889962,
    "350": 0,
    "356": 2.796278752992265e-8,
    "357": 0.000882256362376932,
    "358": 2.872293684563765e-7,
    "379": 0.3598400242625066,
    "385": 0.005270512637966129,
    "389": 0.03373691125402567,
    "392": 0.000036304555474042655,
    "395": 0.0000011380268974403585,
    "398": 0,
    "411": 0.00000292918765121275,
    "419": 0.0011160712114794413,
    "423": 0.0001348274508071179,
    "429": 0.0000010044455916458084,
    "430": 1.6831915616855042e-7,
    "437": 0.0017262669150369114,
    "444": 0,
    "448": 0.00010056607163611009,
    "454": 0,
    "460": 1.4799959147104857e-8,
    "462": 0,
    "464": 0,
    "466": 0,
    "470": 0.001684915907078477,
    "471": 0.00018300811087035296,
    "474": 4.813884846299743e-10,
    "475": 0.00012053834731068358,
    "478": 1.042524824801383e-7,
    "480": 0.006551237732095927,
    "482": 0.009062007754289614,
    "488": 0,
    "523": 0.000882256362376932,
    "547": 0.0013071125762836866,
    "549": 0,
    "553": 0.3597500190591432,
    "560": 3.9493164294412963e-10,
    "571": 0.000031218732099991264,
    "573": 6.842459005507173e-7,
    "591": 0,
    "604": 0.0000014508556683834328,
    "609": 0.0000012563046659086474,
    "615": 0.0000014723729384047424,
    "620": 0.00008635698300274441,