{
  "id": "475",
  "name": "Gallade",
  "format_id": "showdown_gen9monotype-1630",
  "usage_metrics": {
    "raw": 7789,
    "base_weight": 1731.8526442876534,
    "percent": 3.3780325963448377
  },
  "roles": [
    {
      "role": "role_sweeper_physical",
      "label": "Physical Sweeper",
      "category": "OFF"
    }
  ],
  "items": {
    "assault-vest": 1271.730703895894,
    "life-orb": 112.1961166531813,
    "choice-band": 120.88980891414893,
    "lum-berry": 26.94330175374004,
    "choice-scarf": 79.64979914050642,
    "heavy-duty-boots": 7.249220584018941,
    "leftovers": 9.549491463945229,
    "mirror-herb": 0.000005078047740747493,
    "focus-sash": 9.369801110424332,
    "covert-cloak": 0.002680329940014714,
    "muscle-band": 0.23294038792415944,
    "expert-belt": 10.052029546514957,
    "razor-claw": 1.188133469966558,
    "scope-lens": 68.1576197637878,
    "power-herb": 1.4094336808767594e-11,
    "light-clay": 2.6311529189510563,
    "weakness-policy": 0.2631738197871369,
    "mind-plate": 0.17376066855193556,
    "figy-berry": 0,
    "air-balloon": 0,
    "nothing": 0,
    "salac-berry": 0.03334883103428998,
    "sitrus-berry": 0.13547803304386208,
    "power-anklet": 1.6461633067299137,
    "choice-specs": 0.0009654461525008262,
    "clear-amulet": 0.006161514764769727,
    "kasib-berry": 9.275484434616715,
    "rocky-helmet": 5.773159728050814e-15,
    "black-belt": 0.13884508391848166,
    "roseli-berry": 0.14971177722053458,
    "coba-berry": 0.0028280481866648777,
    "custap-berry": 7.405187574249794e-12,
    "shell-bell": 0.1095040538191307,
    "big-root": 0.0008687343935189218,
    "protective-pads": 0,
    "colbur-berry": 0.07354552441788792
  },
  "abilities": {
    "sharpness": 1662.8790060501856,
    "steadfast": 10.30167853629331,
    "justified": 58.67195970117449
  },
  "moves": {
    "psycho-cut": 1687.2311531228377,
    "sacred-sword": 1609.2046426963757,
    "night-slash": 1250.1951623346474,
    "shadow-sneak": 1283.9068318936074,
    "swords-dance": 70.31665054069602,
    "knock-off": 187.2994003320646,
    "triple-axel": 72.74748546432178,
    "agility": 90.8822156746925,
    "leaf-blade": 343.6134400114897,
    "x-scissor": 13.76387470090847,
    "aqua-cutter": 41.81422285488777,
    "taunt": 0,
    "will-o-wisp": 2.406240321994879e-7,
    "protect": 0.0002274658851364464,
    "bulk-up": 13.38210172536781,
    "drain-punch": 126.32041521116875,
    "ice-punch": 4.455795415851043,
    "trick-room": 65.54951412834359,
    "rock-slide": 6.174267797587341e-7,
    "shadow-claw": 11.758215492251425,
    "earthquake": 8.167341999123732,
    "destiny-bond": 11.919075774373324,
    "close-combat": 9.394423475820457,
    "fire-punch": 0.4857905343496642,
    "air-slash": 1.1050491536349845,
    "poison-jab": 3.5352222935012514,
    "thunder-punch": 1.7665251758129836,
    "solar-blade": 1.4094336808767594e-11,
    "trick": 5.691503620594796,
    "substitute": 0.028132278232926966,
    "light-screen": 2.6311529189510563,
    "reflect": 2.6311529189510563,
    "brick-break": 0.39710148513142624,
    "psychic": 0.17376066855193556,
    "aura-sphere": 0.17475639023331158,
    "thunder-wave": 0.000006289006186155355,
    "body-slam": 0.0000070697506541761435,
    "energy-ball": 3.150135707841173e-11,
    "psyshock": 3.150135707841173e-11,
    "stone-edge": 0.5121468779578713,
    "night-shade": 1.5263411940372136,
    "encore": 0,
    "bulldoze": 0,
    "alluring-voice": 0,
    "draining-kiss": 0.0003580386574037475,
    "hyper-beam": 0,
    "mystical-fire": 0,
    "expanding-force": 0,
    "zen-headbutt": 4.805135838089548,
    "focus-punch": 0.0000697945105819775,
    "psybeam": 0.0009654461525008262,
    "confuse-ray": 6.3989419707422e-8,
    "thief": 0,
    "throat-chop": 0.02284982502258759,
    "vacuum-wave": 0.0003580386574037475,
    "calm-mind": 0,
    "sunny-day": 0,
    "reversal": 6.3989419707422e-8,
    "future-sight": 0
  },
  "teras": {
    "nothing": 1731.8526442876525
  },
  "spreads": [
    {
      "nature": "adamant",
      "usage": "21.7",
      "evs": {
        "hp": 56,
        "atk": 192,
        "def": 0,
        "spa": 0,
        "spd": 164,
        "spe": 96
      }
    },
    {
      "nature": "adamant",
      "usage": "7.2",
      "evs": {
        "hp": 0,
        "atk": 252,
        "def": 0,
        "spa": 0,
        "spd": 4,
        "spe": 252
      }
    },
    {
      "nature": "adamant",
      "usage": "7.2",
      "evs": {
        "hp": 0,
        "atk": 252,
        "def": 4,
        "spa": 0,
        "spd": 252,
        "spe": 0
      }
    },
    {
      "nature": "jolly",
      "usage": "6.4",
      "evs": {
        "hp": 0,
        "atk": 252,
        "def": 0,
        "spa": 0,
        "spd": 4,
        "spe": 252
      }
    },
    {
      "nature": "jolly",
      "usage": "5.2",
      "evs": {
        "hp": 4,
        "atk": 252,
        "def": 0,
        "spa": 0,
        "spd": 0,
        "spe": 252
      }
    },
    {
      "nature": "adamant",
      "usage": "5.1",
      "evs": {
        "hp": 56,
        "atk": 228,
        "def": 0,
        "spa": 0,
        "spd": 128,
        "spe": 96
      }
    },
    {
      "nature": "jolly",
      "usage": "4.8",
      "evs": {
        "hp": 252,
        "atk": 252,
        "def": 0,
        "spa": 0,
        "spd": 4,
        "spe": 0
      }
    },
    {
      "nature": "adamant",
      "usage": "4.2",
      "evs": {
        "hp": 8,
        "atk": 192,
        "def": 0,
        "spa": 0,
        "spd": 164,
        "spe": 144
      }
    },
    {
      "nature": "brave",
      "usage": "3.0",
      "evs": {
        "hp": 176,
        "atk": 252,
        "def": 80,
        "spa": 0,
        "spd": 0,
        "spe": 0
      }
    },
    {
      "nature": "adamant",
      "usage": "2.8",
      "evs": {
        "hp": 252,
        "atk": 252,
        "def": 0,
        "spa": 0,
        "spd": 4,
        "spe": 0
      }
    }
  ],
  "teammates": {
    "57": 7.867203723066396,
    "62": 0.00002066431911790234,
    "80": 108.00427559767637,
    "97": 3.331579456755662e-11,
    "103": 0.01542402992162567,
    "106": 0.4171612420578803,
    "107": 9.526028887929527e-8,
    "132": 0,
    "151": 2.588023606034638,
    "196": 8.319656400735893,
    "199": 39.05966183904029,
    "214": 0.261757543024412,
    "237": 0.06867729926089094,
    "256": 0.0006281371307562122,
    "282": 54.09374129643814,
    "286": 19.774809302400367,
    "297": 32.33029216382699,
    "308": 4.061767399893932,
    "326": 0.025918546978186796,
    "358": 0.4070653538920484,
    "376": 93.51715498562693,
    "380": 14.162793243589544,
    "381": 65.95483985878622,
    "385": 86.38631856841315,
    "392": 10.179374995381407,
    "437": 112.57347440967716,
    "448": 8.42217072957027,
    "454": 1.3683477377407611,
    "480": 0.0010579489544921272,
    "481": 0,
    "482": 0.5243604640734743,
    "488": 4.610486987649848,
    "500": 19.310486710889865,
    "533": 2.8588969366198986,
    "534": 24.184663949451522,
    "560": 170.07229470771827,
    "576": 0.24965144306251702,
    "579": 0.9786833258848533,
    "620": 0.3247522460867979,
    "638": 27.158583308880548,
    "639": 0.01179018726995229,
    "640": 9.161550080010844,
    "647": 95.93956965995784,
    "648": 1.4345186904697105,
    "652": 49.181480459432564,
    "655": 4.265481343872231,
    "678": 4.050402102727809,
    "687": 30.81745210996556,
    "701": 20.02207052966529,
    "720": 2.623979367122331e-10,
    "740": 2.5256676181955457,
    "765": 0.00001692739947389832,
    "766": 0,
    "779": 0.029085069016845266,
    "784": 42.220038722318726,
    "800": 11.622664899759442,
    "858": 355.89486312660324,
    "870": 1.4361714645305668e-7,
    "876": 322.08641223375906,
    "899": 3.678450975928759,
    "903": 1036.9170465248033,
    "914": 36.17100031286518,
    "923": 1.820025786092661,
    "936": 252.8889256982625,
    "954": 0.08197127589104247,
    "973": 8.779454976077334,