{
  "id": "10065",
  "name": "Sceptile mega",
  "format_id": "showdown_gen6ou-1630",
  "usage_metrics": {
    "raw": 1054,
    "base_weight": 204.53911762509034,
    "percent": 1.58016251386765
  },
  "roles": [
    {
      "role": "role_sweeper_mixed",
      "label": "Mixed Sweeper",
      "category": "OFF"
    }
  ],
  "items": {
    "sceptilite": 204.53911762509034
  },
  "abilities": {
    "lightning-rod": 204.53911762509034
  },
  "moves": {
    "leaf-storm": 147.101016327827,
    "energy-ball": 8.346634029775146,
    "dragon-pulse": 200.49716891778917,
    "earthquake": 163.967704119707,
    "leech-seed": 3.41377295533144,
    "substitute": 18.570904722453943,
    "hidden-power-flying": 0.0065122276245657695,
    "detect": 0,
    "rock-slide": 0.15512958115158315,
    "giga-drain": 61.61771955971369,
    "iron-tail": 0,
    "x-scissor": 0.002735524945555401,
    "focus-blast": 2.022270546298419,
    "hidden-power-fire": 100.90325195420482,
    "synthesis": 0.006004942953109382,
    "swords-dance": 3.7173921102718714,
    "leaf-blade": 3.568048309947115,
    "dragon-claw": 3.476805663360835,
    "outrage": 0.01169268131140394,
    "grass-knot": 0,
    "protect": 85.68649093137682,
    "hidden-power-ice": 0.3479314704766761,
    "agility": 0.00027595824212278686,
    "frenzy-plant": 0.0002516322566023521,
    "solar-beam": 0.0002516322566023521,
    "power-up-punch": 0,
    "hidden-power-fighting": 0.02674880449443523,
    "thunder-punch": 0,
    "drain-punch": 0.18011035282537718,
    "brick-break": 0.0014445771275384822,
    "acrobatics": 0,
    "seed-bomb": 0,
    "focus-punch": 6.382431718394012,
    "seismic-toss": 0,
    "hidden-power-poison": 0.003629049800111306,
    "roar": 0.0014445771275384822,
    "mud-slap": 1.235631597040765e-10,
    "mega-kick": 0,
    "razor-wind": 2.029221235488876e-11,
    "hidden-power-ground": 0.02613194296735699,
    "crunch": 0.04508742013620237,
    "body-slam": 0.000019467592507371734,
    "double-edge": 0.000019467592507371734,
    "toxic": 0.03194708483683817,
    "screech": 0,
    "quick-attack": 0,
    "bullet-seed": 0,
    "counter": 0,
    "aerial-ace": 0,
    "hidden-power-electric": 6.606104552275838e-11,
    "hidden-power-rock": 7.3239126062565925,
    "low-kick": 0.710243022456666,
    "pursuit": 0,
    "grass-whistle": 0.0033346092677614125
  },
  "teras": {
    "nothing": 204.53911762509034
  },
  "spreads": [
    {
      "nature": "naive",
      "usage": "25.8",
      "evs": {
        "hp": 0,
        "atk": 80,
        "def": 0,
        "spa": 252,
        "spd": 0,
        "spe": 176
      }
    },
    {
      "nature": "timid",
      "usage": "16.2",
      "evs": {
        "hp": 0,
        "atk": 0,
        "def": 0,
        "spa": 252,
        "spd": 4,
        "spe": 252
      }
    },
    {
      "nature": "hasty",
      "usage": "9.0",
      "evs": {
        "hp": 0,
        "atk": 4,
        "def": 0,
        "spa": 252,
        "spd": 0,
        "spe": 252
      }
    },
    {
      "nature": "naive",
      "usage": "8.9",
      "evs": {
        "hp": 0,
        "atk": 4,
        "def": 0,
        "spa": 252,
        "spd": 0,
        "spe": 252
      }
    },
    {
      "nature": "naive",
      "usage": "8.7",
      "evs": {
        "hp": 0,
        "atk": 0,
        "def": 4,
        "spa": 252,
        "spd": 0,
        "spe": 252
      }
    },
    {
      "nature": "mild",
      "usage": "7.5",
      "evs": {
        "hp": 0,
        "atk": 4,
        "def": 0,
        "spa": 252,
        "spd": 0,
        "spe": 252
      }
    },
    {
      "nature": "rash",
      "usage": "5.2",
      "evs": {
        "hp": 0,
        "atk": 20,
        "def": 0,
        "spa": 252,
        "spd": 0,
        "spe": 236
      }
    },
    {
      "nature": "naive",
      "usage": "4.7",
      "evs": {
        "hp": 0,
        "atk": 78,
        "def": 0,
        "spa": 252,
        "spd": 0,
        "spe": 180
      }
    },
    {
      "nature": "hasty",
      "usage": "3.7",
      "evs": {
        "hp": 0,
        "atk": 68,
        "def": 0,
        "spa": 252,
        "spd": 0,
        "spe": 188
      }
    },
    {
      "nature": "mild",
      "usage": "3.1",
      "evs": {
        "hp": 0,
        "atk": 12,
        "def": 48,
        "spa": 216,
        "spd": 0,
        "spe": 232
      }
    }
  ],
  "teammates": {
    "6": 0,
    "9": 0,
    "12": 0,
    "15": 0,
    "20": 0,
    "22": 0,
    "25": 0,
    "26": 0.000019467596641176144,
    "34": 0,
    "36": 71.22071388181695,
    "38": 0.006009366762547597,
    "51": 0.000004393718935291613,
    "59": 0.18953175118535143,
    "65": 0,
    "68": 0.01155352511301111,
    "73": 7.433262872098338,
    "76": 0.011553525066423154,
    "80": 14.843530893007236,
    "85": 0,
    "89": 1.235631597040765e-10,
    "91": 0.29415739155674986,
    "94": 0.3604680984373986,
    "101": 0,
    "107": 0,
    "113": 0.17300058320199885,
    "121": 21.044686845405653,
    "122": 0,
    "127": 0.03194708477077712,
    "130": 8.691219577681718,
    "131": 1.3068936488558336e-9,
    "132": 0,
    "134": 0.015095474627205507,
    "135": 0.003938929700160743,
    "142": 2.029221235488876e-11,
    "143": 0.19069456349416813,
    "144": 0,
    "145": 13.885791168423461,
    "146": 0,
    "149": 0.008721159949840351,
    "151": 3.747650686872525,
    "154": 0,
    "157": 0,
    "160": 0.1888207212645009,
    "169": 7.3239126062565925,
    "178": 0,
    "181": 7.3239126062565925,
    "184": 17.622494977719928,
    "186": 0.000019467592507371734,
    "196": 4.196126838917332,
    "197": 0.680998818989008,
    "199": 0.19776103034304005,
    "205": 0,
    "207": 0,
    "212": 3.3045488083497485,
    "213": 0.00013011130391626935,
    "214": 0.23040380727174614,
    "219": 4.133804409889308e-12,
    "227": 74.92843071863882,
    "229": 0,
    "230": 0.0006507567841710915,
    "232": 0.0025736607717693483,
    "235": 0.00004343790196037478,
    "237": 18.22298955571416,
    "243": 1.0901666991634666,
    "244": 4.6587955715438056e-11,
    "245": 7.950758765431681,
    "248": 14.631845669197592,
    "260": 0.9707801478157055,
    "262": 0,
    "272": 0.0029022506325921404,
    "275": 3.276588111944534e-9,
    "277": 2.442601676477807e-11,
    "282": 0.03422552338845969,
    "284": 0.0008608422552937589,
    "286": 0.048146649232805594,
    "289": 0.0001349683900356835,
    "291": 0,
    "292": 0,
    "295": 4.133804409889308e-12,
    "297": 0.001258537971238205,
    "302": 0.0029022506325921404,
    "306": 0.03588601437832506,
    "308": 0.03194708477077712,
    "310": 3.276588111944534e-9,
    "315": 0.011553525066423154,
    "319": 0.0008608422552937589,
    "321": 4.133804409889308e-12,
    "323": 0.03280792702607088,
    "324": 0.0003976957159444461,
    "327": 0,
    "330": 0.03422552011187158,
    "334": 3.276588111944534e-9,
    "340": 0,
    "342": 10.592265963339923,
    "350": 0.01387234594879988,
    "354": 0.03422552011187158,
    "356": 0,
    "358": 3.276588111944534e-9,
    "362": 0,
    "365": 0.03422552011187158,
    "373": 0.0033394677843376352,
    "376": 0,
    "377": 0,
    "380": 0.4923436869337917,
    "381": 1.543357371439,
    "385": 1.39775406907024,
    "389": 0,
    "392": 8.923779336204374,
    "395": 6.460876255075043,
    "398": 18.249121279213195,
    "405": 0,
    "407": 0.003078695382216945,
    "423": 41.829298829614345,
    "426": 4.6587955715438056e-11,
    "429": 0.006009366762547597,
    "430": 0,
    "435": 0,
    "437": 9.261280631278623e-11,
    "445": 5.546690370703822,
    "448": 2.1946832279295947e-7,
    "450": 13.519834444521436,
    "452": 0.004397810330083629,
    "454": 0.3388843146540393,
    "460": 0.003078695382216945,
    "461": 32.586575625345276,
    "462": 0.41423948029779295,
    "464": 2.1946832279295947e-7,
    "465": 0,
    "466": 0,
    "468": 0.3624985200181726,
    "471": 0,
    "472": 5.296543882373367,
    "473": 25.165859741934444,
    "474": 7.950758765431681,
    "476": 0.0008608422552937589,