{
  "id": "373",
  "name": "Salamence",
  "format_id": "showdown_gen6ou-1630",
  "usage_metrics": {
    "raw": 1538,
    "base_weight": 351.1995542717667,
    "percent": 2.3057779376930227
  },
  "roles": [
    {
      "role": "role_sweeper_mixed",
      "label": "Mixed Sweeper",
      "category": "OFF"
    },
    {
      "role": "role_staller",
      "label": "Staller",
      "category": "DEF"
    },
    {
      "role": "role_setup",
      "label": "Setup Sweeper",
      "category": "OFF"
    }
  ],
  "items": {
    "leftovers": 5.63616522556617,
    "air-balloon": 0.0005766189188324833,
    "lum-berry": 158.24704874073387,
    "dragon-fang": 0.05723305283701424,
    "rocky-helmet": 167.4516598770854,
    "life-orb": 5.567833518675615,
    "choice-scarf": 2.794416958865131,
    "focus-sash": 0.9054052058712773,
    "expert-belt": 0.5128233924697736,
    "scope-lens": 0.00004785124012718356,
    "choice-band": 0.0009943453623417198,
    "sky-plate": 0,
    "salac-berry": 0.27659362828816964,
    "yache-berry": 0.033855651298488554,
    "sitrus-berry": 0,
    "power-herb": 0.00004524817041573481,
    "roseli-berry": 0,
    "assault-vest": 0.0034413365292805254,
    "safety-goggles": 5.681443269733855e-7,
    "nothing": 0,
    "choice-specs": 9.711413051710547,
    "draco-plate": 0
  },
  "abilities": {
    "intimidate": 198.31197660366308,
    "moxie": 152.8875776681036
  },
  "moves": {
    "dragon-dance": 168.59755977168015,
    "outrage": 196.85679467962754,
    "earthquake": 208.73634672815086,
    "flamethrower": 285.1297889050091,
    "substitute": 4.305147786024626,
    "dragon-claw": 8.737024490954424,
    "body-slam": 0.000001009767440551812,
    "fire-fang": 1.1246041211825084,
    "iron-tail": 1.9768306034716778,
    "draco-meteor": 144.8548677853161,
    "defog": 37.63967825771949,
    "roost": 133.6459142697267,
    "wish": 34.865599048218876,
    "hydro-pump": 9.712072563319115,
    "rain-dance": 0.0006595053279926932,
    "fire-blast": 17.211685262625654,
    "hyper-voice": 5.941747094340144e-12,
    "air-cutter": 1.2950490679841664e-10,
    "rock-slide": 0.37294206195414537,
    "stone-edge": 5.333961228708598,
    "fly": 0.4687095381087989,
    "hidden-power-electric": 0.0000107979626700061,
    "steel-wing": 0.21629878211173037,
    "thunder-fang": 2.2054580384178735e-13,
    "focus-energy": 0.00004785124012718356,
    "aerial-ace": 0.3710714364897741,
    "crunch": 2.954022324258122,
    "brick-break": 0.09516533275700195,
    "aqua-tail": 1.8077794894073493,
    "toxic": 131.38273853079744,
    "protect": 0,
    "dragon-tail": 0.09310142767670637,
    "zen-headbutt": 0,
    "": 0.040016797276439475,
    "shadow-claw": 5.9019924059100504e-8,
    "dragon-breath": 0.009696006443568772,
    "heat-wave": 0,
    "tailwind": 0.000038177403815342625,
    "refresh": 0.009696006320005612,
    "hidden-power-steel": 0.00037707563909511466,
    "roar": 3.5912343215871445e-7,
    "dragon-pulse": 8.23654594291428,
    "double-edge": 0.0005756091513919315,
    "hidden-power-flying": 0,
    "hyper-beam": 0.010847464044233535,
    "dragon-rush": 2.220446049250313e-16
  },
  "teras": {
    "nothing": 351.1995542717669
  },
  "spreads": [
    {
      "nature": "jolly",
      "usage": "39.8",
      "evs": {
        "hp": 4,
        "atk": 252,
        "def": 0,
        "spa": 0,
        "spd": 0,
        "spe": 252
      }
    },
    {
      "nature": "bold",
      "usage": "37.4",
      "evs": {
        "hp": 252,
        "atk": 0,
        "def": 238,
        "spa": 0,
        "spd": 0,
        "spe": 20
      }
    },
    {
      "nature": "jolly",
      "usage": "10.0",
      "evs": {
        "hp": 0,
        "atk": 252,
        "def": 4,
        "spa": 0,
        "spd": 0,
        "spe": 252
      }
    },
    {
      "nature": "adamant",
      "usage": "3.4",
      "evs": {
        "hp": 24,
        "atk": 252,
        "def": 4,
        "spa": 0,
        "spd": 0,
        "spe": 228
      }
    },
    {
      "nature": "timid",
      "usage": "2.3",
      "evs": {
        "hp": 0,
        "atk": 0,
        "def": 4,
        "spa": 252,
        "spd": 0,
        "spe": 252
      }
    },
    {
      "nature": "hasty",
      "usage": "1.9",
      "evs": {
        "hp": 0,
        "atk": 252,
        "def": 0,
        "spa": 4,
        "spd": 0,
        "spe": 252
      }
    },
    {
      "nature": "jolly",
      "usage": "1.4",
      "evs": {
        "hp": 0,
        "atk": 252,
        "def": 6,
        "spa": 0,
        "spd": 0,
        "spe": 252
      }
    },
    {
      "nature": "adamant",
      "usage": "0.7",
      "evs": {
        "hp": 4,
        "atk": 252,
        "def": 0,
        "spa": 0,
        "spd": 0,
        "spe": 252
      }
    },
    {
      "nature": "naive",
      "usage": "0.6",
      "evs": {
        "hp": 0,
        "atk": 52,
        "def": 0,
        "spa": 204,
        "spd": 0,
        "spe": 252
      }
    },
    {
      "nature": "jolly",
      "usage": "0.5",
      "evs": {
        "hp": 0,
        "atk": 252,
        "def": 0,
        "spa": 0,
        "spd": 4,
        "spe": 252
      }
    }
  ],
  "teammates": {
    "3": 0.006615435849668949,
    "6": 2.220446049250313e-16,
    "9": 35.10098211570536,
    "31": 0.19108345305791757,
    "34": 136.92770302713427,
    "36": 0.0013757489255659672,
    "38": 0.00003320610199253338,
    "51": 0,
    "57": 0.029680059647529844,
    "59": 5.734603851388286,
    "65": 1.781470144023041,
    "68": 0.08072745593395486,
    "73": 8.2358993830752,
    "78": 0.0000023463647621513317,
    "80": 5.254644400831974,
    "82": 0,
    "85": 0,
    "89": 1.235631597040765e-10,
    "91": 0,
    "94": 133.78830820486078,
    "106": 0.01818559558837307,
    "112": 2.220446049250313e-16,
    "113": 132.8312830457936,
    "119": 0,
    "121": 0.872039087097537,
    "130": 0.3393037522546977,
    "131": 0,
    "132": 0,
    "134": 0,
    "135": 0.05810300800889434,
    "139": 1.0270726491512505e-9,
    "141": 0.004975001302951643,
    "142": 0.9271468661402538,
    "143": 0,
    "145": 5.132901990462713,
    "149": 11.352051963477898,
    "151": 2.6228302348796757,
    "154": 0.00003268010659668308,
    "160": 0.462613032353753,
    "169": 0.00003268010659668308,
    "171": 6.148389186666492e-9,
    "181": 0.4348429362744169,
    "184": 2.124109120272382,
    "186": 0,
    "195": 0,
    "196": 0.01855552960743584,
    "197": 0.294914930316779,
    "199": 0.058103007879648616,
    "205": 11.946164738929587,
    "208": 0,
    "212": 1.130148897316586,
    "213": 132.33920480081213,
    "214": 0.3310234916592511,
    "217": 0.47966156839688406,
    "227": 0.8935213861391809,
    "229": 1.2256862191861728e-13,
    "230": 0.0006295492893957366,
    "232": 0.000012949328291989026,
    "233": 0,
    "235": 0.00008439667968557218,
    "237": 0.509955255626795,
    "242": 0.8801640979986869,
    "243": 0.0819679631462309,
    "245": 0.9271500826373873,
    "248": 0.10379459144642539,
    "254": 4.804086599406563,
    "260": 0.033432150749633405,
    "272": 0,
    "275": 0.00000964134332787081,
    "277": 0,
    "282": 2.2446863601545157,
    "284": 0.4901566481135403,
    "286": 0.891842998964717,
    "288": 0,
    "289": 0.0000048583930130630115,
    "295": 0.00000964134332787081,
    "297": 0,
    "302": 0.00007419766918648207,
    "306": 3.0950353391290264e-11,
    "310": 0.294914930316779,
    "319": 0.0002622660498688423,
    "334": 0,
    "337": 0,
    "344": 0.00001739984473031475,
    "350": 4.805853678028306,
    "356": 0.0018459644903406347,
    "359": 0,
    "365": 1.6429466098699663e-7,
    "369": 2.2446863601545157,
    "376": 140.01678330557718,
    "377": 0,
    "378": 0.008601570065605746,
    "379": 0,
    "380": 11.351675646009637,
    "381": 0.19108346897620354,
    "385": 0.06254228887620761,
    "389": 0.0000013309921467197228,
    "392": 1.871062041224329,
    "395": 0.02280377924092053,
    "398": 0.0003292305500409154,
    "400": 0.294914930316779,
    "405": 0,