{
  "id": "385",
  "name": "Jirachi",
  "format_id": "showdown_gen6ou-1630",
  "usage_metrics": {
    "raw": 2276,
    "base_weight": 385.6524119789576,
    "percent": 3.412191538484603
  },
  "roles": [
    {
      "role": "role_sweeper_physical",
      "label": "Physical Sweeper",
      "category": "OFF"
    },
    {
      "role": "role_wall_special",
      "label": "Special Wall",
      "category": "DEF"
    }
  ],
  "items": {
    "red-card": 5.6053403109343956,
    "leftovers": 189.22185618796138,
    "air-balloon": 19.851981812379947,
    "nothing": 0.011492646390661776,
    "choice-scarf": 153.96939101871217,
    "salac-berry": 0,
    "sitrus-berry": 1.2230250896509407,
    "assault-vest": 8.760685548423183,
    "shuca-berry": 0.3657696716741909,
    "expert-belt": 0.5616724019014533,
    "damp-rock": 0.00002969232285060519,
    "life-orb": 0.10868372376939589,
    "lum-berry": 0.275876691922367,
    "light-clay": 0.0009263730480377208,
    "apicot-berry": 0,
    "choice-band": 5.665520899053852,
    "rocky-helmet": 0.029123165067102497,
    "focus-sash": 0.000023990100868731545,
    "scope-lens": 0.000012113886434295118,
    "weakness-policy": 0.0010006415509208333,
    "wiki-berry": 2.073674010283355e-10,
    "colbur-berry": 0,
    "choice-specs": 0
  },
  "abilities": {
    "serene-grace": 385.6524119789576
  },
  "moves": {
    "iron-head": 371.0202336837521,
    "zen-headbutt": 13.943548107251273,
    "healing-wish": 278.7493871763599,
    "stealth-rock": 94.31272413583285,
    "wish": 70.28622274448733,
    "toxic": 17.25726720878068,
    "protect": 56.914426839879596,
    "fire-punch": 47.32887587820222,
    "psychic": 7.991721628867062,
    "icy-wind": 0.6646453952996528,
    "thunder": 2.8915480292070086,
    "dazzling-gleam": 0.00000570943816591285,
    "drain-punch": 103.65016747870946,
    "u-turn": 196.70117309376812,
    "body-slam": 157.3591897503091,
    "shadow-ball": 0.021158226221411724,
    "substitute": 4.731980921417493,
    "ice-punch": 13.482667045641557,
    "trick": 0.5907714908854185,
    "ancient-power": 2.5861736464727247,
    "hidden-power-ground": 0.3056348994438901,
    "thunder-punch": 0.054026103902292066,
    "thunder-wave": 49.24221950867859,
    "meteor-mash": 0.10404151738364364,
    "heart-stamp": 31.39016288404935,
    "flash-cannon": 0.12298050922610781,
    "future-sight": 1.0911606445196333,
    "energy-ball": 1.4327154554384491,
    "calm-mind": 0.4705320088170989,
    "thunderbolt": 0.6270624731377602,
    "rain-dance": 0.00002969232285060519,
    "water-pulse": 0.1042565111164186,
    "trick-room": 0.01693432268483036,
    "doom-desire": 10.837675921489478,
    "cosmic-power": 0.9737476857394518,
    "charge-beam": 2.7807873781426906e-9,
    "reflect": 0.0009523175869702305,
    "light-screen": 0.00195435121776516,
    "grass-knot": 0.2693089059005571,
    "recycle": 8.839953849482107e-7,
    "natural-gift": 0,
    "iron-defense": 0.08039174278319988,
    "magic-coat": 0.000012066148058154091,
    "play-rough": 0.03410367300354694,
    "headbutt": 0.04182251422287325,
    "": 0.009398809447166978,
    "hidden-power-grass": 0,
    "refresh": 1.3300850340541606,
    "hidden-power-ice": 1.9556225286542548,
    "hidden-power-fire": 1.6289267573026205,
    "fling": 0,
    "moonblast": 0
  },
  "teras": {
    "nothing": 385.6524119789576
  },
  "spreads": [
    {
      "nature": "careful",
      "usage": "27.0",
      "evs": {
        "hp": 252,
        "atk": 0,
        "def": 0,
        "spa": 0,
        "spd": 224,
        "spe": 32
      }
    },
    {
      "nature": "adamant",
      "usage": "17.8",
      "evs": {
        "hp": 0,
        "atk": 252,
        "def": 68,
        "spa": 0,
        "spd": 0,
        "spe": 188
      }
    },
    {
      "nature": "jolly",
      "usage": "17.0",
      "evs": {
        "hp": 0,
        "atk": 252,
        "def": 0,
        "spa": 0,
        "spd": 4,
        "spe": 252
      }
    },
    {
      "nature": "adamant",
      "usage": "6.8",
      "evs": {
        "hp": 32,
        "atk": 252,
        "def": 0,
        "spa": 0,
        "spd": 4,
        "spe": 220
      }
    },
    {
      "nature": "careful",
      "usage": "6.2",
      "evs": {
        "hp": 248,
        "atk": 0,
        "def": 0,
        "spa": 0,
        "spd": 136,
        "spe": 124
      }
    },
    {
      "nature": "careful",
      "usage": "4.2",
      "evs": {
        "hp": 240,
        "atk": 0,
        "def": 0,
        "spa": 0,
        "spd": 236,
        "spe": 32
      }
    },
    {
      "nature": "careful",
      "usage": "2.6",
      "evs": {
        "hp": 248,
        "atk": 0,
        "def": 0,
        "spa": 0,
        "spd": 240,
        "spe": 20
      }
    },
    {
      "nature": "jolly",
      "usage": "2.3",
      "evs": {
        "hp": 0,
        "atk": 252,
        "def": 4,
        "spa": 0,
        "spd": 0,
        "spe": 252
      }
    },
    {
      "nature": "mild",
      "usage": "1.7",
      "evs": {
        "hp": 224,
        "atk": 0,
        "def": 0,
        "spa": 252,
        "spd": 0,
        "spe": 32
      }
    },
    {
      "nature": "careful",
      "usage": "1.4",
      "evs": {
        "hp": 248,
        "atk": 0,
        "def": 0,
        "spa": 0,
        "spd": 228,
        "spe": 32
      }
    }
  ],
  "teammates": {
    "9": 0.09457345708417697,
    "34": 0.828495012936066,
    "36": 42.90170232134818,
    "51": 0.000012057810680532466,
    "59": 0.06528927670585144,
    "62": 0.6958820125371157,
    "65": 5.178195289070387,
    "68": 12.197220643892607,
    "73": 0.1762945372037113,
    "80": 9.20919034006473,
    "82": 0,
    "91": 0.025741373689927627,
    "94": 0.23286270381173585,
    "110": 0.015084537184281765,
    "113": 8.998132274324181,
    "121": 10.371602231766564,
    "130": 10.319045347718498,
    "132": 2.8199290989003467,
    "134": 0.006514045220718467,
    "135": 0.1544759592921996,
    "139": 4.957030924068739e-7,
    "141": 0.9595190038766304,
    "145": 46.369915006233036,
    "146": 0.0000022924569252347204,
    "149": 2.7247397913381426,
    "151": 1.9850053492424975,
    "169": 0.000017529258517723356,
    "184": 7.806742810662873,
    "186": 13.316730064503464,
    "195": 1.0148564159876043,
    "196": 0.21576746852141215,
    "197": 2.1611059092699367,
    "205": 5.551244852131099e-7,
    "207": 0.000008052648603762425,
    "211": 6.774676641896349e-8,
    "212": 0.2203156424771313,
    "213": 0.0703819855036733,
    "227": 5.166946419414253,
    "230": 7.104167008114194,
    "232": 0.6212784009694567,
    "233": 4.5659381988883245,
    "235": 0.0006923379873836621,
    "237": 0,
    "242": 0.8618169782561043,
    "243": 0,
    "245": 24.076912538818803,
    "248": 51.27401249887492,
    "251": 0.011257170895562052,
    "260": 0,
    "272": 4.563908096757667,
    "279": 0.6362111048230317,
    "282": 0.10868360725824405,
    "286": 1.187455942018508,
    "297": 0.0003993923772758201,
    "302": 4.5659386945914155,
    "308": 0.08933404540982764,
    "327": 0,
    "330": 0.00000570943816591285,
    "342": 2.9651646089943746,
    "344": 0,
    "350": 0,
    "373": 0.06254228887620761,
    "376": 0.29582864935303116,
    "379": 0.000017529258517723356,
    "380": 14.025853361746139,
    "381": 64.65671625662856,
    "392": 0.0968641519448209,
    "395": 2.073674010283355e-10,
    "398": 0.011442886608790726,
    "423": 0,
    "428": 0,
    "429": 0,
    "437": 2.073674010283355e-10,
    "445": 103.13139237244395,
    "448": 0.16781781410385205,
    "450": 16.039733755984706,
    "452": 0.0000054107759059895955,
    "461": 15.229904071971843,
    "462": 1.8382778627877678,
    "465": 6.897012638802091,
    "466": 0.0006923379873836621,
    "468": 22.726119536441075,
    "472": 5.269748255959818,
    "473": 0.4350189632906907,
    "474": 0,
    "475": 0.021158226014044323,
    "481": 0,
    "482": 0.9758149261960942,
    "485": 2.5718298232425667,
    "490": 21.268608041269424,