{
  "id": "68",
  "name": "Machamp",
  "format_id": "showdown_gen6ou-1630",
  "usage_metrics": {
    "raw": 1419,
    "base_weight": 40.910612449808454,
    "percent": 2.127372492578933
  },
  "roles": [
    {
      "role": "role_sweeper_physical",
      "label": "Physical Sweeper",
      "category": "OFF"
    }
  ],
  "items": {
    "babiri-berry": 0.000025645805658613963,
    "rocky-helmet": 0.00009388689409667306,
    "assault-vest": 30.056512554020014,
    "red-card": 5.158587104516308,
    "choice-band": 0.07651217553570283,
    "expert-belt": 0.0000018367984224720857,
    "flame-orb": 0.025000832447849675,
    "focus-sash": 0.11519990330117424,
    "sitrus-berry": 0.0018006061280040897,
    "leftovers": 1.5456626076341666,
    "choice-specs": 0.026579513116186892,
    "choice-scarf": 1.905635238347489,
    "life-orb": 0.0009414013525707587,
    "air-balloon": 0,
    "black-belt": 1.070458832685972e-9,
    "muscle-band": 0,
    "toxic-orb": 1.9980591428403272,
    "nothing": 0
  },
  "abilities": {
    "steadfast": 0.000025645805658613963,
    "guts": 2.4215428430281882,
    "no-guard": 38.489043960974605
  },
  "moves": {
    "close-combat": 2.245566793314854,
    "earthquake": 0.39127173785066643,
    "heavy-slam": 0.3920103020571145,
    "fire-punch": 0.011908919476247781,
    "bullet-punch": 29.93189496334749,
    "knock-off": 38.622519601235254,
    "ice-punch": 9.548694352798714,
    "dynamic-punch": 38.46211117843783,
    "stone-edge": 33.29477995686999,
    "cross-chop": 0.025108575694650026,
    "thunder-punch": 0.17027339037317396,
    "hidden-power-grass": 5.710872086894803e-7,
    "protect": 0.024547342746518375,
    "poison-jab": 0.22979294379987886,
    "low-kick": 3.7020386756125845e-13,
    "power-up-punch": 0.15145435170160199,
    "bulk-up": 1.4379022253758436,
    "facade": 1.9980591428403707,
    "substitute": 1.27833681029005,
    "endure": 3.761092154119909,
    "rock-slide": 1.1696358790895096,
    "focus-blast": 0.026579513116186892,
    "fire-blast": 0.026579513116186892,
    "vacuum-wave": 0.026579417018585516,
    "giga-impact": 1.3706828061454956e-8,
    "brick-break": 1.2096728618793406e-9,
    "dual-chop": 0.01566986307455842,
    "double-edge": 0.1034537778332848,
    "hidden-power-ice": 0.025754281308968008,
    "hyper-beam": 9.609760137641032e-8,
    "payback": 0,
    "flamethrower": 0,
    "counter": 0.000617269489763761,
    "body-slam": 0.0011785012278090479,
    "mega-kick": 0.26907635952706965,
    "vital-throw": 0
  },
  "teras": {
    "nothing": 40.91061244980845
  },
  "spreads": [
    {
      "nature": "adamant",
      "usage": "50.5",
      "evs": {
        "hp": 252,
        "atk": 252,
        "def": 4,
        "spa": 0,
        "spd": 0,
        "spe": 0
      }
    },
    {
      "nature": "adamant",
      "usage": "17.9",
      "evs": {
        "hp": 252,
        "atk": 252,
        "def": 0,
        "spa": 0,
        "spd": 0,
        "spe": 4
      }
    },
    {
      "nature": "impish",
      "usage": "6.2",
      "evs": {
        "hp": 252,
        "atk": 4,
        "def": 252,
        "spa": 0,
        "spd": 0,
        "spe": 0
      }
    },
    {
      "nature": "adamant",
      "usage": "5.5",
      "evs": {
        "hp": 0,
        "atk": 252,
        "def": 252,
        "spa": 0,
        "spd": 4,
        "spe": 0
      }
    },
    {
      "nature": "brave",
      "usage": "4.9",
      "evs": {
        "hp": 248,
        "atk": 252,
        "def": 0,
        "spa": 0,
        "spd": 8,
        "spe": 0
      }
    },
    {
      "nature": "adamant",
      "usage": "4.4",
      "evs": {
        "hp": 248,
        "atk": 252,
        "def": 0,
        "spa": 0,
        "spd": 8,
        "spe": 0
      }
    },
    {
      "nature": "adamant",
      "usage": "3.3",
      "evs": {
        "hp": 0,
        "atk": 252,
        "def": 4,
        "spa": 0,
        "spd": 0,
        "spe": 252
      }
    },
    {
      "nature": "adamant",
      "usage": "3.1",
      "evs": {
        "hp": 212,
        "atk": 252,
        "def": 0,
        "spa": 0,
        "spd": 0,
        "spe": 44
      }
    },
    {
      "nature": "adamant",
      "usage": "1.4",
      "evs": {
        "hp": 4,
        "atk": 252,
        "def": 0,
        "spa": 0,
        "spd": 0,
        "spe": 252
      }
    },
    {
      "nature": "adamant",
      "usage": "0.9",
      "evs": {
        "hp": 172,
        "atk": 252,
        "def": 0,
        "spa": 0,
        "spd": 0,
        "spe": 84
      }
    }
  ],
  "teammates": {
    "3": 1.339516602516226,
    "9": 1.3298688542818224,
    "18": 0.0003297475337117328,
    "19": 0,
    "26": 0.024547534145530625,
    "34": 0.001800606098712021,
    "36": 7.524419975979413e-11,
    "40": 0.024547322961640805,
    "59": 0.08463796424287257,
    "62": 0.6033185661392819,
    "65": 5.087028096216047,
    "73": 19.942916808386506,
    "76": 1.4005420762403396,
    "80": 0.20703710521581137,
    "85": 0,
    "87": 1.011746686430115e-9,
    "89": 6.741779690067062e-8,
    "91": 0.07587366151027009,
    "94": 1.9297318362304663,
    "97": 0,
    "103": 0,
    "106": 0.2836892928033587,
    "107": 0.019984309716846282,
    "113": 0.9704046083924378,
    "121": 0.5039892171465865,
    "125": 0.05911969689209412,
    "128": 0,
    "130": 1.0503094531347084,
    "132": 0.09670144211297971,
    "134": 0.0000017954066371950184,
    "135": 0.7829335299012022,
    "143": 0.634399863723637,
    "144": 0,
    "145": 0.26907636482165326,
    "146": 0.002441532848094008,
    "149": 0.6128619119771838,
    "151": 8.940167378623798e-8,
    "160": 0.011553525066423154,
    "169": 2.343754365030648e-7,
    "184": 0.00010679533005203412,
    "185": 0,
    "186": 5.042455266344498,
    "195": 3.185618435708193e-12,
    "196": 0.0004484225883851778,
    "197": 6.9436678629131166e-12,
    "199": 0,
    "203": 5.026058941259848e-8,
    "205": 0.9728461412405318,
    "208": 0.12525416670519113,
    "211": 0,
    "212": 0.1087018014733131,
    "214": 0,
    "227": 0.03758195640477541,
    "230": 4.439136700205217,
    "232": 0.0006517500815346189,
    "233": 19.84461697310321,
    "237": 0.0065014936370912935,
    "242": 8.940167378623798e-8,
    "243": 0.0002448831514225702,
    "244": 4.6587955715438056e-11,
    "245": 1.805777749552817e-13,
    "248": 1.156543194167057,
    "254": 0.0009414010731869649,
    "282": 0,
    "286": 0.20018133093387908,
    "289": 0.0024415328482745857,
    "301": 6.859999790442828e-10,
    "302": 1.3481039562446284e-8,
    "306": 0.009647768298665926,
    "310": 0,
    "315": 0.011553525066423154,
    "330": 0,
    "335": 1.9980591428403272,
    "350": 0,
    "356": 0.006527963204185694,
    "359": 0,
    "373": 0.08072745593395486,
    "376": 1.604055221982037e-10,
    "379": 0,
    "380": 9.090373014504118,
    "381": 0,
    "385": 12.197220643892607,
    "392": 0.006501474327486267,
    "395": 0.0010717059730012135,
    "398": 0.0011785012278090479,
    "407": 0.0002448831514225702,
    "425": 0,
    "426": 4.6587955715438056e-11,
    "429": 1.5949537690573834e-8,
    "430": 0.0002448831514225702,
    "445": 0.0056407670892514306,
    "448": 0.07310561473482641,
    "450": 0.0002448831514225702,
    "461": 7.0930436858734085,
    "462": 0.12092483482405247,
    "464": 0.13324910074507956,
    "465": 0.1515447061628673,
    "467": 0.00011600026692021315,
    "468": 0.9704046083924378,
    "472": 19.85680454328613,
    "474": 0,
    "477": 0.009673394319443251,
    "480": 1.9980591428403272,
    "482": 0.0023168233712673736,
    "485": 0.0008201686708809719,
    "488": 2.2752469617914723,
    "490": 0.07578330704900477,
    "494": 0.00783703836626759,
    "497": 8.13844691950166,
    "503": 0,
    "526": 0.0023424691769222683,
    "530": 1.1573633628379378,
    "534": 2.024571395019915,
    "538": 0,
    "545": 0,
    "555": 0.01778034345424956,
    "560": 0.008111459424075318,
    "563": 1.1387628704976849,
    "571": 0,
    "591": 5.294583604875669e-9,