{
  "id": "135",
  "name": "Jolteon",
  "format_id": "showdown_gen9doublesuu-1500",
  "usage_metrics": {
    "raw": 1173,
    "base_weight": 295.74722527196195,
    "percent": 2.3070568798678313
  },
  "roles": [
    {
      "role": "role_sweeper_special",
      "label": "Special Sweeper",
      "category": "OFF"
    }
  ],
  "items": {
    "focus-sash": 125.74757607427317,
    "sitrus-berry": 0.9796850082265796,
    "heat-rock": 3.369884343685024,
    "leftovers": 47.14594856703559,
    "air-balloon": 2.8840489938838036,
    "loaded-dice": 17.87240227092335,
    "zap-plate": 1.0486269386694556,
    "terrain-extender": 1.7865552565382248,
    "choice-specs": 18.778567968795556,
    "safety-goggles": 1.0123461088387486,
    "life-orb": 13.594499783001229,
    "rocky-helmet": 3.2282114973905367,
    "magnet": 40.76151286159147,
    "assault-vest": 0.8828929734890218,
    "absorb-bulb": 0.8487837719611644,
    "flame-orb": 1.4840738677492133,
    "nothing": 1.5382247749437914,
    "choice-scarf": 3.853453016770536,
    "covert-cloak": 3.8923715567958714,
    "salac-berry": 0.1680744949243984,
    "clear-amulet": 4.869485142475298
  },
  "abilities": {
    "quick-feet": 127.37706415576038,
    "volt-absorb": 168.37016111620156
  },
  "moves": {
    "fake-tears": 119.34023864151911,
    "charm": 118.68889722248929,
    "tickle": 113.8481054567109,
    "quick-attack": 29.21057611277221,
    "calm-mind": 16.296313278620122,
    "volt-switch": 68.81792007711846,
    "discharge": 86.9036479318841,
    "tera-blast": 30.027228913559643,
    "sunny-day": 3.741761542145456,
    "electroweb": 46.50941886978361,
    "baton-pass": 3.369884343685024,
    "substitute": 8.23936948616032,
    "thunder": 53.07295794897882,
    "weather-ball": 7.55285733220292,
    "light-screen": 97.23050107165022,
    "protect": 45.977672699737965,
    "shadow-ball": 65.02519567197135,
    "roar": 6.828602824015185,
    "thunderbolt": 46.255379177444865,
    "detect": 18.09867803805025,
    "pin-missile": 18.520393963666887,
    "alluring-voice": 33.554743617319765,
    "helping-hand": 40.120670308065975,
    "electro-ball": 43.545959041566725,
    "yawn": 2.235269068036109,
    "electric-terrain": 1.8951552524120272,
    "thunder-wave": 39.07574040418071,
    "": 4.409596010700856,
    "eerie-impulse": 0.9078086791986948,
    "rain-dance": 2.7410205435380623,
    "dig": 0.04070730564730363,
    "agility": 0.04070730564730363,
    "copycat": 0.009549254250531602,
    "mud-slap": 3.777978006304604,
    "thunder-shock": 0.3473968194531648,
    "thunder-fang": 0.3473968194531648,
    "hyper-voice": 5.767455300123061,
    "trailblaze": 0.6161467477831837
  },
  "teras": {
    "ground": 118.25770146741175,
    "flying": 56.75369525394446,
    "water": 8.79259966133089,
    "electric": 42.289611220576184,
    "ice": 17.42138798632619,
    "ghost": 11.580011310849569,
    "grass": 2.071857707047023,
    "fairy": 1.8842911396214261,
    "fire": 0.9392068564116092,
    "dark": 14.546068971789516,
    "normal": 3.3392745790369402,
    "bug": 17.871519117616444
  },
  "spreads": [
    {
      "nature": "jolly",
      "usage": "40.0",
      "evs": {
        "hp": 252,
        "atk": 0,
        "def": 4,
        "spa": 0,
        "spd": 0,
        "spe": 252
      }
    },
    {
      "nature": "timid",
      "usage": "26.1",
      "evs": {
        "hp": 0,
        "atk": 0,
        "def": 0,
        "spa": 252,
        "spd": 4,
        "spe": 252
      }
    },
    {
      "nature": "modest",
      "usage": "7.3",
      "evs": {
        "hp": 4,
        "atk": 0,
        "def": 0,
        "spa": 252,
        "spd": 0,
        "spe": 252
      }
    },
    {
      "nature": "timid",
      "usage": "4.7",
      "evs": {
        "hp": 100,
        "atk": 0,
        "def": 134,
        "spa": 0,
        "spd": 22,
        "spe": 252
      }
    },
    {
      "nature": "hardy",
      "usage": "4.6",
      "evs": {
        "hp": 252,
        "atk": 0,
        "def": 0,
        "spa": 4,
        "spd": 0,
        "spe": 252
      }
    },
    {
      "nature": "timid",
      "usage": "3.5",
      "evs": {
        "hp": 0,
        "atk": 0,
        "def": 36,
        "spa": 176,
        "spd": 44,
        "spe": 252
      }
    },
    {
      "nature": "timid",
      "usage": "2.6",
      "evs": {
        "hp": 4,
        "atk": 0,
        "def": 0,
        "spa": 252,
        "spd": 0,
        "spe": 252
      }
    },
    {
      "nature": "timid",
      "usage": "2.3",
      "evs": {
        "hp": 0,
        "atk": 0,
        "def": 4,
        "spa": 252,
        "spd": 0,
        "spe": 252
      }
    },
    {
      "nature": "timid",
      "usage": "1.8",
      "evs": {
        "hp": 0,
        "atk": 0,
        "def": 0,
        "spa": 252,
        "spd": 0,
        "spe": 252
      }
    },
    {
      "nature": "modest",
      "usage": "1.6",
      "evs": {
        "hp": 0,
        "atk": 0,
        "def": 0,
        "spa": 252,
        "spd": 4,
        "spe": 252
      }
    }
  ],
  "teammates": {
    "6": 1.2546800103113842,
    "25": 1.239643041545018,
    "26": 12.250120982836004,
    "35": 0.4597086322540271,
    "38": 1.0629051670969227,
    "59": 0.04070730564730363,
    "62": 0.3718771984604321,
    "101": 0.8828028118509521,
    "112": 3.268212762705797,
    "131": 76.03250563394657,
    "132": 0.05628460526422868,
    "134": 20.877498221037467,
    "136": 14.715535043731114,
    "146": 0.8843213021366337,
    "151": 2.98773840709136,
    "168": 0.7436414798431465,
    "171": 49.47626164550546,
    "181": 1.072041727258042,
    "182": 3.175223977106126,
    "184": 1.7001145353047817,
    "185": 10.213294472638472,
    "186": 37.66433259927999,
    "189": 0.08018263605980896,
    "196": 21.58678009879795,
    "197": 22.029215088170954,
    "198": 43.43023430090146,
    "206": 3.9949247169673625,
    "212": 1.0160502229509616,
    "227": 0.12088994170711259,
    "229": 0.24426954932275158,
    "230": 26.52166357963916,
    "232": 0.03239726161365275,
    "233": 1.8967661048286106,
    "234": 0.9078086791986948,
    "235": 11.786882796641573,
    "237": 0.9289664080209734,
    "243": 0.8946083454772257,
    "244": 0.02504508842336539,
    "245": 3.1951561137182303,
    "257": 0.7907238551601907,
    "262": 0.08018263605980896,
    "272": 1.2172812081952982,
    "275": 1.1737554897228066,
    "282": 0.31515026439687654,
    "286": 0.8851456531692712,
    "289": 0.08018263605980896,
    "298": 0.7436414798431465,
    "308": 1.854029535221803,
    "342": 0.3718771984604321,
    "350": 0.5145062176464286,
    "358": 0.0000901616380697412,
    "373": 0.16180561310917185,
    "376": 1.9011958761202328,
    "377": 0.28766749706358175,
    "381": 1.0160502229509616,
    "385": 2.1870840645244867,
    "392": 0.20123098524433658,
    "417": 39.79953605500497,
    "423": 1.5411564198236287,
    "445": 16.80640924291861,
    "450": 1.988947176677926,
    "454": 3.6494071709486877,
    "461": 4.777998022408073,
    "464": 0.06955094268085743,
    "466": 4.219234326485506,
    "470": 21.111549644432696,
    "471": 6.139587725151478,
    "472": 1.7227584114652896,
    "473": 2.8963355642453648,
    "475": 0.010709978394513708,
    "486": 0.28766749706358175,
    "523": 1.1943358434730396,
    "530": 0.3818009101813852,
    "534": 10.172841848447442,
    "549": 0.8828028118509521,
    "560": 2.3230452885802997,
    "573": 0.0000901616380697412,
    "596": 4.227562208975281,
    "604": 1.3568100671788579,
    "614": 1.0719917337652138,
    "620": 0.3718771984604321,
    "623": 0.6707259584611652,
    "635": 0.24426954932275158,
    "642": 0.9422264616268262,
    "655": 0.3718771984604321,
    "657": 3.175223977106126,
    "658": 0.04161289980951838,
    "663": 0.43119575507752766,
    "678": 0.6281228015395679,
    "687": 0.6186301669975134,
    "700": 21.59678006317405,
    "701": 0.3718771984604321,
    "703": 0.3818009101813852,
    "707": 0.511086890271964,
    "721": 75.3748925493533,