{
  "id": "472",
  "name": "Gliscor",
  "format_id": "showdown_gen9doublesuu-1500",
  "usage_metrics": {
    "raw": 1623,
    "base_weight": 899.2237484205596,
    "percent": 3.1921170639603496
  },
  "roles": [
    {
      "role": "role_setup",
      "label": "Setup Sweeper",
      "category": "OFF"
    },
    {
      "role": "role_sweeper_physical",
      "label": "Physical Sweeper",
      "category": "OFF"
    },
    {
      "role": "role_staller",
      "label": "Staller",
      "category": "DEF"
    }
  ],
  "items": {
    "toxic-orb": 728.0025370327415,
    "life-orb": 0.6839900952602802,
    "choice-scarf": 7.479200793361928,
    "leftovers": 139.56234652606597,
    "assault-vest": 1.3296012632361243,
    "aguav-berry": 0.12819465020231796,
    "nothing": 0.7171585337301676,
    "sitrus-berry": 0.9343051151025294,
    "kee-berry": 5.473835181287014,
    "focus-sash": 0.6472814670282876,
    "choice-band": 6.886558720341747,
    "adrenaline-orb": 0.39467724475104676,
    "expert-belt": 0.4022218440804277,
    "room-service": 5.309206174451097,
    "black-sludge": 0.27308426833051636,
    "weakness-policy": 0.999549510588208
  },
  "abilities": {
    "poison-heal": 776.1672654854362,
    "hyper-cutter": 123.05648293512328
  },
  "moves": {
    "protect": 667.7664699299727,
    "knock-off": 319.12785248146645,
    "u-turn": 42.15961106593324,
    "dual-wingbeat": 118.11414384400307,
    "acrobatics": 239.87257706724475,
    "fling": 237.90576038474623,
    "stealth-rock": 219.39590079028704,
    "high-horsepower": 300.51287092226124,
    "lunge": 164.32612979580782,
    "poison-jab": 197.41676587299966,
    "earthquake": 288.7613454931258,
    "throat-chop": 1.7647041845479363,
    "facade": 64.97883909562863,
    "spikes": 8.67260593040297,
    "toxic": 220.5202046198532,
    "toxic-spikes": 24.178854365790613,
    "crabhammer": 50.43025716475301,
    "swords-dance": 194.53163081654534,
    "tailwind": 101.70047100530931,
    "gunk-shot": 15.917829594326252,
    "psychic-fangs": 12.904077719310706,
    "fire-fang": 1.6576603526372518,
    "rock-slide": 27.040558026770245,
    "ice-fang": 8.043994766856281,
    "substitute": 27.32145217297704,
    "scale-shot": 0.3718771984604321,
    "taunt": 1.9549609084239352,
    "counter": 0.1782609487646441,
    "baton-pass": 13.17269391121845,
    "rain-dance": 0.44433168989914784,
    "breaking-swipe": 0.4092959306303538,
    "x-scissor": 0.3550801672024965,
    "dark-pulse": 0.026475476819521504,
    "bulldoze": 2.199141688391298,
    "crunch": 0.25993038277692365,
    "earth-power": 0.4675142410143288,
    "brick-break": 4.954948491849207,
    "sand-tomb": 2.3080645773425488,
    "stone-edge": 1.7884546503969219,
    "agility": 0.5866981770394476,
    "cross-poison": 2.752061069620089,
    "skitter-smack": 0.39467724475104676,
    "poison-tail": 4.5575238431014675,
    "fury-cutter": 0.2148209785790155,
    "quick-attack": 0.3914301285262468,
    "tera-blast": 3.0047714301840456,
    "aerial-ace": 1.0794130836883586
  },
  "teras": {
    "flying": 37.17997579283681,
    "water": 478.9330840407994,
    "fighting": 1.7647041845479363,
    "ground": 207.98927366187877,
    "poison": 12.63900868517636,
    "normal": 30.635720823144748,
    "steel": 38.78614774424566,
    "dark": 63.40188343362885,
    "dragon": 0.6816398347033138,
    "fairy": 3.214718260386437,
    "fire": 4.106162283862192,
    "stellar": 0.8528478099650996,
    "ice": 4.538455038749994,
    "grass": 0.9343051151025294,
    "bug": 0.2148209785790155,
    "electric": 8.0417945585009,
    "ghost": 5.309206174451097
  },
  "spreads": [
    {
      "nature": "careful",
      "usage": "22.3",
      "evs": {
        "hp": 252,
        "atk": 0,
        "def": 4,
        "spa": 0,
        "spd": 252,
        "spe": 0
      }
    },
    {
      "nature": "adamant",
      "usage": "14.1",
      "evs": {
        "hp": 104,
        "atk": 252,
        "def": 0,
        "spa": 0,
        "spd": 0,
        "spe": 152
      }
    },
    {
      "nature": "impish",
      "usage": "11.2",
      "evs": {
        "hp": 252,
        "atk": 0,
        "def": 184,
        "spa": 0,
        "spd": 0,
        "spe": 72
      }
    },
    {
      "nature": "impish",
      "usage": "9.5",
      "evs": {
        "hp": 92,
        "atk": 120,
        "def": 44,
        "spa": 0,
        "spd": 252,
        "spe": 0
      }
    },
    {
      "nature": "jolly",
      "usage": "9.0",
      "evs": {
        "hp": 0,
        "atk": 252,
        "def": 0,
        "spa": 0,
        "spd": 4,
        "spe": 252
      }
    },
    {
      "nature": "adamant",
      "usage": "3.6",
      "evs": {
        "hp": 112,
        "atk": 140,
        "def": 0,
        "spa": 0,
        "spd": 184,
        "spe": 72
      }
    },
    {
      "nature": "adamant",
      "usage": "3.0",
      "evs": {
        "hp": 104,
        "atk": 244,
        "def": 0,
        "spa": 0,
        "spd": 8,
        "spe": 152
      }
    },
    {
      "nature": "impish",
      "usage": "3.0",
      "evs": {
        "hp": 164,
        "atk": 252,
        "def": 92,
        "spa": 0,
        "spd": 0,
        "spe": 0
      }
    },
    {
      "nature": "careful",
      "usage": "2.1",
      "evs": {
        "hp": 244,
        "atk": 0,
        "def": 36,
        "spa": 0,
        "spd": 228,
        "spe": 0
      }
    },
    {
      "nature": "lax",
      "usage": "1.9",
      "evs": {
        "hp": 252,
        "atk": 0,
        "def": 184,
        "spa": 0,
        "spd": 0,
        "spe": 72
      }
    }
  ],
  "teammates": {
    "3": 4.593845119064874,
    "6": 4.920761284083834,
    "9": 24.196122093462503,
    "24": 1.0020613684761148,
    "26": 0.9803967138410314,
    "35": 38.768352250386506,
    "36": 1.5654055004174432,
    "38": 4.551393663380634,
    "43": 0.3718771984604321,
    "45": 5.37238409761145,
    "51": 0.3195459782515532,
    "59": 2.2804928115621275,
    "62": 0.33295685686179655,
    "73": 0.013969927433747087,
    "80": 0.897016198182556,
    "86": 0.3718771984604321,
    "91": 3.18758827387226,
    "93": 0.3718771984604321,
    "94": 2.147608386560615,
    "110": 1.0287744299725023,
    "112": 0.5639871875121516,
    "123": 0.2148209785790155,
    "125": 1.8218444432450784,
    "126": 3.0494806217496135,
    "130": 57.162252634525075,
    "132": 0.7801536446633349,
    "134": 2.119937802041928,
    "135": 1.7227584114652896,
    "136": 0.9549377007450484,
    "143": 2.644609602437724,
    "144": 21.2127595320862,
    "145": 10.143109574708701,
    "146": 14.999999999999988,
    "151": 250.37170201048792,
    "182": 0.10603319562545588,
    "184": 5.354972217152649,
    "186": 50.23674111426383,
    "192": 0.12819465020231796,
    "196": 1.7230947187892016,
    "197": 26.772768753009245,
    "198": 54.82230630173246,
    "207": 1.6861336108484992,
    "212": 44.32069865914493,
    "214": 1.6945559149428497,
    "227": 3.1393642046670323,
    "230": 149.92775523641572,
    "233": 17.533545344674057,
    "235": 1.6750029848770351,
    "237": 5.828484869132393,
    "242": 0.6813233613752103,
    "243": 0.39467724475104676,
    "244": 48.0953445658719,
    "245": 3.874470235039238,
    "257": 32.74776433874802,
    "272": 3.6120346098258294,
    "282": 3.478791997476253,
    "284": 2.452525893881002,
    "286": 14.831221760735598,
    "289": 7.325240745447583,
    "297": 0.14998060602866808,
    "302": 2.346230154636137,
    "308": 12.551746001023243,
    "313": 4.0253195040903815,
    "314": 0.04760166725198506,
    "330": 6.26730959656193,
    "334": 0.37957814646042415,
    "336": 4.096715082957221,
    "350": 160.854678750245,
    "354": 0.0195450791838353,
    "356": 2.0282531836552193,
    "362": 3.529771927110687,
    "373": 33.543773643991415,
    "376": 94.41758474079184,
    "379": 3.2581772319713806,
    "380": 0.8503069657662776,
    "381": 5.245174641160625,
    "385": 0.9085384091619828,
    "386": 0.3770756819818491,
    "389": 5.218410060518438,