{
  "id": "10156",
  "name": "Necrozma dawn wings",
  "format_id": "showdown_gen9vgc2026regi-1630",
  "usage_metrics": {
    "raw": 4336,
    "base_weight": 349.23784012082757,
    "percent": 1.056164777294406
  },
  "roles": [
    {
      "role": "role_tr_setter",
      "label": "Trick Room Setter",
      "category": "SUP"
    }
  ],
  "items": {
    "power-herb": 158.15018729014776,
    "colbur-berry": 0.09507816241937295,
    "safety-goggles": 0.29940408955722747,
    "assault-vest": 4.476352172910438,
    "enigma-berry": 0.0036549004835713106,
    "twisted-spoon": 0.2675766271943856,
    "psychic-seed": 3.02313570466112,
    "leftovers": 17.628828467608674,
    "weakness-policy": 12.62038425384437,
    "grassy-seed": 0.9443542728765475,
    "choice-specs": 5.858687313476663,
    "covert-cloak": 0.7322003690294474,
    "mental-herb": 0.7294849307111548,
    "focus-sash": 11.39790719401255,
    "life-orb": 23.95130680447761,
    "room-service": 104.3450148005559,
    "iron-ball": 0.46017354133865596,
    "sitrus-berry": 0.5004881051596728,
    "expert-belt": 0.9941077251850295,
    "wise-glasses": 0.8932185338726983,
    "throat-spray": 0.0507126070898708,
    "clear-amulet": 0.029635287741358873,
    "electric-seed": 1.1883930136372833,
    "nothing": 0.1709794425050502,
    "kasib-berry": 1.011429828778887e-11,
    "rocky-helmet": 0.000014892495842133702,
    "blunder-policy": 0,
    "wiki-berry": 0.0015427100438539232,
    "choice-scarf": 0.0011082331303163273,
    "spell-tag": 0,
    "white-herb": 0.11040858803612608,
    "shell-bell": 0,
    "lum-berry": 0.31350008661662
  },
  "abilities": {
    "prism-armor": 349.23784012082757
  },
  "moves": {
    "moongeist-beam": 346.497439995317,
    "photon-geyser": 32.74978988915842,
    "meteor-beam": 158.3247021132196,
    "trick-room": 319.31559949210373,
    "expanding-force": 290.6209825951437,
    "psyshock": 0.8015790083890739,
    "tera-blast": 10.326477458347734,
    "protect": 53.418125325703734,
    "solar-beam": 0.0763999649149002,
    "morning-sun": 2.337772227741561,
    "power-gem": 0.010124209626289737,
    "heat-wave": 20.62142437657292,
    "prismatic-laser": 0.8556049199862821,
    "earth-power": 128.65859793748638,
    "moonlight": 2.942618126067095,
    "calm-mind": 16.118780549195836,
    "hyper-beam": 2.2632628549068556e-9,
    "hyper-voice": 0.28575744270778125,
    "body-slam": 0.10721677599268675,
    "brick-break": 0.16232178882739845,
    "rock-tomb": 0,
    "knock-off": 0.10723680907998973,
    "psychic": 0.5642742483898591,
    "dragon-pulse": 4.849290763410553,
    "flash-cannon": 0.5889567120248533,
    "future-sight": 0.0013503630912599651,
    "night-slash": 0.0013395275369075255,
    "psycho-cut": 0.0074731390069592285,
    "outrage": 0.007462316993801232,
    "reflect": 0.6937895723805203,
    "dark-pulse": 3.0155202557925125,
    "iron-defense": 0.23109817990801185,
    "stored-power": 0.7677527093792591,
    "": 0.1270633443749044,
    "dragon-dance": 0.10741870874523302,
    "light-screen": 0.6684750029085736,
    "stealth-rock": 0,
    "shadow-claw": 0,
    "x-scissor": 0,
    "substitute": 0.523070192464243,
    "earthquake": 0.4205348674592195,
    "charge-beam": 0.00614958266940302,
    "gyro-ball": 0.01802681505972159,
    "stone-edge": 0,
    "gravity": 0.011100074442513375,
    "rest": 0.0008099056612447253,
    "sleep-talk": 0.0008099056612447253,
    "rock-slide": 0.001043288107502649
  },
  "teras": {
    "fairy": 18.84978960269958,
    "grass": 108.72665245136523,
    "dark": 53.121917106325796,
    "water": 29.28557017376031,
    "normal": 84.52544001367379,
    "psychic": 28.883115250544144,
    "steel": 2.106702857856808,
    "rock": 0.85762436056638,
    "ice": 0.3489625104320855,
    "fire": 10.041228228358126,
    "ground": 1.3614169144464787,
    "dragon": 5.488498074943203,
    "ghost": 4.439249411669588,
    "bug": 0,
    "fighting": 0.7978827997072366,
    "stellar": 0.08702125364997665,
    "electric": 0.3167691108303504
  },
  "spreads": [
    {
      "nature": "quiet",
      "usage": "29.8",
      "evs": {
        "hp": 148,
        "atk": 0,
        "def": 140,
        "spa": 220,
        "spd": 0,
        "spe": 0
      }
    },
    {
      "nature": "quiet",
      "usage": "20.1",
      "evs": {
        "hp": 252,
        "atk": 0,
        "def": 12,
        "spa": 232,
        "spd": 12,
        "spe": 0
      }
    },
    {
      "nature": "quiet",
      "usage": "14.5",
      "evs": {
        "hp": 252,
        "atk": 0,
        "def": 4,
        "spa": 252,
        "spd": 0,
        "spe": 0
      }
    },
    {
      "nature": "quiet",
      "usage": "7.2",
      "evs": {
        "hp": 0,
        "atk": 0,
        "def": 252,
        "spa": 252,
        "spd": 4,
        "spe": 0
      }
    },
    {
      "nature": "modest",
      "usage": "5.1",
      "evs": {
        "hp": 252,
        "atk": 0,
        "def": 0,
        "spa": 252,
        "spd": 4,
        "spe": 0
      }
    },
    {
      "nature": "quiet",
      "usage": "4.0",
      "evs": {
        "hp": 252,
        "atk": 0,
        "def": 0,
        "spa": 252,
        "spd": 0,
        "spe": 0
      }
    },
    {
      "nature": "quiet",
      "usage": "3.7",
      "evs": {
        "hp": 252,
        "atk": 0,
        "def": 0,
        "spa": 252,
        "spd": 4,
        "spe": 0
      }
    },
    {
      "nature": "quiet",
      "usage": "3.0",
      "evs": {
        "hp": 196,
        "atk": 0,
        "def": 60,
        "spa": 252,
        "spd": 0,
        "spe": 0
      }
    },
    {
      "nature": "quiet",
      "usage": "1.4",
      "evs": {
        "hp": 252,
        "atk": 0,
        "def": 76,
        "spa": 180,
        "spd": 0,
        "spe": 0
      }
    },
    {
      "nature": "modest",
      "usage": "1.1",
      "evs": {
        "hp": 252,
        "atk": 0,
        "def": 4,
        "spa": 252,
        "spd": 0,
        "spe": 0
      }
    }
  ],
  "teammates": {
    "3": 0.07877884708189592,
    "6": 0,
    "9": 1.2611407060525717,
    "25": 0.10721677599268675,
    "26": 0.014154763224879019,
    "28": 0,
    "35": 4.0045366152667485,
    "36": 0.2310981663567031,
    "38": 0.003884923486216385,
    "55": 0,
    "59": 2.9758623453561444,
    "76": 0.45156621265835933,
    "79": 0.07634207518503239,
    "80": 0.0754855188167603,
    "85": 0.10496838604534764,
    "94": 0.07293127183525239,
    "97": 0.11892130249418714,
    "103": 0.015108820026735803,
    "112": 8.489612865514072,
    "126": 0.00018192940725081375,
    "130": 0.0029353143696806416,
    "131": 0.007462316993801232,
    "132": 0.0017942030826206823,
    "143": 0.1987869353260548,
    "144": 0.000027915589094595905,
    "145": 0.12926250187118415,
    "149": 1.0688524643965809,
    "154": 1.139046640347878,
    "181": 0,
    "184": 0.0006532869972469824,
    "186": 0.0001714823717482994,
    "189": 0.5816080908084781,
    "191": 0.09989473041961339,
    "197": 0.0000291922808499101,
    "198": 1.3376110645431785,
    "199": 0.00004746988791221041,
    "212": 0.00007583416321321756,
    "214": 0.008492988836115545,
    "233": 0.8393041407901705,
    "235": 14.812473239907478,
    "237": 2.9918032288006846,
    "242": 0,
    "243": 0.17302390080919522,
    "244": 0.25990379165086747,
    "248": 0.6465720396618674,
    "249": 0.0009040645110410805,
    "250": 0.02641240384477761,
    "254": 0.00017738295188435282,
    "260": 0,
    "279": 2.7993137406176016,
    "282": 0.02088706919162764,
    "286": 0.00000981493128704436,
    "297": 7.841378025568873,
    "302": 0.0006032608032127684,
    "323": 0.000019988626679345867,
    "324": 47.779787353471455,
    "326": 0.0011082331303163273,
    "330": 5.169731309706549e-11,
    "350": 0.373353554895805,
    "356": 0.0006504073489066453,
    "376": 1.017104277468761,
    "377": 10.046730660573242,
    "381": 0.23109816635681635,
    "382": 13.359358652703742,
    "383": 5.1869763824038255,
    "384": 0.44181286230323163,