{
  "id": "10188",
  "name": "Zacian Crowned",
  "format_id": "showdown_gen9vgc2026regi-1630",
  "usage_metrics": {
    "raw": 24177,
    "base_weight": 2765.9020606533413,
    "percent": 5.889044239079071
  },
  "items": {
    "rusted-sword": 2765.9020606533413
  },
  "abilities": {
    "intrepid-sword": 2765.9020606533413
  },
  "moves": {
    "protect": 2658.549699613255,
    "play-rough": 2656.2851427011506,
    "iron-head": 2699.386556544306,
    "sacred-sword": 1478.4357289499276,
    "swords-dance": 562.9485442760019,
    "tera-blast": 281.882830982362,
    "close-combat": 162.93995815713902,
    "trailblaze": 4.9856183328589685,
    "crunch": 23.431892158138748,
    "wild-charge": 18.49110491066851,
    "ice-fang": 3.5732734970064843,
    "quick-attack": 59.92159753124549,
    "body-slam": 0.07691213357701154,
    "agility": 2.7823004945979104,
    "poison-jab": 2.8969988230906383,
    "substitute": 392.439906591169,
    "quick-guard": 18.47103839881486,
    "solar-blade": 8.201211511407365,
    "brick-break": 8.66072467857734,
    "psychic-fangs": 10.957424224023564,
    "helping-hand": 0.08496994859955825,
    "fire-fang": 0.3254237010059333,
    "howl": 0.20802354158953756,
    "moonblast": 0.09911576742111489,
    "dazzling-gleam": 0.17272127414795002,
    "facade": 0.10958600541426905,
    "air-slash": 0.036461389365531394,
    "noble-roar": 2.7755575615628914e-16,
    "iron-defense": 0.03242664883290036,
    "steel-beam": 0.0011688698578949386,
    "focus-blast": 8.04764705875094e-7,
    "reversal": 0.00027199912601777454,
    "metal-claw": 0.00027199912601777454,
    "thunder-fang": 0.00024864680259223393,
    "false-swipe": 4.790652117414238,
    "sleep-talk": 2.145004312211243,
    "misty-terrain": 0.00005118834230738445,
    "imprison": 0,
    "dig": 0.03768548448133857,
    "": 2.860870700893692e-7,
    "hyper-beam": 0,
    "flash-cannon": 0,
    "rest": 0.24452593390114652,
    "giga-impact": 0.0011679562155301748,
    "snarl": 2.2932618459758913e-7,
    "slash": 0
  },
  "teras": {
    "fairy": 1019.8402049200773,
    "ground": 337.7153715794178,
    "stellar": 229.8484651688858,
    "water": 239.28200477650893,
    "normal": 190.45450243035913,
    "ghost": 19.995001532774804,
    "grass": 316.61700645659874,
    "steel": 18.937926134119646,
    "fighting": 62.43274015772202,
    "fire": 103.75429399114657,
    "electric": 1.5027215297680596,
    "dragon": 201.5142446659333,
    "flying": 16.620498508550483,
    "dark": 4.231921469857758,
    "rock": 1.8270822404759983,
    "bug": 1.1936524856210344,
    "psychic": 0.032396787963898666,
    "poison": 0.10202581756759438
  },
  "spreads": [
    {
      "nature": "Jolly",
      "usage": "9.1",
      "evs": {
        "hp": 252,
        "atk": 76,
        "def": 20,
        "spa": 0,
        "spd": 4,
        "spe": 156
      }
    },
    {
      "nature": "Jolly",
      "usage": "6.9",
      "evs": {
        "hp": 0,
        "atk": 252,
        "def": 0,
        "spa": 0,
        "spd": 4,
        "spe": 252
      }
    },
    {
      "nature": "Jolly",
      "usage": "4.9",
      "evs": {
        "hp": 4,
        "atk": 252,
        "def": 0,
        "spa": 0,
        "spd": 0,
        "spe": 252
      }
    },
    {
      "nature": "Jolly",
      "usage": "4.8",
      "evs": {
        "hp": 204,
        "atk": 116,
        "def": 20,
        "spa": 0,
        "spd": 12,
        "spe": 156
      }
    },
    {
      "nature": "Jolly",
      "usage": "4.5",
      "evs": {
        "hp": 76,
        "atk": 252,
        "def": 4,
        "spa": 0,
        "spd": 4,
        "spe": 172
      }
    },
    {
      "nature": "Jolly",
      "usage": "4.1",
      "evs": {
        "hp": 204,
        "atk": 140,
        "def": 4,
        "spa": 0,
        "spd": 4,
        "spe": 156
      }
    },
    {
      "nature": "Adamant",
      "usage": "4.0",
      "evs": {
        "hp": 236,
        "atk": 156,
        "def": 52,
        "spa": 0,
        "spd": 60,
        "spe": 4
      }
    },
    {
      "nature": "Adamant",
      "usage": "2.5",
      "evs": {
        "hp": 108,
        "atk": 212,
        "def": 4,
        "spa": 0,
        "spd": 4,
        "spe": 180
      }
    },
    {
      "nature": "Jolly",
      "usage": "2.5",
      "evs": {
        "hp": 100,
        "atk": 252,
        "def": 0,
        "spa": 0,
        "spd": 0,
        "spe": 156
      }
    },
    {
      "nature": "Jolly",
      "usage": "2.4",
      "evs": {
        "hp": 108,
        "atk": 220,
        "def": 4,
        "spa": 0,
        "spd": 4,
        "spe": 172
      }
    }
  ],
  "teammates": {
    "3": 0.8079091200562519,
    "4": 0,
    "6": 19.496986068347343,
    "9": 0.005912516253636924,
    "25": 1.9220399069286076,
    "26": 33.64866166196325,
    "35": 109.19392051690778,
    "36": 0.5302702965882515,
    "38": 0.039694077418393314,
    "40": 0.00016756282811086765,
    "51": 0,
    "54": 0.05695551866150639,
    "55": 0.00001647877738097936,
    "59": 3.1743119223566887,
    "71": 0.0005206459286100085,
    "76": 0.0006915124350464485,
    "79": 0,
    "80": 4.339625259505043,
    "87": 0.390375688951492,
    "91": 0.5396986458946211,
    "93": 0.004208583552058054,
    "94": 0.22719147685506885,
    "101": 0,
    "103": 0.0018496992110846877,
    "109": 0.003413080184091366,
    "110": 1.9053182188482245,
    "112": 53.56260523414445,
    "113": 0.0033687086423906387,
    "125": 3.1401036441932346,
    "126": 3.2472762864123363,
    "129": 4.0307332471734014e-9,
    "130": 115.27689360725581,
    "131": 0.021366059009341576,
    "132": 74.01205990923953,
    "134": 0.4165565647780424,
    "135": 1.0951364723855441,
    "143": 0.17659737900762262,
    "144": 0.6597760765626459,
    "145": 10.040505557736221,
    "146": 3.0738971071505774,
    "148": 0,
    "149": 70.95038041036075,
    "150": 0.15281022206426093,
    "154": 0,
    "157": 0.5168712318409827,
    "164": 0.6700595311848722,
    "168": 2.6519541923564205e-7,
    "171": 0.22580155250707828,
    "184": 6.91433543309472e-7,
    "186": 0.033860245179129334,
    "189": 4.078425347495205,
    "194": 8.37370583180277,
    "195": 0.20820121113097168,
    "197": 1.4471683085857046,
    "198": 24.338490617896692,
    "205": 0.0005071822792160341,
    "212": 0.3876337368196206,
    "214": 0.000038798747640733655,
    "215": 0.019468069694214662,
    "227": 0.0000012487283205797617,
    "230": 6.395551790962965,
    "232": 0.004208583552058054,
    "233": 2.9658302950427364,
    "235": 221.633798753703,
    "237": 16.346100502128994,
    "242": 0.03289367021864348,
    "243": 2.873662425909724,
    "244": 10.198753501876032,
    "245": 3.030437050436158,
    "248": 4.1120344622637095,
    "249": 0.7036203399873466,
    "250": 3.6355050261553257,
    "254": 0.010587847440326592,
    "257": 0.1658276104019923,
    "260": 0.10035266992529374,
    "272": 15.369805070036888,
    "275": 53.82786454272042,
    "279": 134.59296630727331,
    "282": 0.003531668557560319,
    "286": 3.135628028894111e-7,
    "289": 0.16053515120908468,
    "297": 0.33798272140204333,
    "302": 146.13719345702154,
    "308": 2.206750913028667,
    "313": 0.6174374819761275,
    "314": 11.519493601525673,
    "323": 4.051492474843599e-11,
    "324": 0.9407120065012176,
    "330": 0.06094599867290973,
    "332": 0,
    "334": 0.35073991368913476,
    "350": 6.175311014077101,
    "356": 0.07205597436691002,
    "357": 0.028216515333698566,
    "370": 0.5285020571131656,
    "373": 7.847603391370043,
    "376": 0.13795006480594474,
    "377": 0.10353983735546746,
    "378": 0,
    "380": 0.9046042524968303,
    "381": 0.29798514701151846,
    "382": 1161.3094459156075,
    "383": 54.13555580037308,
    "384": 13.006581512211303,
    "389": 1.013547435189878,
    "392": 0.05891644747202379,
    "395": 2.024269266152155,
    "405": 11.577243659005148,
    "409": 3.185593455690139e-10,
    "411": 0.05303885712394152,
    "417": 0.2623723826462144,