{
  "id": "792",
  "name": "Lunala",
  "format_id": "showdown_gen9vgc2026regi-1630",
  "usage_metrics": {
    "raw": 63572,
    "base_weight": 11187.28070605979,
    "percent": 15.484895577066416
  },
  "items": {
    "spell-tag": 5.897655214660177,
    "leftovers": 1334.2333343227738,
    "electric-seed": 3082.664959503659,
    "power-herb": 5586.054017923304,
    "covert-cloak": 292.5498107839711,
    "safety-goggles": 408.1678003913438,
    "sitrus-berry": 16.38092886441917,
    "choice-specs": 71.87911020958757,
    "psychic-seed": 11.090351841962624,
    "mental-herb": 121.53698194875304,
    "twisted-spoon": 28.20528439081371,
    "bright-powder": 8.591478428846735,
    "assault-vest": 1.7211685532436563,
    "nothing": 2.172078524033721,
    "grassy-seed": 52.659941772421234,
    "rocky-helmet": 41.371529796263424,
    "kasib-berry": 0.01755981663864048,
    "lum-berry": 18.99109727585007,
    "choice-scarf": 50.94126454393618,
    "chesto-berry": 0.5628019318194315,
    "mind-plate": 2.5288816730531885,
    "focus-sash": 0.9335607672395877,
    "room-service": 0.4397033290299979,
    "weakness-policy": 21.086177024857264,
    "life-orb": 2.57242184019633,
    "colbur-berry": 0.8786460646493883,
    "roseli-berry": 5.538507263924686e-9,
    "heavy-duty-boots": 0.7372534401215973,
    "mirror-herb": 0.01388694115696093,
    "lagging-tail": 0.8837898767437233,
    "griseous-core": 0.00002662544000014977,
    "blunder-policy": 0.0000011091527595818995,
    "utility-umbrella": 0.13270286784716395,
    "iron-ball": 0.0990756610160839,
    "clear-amulet": 0.9883247122444936,
    "wise-glasses": 0.8169557738094854,
    "fairy-feather": 0.060880286597791544,
    "ability-shield": 0.0799542152336925,
    "aguav-berry": 3.701590258522025,
    "spooky-plate": 1.5387234947076,
    "black-belt": 9.844257309954193,
    "choice-band": 0,
    "shell-bell": 0.08127312744261866,
    "silk-scarf": 0.0015698491160132666,
    "expert-belt": 0,
    "metronome": 0.02044501329971532,
    "eject-button": 0.000002331410816402979,
    "quick-claw": 0.43352453534548707,
    "adrenaline-orb": 1.2560782691739547e-8,
    "red-card": 0.00422331797149661,
    "kee-berry": 0.07494388178694594,
    "leaf-stone": 0.46004164488310223,
    "figy-berry": 0.00008568590913055063,
    "white-herb": 0.4854255595455206,
    "misty-seed": 2.6932017850700163
  },
  "abilities": {
    "shadow-shield": 11187.28070605979
  },
  "moves": {
    "moongeist-beam": 11063.3485575389,
    "expanding-force": 2864.0201316739713,
    "protect": 1123.9410907759288,
    "trick-room": 8613.767339597984,
    "moonblast": 5055.470754930165,
    "wide-guard": 8053.86155210424,
    "meteor-beam": 5583.28648214301,
    "calm-mind": 847.1449344971625,
    "dazzling-gleam": 412.5091626219358,
    "moonlight": 71.33793993509204,
    "psyshock": 74.67909056368332,
    "psychic": 41.028268199215134,
    "helping-hand": 17.772200561183322,
    "dream-eater": 0.038888130573637436,
    "heat-wave": 557.8731206835876,
    "solar-beam": 1.833181787316246,
    "icy-wind": 28.906996707409068,
    "will-o-wisp": 45.503846567195104,
    "psych-up": 14.079745486558776,
    "hypnosis": 33.48129217555355,
    "tailwind": 168.40062095600476,
    "shadow-ball": 2.795726586715522,
    "light-screen": 2.0596687653787167,
    "tera-blast": 12.322655911815254,
    "phantom-force": 0.006339966199982838,
    "ice-beam": 12.694662912330287,
    "thunder": 1.488085181646834,
    "reflect": 1.0415334310479873,
    "air-slash": 0.7796186003210148,
    "cosmic-power": 0.852328231928054,
    "trick": 36.49423036214351,
    "rest": 0.005059961982912309,
    "focus-blast": 1.0762935384229044,
    "sleep-talk": 0.005059961982912309,
    "teleport": 1.4312657502147887,
    "agility": 0.5703598679221158,
    "dual-wingbeat": 0.00016955057867118484,
    "thunderbolt": 0.6563823052400053,
    "blizzard": 0.0007363790172128515,
    "acrobatics": 0.002897557823890895,
    "poltergeist": 0.00006349007045280963,
    "night-daze": 1.45473627420227,
    "": 0.1890175089626181,
    "sunny-day": 0.0012708537408055998,
    "rain-dance": 0.0011070804649907506,
    "hex": 0.00017081419056869107,
    "facade": 0,
    "substitute": 0.9081857580373168
  },
  "teras": {
    "psychic": 79.46401951454303,
    "fairy": 6267.196366822737,
    "dark": 311.44074585867673,
    "water": 2267.548963138666,
    "grass": 1318.9851997499095,
    "fire": 542.7115576318638,
    "poison": 6.090505814164402,
    "steel": 4.357574185495667,
    "normal": 239.69080375730059,
    "dragon": 4.6108310724082875,
    "fighting": 0.4462819817873225,
    "rock": 6.618037182670673,
    "flying": 11.535840788706379,
    "ghost": 22.243129027432104,
    "stellar": 21.88742805877515,
    "electric": 33.474634811032,
    "ground": 48.87455269663263,
    "bug": 0.104232797768609,
    "ice": 0.0000011692059693757528
  },
  "spreads": [
    {
      "nature": "Modest",
      "usage": "6.8",
      "evs": {
        "hp": 132,
        "atk": 0,
        "def": 172,
        "spa": 180,
        "spd": 12,
        "spe": 12
      }
    },
    {
      "nature": "Modest",
      "usage": "5.9",
      "evs": {
        "hp": 220,
        "atk": 0,
        "def": 20,
        "spa": 196,
        "spd": 4,
        "spe": 68
      }
    },
    {
      "nature": "Modest",
      "usage": "3.5",
      "evs": {
        "hp": 116,
        "atk": 0,
        "def": 108,
        "spa": 252,
        "spd": 28,
        "spe": 4
      }
    },
    {
      "nature": "Modest",
      "usage": "3.4",
      "evs": {
        "hp": 132,
        "atk": 0,
        "def": 172,
        "spa": 180,
        "spd": 20,
        "spe": 4
      }
    },
    {
      "nature": "Modest",
      "usage": "3.0",
      "evs": {
        "hp": 220,
        "atk": 0,
        "def": 36,
        "spa": 236,
        "spd": 12,
        "spe": 0
      }
    },
    {
      "nature": "Modest",
      "usage": "2.9",
      "evs": {
        "hp": 196,
        "atk": 0,
        "def": 4,
        "spa": 244,
        "spd": 4,
        "spe": 60
      }
    },
    {
      "nature": "Quiet",
      "usage": "2.7",
      "evs": {
        "hp": 252,
        "atk": 0,
        "def": 0,
        "spa": 252,
        "spd": 4,
        "spe": 0
      }
    },
    {
      "nature": "Modest",
      "usage": "2.5",
      "evs": {
        "hp": 252,
        "atk": 0,
        "def": 4,
        "spa": 252,
        "spd": 0,
        "spe": 0
      }
    },
    {
      "nature": "Modest",
      "usage": "2.1",
      "evs": {
        "hp": 4,
        "atk": 0,
        "def": 0,
        "spa": 252,
        "spd": 0,
        "spe": 252
      }
    },
    {
      "nature": "Quiet",
      "usage": "1.9",
      "evs": {
        "hp": 220,
        "atk": 0,
        "def": 36,
        "spa": 252,
        "spd": 0,
        "spe": 0
      }
    }
  ],
  "teammates": {
    "3": 13.215944269827988,
    "6": 22.552117952603602,
    "9": 121.63626210967367,
    "24": 0.00007087227813112884,
    "25": 2.471132667856386,
    "26": 44.235317052606334,
    "28": 0,
    "35": 42.0164017235577,
    "36": 0.07593674330716155,
    "38": 1.8395791262504346e-7,
    "44": 0.12198729237819916,
    "45": 6.54369142868153,
    "48": 0.06563079138225392,
    "51": 0.006076875507547708,
    "59": 0.4164341842733455,
    "69": 0.006124955324690429,
    "71": 0.3924783251093189,
    "76": 0.0004937899787720856,
    "79": 0.928776788802711,
    "80": 0.03371180443936356,
    "87": 0.12198729237819916,
    "89": 0,
    "91": 1.4643241486034242e-7,
    "94": 0.46770415170289636,
    "101": 0.007201718197742846,
    "103": 15.197677606030878,
    "110": 3.6316881952564692,
    "112": 27.68882858184133,
    "113": 0,
    "125": 10.849121778627563,
    "126": 2.5906037155468695,
    "130": 1.153053311944747,
    "131": 0.00400306654371424,
    "132": 58.981701974131866,
    "134": 0.000004262953917089085,
    "136": 0.0001692148882997957,
    "143": 7.969651832214392,
    "144": 0.8821464441423411,