{
  "id": "1000",
  "name": "Gholdengo",
  "format_id": "showdown_gen9nationaldexmonotype-1500",
  "usage_metrics": {
    "raw": 3106,
    "base_weight": 1881.6120361432113,
    "percent": 5.582114230257719
  },
  "roles": [
    {
      "role": "role_sweeper_special",
      "label": "Special Sweeper",
      "category": "OFF"
    },
    {
      "role": "role_setup",
      "label": "Setup Sweeper",
      "category": "OFF"
    },
    {
      "role": "role_staller",
      "label": "Staller",
      "category": "DEF"
    }
  ],
  "items": {
    "choice-scarf": 718.3808530850304,
    "air-balloon": 440.2181662744442,
    "life-orb": 39.33499011879874,
    "leftovers": 156.76722918557454,
    "ghostium-z": 371.0575009262143,
    "salac-berry": 0.24598292505844455,
    "rocky-helmet": 3.8305144089837233,
    "choice-specs": 67.2781909841493,
    "white-herb": 0.8454010780909527,
    "heavy-duty-boots": 5.23716874191488,
    "colbur-berry": 14.572092962288282,
    "covert-cloak": 1.5119816040367235,
    "assault-vest": 11.604360323099055,
    "eject-pack": 13.087043800940123,
    "fairium-z": 0.9371029996046273,
    "nothing": 0.031408566585389375,
    "focus-sash": 6.196333829330889,
    "weakness-policy": 2.383665442814806,
    "fightinium-z": 5.050079861057203,
    "electrium-z": 0.1646192732732128,
    "psychium-z": 0.6434049416198853,
    "expert-belt": 1.2612619950684434,
    "metal-coat": 12.124905867477187,
    "steelium-z": 4.948016017187288,
    "ability-shield": 0.04945581112821684,
    "iron-ball": 0.1404212905773321,
    "wise-glasses": 1.0394996896405901,
    "aguav-berry": 0.10472632212849708,
    "wide-lens": 0.6060436842372638,
    "occa-berry": 0.39384624126483825,
    "toxic-orb": 0.3972437949118178,
    "spell-tag": 1.1685240966763
  },
  "abilities": {
    "good-as-gold": 1881.6120361432113
  },
  "moves": {
    "make-it-rain": 1698.5253546788397,
    "shadow-ball": 1642.5710021666193,
    "thunderbolt": 296.6335853087978,
    "dazzling-gleam": 413.1409367118601,
    "nasty-plot": 966.2315076424653,
    "recover": 909.4243612406269,
    "focus-blast": 398.06154099214075,
    "trick": 459.3814746660573,
    "flash-cannon": 38.26697192928013,
    "psyshock": 53.793249540219115,
    "hex": 195.59282628673887,
    "thunder-wave": 226.79552696493073,
    "power-gem": 148.12678748147346,
    "thunder": 60.62117216196078,
    "light-screen": 0.24614002369910043,
    "reflect": 0.007990615286586455,
    "night-shade": 0.007990615286586455,
    "psychic": 9.184389743759711,
    "tera-blast": 0.4389228768465452,
    "steel-beam": 3.643790091173892,
    "charge-beam": 0.030099471489955454,
    "giga-impact": 0.030099471489955454,
    "confuse-ray": 0.345436672224275,
    "memento": 1.330526180627897,
    "sleep-talk": 0.3718771984604321,
    "substitute": 0.8524371778006352,
    "sandstorm": 0.8901572326700677,
    "protect": 1.7740367262360797,
    "poltergeist": 0.11535516965433557,
    "metal-sound": 0.006298767060831767,
    "fling": 0.006298767060831767
  },
  "teras": {
    "nothing": 1881.6120361432113
  },
  "spreads": [
    {
      "nature": "timid",
      "usage": "47.2",
      "evs": {
        "hp": 0,
        "atk": 0,
        "def": 0,
        "spa": 252,
        "spd": 4,
        "spe": 252
      }
    },
    {
      "nature": "bold",
      "usage": "11.5",
      "evs": {
        "hp": 248,
        "atk": 0,
        "def": 36,
        "spa": 0,
        "spd": 0,
        "spe": 224
      }
    },
    {
      "nature": "modest",
      "usage": "10.3",
      "evs": {
        "hp": 252,
        "atk": 0,
        "def": 0,
        "spa": 252,
        "spd": 4,
        "spe": 0
      }
    },
    {
      "nature": "modest",
      "usage": "4.2",
      "evs": {
        "hp": 248,
        "atk": 0,
        "def": 76,
        "spa": 0,
        "spd": 0,
        "spe": 184
      }
    },
    {
      "nature": "timid",
      "usage": "2.8",
      "evs": {
        "hp": 4,
        "atk": 0,
        "def": 0,
        "spa": 252,
        "spd": 0,
        "spe": 252
      }
    },
    {
      "nature": "bold",
      "usage": "2.0",
      "evs": {
        "hp": 252,
        "atk": 0,
        "def": 192,
        "spa": 0,
        "spd": 0,
        "spe": 64
      }
    },
    {
      "nature": "timid",
      "usage": "1.6",
      "evs": {
        "hp": 0,
        "atk": 0,
        "def": 0,
        "spa": 252,
        "spd": 0,
        "spe": 252
      }
    },
    {
      "nature": "bold",
      "usage": "1.3",
      "evs": {
        "hp": 252,
        "atk": 0,
        "def": 152,
        "spa": 0,
        "spd": 0,
        "spe": 104
      }
    },
    {
      "nature": "modest",
      "usage": "1.2",
      "evs": {
        "hp": 0,
        "atk": 0,
        "def": 0,
        "spa": 252,
        "spd": 4,
        "spe": 252
      }
    },
    {
      "nature": "timid",
      "usage": "0.9",
      "evs": {
        "hp": 80,
        "atk": 0,
        "def": 16,
        "spa": 112,
        "spd": 48,
        "spe": 252
      }
    }
  ],
  "teammates": {
    "94": 65.6364524738581,
    "132": 0,
    "205": 4.380145224374123,
    "208": 1.8281554345124995,
    "212": 26.171807582760813,
    "227": 165.49653907520226,
    "292": 44.61323598763372,
    "302": 49.72790557669298,
    "303": 0.3936027100204862,
    "305": 1.93259034466124,
    "306": 3.114605738842219,
    "356": 7.250808183303235,
    "376": 27.216791455044802,
    "379": 2.617837219665069,
    "385": 90.86254524792467,
    "395": 202.9172955922749,
    "426": 4.676925310492381,
    "429": 1.4503382428154863,
    "437": 12.941922201419045,
    "442": 5.861928641737207,
    "448": 43.79824027930606,
    "462": 9.046486844167276,
    "476": 0.9971109741975259,
    "477": 0.14075657680682185,
    "478": 72.27978146622756,
    "479": 4.3088415327683105,
    "485": 923.3186902742063,
    "530": 214.81509700134603,
    "563": 11.82516686208425,
    "589": 1.853295102622666,
    "593": 22.69823671608962,
    "598": 643.3003023510719,
    "609": 23.222528419937632,
    "623": 37.383583086307766,
    "625": 90.6630862471828,
    "632": 3.885708390132587,
    "638": 7.095579424681632,
    "681": 147.99663412955354,
    "707": 36.98010192450872,
    "709": 1.436761941671043,
    "720": 6.617170061190732,
    "724": 6.165327066986645,
    "773": 1.7040607657675144,
    "777": 9.303968662752869,
    "778": 430.3040297785946,
    "781": 27.563729051525584,
    "797": 446.5448037207648,
    "805": 12.588543952139098,
    "806": 136.94644778916992,
    "809": 208.46161240573133,
    "823": 474.355386729246,
    "855": 5.694923120391153,
    "863": 4.106884514560807,
    "864": 76.65258841944502,
    "867": 18.624025258846963,
    "884": 1.592244660597721,
    "902": 118.62363373423608,
    "911": 67.18160897267494,
    "937": 492.09952114276496,
    "947": 137.791468724603,
    "959": 19.055556569297806,
    "966": 0.7235903142631179,
    "968": 16.91544764306342,
    "990": 358.0760498276151,
    "1013": 132.45823083324623,
    "1018": 166.47308984219785,
    "1023": 81.83921572999033,
    "1025": 174.12177212797465,
    "10005": 1.1685240966763,
    "10032": 0.827925769654793,
    "10046": 721.2444475728117,
    "10053": 76.60474267310352,
    "10056": 77.02743790554467,
    "10066": 303.6874653797164,
    "10072": 8.35610389215795,
    "10102": 1.709547147022921,
    "10106": 0.32157161777893617,
    "10115": 8.182997595041728,
    "10173": 193.05987211908038,
    "10233": 19.26172233071877,
    "10239": 348.16656198167317,
    "10242": 257.0648995242723,
    "10248": 3.0817730123368228
  }
}