{
  "id": "381",
  "name": "Latios",
  "format_id": "showdown_gen9nationaldexmonotype-1500",
  "usage_metrics": {
    "raw": 1534,
    "base_weight": 1163.9371841447007,
    "percent": 2.7569102476546496
  },
  "roles": [
    {
      "role": "role_sweeper_special",
      "label": "Special Sweeper",
      "category": "OFF"
    }
  ],
  "items": {
    "choice-scarf": 738.4785137154236,
    "leftovers": 19.345212731702233,
    "dragonium-z": 26.403224182171645,
    "light-clay": 5.004610389364862,
    "choice-specs": 150.7942638215407,
    "heavy-duty-boots": 33.05964594450881,
    "electrium-z": 6,
    "toxic-orb": 32.524106025943446,
    "soul-dew": 121.70114692146626,
    "groundium-z": 7,
    "eject-pack": 0.24001709792019016,
    "firium-z": 5.012766239840713,
    "expert-belt": 1.9995586833949366,
    "life-orb": 9.432225695568569,
    "nothing": 1.9662279255499402,
    "lum-berry": 4,
    "fightinium-z": 0.975664770305425
  },
  "abilities": {
    "levitate": 1163.9371841447007
  },
  "moves": {
    "draco-meteor": 755.3627658307524,
    "psychic": 119.61948754961745,
    "energy-ball": 180.12728284729624,
    "aura-sphere": 223.0779679506347,
    "defog": 230.0047116199546,
    "flip-turn": 188.82207496455055,
    "earthquake": 14.25874778782605,
    "recover": 12.188455015379876,
    "mystical-fire": 358.2970807261874,
    "roost": 42.60250962700103,
    "light-screen": 5.004610389364862,
    "reflect": 5.779382830208579,
    "thunder-wave": 2.922165061837138,
    "ice-beam": 676.9389249962197,
    "hidden-power-steel": 72.41981741848267,
    "thunderbolt": 129.53562580647545,
    "luster-purge": 969.2703110772195,
    "trick": 478.46777485835884,
    "toxic": 0.9246947546438564,
    "calm-mind": 56.863766311423056,
    "air-slash": 0.536311524832942,
    "dragon-pulse": 9.547129236039192,
    "memento": 6.76442072701188,
    "surf": 34.60497065576315,
    "simple-beam": 0.24001709792019016,
    "stored-power": 3.716427032502029,
    "agility": 3.8625951921552995,
    "dragon-claw": 0.0006247765178544751,
    "psyshock": 43.753645659379124,
    "shadow-ball": 27.224127559619372,
    "tailwind": 0.4851975617777026,
    "protect": 0.08418916003121008,
    "substitute": 0.39517056590690064,
    "tri-attack": 0.8223720020823997,
    "attract": 0.8223720020823997,
    "hidden-power-ice": 0.40100840174649255
  },
  "teras": {
    "nothing": 1163.9371841447007
  },
  "spreads": [
    {
      "nature": "timid",
      "usage": "55.8",
      "evs": {
        "hp": 0,
        "atk": 0,
        "def": 0,
        "spa": 252,
        "spd": 4,
        "spe": 252
      }
    },
    {
      "nature": "timid",
      "usage": "22.2",
      "evs": {
        "hp": 4,
        "atk": 0,
        "def": 0,
        "spa": 252,
        "spd": 0,
        "spe": 252
      }
    },
    {
      "nature": "timid",
      "usage": "12.4",
      "evs": {
        "hp": 0,
        "atk": 0,
        "def": 4,
        "spa": 252,
        "spd": 0,
        "spe": 252
      }
    },
    {
      "nature": "modest",
      "usage": "4.7",
      "evs": {
        "hp": 0,
        "atk": 0,
        "def": 0,
        "spa": 252,
        "spd": 4,
        "spe": 252
      }
    },
    {
      "nature": "modest",
      "usage": "1.5",
      "evs": {
        "hp": 248,
        "atk": 0,
        "def": 8,
        "spa": 252,
        "spd": 0,
        "spe": 0
      }
    },
    {
      "nature": "naive",
      "usage": "1.1",
      "evs": {
        "hp": 0,
        "atk": 4,
        "def": 0,
        "spa": 252,
        "spd": 0,
        "spe": 252
      }
    },
    {
      "nature": "hasty",
      "usage": "0.7",
      "evs": {
        "hp": 0,
        "atk": 0,
        "def": 0,
        "spa": 252,
        "spd": 4,
        "spe": 252
      }
    },
    {
      "nature": "timid",
      "usage": "0.3",
      "evs": {
        "hp": 252,
        "atk": 0,
        "def": 0,
        "spa": 4,
        "spd": 0,
        "spe": 252
      }
    },
    {
      "nature": "modest",
      "usage": "0.2",
      "evs": {
        "hp": 164,
        "atk": 0,
        "def": 0,
        "spa": 164,
        "spd": 4,
        "spe": 176
      }
    },
    {
      "nature": "bold",
      "usage": "0.2",
      "evs": {
        "hp": 124,
        "atk": 0,
        "def": 132,
        "spa": 0,
        "spd": 0,
        "spe": 252
      }
    }
  ],
  "teammates": {
    "65": 3.1497548151616157,
    "80": 67.8027069505172,
    "132": 0,
    "149": 360.4484697011094,
    "151": 4.5408400599568,
    "196": 0.24001709792019016,
    "199": 0.41411226493975234,
    "202": 0.4572840903869827,
    "251": 0.5931707189806485,
    "282": 1.0147895387639079,
    "308": 5.589040026080343,
    "330": 2.6332765485698832,
    "334": 2.1116852063938,
    "344": 0.8702017297182547,
    "373": 2.9091415732807864,
    "376": 31.237953911667248,
    "380": 3.047704428413538,
    "385": 37.37004283676397,
    "437": 1.8643960131507384,
    "445": 213.93932207013933,
    "475": 10.815561924692295,
    "482": 0.1907311426787997,
    "488": 0.9998052262752297,
    "494": 51.51693132612474,
    "561": 3.227452845272286,
    "612": 2.993436470968951,
    "621": 7.83450082586512e-8,
    "635": 35.246132818953214,
    "646": 244.84496227313417,
    "648": 29.26065183901825,
    "687": 6.0686298991004755,
    "691": 14.711414566955872,
    "697": 7.066369085760725,
    "715": 24.346499865800073,
    "720": 0.5649852290621545,
    "776": 1.9208382768247159,
    "779": 4.55295401631218,
    "780": 0.8822343785391331,
    "784": 711.0643895974817,
    "786": 123.40621791002621,
    "800": 0.3718771984604321,
    "826": 7.35930430445114,
    "841": 0.36765476445000295,
    "842": 0.36765476445000295,
    "858": 28.377687234937657,
    "866": 0.20089054521370092,
    "876": 0.6581589790094188,
    "880": 3.6479698001870253,
    "884": 6.916138512844605,
    "936": 12.829408964599429,
    "967": 29.18367703214973,
    "976": 0.4242130109876687,
    "1005": 663.4013716311728,
    "1009": 147.57205998480646,
    "1010": 1.1043243300705712,
    "1018": 705.2074198398029,
    "1019": 72.48228674824351,
    "1021": 123.50727732070187,
    "1022": 47.563974253111816,
    "1023": 31.588690983974377,
    "10002": 0.16628650519381338,
    "10003": 20.785810315115466,
    "10037": 34.337972698356424,
    "10051": 1.7419575107668508,
    "10058": 23.022606972672463,
    "10062": 66.66637648309344,
    "10067": 489.5185936829127,
    "10068": 101.19016364636279,
    "10071": 2.3084613146273543,
    "10114": 1.260739809735072,
    "10163": 0.7166719427053644,
    "10165": 0.6190871155785664,
    "10168": 1.27122529417009,
    "10172": 30.851777272847475,
    "10181": 2.983884131451255,
    "10186": 18.5616695751024,
    "10242": 612.2980832210544
  }
}