{
  "id": "786",
  "name": "Tapu Lele",
  "format_id": "showdown_gen9nationaldexmonotype-1500",
  "usage_metrics": {
    "raw": 2783,
    "base_weight": 1926.9853443070147,
    "percent": 5.001617483196147
  },
  "roles": [
    {
      "role": "role_sweeper_special",
      "label": "Special Sweeper",
      "category": "OFF"
    },
    {
      "role": "role_terrain",
      "label": "Terrain Setter",
      "category": "SUP"
    }
  ],
  "items": {
    "choice-scarf": 1071.5621013877721,
    "choice-specs": 302.572695206258,
    "psychium-z": 10.281420600033577,
    "light-clay": 5.461835500502669,
    "leftovers": 100.68211991195338,
    "tapunium-z": 6.542236213841908,
    "assault-vest": 119.3369468577868,
    "fightinium-z": 24.6528141937452,
    "life-orb": 229.57132388305,
    "twisted-spoon": 1.2715466010084817,
    "heavy-duty-boots": 26.415394569499185,
    "fairium-z": 3.578800836146115,
    "firium-z": 0.8809664513039461,
    "psychic-seed": 12.127061074215815,
    "rocky-helmet": 0.501724279347597,
    "ghostium-z": 0.9539644230533642,
    "expert-belt": 0.19204645461568676,
    "ability-shield": 0.3002660174405879,
    "focus-sash": 5.131187765020814,
    "eject-button": 0.10828943256116524,
    "salac-berry": 2.1880703829807673,
    "weakness-policy": 2.6725322648780105
  },
  "abilities": {
    "psychic-surge": 1926.9853443070147
  },
  "moves": {
    "psyshock": 1335.7188470982062,
    "moonblast": 1789.812595500171,
    "shadow-ball": 670.1251970098502,
    "hidden-power-fire": 751.2271472430025,
    "psychic": 1000.5691642789365,
    "focus-blast": 644.1073327873828,
    "thunderbolt": 479.6459591827398,
    "calm-mind": 348.42475829378577,
    "energy-ball": 204.6138252954983,
    "reflect": 5.85587467576747,
    "light-screen": 5.638273993447597,
    "taunt": 8.318465817576937,
    "draining-kiss": 140.404022778512,
    "aromatherapy": 20.669711204842407,
    "natures-madness": 29.05926778500137,
    "future-sight": 106.9658820837085,
    "toxic": 25.414593762491407,
    "substitute": 20.177435267378634,
    "hidden-power-ground": 17.60783926486162,
    "psybeam": 0.9604584081082091,
    "stored-power": 11.05821949819586,
    "grass-knot": 42.57562064821663,
    "extrasensory": 2.6407204631664647,
    "iron-defense": 19.346377742305155,
    "thunder": 10.246801002260051,
    "psycho-cut": 0.6358230728723834,
    "psychic-terrain": 3.3982429913348087,
    "hidden-power-ice": 3.800093459813602,
    "rest": 0.3718771984604321,
    "dazzling-gleam": 1.8558943341738527,
    "protect": 4.366830385953104,
    "charge-beam": 2.3282247000398906
  },
  "teras": {
    "nothing": 1926.9853443070147
  },
  "spreads": [
    {
      "nature": "timid",
      "usage": "63.3",
      "evs": {
        "hp": 0,
        "atk": 0,
        "def": 0,
        "spa": 252,
        "spd": 4,
        "spe": 252
      }
    },
    {
      "nature": "modest",
      "usage": "13.6",
      "evs": {
        "hp": 4,
        "atk": 0,
        "def": 0,
        "spa": 252,
        "spd": 0,
        "spe": 252
      }
    },
    {
      "nature": "modest",
      "usage": "5.5",
      "evs": {
        "hp": 0,
        "atk": 0,
        "def": 0,
        "spa": 252,
        "spd": 4,
        "spe": 252
      }
    },
    {
      "nature": "timid",
      "usage": "4.4",
      "evs": {
        "hp": 4,
        "atk": 0,
        "def": 0,
        "spa": 252,
        "spd": 0,
        "spe": 252
      }
    },
    {
      "nature": "timid",
      "usage": "3.0",
      "evs": {
        "hp": 0,
        "atk": 0,
        "def": 4,
        "spa": 252,
        "spd": 0,
        "spe": 252
      }
    },
    {
      "nature": "modest",
      "usage": "2.7",
      "evs": {
        "hp": 0,
        "atk": 0,
        "def": 0,
        "spa": 252,
        "spd": 0,
        "spe": 252
      }
    },
    {
      "nature": "calm",
      "usage": "1.1",
      "evs": {
        "hp": 252,
        "atk": 0,
        "def": 120,
        "spa": 0,
        "spd": 136,
        "spe": 0
      }
    },
    {
      "nature": "quiet",
      "usage": "1.0",
      "evs": {
        "hp": 32,
        "atk": 0,
        "def": 76,
        "spa": 252,
        "spd": 148,
        "spe": 0
      }
    },
    {
      "nature": "timid",
      "usage": "0.9",
      "evs": {
        "hp": 0,
        "atk": 0,
        "def": 0,
        "spa": 220,
        "spd": 36,
        "spe": 252
      }
    },
    {
      "nature": "timid",
      "usage": "0.8",
      "evs": {
        "hp": 0,
        "atk": 0,
        "def": 10,
        "spa": 252,
        "spd": 0,
        "spe": 246
      }
    }
  ],
  "teammates": {
    "36": 92.91558326041519,
    "40": 0.000033260990881300856,
    "65": 49.53258335281349,
    "80": 271.0467121068542,
    "121": 22.3990829769142,
    "124": 0.5227434141514655,
    "132": 0,
    "151": 188.0928528370194,
    "178": 0.12472384197063163,
    "184": 204.52340249758672,
    "196": 206.99627149988703,
    "199": 1.3862577505980922,
    "202": 0.6316201522212166,
    "210": 0.000033260990881300856,
    "251": 4.614597471365538,
    "282": 1.9782530686192987,
    "303": 0.01144240846027722,
    "308": 10.044855302547928,
    "337": 2.448841033853279,
    "344": 58.25215927684193,
    "375": 1.484494536304911,
    "376": 348.1155600600537,
    "380": 58.03687597331337,
    "381": 123.40621791002621,
    "385": 354.9438458404323,
    "437": 3.4849829438522972,
    "468": 5.307283063499194,
    "475": 269.9473631946828,
    "482": 20.94281653920677,
    "488": 2.2476619986313953,
    "494": 290.40871218860883,
    "518": 3.0192526190597295,
    "528": 3.0636665540785915,
    "547": 0.7395452641617699,
    "561": 14.363190500654058,
    "576": 9.474180811440673,
    "579": 8.980585989756218,
    "606": 1.13135615104596,
    "648": 61.692865135086734,
    "655": 17.1901977307021,
    "678": 1.7181152426914355,
    "685": 14.048201005137933,
    "687": 218.92987496877117,
    "700": 5.175877035367382,
    "703": 19.00942450071908,
    "707": 166.90435673077934,
    "719": 0.000033260990881300856,
    "720": 4.81747733047626,
    "730": 46.51043195126079,
    "743": 276.32696129576857,
    "764": 26.366350626638674,
    "773": 0.3393380230679868,
    "778": 349.8213163168155,
    "779": 3.895168360440196,
    "785": 273.4352100422413,
    "787": 65.67065190441015,
    "788": 305.4884340565178,
    "800": 25.582496839197088,
    "826": 192.9531095675262,
    "858": 403.80303776168614,
    "861": 63.415627446185184,
    "866": 10.048522791520758,
    "869": 0.5330696989000121,
    "876": 117.72211442717578,
    "899": 6.356964971082173,
    "905": 75.75745795394222,
    "927": 0.97158010928271,
    "936": 349.23818568354824,
    "954": 5.848109964893397,
    "959": 75.16300114717343,
    "976": 5.6639934616900405,
    "981": 7.389666770380625,
    "985": 29.29736824892772,
    "1006": 666.8914702922182,
    "1010": 18.85961981848441,
    "1016": 1.9200192929402653,
    "1022": 247.96554717743246,
    "1023": 213.7913814938852,
    "10002": 6.3305084348475456,
    "10003": 145.65005790755902,
    "10037": 195.43801976642604,
    "10051": 94.15639160244983,
    "10062": 50.51602688319033,
    "10063": 117.95135420435139,
    "10068": 533.5493813831973,
    "10071": 15.264576260762961,
    "10075": 551.7506660336313,
    "10100": 10.196697573764952,
    "10104": 17.740677742334206,
    "10163": 18.948976821613105,
    "10165": 13.140988063465441,
    "10167": 16.108581712878276,
    "10168": 1.934755012616176,
    "10169": 66.20888773569688,
    "10172": 189.76221318975348,
    "10186": 34.307382322052796,
    "10240": 39.05768219716969
  }
}