{
  "id": "788",
  "name": "Tapu Fini",
  "format_id": "showdown_gen9nationaldexmonotype-1500",
  "usage_metrics": {
    "raw": 1482,
    "base_weight": 1087.538082549196,
    "percent": 2.6634556629883903
  },
  "roles": [
    {
      "role": "role_sweeper_special",
      "label": "Special Sweeper",
      "category": "OFF"
    },
    {
      "role": "role_setup",
      "label": "Setup Sweeper",
      "category": "OFF"
    },
    {
      "role": "role_terrain",
      "label": "Terrain Setter",
      "category": "SUP"
    }
  ],
  "items": {
    "assault-vest": 7.096851343739801,
    "heavy-duty-boots": 8.308022968613791,
    "fairy-feather": 0.9999909024984995,
    "leftovers": 752.4967879601505,
    "choice-specs": 6.751385473823109,
    "big-root": 5.540816785600573,
    "choice-scarf": 190.94339591210192,
    "rocky-helmet": 94.04862613777254,
    "fairium-z": 1.3003954415353625,
    "icium-z": 2.78077951416978,
    "tapunium-z": 3.9345476755315714,
    "red-card": 0.14773947059418596,
    "misty-seed": 0.4598765812843699,
    "eject-button": 1.5155248286096972,
    "salac-berry": 11.213341553169965
  },
  "abilities": {
    "misty-surge": 1085.8914330917385,
    "telepathy": 1.6466494574575132
  },
  "moves": {
    "moonblast": 319.67940258495435,
    "surf": 471.9841276352193,
    "natures-madness": 49.97330341212496,
    "ice-beam": 513.6744075826323,
    "taunt": 164.7454366855884,
    "knock-off": 134.98864995102494,
    "calm-mind": 772.2795916199276,
    "draining-kiss": 778.3954361288229,
    "substitute": 10.830883807147833,
    "defog": 119.02918137752212,
    "scald": 313.9629597598998,
    "hydro-pump": 145.6005323441048,
    "iron-defense": 176.67079826254198,
    "stored-power": 116.39472068384104,
    "trick": 157.92044357811506,
    "toxic": 9.010376511396093,
    "hidden-power-ground": 1.6892763225099219,
    "hidden-power-electric": 4.076641405361777,
    "haze": 22.43931759980745,
    "aqua-ring": 3.6197001248138427,
    "dazzling-gleam": 6.951213178172237,
    "hidden-power-fire": 3.7004738124853436,
    "grass-knot": 6.248813066454124,
    "protect": 3.541314030028967,
    "shadow-ball": 26.21654119368293,
    "icy-wind": 2.7526256616762876,
    "whirlpool": 6.469239262251376,
    "muddy-water": 3.740450269076827,
    "light-screen": 0.6912342433362428,
    "": 0.7633709483644773,
    "brine": 0.04984710894566735,
    "hidden-power-ice": 0.385955845420681,
    "rain-dance": 1.4940116313507372,
    "nature-power": 0.18205256818024895
  },
  "teras": {
    "nothing": 1087.538082549196
  },
  "spreads": [
    {
      "nature": "calm",
      "usage": "24.9",
      "evs": {
        "hp": 196,
        "atk": 0,
        "def": 176,
        "spa": 56,
        "spd": 80,
        "spe": 0
      }
    },
    {
      "nature": "hasty",
      "usage": "10.1",
      "evs": {
        "hp": 0,
        "atk": 0,
        "def": 0,
        "spa": 252,
        "spd": 4,
        "spe": 252
      }
    },
    {
      "nature": "bold",
      "usage": "9.0",
      "evs": {
        "hp": 252,
        "atk": 0,
        "def": 252,
        "spa": 4,
        "spd": 0,
        "spe": 0
      }
    },
    {
      "nature": "bold",
      "usage": "8.4",
      "evs": {
        "hp": 252,
        "atk": 0,
        "def": 252,
        "spa": 0,
        "spd": 4,
        "spe": 0
      }
    },
    {
      "nature": "timid",
      "usage": "6.3",
      "evs": {
        "hp": 0,
        "atk": 0,
        "def": 0,
        "spa": 252,
        "spd": 4,
        "spe": 252
      }
    },
    {
      "nature": "bold",
      "usage": "6.2",
      "evs": {
        "hp": 252,
        "atk": 0,
        "def": 88,
        "spa": 12,
        "spd": 156,
        "spe": 0
      }
    },
    {
      "nature": "bold",
      "usage": "3.8",
      "evs": {
        "hp": 252,
        "atk": 0,
        "def": 144,
        "spa": 96,
        "spd": 16,
        "spe": 0
      }
    },
    {
      "nature": "timid",
      "usage": "3.4",
      "evs": {
        "hp": 40,
        "atk": 0,
        "def": 0,
        "spa": 252,
        "spd": 0,
        "spe": 216
      }
    },
    {
      "nature": "modest",
      "usage": "2.9",
      "evs": {
        "hp": 252,
        "atk": 0,
        "def": 0,
        "spa": 252,
        "spd": 4,
        "spe": 0
      }
    },
    {
      "nature": "bold",
      "usage": "2.3",
      "evs": {
        "hp": 252,
        "atk": 0,
        "def": 192,
        "spa": 0,
        "spd": 0,
        "spe": 64
      }
    }
  ],
  "teammates": {
    "36": 108.37494346120587,
    "73": 5.916604241862452,
    "80": 44.94976087088575,
    "91": 8.16520462238746,
    "119": 1.180471928730711,
    "121": 4.691186637016976,
    "131": 52.47348861666557,
    "141": 0.13303759342661864,
    "160": 3.737950761051987,
    "171": 8.216317509324078,
    "184": 56.84219249754992,
    "186": 4.347468780941766,
    "195": 2.7005257864515224,
    "199": 28.355877110625634,
    "210": 1.4963023847661168,
    "222": 1.257079198467118,
    "226": 50.9189503027484,
    "230": 18.352692107630876,
    "260": 36.037468900009195,
    "272": 0.15977349920735956,
    "279": 331.8244859628322,
    "282": 28.07167239080047,
    "303": 0.017626143574878295,
    "321": 0.22170409596624518,
    "342": 26.628322597897778,
    "350": 1.4207328449931407,
    "395": 118.68736170240531,
    "423": 51.539720998905544,
    "468": 14.948447592497802,
    "490": 63.42734146130254,
    "537": 41.730186744855295,
    "547": 3.8767248356093296,
    "593": 1.257079198467118,
    "594": 57.67872635385436,
    "647": 16.136014564706194,
    "658": 73.36125291054458,
    "671": 0.857639779724739,
    "685": 7.146089244033123,
    "693": 1.7890625678432137,
    "700": 21.402730409487148,
    "702": 0.32247967827775686,
    "703": 26.911042107033953,
    "707": 124.58622236887078,
    "719": 2.339838389310736,
    "721": 70.83507817368533,
    "730": 13.724523103203696,
    "743": 269.200981634702,
    "746": 0.34360020272066705,
    "748": 160.4047989632838,
    "752": 2.433211964407123,
    "764": 21.400836529893336,
    "768": 0.13303759342661864,
    "771": 0.7185863925889682,
    "773": 0.5266575558244129,
    "778": 303.7288601101797,
    "779": 1.257079198467118,
    "785": 178.66924015477525,
    "786": 305.4884340565178,
    "787": 33.30167999492501,
    "818": 1.643035043887799,
    "847": 139.1111959698684,
    "858": 104.3186728964019,
    "861": 101.3902294749284,
    "883": 4.628859238872684,
    "902": 0.9873934577715401,
    "905": 17.25664404590899,
    "914": 2.0685817418132757,
    "927": 4.1470119316294,
    "959": 42.80072377217521,
    "977": 13.567265083183925,
    "985": 5.258004070037349,
    "1006": 532.7170918173928,
    "1009": 88.73744916417483,
    "1016": 4.169356049025607,
    "10009": 15.57218438967926,
    "10041": 29.877993848572633,
    "10051": 27.813949062223703,
    "10064": 299.45550837582346,
    "10070": 0.9999729213884049,
    "10071": 24.30194926921244,
    "10075": 511.78531685971024,
    "10104": 8.268251114952943,
    "10163": 2.462714943024158,
    "10167": 6.989973585821925,
    "10191": 67.97434178052026,
    "10236": 59.95225008131832,
    "10248": 0.7362666870787148,
    "10273": 199.0619724542621
  }
}