{
  "id": "334",
  "name": "Altaria",
  "format_id": "showdown_gen9ru-1630",
  "usage_metrics": {
    "raw": 1070,
    "base_weight": 250.84715214416718,
    "percent": 1.4327031224894222
  },
  "roles": [
    {
      "role": "role_disruptor",
      "label": "Disruptor",
      "category": "SUP"
    },
    {
      "role": "role_wall_physical",
      "label": "Physical Wall",
      "category": "DEF"
    },
    {
      "role": "role_speed_control",
      "label": "Speed Control",
      "category": "SUP"
    }
  ],
  "items": {
    "heavy-duty-boots": 248.33836002321576,
    "rocky-helmet": 0.18081737750642907,
    "sitrus-berry": 0.06002130513559173,
    "leftovers": 1.425540247918362,
    "choice-specs": 5.218558046804489e-8,
    "focus-sash": 0.019764065117135687,
    "life-orb": 0,
    "dragon-fang": 0.5497515534033632,
    "weakness-policy": 0.25171553021378246,
    "assault-vest": 0,
    "liechi-berry": 6.387396167539805e-11,
    "nothing": 0.014031712662276263,
    "draco-plate": 0,
    "air-balloon": 0.00715027674495039
  },
  "abilities": {
    "natural-cure": 110.42529641624438,
    "cloud-nine": 140.4218557279228
  },
  "moves": {
    "brave-bird": 175.74127124020004,
    "will-o-wisp": 222.3372833395507,
    "roost": 248.73134929975285,
    "defog": 244.74004663382104,
    "moonblast": 13.98514784174011,
    "hurricane": 14.030336110352403,
    "haze": 6.115276399568028,
    "dragon-breath": 20.679872223197805,
    "earthquake": 10.96512313679206,
    "dragon-dance": 1.475532506053364,
    "acrobatics": 0.3329188248204748,
    "perish-song": 16.754806571873043,
    "tailwind": 0.00886171397607538,
    "sunny-day": 0.13465469254096119,
    "fire-spin": 15.625560742064366,
    "protect": 0.2662457723125021,
    "dragon-pulse": 0.5478690169436378,
    "draco-meteor": 5.142893309246764,
    "fire-blast": 0.000258580508813111,
    "outrage": 0.568233513187726,
    "play-rough": 0.2997317154454348,
    "agility": 0.5657043112966649,
    "roar": 3.1794810482322196,
    "ice-beam": 0.28229952229516236,
    "tera-blast": 0,
    "dual-wingbeat": 0.01595275789330164,
    "dragon-claw": 0.5488154969077944,
    "cotton-guard": 0.000051194666853382476,
    "thief": 0.000051194666853382476,
    "flamethrower": 0.2454756653506489,
    "rain-dance": 0.0000031226957926122623,
    "weather-ball": 0,
    "endeavor": 0.0002596042244081831,
    "rest": 0.00018255630026559055,
    "breaking-swipe": 0.06705891819034704
  },
  "teras": {
    "steel": 51.477449937222296,
    "dragon": 8.277117751933963,
    "fairy": 147.96487673831516,
    "flying": 0.26225431380950015,
    "poison": 6.534667305521337,
    "water": 23.548115373530813,
    "ghost": 5.201418487662807,
    "ground": 7.58120104150436,
    "fighting": 0,
    "ice": 0,
    "stellar": 0.000051194666853382476
  },
  "spreads": [
    {
      "nature": "jolly",
      "usage": "26.7",
      "evs": {
        "hp": 252,
        "atk": 0,
        "def": 184,
        "spa": 0,
        "spd": 72,
        "spe": 0
      }
    },
    {
      "nature": "adamant",
      "usage": "12.3",
      "evs": {
        "hp": 252,
        "atk": 0,
        "def": 184,
        "spa": 0,
        "spd": 72,
        "spe": 0
      }
    },
    {
      "nature": "bold",
      "usage": "10.0",
      "evs": {
        "hp": 252,
        "atk": 0,
        "def": 240,
        "spa": 0,
        "spd": 16,
        "spe": 0
      }
    },
    {
      "nature": "impish",
      "usage": "9.1",
      "evs": {
        "hp": 252,
        "atk": 4,
        "def": 180,
        "spa": 0,
        "spd": 72,
        "spe": 0
      }
    },
    {
      "nature": "bold",
      "usage": "7.0",
      "evs": {
        "hp": 252,
        "atk": 0,
        "def": 252,
        "spa": 0,
        "spd": 4,
        "spe": 0
      }
    },
    {
      "nature": "impish",
      "usage": "4.8",
      "evs": {
        "hp": 248,
        "atk": 0,
        "def": 200,
        "spa": 0,
        "spd": 0,
        "spe": 60
      }
    },
    {
      "nature": "calm",
      "usage": "4.8",
      "evs": {
        "hp": 252,
        "atk": 0,
        "def": 4,
        "spa": 0,
        "spd": 252,
        "spe": 0
      }
    },
    {
      "nature": "jolly",
      "usage": "4.3",
      "evs": {
        "hp": 252,
        "atk": 4,
        "def": 180,
        "spa": 0,
        "spd": 72,
        "spe": 0
      }
    },
    {
      "nature": "bold",
      "usage": "2.9",
      "evs": {
        "hp": 252,
        "atk": 0,
        "def": 252,
        "spa": 4,
        "spd": 0,
        "spe": 0
      }
    },
    {
      "nature": "impish",
      "usage": "2.9",
      "evs": {
        "hp": 252,
        "atk": 0,
        "def": 252,
        "spa": 0,
        "spd": 4,
        "spe": 0
      }
    }
  ],
  "teammates": {
    "3": 1.3471397995107948,
    "6": 1.1251968371747914,
    "26": 0.4053386881831899,
    "35": 0,
    "38": 0.22194296233600352,
    "45": 1.0472407293103998,
    "57": 0,
    "59": 0.5626282663680676,
    "73": 0.0017114372311249904,
    "80": 35.03061951130666,
    "91": 48.762643860626284,
    "94": 9.761059869589912,
    "106": 5.218558046804489e-8,
    "112": 4.314659097258336,
    "113": 1.9928830403267725,
    "123": 0.002432978133609598,
    "132": 12.524414304659594,
    "134": 0.06931084604116694,
    "135": 0.0002573454932313646,
    "151": 0.8105546145039151,
    "157": 0.22194296233600352,
    "160": 0.07318236103640924,
    "186": 1.251181437768289,
    "195": 37.866734694707624,
    "196": 0.5497909054333867,
    "197": 147.6538498060038,
    "205": 5.399492947081508,
    "207": 0.2511273723133328,
    "214": 0.18719314608484472,
    "215": 6.067625503941681,
    "230": 0,
    "233": 0.8658332312680519,
    "235": 0,
    "242": 50.486036989336846,
    "243": 1.2968876360976191,
    "244": 1.6609112234165744,
    "245": 1.8049793916261496,
    "260": 5.94730748279362,
    "282": 18.812863596080305,
    "284": 0.4974603421550257,
    "286": 1.876015888541156,
    "289": 0.7251627040489634,
    "302": 0.5814374826972495,
    "324": 1.1251968371747914,
    "330": 0.000021096501430728498,
    "342": 0.6002457444144988,
    "350": 0.11865430880249622,
    "379": 0.00032570344910659577,
    "385": 28.686481207542858,
    "389": 0.41086807485888205,
    "392": 0,
    "395": 0.913727559527939,
    "423": 18.703074031068365,
    "424": 0.07295907972009336,
    "430": 0.015694353429225094,
    "437": 0.014031712662276263,
    "448": 7.864100012284224,
    "454": 0.000002671809253673718,
    "460": 0,
    "462": 0.03484399253054804,
    "464": 6.987605710817829,
    "470": 0.8499563302195696,
    "471": 0,
    "474": 0.46970057231637674,
    "475": 18.158902462490037,
    "482": 0.03647597843382233,
    "486": 0,
    "488": 130.71312344955035,
    "542": 0.0000819955665983807,
    "549": 0.8658332312680519,
    "553": 128.5539844924622,
    "560": 14.876716700798065,
    "573": 0,
    "579": 0.23602250278891473,
    "591": 0.5814374790887202,
    "596": 1.0376118897039488,
    "604": 0.21771851446098367,
    "609": 0.3739522934144983,
    "615": 0.16443528771477545,
    "620": 86.73141462079107,
    "623": 0.18719314608484472,
    "625": 22.45422839130599,
    "628": 0.0000031226957926122623,
    "639": 0.00006870036542122593,
    "648": 0,
    "652": 43.91421485730445,
    "655": 0.7017714513246263,
    "663": 1.9945976003175638,
    "678": 0,
    "687": 0,
    "700": 0,
    "707": 0.4486251591778683,
    "713": 0,
    "715": 4.860189113357397,
    "719": 16.3829005686546,
    "720": 0.0000819955665983807,
    "727": 3.5367131158201266,
    "741": 0,
    "743": 0.865865072520688,
    "745": 0.008040547804928744,
    "750": 0,
    "752": 0.0003448544399982101,
    "758": 0.08172962293645614,
    "763": 0.06705891819034704,
    "770": 5.140395833235687,
    "778": 14.876716700798065,
    "800": 3.8658673334219693,
    "818": 1.3145274178797937,
    "839": 0,
    "842": 0,
    "847": 0.16443795952402912,
    "849": 0.04281887742129403,