{
  "id": "389",
  "name": "Torterra",
  "format_id": "showdown_gen9ru-1630",
  "usage_metrics": {
    "raw": 8486,
    "base_weight": 1846.6414323578429,
    "percent": 11.362540838733866
  },
  "roles": [
    {
      "role": "role_sweeper_physical",
      "label": "Physical Sweeper",
      "category": "OFF"
    },
    {
      "role": "role_setup",
      "label": "Setup Sweeper",
      "category": "OFF"
    }
  ],
  "items": {
    "loaded-dice": 797.9136615482258,
    "leftovers": 10.522081405969466,
    "white-herb": 1013.7928501024679,
    "assault-vest": 0.8478584034912853,
    "aguav-berry": 0,
    "rocky-helmet": 4.668175225340379,
    "life-orb": 0.009641428235841742,
    "focus-sash": 10.587470894095016,
    "muscle-band": 1.965094753586527e-14,
    "quick-claw": 0.21045640882424355,
    "mental-herb": 1.208059424717689e-8,
    "weakness-policy": 0.07559275746457544,
    "sitrus-berry": 0.013636610684538142,
    "eject-pack": 0.2356438525991829,
    "choice-scarf": 0.11083776715151739,
    "yache-berry": 0.04890383355016553,
    "nothing": 0.2628183959698456,
    "choice-specs": 0,
    "choice-band": 0.7352215064129357,
    "electric-seed": 0.20073065195584627,
    "power-herb": 0,
    "lum-berry": 5.839838724808616,
    "red-card": 0.5660128285133629,
    "heavy-duty-boots": 0,
    "metronome": 0,
    "covert-cloak": 0,
    "focus-band": 0,
    "clear-amulet": 0
  },
  "abilities": {
    "overgrow": 1656.074628508148,
    "shell-armor": 190.56680384969502
  },
  "moves": {
    "shell-smash": 1828.7941107815868,
    "headlong-rush": 877.4264823724548,
    "bullet-seed": 873.077211414356,
    "rock-blast": 709.3794004565378,
    "leech-seed": 7.511362691633991,
    "earthquake": 911.8069322918914,
    "seed-bomb": 742.0131816671507,
    "wood-hammer": 149.86637661284496,
    "tera-blast": 1036.007673215835,
    "stone-edge": 16.450383715383257,
    "rock-slide": 16.31157058903146,
    "iron-head": 4.904838999907913,
    "energy-ball": 0.5145980010241039,
    "giga-drain": 9.238291954039765,
    "protect": 0.4262539304288396,
    "heavy-slam": 0.23891124342311382,
    "trailblaze": 0.5640747850429105,
    "body-press": 11.22013260913448,
    "curse": 1.829584273746836,
    "crunch": 1.1098862015317528,
    "iron-defense": 8.721778412472936,
    "synthesis": 22.319191200579894,
    "outrage": 0.1362639976379204,
    "stockpile": 0,
    "superpower": 1.3293597282500573,
    "stealth-rock": 5.415151138374727,
    "roar": 0.13790790297131245,
    "zen-headbutt": 100.32020352970666,
    "high-horsepower": 40.73768733042982,
    "leaf-storm": 0.062110945272662754,
    "double-edge": 0.14409052816385243,
    "scorching-sands": 0.008546508125958141,
    "substitute": 0.0069704015303694855,
    "sunny-day": 0.008546508125958141,
    "smack-down": 3.7115806225593637,
    "facade": 0.14899478977311248,
    "earth-power": 0.22459492942575116,
    "body-slam": 0.06368232538088242,
    "grass-knot": 0.007525770383077723,
    "swords-dance": 0.04890383355016553,
    "frenzy-plant": 0.002765541217022771,
    "amnesia": 0.7278989200949539,
    "": 0.0000035718244024152135,
    "grassy-glide": 1.0090207239419569,
    "rest": 0.26907191965706334,
    "sleep-talk": 0.26907191965706334,
    "grassy-terrain": 0.00006875297877967368,
    "reflect": 0.1080954184167146,
    "rock-tomb": 0.08517228121939402,
    "solar-beam": 0.008546508125958141,
    "hard-press": 0,
    "light-screen": 0.1080954184167146,
    "hyper-voice": 1.731621699863573,
    "sandstorm": 0.001948546250566896
  },
  "teras": {
    "fire": 482.9446096023312,
    "rock": 93.00881317349774,
    "flying": 960.6698979974144,
    "steel": 69.31822134885111,
    "grass": 85.64430358806474,
    "fighting": 6.237720121831611,
    "ghost": 8.611931974904321,
    "dragon": 0.14625113823537977,
    "water": 16.704709749277267,
    "psychic": 32.22572260978896,
    "normal": 0.14409052816385243,
    "ground": 10.502303218440051,
    "ice": 0.10443490565127372,
    "fairy": 61.64673493794406,
    "electric": 0.15956199661257903,
    "dark": 18.572125466832663
  },
  "spreads": [
    {
      "nature": "jolly",
      "usage": "36.5",
      "evs": {
        "hp": 0,
        "atk": 252,
        "def": 0,
        "spa": 0,
        "spd": 4,
        "spe": 252
      }
    },
    {
      "nature": "jolly",
      "usage": "34.8",
      "evs": {
        "hp": 252,
        "atk": 68,
        "def": 0,
        "spa": 0,
        "spd": 0,
        "spe": 188
      }
    },
    {
      "nature": "adamant",
      "usage": "9.7",
      "evs": {
        "hp": 0,
        "atk": 252,
        "def": 0,
        "spa": 0,
        "spd": 4,
        "spe": 252
      }
    },
    {
      "nature": "adamant",
      "usage": "3.7",
      "evs": {
        "hp": 0,
        "atk": 252,
        "def": 4,
        "spa": 0,
        "spd": 0,
        "spe": 252
      }
    },
    {
      "nature": "jolly",
      "usage": "3.5",
      "evs": {
        "hp": 4,
        "atk": 252,
        "def": 0,
        "spa": 0,
        "spd": 0,
        "spe": 252
      }
    },
    {
      "nature": "jolly",
      "usage": "1.9",
      "evs": {
        "hp": 0,
        "atk": 224,
        "def": 28,
        "spa": 0,
        "spd": 4,
        "spe": 252
      }
    },
    {
      "nature": "jolly",
      "usage": "1.9",
      "evs": {
        "hp": 224,
        "atk": 68,
        "def": 0,
        "spa": 0,
        "spd": 0,
        "spe": 216
      }
    },
    {
      "nature": "jolly",
      "usage": "1.1",
      "evs": {
        "hp": 0,
        "atk": 252,
        "def": 4,
        "spa": 0,
        "spd": 0,
        "spe": 252
      }
    },
    {
      "nature": "adamant",
      "usage": "1.0",
      "evs": {
        "hp": 0,
        "atk": 252,
        "def": 68,
        "spa": 0,
        "spd": 0,
        "spe": 188
      }
    },
    {
      "nature": "naughty",
      "usage": "0.8",
      "evs": {
        "hp": 0,
        "atk": 252,
        "def": 0,
        "spa": 4,
        "spd": 0,
        "spe": 252
      }
    }
  ],
  "teammates": {
    "3": 0.000010013415225329503,
    "6": 0.0000012433172625891942,
    "8": 0,
    "26": 0,
    "28": 0.08854522937897336,
    "38": 0.1583871968547122,
    "45": 4.052314039881821e-15,
    "49": 0.06236236946533735,
    "55": 0,
    "57": 0.0623610562135386,
    "59": 0.001250787575519663,
    "62": 0,
    "73": 4.737188839326469,
    "80": 53.0738694646171,
    "85": 3.4527465642566253,
    "91": 68.06814740048996,
    "93": 0.08765947647192257,
    "94": 133.39865922943193,
    "106": 3.1577867771351684,
    "107": 0.000037650279415879506,
    "112": 0.12346084795627343,
    "113": 0.7980764414828849,
    "123": 12.918521801790014,
    "126": 0.009863459412464415,
    "131": 3.763658944749107,
    "132": 57.51227777569399,
    "134": 1.7069465239989865,
    "135": 1.079072053195342,
    "143": 0.07795800980546841,
    "144": 0.5529643597762528,
    "151": 22.424053501914152,
    "157": 0.054136392505953534,
    "160": 51.559650198520856,
    "162": 6.707244790698853,
    "168": 0.06747192254785289,
    "171": 0.01750299215677431,
    "185": 0.00882297348427935,
    "186": 49.71503416748676,
    "189": 0.0037516988041260135,
    "191": 0.00004920112274248156,
    "195": 18.60751388220842,
    "196": 0.6965524071364795,
    "197": 12.417597587748295,
    "205": 138.19148103168425,
    "207": 0.32932873257801476,
    "214": 4.2648258810848025,
    "217": 0.001914151649236695,
    "219": 0,
    "229": 3.4527465642566253,
    "230": 10.119641558367366,
    "233": 17.703201614034718,
    "235": 0.002176706472769574,
    "237": 0.2739877733887265,
    "242": 13.004260981116303,
    "243": 26.091918920352395,
    "244": 77.74499770516738,
    "245": 24.45956562167523,
    "260": 4.087411078512909,
    "272": 0.16532044931123757,
    "282": 33.7559891132916,
    "284": 4.996002147873578,
    "286": 12.457539702925935,
    "289": 0.002589344031503127,
    "297": 0.000015172776620886452,