{
  "id": "788",
  "name": "Tapu Fini",
  "format_id": "showdown_gen8nationaldex-1760",
  "usage_metrics": {
    "raw": 3980,
    "base_weight": 284.1404485516727,
    "percent": 10.541929331991312
  },
  "items": {
    "leftovers": 236.78759924334344,
    "choice-scarf": 36.64645301736423,
    "tapunium-z": 0.01849759357254016,
    "waterium-z": 5.804878455898847,
    "wiki-berry": 0.022653948740063934,
    "mystic-water": 0,
    "wide-lens": 0,
    "fairium-z": 0.0023010978861044418,
    "life-orb": 0.039368651352108985,
    "expert-belt": 0.13642084539690402,
    "heavy-duty-boots": 4.05627337225921,
    "red-card": 6.755707104844078e-14,
    "rocky-helmet": 0.06660506537154448,
    "choice-specs": 0.024193083397140935,
    "misty-seed": 0.00021295039091334678,
    "terrain-extender": 0.00009703052780263288,
    "pixie-plate": 0.0007027584028672651,
    "icium-z": 0.30350038698437026,
    "assault-vest": 0.23062136316375825,
    "light-clay": 0.00006968762102133041,
    "weakness-policy": 0
  },
  "abilities": {
    "misty-surge": 284.1325230867117,
    "telepathy": 0.00792546496099611
  },
  "moves": {
    "calm-mind": 32.22347353517338,
    "draining-kiss": 27.855476640281424,
    "scald": 105.7352938752146,
    "taunt": 228.07517332163656,
    "defog": 186.73857377122246,
    "moonblast": 238.35466505621386,
    "surf": 48.524125801047425,
    "trick": 36.63277646408108,
    "hydro-pump": 37.862630565184425,
    "ice-beam": 0.3984085032871382,
    "natures-madness": 94.19190937490063,
    "protect": 0.021358916085176594,
    "whirlpool": 64.6276007047298,
    "hidden-power-fire": 5.805581214301713,
    "knock-off": 14.724613648824953,
    "haze": 2.6592200248996876,
    "shadow-ball": 0.2688571881549852,
    "aqua-ring": 0.0010801857555081118,
    "rain-dance": 0,
    "toxic": 0.01970231652663934,
    "reflect": 0.00006971789952758822,
    "blizzard": 0.00009703052780263288,
    "dazzling-gleam": 0.021667933652622207,
    "return": 0,
    "stored-power": 2.903143818208594,
    "iron-defense": 4.538526249520993,
    "icy-wind": 0.0006758678515267902,
    "substitute": 0.15358742813209797,
    "light-screen": 0.00006968762108888749,
    "grass-knot": 0.26649593206040134,
    "muddy-water": 0.04360447871403822,
    "nature-power": 3.4574404994468377,
    "heal-pulse": 0.00021295039091334678,
    "rest": 0.013459122946853586,
    "sleep-talk": 0.013459122946853586,
    "": 0.006419301439025804,
    "play-rough": 0,
    "soak": 0.42234395781162515,
    "hidden-power-ground": 0
  },
  "teras": {
    "nothing": 284.1404485516727
  },
  "spreads": [
    {
      "nature": "Calm",
      "usage": "25.1",
      "evs": {
        "hp": 248,
        "atk": 0,
        "def": 16,
        "spa": 12,
        "spd": 40,
        "spe": 192
      }
    },
    {
      "nature": "Calm",
      "usage": "5.8",
      "evs": {
        "hp": 248,
        "atk": 0,
        "def": 0,
        "spa": 0,
        "spd": 68,
        "spe": 192
      }
    },
    {
      "nature": "Calm",
      "usage": "4.8",
      "evs": {
        "hp": 248,
        "atk": 0,
        "def": 0,
        "spa": 12,
        "spd": 56,
        "spe": 192
      }
    },
    {
      "nature": "Timid",
      "usage": "4.6",
      "evs": {
        "hp": 248,
        "atk": 0,
        "def": 0,
        "spa": 0,
        "spd": 68,
        "spe": 192
      }
    },
    {
      "nature": "Calm",
      "usage": "4.0",
      "evs": {
        "hp": 252,
        "atk": 0,
        "def": 164,
        "spa": 48,
        "spd": 40,
        "spe": 4
      }
    },
    {
      "nature": "Timid",
      "usage": "3.6",
      "evs": {
        "hp": 188,
        "atk": 0,
        "def": 0,
        "spa": 88,
        "spd": 8,
        "spe": 224
      }
    },
    {
      "nature": "Calm",
      "usage": "3.5",
      "evs": {
        "hp": 252,
        "atk": 0,
        "def": 16,
        "spa": 16,
        "spd": 208,
        "spe": 16
      }
    },
    {
      "nature": "Bold",
      "usage": "3.0",
      "evs": {
        "hp": 248,
        "atk": 0,
        "def": 216,
        "spa": 0,
        "spd": 0,
        "spe": 44
      }
    },
    {
      "nature": "Calm",
      "usage": "2.8",
      "evs": {
        "hp": 252,
        "atk": 0,
        "def": 0,
        "spa": 0,
        "spd": 252,
        "spe": 0
      }
    },
    {
      "nature": "Bold",
      "usage": "2.8",
      "evs": {
        "hp": 248,
        "atk": 0,
        "def": 120,
        "spa": 0,
        "spd": 120,
        "spe": 20
      }
    }
  ],
  "teammates": {
    "3": 8.0119950134236,
    "6": 0.00011540301516027585,
    "9": 0,
    "24": 0.0008190246636503584,
    "25": 0.0006365614728686131,
    "34": 0.3362709135969411,
    "36": 1.32132096983615,
    "38": 0.008910386539270676,
    "65": 0,
    "80": 0.011938993735043035,
    "91": 0.03271648648836578,
    "94": 0.000014298059620054815,
    "113": 3.5178851415875076,
    "130": 0.0023904223005420944,
    "132": 12.965830259550831,
    "134": 0,
    "135": 0.00036594646734422476,
    "145": 52.35607780942059,
    "146": 0.016539293933341304,
    "149": 0.8646321350479802,
    "151": 0.10315907427548926,
    "196": 0,
    "197": 9.03441549349182e-9,
    "199": 0.13671637038052464,
    "205": 0,
    "212": 0.005045813526786458,
    "227": 1.3530128207978245,
    "230": 0.00003120728315753052,
    "232": 0.0000033798763778292162,
    "233": 0,
    "235": 0,
    "242": 3.9367299929680892,
    "243": 0.001789509266742817,
    "244": 1.792330767136363e-8,
    "248": 26.688371181257846,
    "257": 3.0010263435179434,
    "260": 0,
    "272": 0,
    "279": 0.6484953052697608,
    "286": 1.5468583931796365,
    "291": 0.0010472495895338385,
    "292": 0.0000044466793880926225,
    "297": 0,
    "302": 0.00006968762102133041,
    "324": 7.991759790622035,
    "342": 0.8328936314093575,
    "346": 0.020736017529450035,
    "348": 0,
    "356": 0.0010472495895338385,
    "358": 0,
    "376": 0.0011902028149392008,
    "381": 0,
    "385": 16.350254394323272,
    "392": 0,
    "395": 0.00003120728315753052,
    "442": 0,
    "445": 58.67957783729425,
    "448": 0.13632598063288592,
    "450": 56.67910842633874,
    "461": 24.7554973926256,
    "462": 9.25393789625263,
    "465": 40.054219935313725,
    "472": 23.37937547935262,
    "474": 0.45529702418016255,
    "485": 46.745873950746585,
    "488": 0.17626730298606408,
    "490": 0,
    "492": 0,
    "494": 42.16750276319744,
    "497": 0.8858000247839988,
    "508": 0.02698234090972007,
    "530": 11.622431888320154,
    "531": 0,
    "534": 0,
    "547": 0,
    "553": 0,
    "555": 0.0010472495895338385,
    "579": 0.15166645436555298,
    "589": 0.0010472495895338385,
    "591": 1.3252848407323776,
    "594": 3.488093147652194e-11,
    "598": 31.153643904764415,
    "609": 0.00015598205013128696,
    "612": 0.1535881968876342,
    "614": 0.01256793366543657,
    "625": 0.13632598063288592,
    "630": 6.194489365896061e-12,
    "635": 2.3550906946524237,
    "637": 12.991655855397031,
    "639": 1.1971031935017677,
    "641": 3.104471951731469e-8,
    "646": 64.91385600300458,
    "647": 0.0876777949763044,
    "648": 0.0003952179085457419,
    "658": 26.625692186323576,
    "663": 0.014529207590126214,
    "681": 2.324146243071887,
    "685": 0.025034320650929087,
    "689": 0,
    "693": 0.0008852167491182339,
    "697": 0,
    "699": 0.01256793366543657,
    "701": 21.941891026397116,
    "706": 1.9958038499634512e-8,
    "707": 0,
    "709": 0.01256793366543657,
    "715": 0.00048463260816583587,
    "719": 0,
    "721": 5.506783213448714,
    "727": 0.24838556136281326,
    "730": 0.000026218224711160865,
    "738": 0.000026218224711160865,
    "743": 5.545058023859184e-9,
    "748": 7.154118184250139,
    "750": 0.000026218224711160865,
    "758": 0.00015975810680712854,
    "760": 2.3034287310874646e-8,
    "768": 0.0000033798763778292162,
    "770": 0.00015975810680712854,
    "777": 0.0008004731961896994,
    "778": 5.177790276678436,