{
  "id": "10021",
  "name": "Landorus therian",
  "format_id": "showdown_gen9ubers-1630",
  "usage_metrics": {
    "raw": 13229,
    "base_weight": 4477.111546830219,
    "percent": 4.886779210224964
  },
  "roles": [
    {
      "role": "role_pivot",
      "label": "Pivot",
      "category": "DEF"
    },
    {
      "role": "role_disruptor",
      "label": "Disruptor",
      "category": "SUP"
    },
    {
      "role": "role_wall_physical",
      "label": "Physical Wall",
      "category": "DEF"
    }
  ],
  "items": {
    "leftovers": 95.59559049942546,
    "life-orb": 22.144586693112277,
    "rocky-helmet": 3399.9515584470855,
    "choice-scarf": 768.551502483446,
    "safety-goggles": 1.8849229399542367e-9,
    "choice-band": 44.66951309267283,
    "assault-vest": 13.844818642668274,
    "light-ball": 0,
    "sitrus-berry": 3.6562613813565434,
    "nothing": 7.584257437441585,
    "heavy-duty-boots": 14.915575389766397,
    "quick-claw": 1.1536134817657835,
    "air-balloon": 0.11432446713505784,
    "focus-sash": 75.46820129560855,
    "expert-belt": 10.137846295252658,
    "earth-plate": 0.1378032227886506,
    "muscle-band": 0.08208648357903375,
    "soft-sand": 2.375012347624939,
    "red-card": 8.5000357793804,
    "mental-herb": 7.004165383674903,
    "shell-bell": 0,
    "lum-berry": 0.3371958675117537,
    "clear-amulet": 0.04576564646618325,
    "toxic-orb": 0,
    "wide-lens": 8.621679365994339e-7,
    "damp-rock": 0.002160332137222387,
    "choice-specs": 0,
    "covert-cloak": 0.00005096894357903281,
    "blunder-policy": 0.035810271433157626,
    "white-herb": 0.2235931850652509,
    "hard-stone": 0.00640074104436722,
    "custap-berry": 0,
    "yache-berry": 0.3874089395352621,
    "eject-button": 0.015700252271135806,
    "chilan-berry": 0,
    "power-herb": 0.00039031597165961607,
    "absorb-bulb": 0,
    "ability-shield": 0,
    "mirror-herb": 0,
    "salac-berry": 0.17031662199314523
  },
  "abilities": {
    "intimidate": 4477.111546830219
  },
  "moves": {
    "gravity": 0.01625413241767021,
    "u-turn": 4139.819743820341,
    "calm-mind": 0.507933815901223,
    "earthquake": 4450.21197791703,
    "stone-edge": 1386.2782662276602,
    "substitute": 2.1493593094473216,
    "stealth-rock": 3354.3337715416305,
    "taunt": 1434.3994044902074,
    "rain-dance": 0.8788848056383702,
    "weather-ball": 12.59080974906056,
    "sandsear-storm": 7.699492979096769,
    "swords-dance": 23.685096159387324,
    "rock-tomb": 2319.69033148104,
    "hammer-arm": 9.017769381646744,
    "protect": 9.358893675418996,
    "crunch": 114.79362057386423,
    "brick-break": 92.12771298705634,
    "outrage": 45.68422617991709,
    "tera-blast": 174.84882270025554,
    "rock-slide": 215.20189404721893,
    "bulk-up": 25.743227854262372,
    "sludge-bomb": 7.65659074697594,
    "nasty-plot": 5.380241190761609,
    "fly": 4.7971194985675725,
    "smack-down": 9.834400496279116,
    "facade": 2.999936545890994,
    "stomping-tantrum": 0.19410601508768638,
    "earth-power": 16.116541238972403,
    "sludge-wave": 0.16454154017406164,
    "psychic": 11.261471640293411,
    "leer": 0,
    "bulldoze": 5.308726561409821,
    "rest": 2.059711060902445,
    "grass-knot": 18.732586603254447,
    "scorching-sands": 0.4767155975755682,
    "body-slam": 0.2783554827292631,
    "extrasensory": 0.0466483472665456,
    "focus-blast": 0.25669262779536495,
    "": 0.08771342492794015,
    "sunny-day": 3.563048794488159,
    "sand-tomb": 0.02156806649459575,
    "sleep-talk": 0,
    "sandstorm": 0.001661390514529515,
    "dig": 0.17031662199314523
  },
  "teras": {
    "ground": 766.7423929796481,
    "fairy": 1954.4645969260835,
    "flying": 114.71812195893047,
    "water": 1142.7372287820485,
    "ice": 5.4295653864573445,
    "dragon": 12.041268961005096,
    "ghost": 197.69043144638445,
    "steel": 124.79337684883289,
    "fighting": 5.401579686832391,
    "dark": 44.36951810887526,
    "normal": 11.861312410207798,
    "rock": 16.665736958974556,
    "grass": 1.1010567980661703,
    "electric": 6.870945345815537,
    "poison": 33.19311055249059,
    "psychic": 0.16460315036393075,
    "fire": 38.112246426552694,
    "bug": 0.47750594190624096,
    "stellar": 0.27694816074193895
  },
  "spreads": [
    {
      "nature": "impish",
      "usage": "25.1",
      "evs": {
        "hp": 248,
        "atk": 0,
        "def": 252,
        "spa": 0,
        "spd": 0,
        "spe": 8
      }
    },
    {
      "nature": "impish",
      "usage": "14.2",
      "evs": {
        "hp": 192,
        "atk": 52,
        "def": 252,
        "spa": 0,
        "spd": 0,
        "spe": 12
      }
    },
    {
      "nature": "relaxed",
      "usage": "13.3",
      "evs": {
        "hp": 252,
        "atk": 0,
        "def": 252,
        "spa": 0,
        "spd": 4,
        "spe": 0
      }
    },
    {
      "nature": "jolly",
      "usage": "11.4",
      "evs": {
        "hp": 0,
        "atk": 252,
        "def": 4,
        "spa": 0,
        "spd": 0,
        "spe": 252
      }
    },
    {
      "nature": "jolly",
      "usage": "5.4",
      "evs": {
        "hp": 0,
        "atk": 252,
        "def": 0,
        "spa": 0,
        "spd": 4,
        "spe": 252
      }
    },
    {
      "nature": "jolly",
      "usage": "3.3",
      "evs": {
        "hp": 252,
        "atk": 72,
        "def": 0,
        "spa": 0,
        "spd": 0,
        "spe": 184
      }
    },
    {
      "nature": "impish",
      "usage": "3.2",
      "evs": {
        "hp": 248,
        "atk": 8,
        "def": 252,
        "spa": 0,
        "spd": 0,
        "spe": 0
      }
    },
    {
      "nature": "impish",
      "usage": "2.3",
      "evs": {
        "hp": 248,
        "atk": 0,
        "def": 240,
        "spa": 0,
        "spd": 0,
        "spe": 20
      }
    },
    {
      "nature": "impish",
      "usage": "1.6",
      "evs": {
        "hp": 252,
        "atk": 0,
        "def": 220,
        "spa": 0,
        "spd": 0,
        "spe": 36
      }
    },
    {
      "nature": "impish",
      "usage": "1.2",
      "evs": {
        "hp": 252,
        "atk": 0,
        "def": 252,
        "spa": 0,
        "spd": 0,
        "spe": 4
      }
    }
  ],
  "teammates": {
    "3": 0.023823687422162232,
    "6": 0.12128749304732672,
    "9": 0.048590077427771106,
    "25": 0.0010993306951591064,
    "26": 0.01884224469861495,
    "36": 5.369759323782076,
    "38": 0.005829139932272964,
    "51": 0.29857531301665596,
    "53": 1.8849229399542367e-9,
    "59": 0.0002447292171123827,
    "73": 48.36459710793616,
    "80": 1.3125973755666318,
    "81": 0,
    "91": 2.4520932878489208,
    "94": 1.7610185245044179,
    "97": 0.0036421582016514242,
    "113": 9.799705314566928,
    "123": 0,
    "130": 3.201292703961173,
    "131": 0.5808877577952198,
    "132": 130.69396159703768,
    "134": 3.4560908928701632,
    "135": 0,
    "136": 0,
    "143": 0.30285521192345866,
    "144": 0.002668783649287909,
    "145": 16.81077498277653,
    "146": 1.5987289478060098,
    "149": 22.023025357792722,
    "150": 11.381114276776499,
    "151": 0.08061228155949018,
    "171": 0.014122675277402852,
    "182": 1.6043575995494663e-7,
    "184": 0.06248068663976253,
    "186": 0,
    "192": 1.6043575995494663e-7,
    "195": 12.551748757495492,
    "196": 0.1346046755379307,
    "197": 0.8710828346038142,
    "199": 5.38488768755821,
    "205": 1.4868895516859961,
    "206": 2.0416338740867235,
    "207": 0,
    "210": 0.0016513889780155888,
    "212": 5.626599378733156,
    "214": 0,
    "227": 2.0843418926771253,
    "229": 0,
    "230": 1.6839087183138646,
    "232": 6.115616515164746,
    "233": 0.7433732398189095,
    "235": 3.057621646057101,
    "242": 33.768511718403644,
    "243": 0,
    "244": 0.14356955606979838,
    "245": 0.07688229742286617,
    "248": 2.3231673336091716,
    "249": 54.28486904807108,
    "250": 1093.1172441776512,
    "254": 4.691595705526229,
    "257": 6.038463612941962,