{
  "id": "1004",
  "name": "Chi Yu",
  "format_id": "showdown_gen9ubers-1630",
  "usage_metrics": {
    "raw": 9066,
    "base_weight": 2156.3127880515276,
    "percent": 3.3489712238188467
  },
  "items": {
    "choice-specs": 599.6644359593303,
    "choice-scarf": 507.08081237563624,
    "life-orb": 100.63185538590159,
    "leftovers": 12.718841750841063,
    "wise-glasses": 0.3965642884881257,
    "heavy-duty-boots": 808.0390016052862,
    "black-glasses": 0.3671046230467446,
    "salac-berry": 2.0699902304177407,
    "nothing": 0.7241252537124281,
    "focus-sash": 56.539613851221446,
    "throat-spray": 6.362781946572487,
    "choice-band": 0.6671226778933702,
    "chesto-berry": 0.003052272069966111,
    "air-balloon": 4.148917735718468,
    "charcoal": 2.687544546346301,
    "quick-claw": 0.0007090178657898072,
    "rocky-helmet": 1.511260507102566,
    "flame-plate": 49.69745017918388,
    "expert-belt": 0.4823766211308471,
    "loaded-dice": 0,
    "metronome": 2.8522501027694602e-9,
    "assault-vest": 0.037034282210407665,
    "lum-berry": 0.0000017565150588483291,
    "sitrus-berry": 7.289213600492062e-7,
    "black-belt": 0.000014068641122355618,
    "iapapa-berry": 0,
    "wide-lens": 0,
    "adrenaline-orb": 0.018328221411476275,
    "absorb-bulb": 0,
    "ability-shield": 0.0002454154131814046,
    "weakness-policy": 0.01972350898664582,
    "blunder-policy": 0.11020263515389878,
    "flame-orb": 0.13492781361947565,
    "safety-goggles": 0.07676342936393338,
    "charti-berry": 0,
    "cheri-berry": 0.00663817031660302,
    "light-clay": 1.6973459472099752,
    "clear-amulet": 0,
    "white-herb": 0,
    "eviolite": 0,
    "covert-cloak": 2.503556757460501e-7,
    "fist-plate": 0,
    "eject-pack": 0.4180009927917211,
    "mental-herb": 0
  },
  "abilities": {
    "beads-of-ruin": 2156.3127880515276
  },
  "moves": {
    "flamethrower": 1859.6305643529333,
    "protect": 6.659401190862907,
    "will-o-wisp": 50.22495841541476,
    "dark-pulse": 2147.464176074538,
    "psychic": 1457.7212664357562,
    "ruination": 13.783204310844525,
    "overheat": 1012.3448975014097,
    "fire-blast": 515.1772727592522,
    "heat-wave": 36.05894134867484,
    "hex": 32.53942674882088,
    "nasty-plot": 928.1521211640247,
    "tera-blast": 208.20978396660323,
    "memento": 121.12828414021362,
    "lava-plume": 54.83839329695993,
    "confuse-ray": 0.5871407722188626,
    "substitute": 7.488895730364705,
    "flame-charge": 11.335333017798666,
    "snarl": 12.435656103974049,
    "mean-look": 0.004540354534722457,
    "crunch": 2.2927095152918358,
    "flare-blitz": 1.3250428785020125,
    "zen-headbutt": 0.8564968235146747,
    "light-screen": 17.277663544152606,
    "": 2.42476257372396,
    "rest": 0.021380933079862385,
    "facade": 0.024458577956450678,
    "payback": 0.13835913491120272,
    "taunt": 67.45240131926126,
    "bounce": 0.059761384881422186,
    "burning-jealousy": 1.4930492014824215,
    "hyper-beam": 1.0076550921862666,
    "reflect": 2.2234539397306032,
    "lash-out": 0.02109047858003754,
    "fire-spin": 37.13551028890133,
    "temper-flare": 0,
    "incinerate": 0.00024594976521707945,
    "spite": 0,
    "inferno": 0.13414201201117315,
    "endure": 0.9422660151013875,
    "take-down": 0.00643478104077122,
    "sunny-day": 0.9203519462390651,
    "flame-wheel": 0.4622533831434475,
    "sleep-talk": 13.24740474745871,
    "giga-impact": 0
  },
  "teras": {
    "dark": 308.07975520564406,
    "water": 38.57654378344081,
    "fire": 763.8820767307543,
    "ghost": 655.4995997083686,
    "stellar": 6.799254158978679,
    "grass": 60.222896863373904,
    "flying": 7.168348670233796,
    "fairy": 167.89284073005152,
    "rock": 10.269779443168172,
    "psychic": 51.53656991379691,
    "fighting": 6.806429881364943,
    "ground": 21.640669805592555,
    "poison": 0.372097628252524,
    "electric": 53.13784268050023,
    "steel": 0.7583379471615226,
    "ice": 0.12736834332831226,
    "normal": 0.1957795270411311,
    "dragon": 0,
    "bug": 3.3465970304784163
  },
  "spreads": [
    {
      "nature": "Timid",
      "usage": "51.9",
      "evs": {
        "hp": 0,
        "atk": 0,
        "def": 0,
        "spa": 252,
        "spd": 4,
        "spe": 252
      }
    },
    {
      "nature": "Modest",
      "usage": "15.1",
      "evs": {
        "hp": 0,
        "atk": 0,
        "def": 0,
        "spa": 252,
        "spd": 4,
        "spe": 252
      }
    },
    {
      "nature": "Modest",
      "usage": "9.6",
      "evs": {
        "hp": 0,
        "atk": 0,
        "def": 4,
        "spa": 252,
        "spd": 0,
        "spe": 252
      }
    },
    {
      "nature": "Timid",
      "usage": "6.6",
      "evs": {
        "hp": 0,
        "atk": 0,
        "def": 4,
        "spa": 252,
        "spd": 0,
        "spe": 252
      }
    },
    {
      "nature": "Modest",
      "usage": "5.5",
      "evs": {
        "hp": 4,
        "atk": 0,
        "def": 0,
        "spa": 252,
        "spd": 0,
        "spe": 252
      }
    },
    {
      "nature": "Timid",
      "usage": "4.7",
      "evs": {
        "hp": 4,
        "atk": 0,
        "def": 0,
        "spa": 252,
        "spd": 0,
        "spe": 252
      }
    },
    {
      "nature": "Modest",
      "usage": "2.5",
      "evs": {
        "hp": 0,
        "atk": 0,
        "def": 0,
        "spa": 252,
        "spd": 0,
        "spe": 252
      }
    },
    {
      "nature": "Timid",
      "usage": "0.7",
      "evs": {
        "hp": 0,
        "atk": 0,
        "def": 0,
        "spa": 252,
        "spd": 0,
        "spe": 252
      }
    },
    {
      "nature": "Quiet",
      "usage": "0.7",
      "evs": {
        "hp": 252,
        "atk": 0,
        "def": 4,
        "spa": 252,
        "spd": 0,
        "spe": 0
      }
    },
    {
      "nature": "Quiet",
      "usage": "0.5",
      "evs": {
        "hp": 136,
        "atk": 0,
        "def": 4,
        "spa": 252,
        "spd": 116,
        "spe": 0
      }
    }
  ],
  "teammates": {
    "3": 2.5793345861698316,
    "6": 1.5869833905099453,
    "9": 0.011196304412847913,
    "25": 0.30766395888495346,
    "36": 2.4767983933433895,
    "38": 7.043730970367276,
    "51": 0.1477362064127452,
    "57": 0.010532025325171723,
    "59": 0,
    "71": 0.6584382370757729,
    "73": 3.2111881752858915,
    "82": 0.000018083661888212976,
    "91": 0.27455550876583557,
    "94": 0.00000971563440099743,
    "101": 0.24893135498667796,
    "103": 0,
    "106": 1.7759168624095534,
    "112": 0.06474714500588707,
    "113": 1.9217300173955536,
    "123": 0.006985787480630501,
    "128": 0.006985787480630501,
    "130": 0.10138683721473835,
    "131": 0,
    "132": 46.80749559111618,
    "135": 0.10850328562623102,
    "143": 0.04503158757848785,
    "144": 0.0004581844821019976,
    "145": 3.602564442323535,
    "146": 24.152812743795227,
    "148": 0.000045352782642671396,
    "149": 4.081524312293877,
    "150": 38.51970986657217,
    "151": 3.232283606371693,
    "158": 0.012729273393311147,
    "162": 0.015942429245010825,
    "168": 0.0692556846240231,
    "181": 0,
    "184": 0.032387477597155656,
    "185": 0.31177311605540536,
    "186": 0.5680603049992263,
    "189": 0,
    "195": 1.7021055244265815,
    "196": 0.04727554874877493,
    "197": 2.113645958320256,
    "198": 0.25772940295340113,
    "205": 2.7140221702633527,
    "212": 1.2146286640314432,
    "214": 0,
    "225": 0,
    "227": 1.5216090903325465,
    "232": 2.1955553636517164,
    "233": 0.08646645078817766,
    "235": 22.87185387308922,
    "242": 45.056102367780284,
    "243": 0.17796908631498837,
    "248": 0.3300834620110839,
    "249": 25.490525799451067,
    "250": 140.4592922842093,
    "254": 0.006984677901467173,
    "257": 0.12076257348880387,
    "260": 0.05524717515901617,
    "275": 2.589832303054153,
    "279": 0.917923752611127,
    "282": 0.0023234211301719765,
    "284": 1.0693893764257476,
    "286": 0.027482873014262,