{
  "id": "1005",
  "name": "Roaring Moon",
  "format_id": "showdown_gen9ubers-1630",
  "usage_metrics": {
    "raw": 7934,
    "base_weight": 968.2752514970023,
    "percent": 2.9308115695762993
  },
  "roles": [
    {
      "role": "role_sweeper_physical",
      "label": "Physical Sweeper",
      "category": "OFF"
    },
    {
      "role": "role_setup",
      "label": "Setup Sweeper",
      "category": "OFF"
    }
  ],
  "items": {
    "booster-energy": 515.4817365387528,
    "choice-band": 161.29818141876925,
    "weakness-policy": 0.4614337185375515,
    "roseli-berry": 0,
    "loaded-dice": 72.09676860802537,
    "choice-scarf": 72.83528911895043,
    "life-orb": 21.78195742842225,
    "covert-cloak": 12.35281337992277,
    "assault-vest": 4.458093100925693,
    "draco-plate": 0.006650529849641151,
    "heavy-duty-boots": 44.12926844998212,
    "kee-berry": 0.09092067246302282,
    "leftovers": 16.39530977572975,
    "rocky-helmet": 2.730040762063422,
    "nothing": 0.29761940899101225,
    "lum-berry": 18.383075641526283,
    "focus-sash": 10.39736336731023,
    "sitrus-berry": 0.3512161246076318,
    "dread-plate": 0.045321734222600774,
    "fist-plate": 0.00008571411179347788,
    "expert-belt": 0,
    "persim-berry": 0,
    "air-balloon": 0.024986224244959887,
    "dragon-fang": 9.21744658821666e-7,
    "black-glasses": 1.6224193757302905,
    "haban-berry": 3.567410723753851,
    "shell-bell": 0.19640225776686576,
    "scope-lens": 0.011694748825731571,
    "chesto-berry": 3.540965836044365,
    "grassy-seed": 0.19294280429623323,
    "wide-lens": 1.6293044309439384,
    "muscle-band": 0,
    "flame-orb": 3.876191390804822,
    "power-herb": 0.00006219232810383835,
    "black-belt": 0.019725097349958032
  },
  "abilities": {
    "protosynthesis": 968.2752514970023
  },
  "moves": {
    "dragon-claw": 217.63706027492682,
    "knock-off": 529.1939385046564,
    "dragon-dance": 696.1241707259632,
    "earthquake": 522.9164438333723,
    "taunt": 29.113204805573616,
    "jaw-lock": 58.47674214326232,
    "acrobatics": 414.9426027059507,
    "crunch": 312.01574708364944,
    "roost": 145.62593065995756,
    "outrage": 215.6850125625232,
    "protect": 19.64331734720199,
    "u-turn": 242.01603464852067,
    "iron-head": 230.92947927860897,
    "brick-break": 7.18384603390941,
    "air-slash": 6.703735909507209,
    "dragon-pulse": 0.9604135623330241,
    "fire-fang": 10.14390757404185,
    "tera-blast": 29.479289520561128,
    "scale-shot": 83.54195359094385,
    "substitute": 7.6791360409360125,
    "dragon-tail": 3.5069493700933507,
    "throat-chop": 22.81247238546548,
    "zen-headbutt": 8.277725055754837,
    "flamethrower": 0.040340003684449344,
    "dragon-rush": 4.550056798006836,
    "draco-meteor": 0.532634142829924,
    "stomping-tantrum": 0,
    "hurricane": 0.04188724855633841,
    "body-press": 0.04248241730188501,
    "dark-pulse": 0.5024370849919026,
    "double-edge": 3.170462238238767,
    "rest": 3.6197380617683863,
    "sleep-talk": 0,
    "roar": 3.793187715298262,
    "tailwind": 1.478566021597437,
    "breaking-swipe": 2.147325250460971,
    "rock-slide": 3.614346696286919,
    "x-scissor": 3.104967836845556,
    "leer": 0.18210619248759613,
    "fire-blast": 0.22018309089453203,
    "lash-out": 0.9313023298931998,
    "stone-edge": 20.964081124009486,
    "body-slam": 0.02277323875320847,
    "fire-spin": 0.11550414003874221,
    "shadow-claw": 0.041577594345508395,
    "hydro-pump": 0.13158782897865468,
    "facade": 4.005700950700544,
    "heat-wave": 1.2469141719496952,
    "focus-energy": 0.19061414836199675,
    "hyper-beam": 0,
    "metal-claw": 0.15957090830496418,
    "night-slash": 1.411778831470719,
    "": 0,
    "sunny-day": 0.11596197321114943,
    "dragon-breath": 0,
    "fly": 0.0013432495837990555,
    "incinerate": 8.459899447643693e-14,
    "hyper-voice": 0.00002003040817372126,
    "endure": 0,
    "bite": 2.1124410510213436,
    "take-down": 0
  },
  "teras": {
    "fairy": 76.21917314660341,
    "flying": 343.2741657973952,
    "dragon": 143.46977036951083,
    "steel": 174.86028423294076,
    "ghost": 6.718345987978789,
    "fire": 20.927240461000544,
    "ground": 62.58819296903957,
    "poison": 3.6955441425197773,
    "dark": 117.15968820453611,
    "fighting": 0.31689601852923394,
    "bug": 6.132649509640524,
    "grass": 0.032604042697512714,
    "stellar": 2.2179328196815455,
    "electric": 5.031676698730308,
    "water": 1.7548957053888619,
    "normal": 3.876191390804822
  },
  "spreads": [
    {
      "nature": "adamant",
      "usage": "40.2",
      "evs": {
        "hp": 0,
        "atk": 252,
        "def": 0,
        "spa": 0,
        "spd": 4,
        "spe": 252
      }
    },
    {
      "nature": "jolly",
      "usage": "20.6",
      "evs": {
        "hp": 0,
        "atk": 252,
        "def": 0,
        "spa": 0,
        "spd": 4,
        "spe": 252
      }
    },
    {
      "nature": "jolly",
      "usage": "9.9",
      "evs": {
        "hp": 0,
        "atk": 220,
        "def": 0,
        "spa": 0,
        "spd": 36,
        "spe": 252
      }
    },
    {
      "nature": "jolly",
      "usage": "4.4",
      "evs": {
        "hp": 4,
        "atk": 252,
        "def": 0,
        "spa": 0,
        "spd": 0,
        "spe": 252
      }
    },
    {
      "nature": "adamant",
      "usage": "4.1",
      "evs": {
        "hp": 4,
        "atk": 252,
        "def": 0,
        "spa": 0,
        "spd": 0,
        "spe": 252
      }
    },
    {
      "nature": "jolly",
      "usage": "1.8",
      "evs": {
        "hp": 36,
        "atk": 220,
        "def": 0,
        "spa": 0,
        "spd": 0,
        "spe": 252
      }
    },
    {
      "nature": "jolly",
      "usage": "1.4",
      "evs": {
        "hp": 32,
        "atk": 220,
        "def": 0,
        "spa": 0,
        "spd": 4,
        "spe": 252
      }
    },
    {
      "nature": "adamant",
      "usage": "1.2",
      "evs": {
        "hp": 0,
        "atk": 252,
        "def": 148,
        "spa": 0,
        "spd": 0,
        "spe": 108
      }
    },
    {
      "nature": "jolly",
      "usage": "1.1",
      "evs": {
        "hp": 44,
        "atk": 212,
        "def": 0,
        "spa": 0,
        "spd": 0,
        "spe": 252
      }
    },
    {
      "nature": "jolly",
      "usage": "1.0",
      "evs": {
        "hp": 0,
        "atk": 252,
        "def": 4,
        "spa": 0,
        "spd": 0,
        "spe": 252
      }
    }
  ],
  "teammates": {
    "3": 22.212320917144762,
    "6": 0.901621042567865,
    "9": 2.0760131693900545,
    "25": 0.3093885274060988,
    "36": 1.796164530446761,
    "38": 11.866598399869721,
    "45": 0,
    "51": 1.2105350539713227,
    "59": 0.07292427185823941,
    "62": 0.0000027246890951238,
    "71": 0.016700331265199098,
    "76": 0.4101726601974003,
    "91": 0.0009345915690129325,
    "94": 2.045484142135098,
    "106": 0.40499587836846923,
    "107": 0,
    "113": 0.5503863578240185,
    "123": 0.04161152688786607,
    "130": 2.0100691027544917,
    "131": 0.5863647348569165,
    "132": 4.117906184930423,
    "143": 0.04501360504147861,
    "145": 0.3661542720709351,
    "146": 3.5195676381359333,
    "149": 8.103500009701984,
    "150": 22.418625454621562,
    "151": 0.04880353593427461,
    "162": 9.159839553518623e-12,
    "168": 0,
    "181": 0,
    "184": 12.188696783616999,
    "186": 3.4926783687438956e-11,
    "188": 0.00007810747289010989,
    "189": 12.628917926802806,
    "195": 0.9257994920309831,
    "196": 0.21651964597865375,
    "197": 0.586672112749491,
    "198": 0.15333233743338132,
    "199": 0.002507552781040978,
    "205": 0.019742032416374622,
    "212": 5.747256393138881,
    "214": 0,
    "227": 0.6647600192788631,
    "229": 0.001083695741442403,
    "232": 1.4858888806275519,
    "233": 0,
    "235": 10.234250371869136,
    "242": 0,
    "243": 0.0026338464437818954,
    "244": 2.5766944133920333e-11,
    "245": 0,
    "248": 0.2009108041470022,