{
  "id": "778",
  "name": "Mimikyu Disguised",
  "format_id": "showdown_gen9ubers-1630",
  "usage_metrics": {
    "raw": 7055,
    "base_weight": 1307.5317512595452,
    "percent": 2.6061098592589858
  },
  "roles": [
    {
      "role": "role_sweeper_physical",
      "label": "Physical Sweeper",
      "category": "OFF"
    },
    {
      "role": "role_disruptor",
      "label": "Disruptor",
      "category": "SUP"
    }
  ],
  "items": {
    "red-card": 1082.595884853531,
    "life-orb": 157.24978462244357,
    "focus-sash": 1.1851857637191867,
    "mind-plate": 0.032126058787592726,
    "rocky-helmet": 34.48806423735979,
    "fairy-feather": 0.16826298679151636,
    "choice-band": 0.32203325903875657,
    "lum-berry": 1.8270160703462894,
    "leftovers": 9.3788877098398,
    "heavy-duty-boots": 0.5436846968566326,
    "quick-claw": 3.4120465443676946,
    "mental-herb": 3.5042137750638442,
    "nothing": 0.5541767107248898,
    "spooky-plate": 0.002485298195695429,
    "spell-tag": 3.1245789124411933,
    "flame-orb": 0.22945237129351304,
    "focus-band": 5.145288639596401e-10,
    "air-balloon": 0.4048304578422322,
    "sitrus-berry": 0.8547253760600544,
    "clear-amulet": 0.032859893244682525,
    "expert-belt": 0.3029618165138025,
    "weakness-policy": 0.46461808611716393,
    "choice-scarf": 4.824468683507208,
    "white-herb": 0,
    "salac-berry": 0.08606796217576512,
    "wide-lens": 0.6476043829720859,
    "covert-cloak": 0.37751478116307585,
    "light-clay": 0.0000010200814354877075,
    "shell-bell": 0.1747654616670501,
    "loaded-dice": 0.07435462337555993,
    "muscle-band": 0.0007729252158569233,
    "metronome": 8.47381793622759e-7,
    "pixie-plate": 1.27675647831893e-15,
    "power-herb": 8.140477181228789e-11,
    "figy-berry": 0.11097291153416727,
    "kee-berry": 0,
    "jaboca-berry": 0,
    "toxic-orb": 0,
    "wise-glasses": 0.00003388570307361061,
    "safety-goggles": 0.000021791113246627525,
    "assault-vest": 0,
    "big-root": 0.0000037734105709508192,
    "eject-pack": 0.013964143279793173,
    "eject-button": 0.020002917512602747,
    "lagging-tail": 0.04634670782652256,
    "choice-specs": 0.0009962370074240723,
    "room-service": 0.4759787034438966
  },
  "abilities": {
    "disguise": 1307.5317512595452
  },
  "moves": {
    "swords-dance": 230.98484182484455,
    "play-rough": 241.72038393025124,
    "shadow-sneak": 1178.9362279567808,
    "wood-hammer": 5.955883818452455,
    "shadow-claw": 91.95749548559014,
    "trick-room": 157.9473359568823,
    "x-scissor": 3.868268649677225,
    "leech-life": 10.366747071266996,
    "dazzling-gleam": 0.45938745442796663,
    "curse": 1063.0133094867072,
    "thunder-wave": 986.3065560818644,
    "will-o-wisp": 991.5174349579728,
    "draining-kiss": 0.6863012945747584,
    "psychic": 0.6600655302484557,
    "giga-drain": 0.1133664941698253,
    "night-shade": 0.4184210732361208,
    "hone-claws": 0.013536675394776265,
    "hex": 0.06940434972957288,
    "protect": 17.514707232293933,
    "phantom-force": 6.11031022813228,
    "drain-punch": 128.72243409045464,
    "substitute": 10.216774951123359,
    "destiny-bond": 54.258821151610164,
    "taunt": 2.6091625158208616,
    "confuse-ray": 0.0009341170221905393,
    "bulk-up": 1.33563257866718,
    "trailblaze": 0.9129938572668915,
    "pain-split": 20.565356744226506,
    "thief": 6.964422671933353,
    "facade": 0.6093006716014665,
    "shadow-ball": 1.3833375702492217,
    "tera-blast": 0.19759660167451282,
    "dark-pulse": 1.4558170248081324,
    "baby-doll-eyes": 2.401321577139015e-7,
    "thunderbolt": 0.10326785091120116,
    "copycat": 0.012845446129897187,
    "thunder": 0.8944832219852314,
    "light-screen": 0.36139786251247236,
    "rest": 0.023201285837245567,
    "endure": 10.643657153904696,
    "": 0.004587379501935274,
    "rain-dance": 0,
    "burning-jealousy": 0,
    "trick": 0.1686435063570011,
    "psych-up": 0.06076332550862584,
    "giga-impact": 3.834087258791641e-8,
    "sleep-talk": 0,
    "mimic": 0,
    "slash": 0,
    "hyper-beam": 0,
    "fling": 0.0015876281119683866
  },
  "teras": {
    "fairy": 6.10103111590761,
    "ghost": 1174.0014652104387,
    "stellar": 1.6236190955738041,
    "bug": 0.001606354564458956,
    "steel": 1.3671727297331624,
    "fighting": 3.1610675153348713,
    "normal": 109.09985597475168,
    "fire": 0.07812962351790625,
    "ground": 0.5318346805786112,
    "dark": 0.05332809717477083,
    "poison": 0.07678730295932062,
    "dragon": 0.09688686432257321,
    "psychic": 0,
    "flying": 0.0047394607566844105,
    "water": 10.564475518242586,
    "grass": 0.23373426813333326,
    "electric": 0.46461723727562865,
    "ice": 0.07140021027793253
  },
  "spreads": [
    {
      "nature": "jolly",
      "usage": "79.2",
      "evs": {
        "hp": 252,
        "atk": 4,
        "def": 0,
        "spa": 0,
        "spd": 0,
        "spe": 252
      }
    },
    {
      "nature": "brave",
      "usage": "8.0",
      "evs": {
        "hp": 252,
        "atk": 252,
        "def": 0,
        "spa": 0,
        "spd": 4,
        "spe": 0
      }
    },
    {
      "nature": "adamant",
      "usage": "3.2",
      "evs": {
        "hp": 4,
        "atk": 252,
        "def": 0,
        "spa": 0,
        "spd": 0,
        "spe": 252
      }
    },
    {
      "nature": "jolly",
      "usage": "3.1",
      "evs": {
        "hp": 0,
        "atk": 252,
        "def": 0,
        "spa": 0,
        "spd": 4,
        "spe": 252
      }
    },
    {
      "nature": "hardy",
      "usage": "1.0",
      "evs": {
        "hp": 0,
        "atk": 252,
        "def": 0,
        "spa": 0,
        "spd": 4,
        "spe": 252
      }
    },
    {
      "nature": "jolly",
      "usage": "1.0",
      "evs": {
        "hp": 4,
        "atk": 252,
        "def": 0,
        "spa": 0,
        "spd": 0,
        "spe": 252
      }
    },
    {
      "nature": "brave",
      "usage": "0.8",
      "evs": {
        "hp": 228,
        "atk": 252,
        "def": 28,
        "spa": 0,
        "spd": 0,
        "spe": 0
      }
    },
    {
      "nature": "sassy",
      "usage": "0.5",
      "evs": {
        "hp": 252,
        "atk": 4,
        "def": 0,
        "spa": 0,
        "spd": 252,
        "spe": 0
      }
    },
    {
      "nature": "jolly",
      "usage": "0.5",
      "evs": {
        "hp": 0,
        "atk": 252,
        "def": 4,
        "spa": 0,
        "spd": 0,
        "spe": 252
      }
    },
    {
      "nature": "adamant",
      "usage": "0.5",
      "evs": {
        "hp": 0,
        "atk": 252,
        "def": 0,
        "spa": 0,
        "spd": 4,
        "spe": 252
      }
    }
  ],
  "teammates": {
    "1": 0,
    "3": 1.5047582260613972,
    "6": 1.0082539976234877,
    "9": 0.09534057594587997,
    "24": 0.000005074576726882274,
    "25": 0.01856033496426346,
    "36": 0.0667627785610127,
    "38": 0.014873619630056234,
    "40": 0,
    "45": 0,
    "49": 0.04361581487684818,
    "55": 0.0006819883668922055,
    "57": 0.007623235377052562,
    "59": 0.0802414588294646,
    "62": 0,
    "71": 0,
    "73": 0.024715671896537506,
    "80": 0.2700400979757452,
    "85": 0.9963897356675104,
    "89": 0.17573098423406497,
    "91": 3.5602738914316236,
    "92": 0.004587379501935274,
    "94": 7.335343034548941,
    "106": 4.07960252340772,
    "107": 0.4145856879572333,
    "110": 7.966390748039913,
    "112": 5.627283721564513,
    "113": 2.3550212559185186,
    "128": 0.00014311126792132534,
    "130": 0.24407319195043942,
    "131": 0.34981867227192354,
    "132": 10.744810313250612,
    "133": 0,
    "134": 4.4127805889021365,
    "135": 619.0909077004943,
    "136": 0.0001113078941046286,
    "143": 0.8738653183769434,
    "145": 0.8981519352589329,
    "146": 0,
    "149": 1.6668906749754133,
    "150": 4.090381101177822,
    "151": 0.31630938411379006,
    "157": 0.0000019776904678914242,
    "160": 1.7775860800106746,
    "162": 0.4096420357297485,