{
  "id": "10155",
  "name": "Necrozma Dusk",
  "format_id": "showdown_gen7vgc2019",
  "usage_metrics": {
    "raw": 2350,
    "base_weight": 22.411239742476123,
    "percent": 9.530375537350961
  },
  "items": {
    "ultranecroziumz": 16.884903939384234,
    "solganiumz": 0.6143145735105164,
    "weakness-policy": 0.20494457404715694,
    "figy-berry": 0.000038671282564128884,
    "aguav-berry": 0.1318685841460977,
    "misty-seed": 0,
    "leftovers": 0.04574580717310922,
    "life-orb": 0.0001597161268434566,
    "iapapa-berry": 4.529263876781955,
    "metal-coat": 2.367012141846203e-11,
    "nothing": 0
  },
  "abilities": {
    "prism-armor": 22.411239742476123
  },
  "moves": {
    "photon-geyser": 22.012890179363882,
    "earth-power": 16.361317578380596,
    "dark-pulse": 2.6286152081862983,
    "protect": 20.834310222072364,
    "trick-room": 7.369043801181318,
    "sunsteel-strike": 6.406428839267397,
    "calm-mind": 11.50240717886898,
    "earthquake": 0.00023840899567456608,
    "dragon-pulse": 0.5526990153596882,
    "swords-dance": 0.6119169463313325,
    "psycho-cut": 0.011082459775304476,
    "power-gem": 0.0034061418874461458,
    "flash-cannon": 0.00028112561940241143,
    "psychic": 0,
    "morning-sun": 0,
    "signal-beam": 0,
    "shadow-claw": 0.000006003352566175124,
    "smart-strike": 0.004107252236917991,
    "heat-wave": 0.00016340414018389815,
    "bulldoze": 0,
    "return": 0,
    "substitute": 5.295763827461997e-13,
    "stone-edge": 5.789146939605416e-11,
    "rock-slide": 0.00032084305655577516,
    "iron-head": 3.6141900583430697e-10,
    "moonlight": 0.3124691148717613,
    "autotomize": 0.00005954931672497166,
    "fling": 0,
    "knock-off": 0.0063724516267799625,
    "prismatic-laser": 0.006376139640120404,
    "rock-polish": 0,
    "": 0,
    "brick-break": 1.0113522090664695,
    "ally-switch": 0,
    "round": 0,
    "x-scissor": 2.593147918616978e-12,
    "hiddenpowerice": 0.0005752450926049257,
    "psyshock": 0.00425944587060717,
    "outrage": 0.00425944587060717,
    "giga-impact": 0,
    "gyro-ball": 0,
    "hyper-beam": 0,
    "shock-wave": 1.8075108970672105e-7,
    "light-screen": 0,
    "solar-beam": 0,
    "thunder-wave": 0,
    "hiddenpowerelectric": 5.792994508535543e-7
  },
  "teras": {
    "nothing": 22.411239742476123
  },
  "spreads": [
    {
      "nature": "Timid",
      "usage": "30.0",
      "evs": {
        "hp": 52,
        "atk": 0,
        "def": 4,
        "spa": 252,
        "spd": 4,
        "spe": 196
      }
    },
    {
      "nature": "Timid",
      "usage": "20.2",
      "evs": {
        "hp": 4,
        "atk": 0,
        "def": 0,
        "spa": 252,
        "spd": 0,
        "spe": 252
      }
    },
    {
      "nature": "Brave",
      "usage": "15.7",
      "evs": {
        "hp": 252,
        "atk": 84,
        "def": 0,
        "spa": 0,
        "spd": 172,
        "spe": 0
      }
    },
    {
      "nature": "Modest",
      "usage": "11.6",
      "evs": {
        "hp": 84,
        "atk": 0,
        "def": 4,
        "spa": 236,
        "spd": 12,
        "spe": 172
      }
    },
    {
      "nature": "Brave",
      "usage": "4.5",
      "evs": {
        "hp": 252,
        "atk": 0,
        "def": 4,
        "spa": 0,
        "spd": 252,
        "spe": 0
      }
    },
    {
      "nature": "Timid",
      "usage": "2.8",
      "evs": {
        "hp": 148,
        "atk": 0,
        "def": 0,
        "spa": 172,
        "spd": 0,
        "spe": 188
      }
    },
    {
      "nature": "Modest",
      "usage": "1.7",
      "evs": {
        "hp": 196,
        "atk": 0,
        "def": 20,
        "spa": 116,
        "spd": 20,
        "spe": 156
      }
    },
    {
      "nature": "Modest",
      "usage": "1.4",
      "evs": {
        "hp": 252,
        "atk": 0,
        "def": 4,
        "spa": 100,
        "spd": 4,
        "spe": 148
      }
    },
    {
      "nature": "Adamant",
      "usage": "1.3",
      "evs": {
        "hp": 4,
        "atk": 252,
        "def": 0,
        "spa": 0,
        "spd": 0,
        "spe": 252
      }
    },
    {
      "nature": "Timid",
      "usage": "1.1",
      "evs": {
        "hp": 0,
        "atk": 4,
        "def": 0,
        "spa": 252,
        "spd": 0,
        "spe": 252
      }
    }
  ],
  "teammates": {
    "3": 0.07923086718770772,
    "6": 0.01886182010145271,
    "25": 0,
    "26": 0,
    "34": 0.00005954931672497166,
    "35": 2.419919820084715e-11,
    "36": 0.000006701606018566508,
    "42": 0.000013139838118847447,
    "54": 0.014315456536013016,
    "55": 0.00000199324369132281,
    "59": 0,
    "65": 0,
    "94": 1.0079453450799822,
    "132": 0.000001013717901732214,
    "135": 0.000006701606018566508,
    "143": 0.1383293939567743,
    "144": 0.0001597161268434566,
    "145": 0.40041695582723535,
    "160": 0.000006701606018566508,
    "169": 0.5360368358361998,
    "176": 3.156209016363931e-9,
    "186": 0,
    "189": 8.352668499831111,
    "194": 0,
    "197": 2.092916461802836,
    "198": 0.0024029148395147693,
    "199": 1.8075108970672105e-7,
    "205": 0,
    "212": 0,
    "217": 0,
    "219": 0,
    "232": 0,
    "233": 0.07850131758579365,
    "235": 0.1665438990545488,
    "237": 0.014315456536013016,
    "245": 0.025615582222167477,
    "250": 0.014315565913033235,
    "272": 0,
    "279": 0,
    "286": 0.19854987791282924,
    "292": 0.2010024042842778,
    "302": 0,
    "306": 0.000003688013340441554,
    "324": 0,
    "334": 0,
    "356": 0.0027936025022986533,
    "373": 0.0001597161268434566,
    "380": 2.593147918616978e-12,
    "381": 0.0001597161268434566,
    "382": 0,
    "384": 5.4051261086289095,
    "409": 0.0000039488900510087355,
    "423": 0.21009890897009564,
    "426": 0.0010943538049130175,
    "437": 0.004244163527086564,
    "448": 0,
    "461": 0,
    "468": 0.00039761735341464766,
    "475": 0.000003688013340441554,
    "477": 0,
    "482": 0,
    "483": 1.7741003399684985e-7,
    "484": 1.0791145754751597e-11,
    "485": 0.0006966255476186234,
    "488": 0.003418785395578494,
    "510": 0,
    "547": 0.069724980738814,
    "549": 0.5220483802124798,
    "560": 0,
    "576": 0.00007877870184913593,
    "589": 0.000003688013340441554,
    "591": 0.009497953014511118,
    "598": 0.12580733049503584,
    "601": 2.593147918616978e-12,
    "604": 0.000006003352566175124,
    "617": 4.0005604774394214,
    "620": 0,
    "625": 0.027204682767272614,
    "630": 0,
    "635": 0.000013139838118847447,
    "637": 5.792994508535543e-7,
    "641": 0.001074634410768105,
    "642": 0.12632870411832237,
    "655": 0,
    "658": 0,
    "663": 0,
    "678": 0,
    "681": 0.0032471478596441394,
    "699": 0.000006184103655881845,
    "700": 0.00425944587060717,
    "701": 0,
    "707": 0.010109398753584908,
    "716": 0.19703403740952707,
    "717": 0.00006152252423863303,
    "718": 0.006372452096738812,
    "724": 0.000006701606018566508,
    "727": 17.693820444976705,
    "738": 0,
    "743": 0.0032471478596441394,
    "752": 0.000009190948067838711,
    "758": 0.1917443425632313,
    "760": 0,
    "763": 0,
    "764": 0,
    "766": 0,
    "768": 0,
    "776": 0,
    "777": 0.002800935964727247,
    "778": 0.020702059261728578,
    "780": 1.8075108970672105e-7,
    "784": 0.06119274019356202,
    "785": 2.7167101696338727,
    "786": 15.553788821249798,
    "787": 0.017660578717876907,
    "788": 6.728942016999913,
    "791": 0,
    "792": 0.00001992911130876962,
    "793": 0.1105198683218297,
    "794": 0,
    "795": 0.00000199324369132281,
    "796": 2.593147918616978e-12,
    "797": 0.1750063234896843,
    "798": 3.6292638195064364,
    "804": 0.0037269845589127937,
    "805": 2.4723917438588368,
    "806": 9.4296581654163e-10,
    "10009": 0,
    "10020": 0.0171699107404098,
    "10021": 1.774888539201406,
    "10033": 0.006423466192048699,
    "10034": 5.792994508535543e-7,
    "10035": 1.0791145754751597e-11,
    "10036": 0,
    "10037": 0.009619599486424102,
    "10038": 8.003587877547062,