{
  "id": "681",
  "name": "Aegislash Shield",
  "format_id": "showdown_gen7vgc2019",
  "usage_metrics": {
    "raw": 484,
    "base_weight": 0.3135726216992768,
    "percent": 1.9628518127990915
  },
  "items": {
    "steeliumz": 0,
    "life-orb": 0.02124583040238015,
    "ghostiumz": 0.043855618817660036,
    "weakness-policy": 0.00960266845062574,
    "nothing": 0,
    "sitrus-berry": 0,
    "rocky-helmet": 0,
    "leftovers": 0.23550123631438807,
    "safety-goggles": 0,
    "aguav-berry": 0.00011943521607404861,
    "eject-button": 0,
    "custap-berry": 6.846385045555792e-7,
    "iron-ball": 0,
    "darkiniumz": 0,
    "iapapa-berry": 0,
    "assault-vest": 0,
    "choice-scarf": 0,
    "focus-sash": 0,
    "full-incense": 0.0032471478596441394,
    "rockiumz": 5.551115123125783e-17
  },
  "abilities": {
    "stance-change": 0.3135726216992768
  },
  "moves": {
    "wide-guard": 0.27102151713834194,
    "kings-shield": 0.3134077975640869,
    "gyro-ball": 0.010230156877710228,
    "head-smash": 5.551115123125783e-17,
    "sacred-sword": 0.004957252542295343,
    "shadow-ball": 0.27550551205298157,
    "flash-cannon": 0.26969856968058187,
    "iron-head": 0.02989899228231241,
    "shadow-sneak": 0.03330206163990479,
    "substitute": 0.03378386758225865,
    "shadow-claw": 0.007896498751635284,
    "toxic": 0.00011929869433963125,
    "swords-dance": 0.0005407281890397742,
    "protect": 0,
    "night-slash": 0.00015749122565944518,
    "destiny-bond": 0.00020570495170696423,
    "hiddenpowerice": 0,
    "frustration": 0,
    "facade": 0.00015749122565944518,
    "rock-slide": 0.000002907313289335356,
    "brick-break": 0.0032471478596441394,
    "autotomize": 0,
    "": 0,
    "power-trick": 0,
    "return": 0,
    "brutal-swing": 0,
    "aerial-ace": 0.00015749122565944518
  },
  "teras": {
    "nothing": 0.3135726216992768
  },
  "spreads": [
    {
      "nature": "Calm",
      "usage": "73.8",
      "evs": {
        "hp": 252,
        "atk": 0,
        "def": 0,
        "spa": 4,
        "spd": 252,
        "spe": 0
      }
    },
    {
      "nature": "Modest",
      "usage": "10.7",
      "evs": {
        "hp": 252,
        "atk": 0,
        "def": 4,
        "spa": 252,
        "spd": 0,
        "spe": 0
      }
    },
    {
      "nature": "Adamant",
      "usage": "5.9",
      "evs": {
        "hp": 252,
        "atk": 76,
        "def": 108,
        "spa": 0,
        "spd": 68,
        "spe": 4
      }
    },
    {
      "nature": "Adamant",
      "usage": "2.6",
      "evs": {
        "hp": 252,
        "atk": 252,
        "def": 0,
        "spa": 0,
        "spd": 0,
        "spe": 0
      }
    },
    {
      "nature": "Brave",
      "usage": "2.0",
      "evs": {
        "hp": 188,
        "atk": 244,
        "def": 36,
        "spa": 4,
        "spd": 36,
        "spe": 0
      }
    },
    {
      "nature": "Quiet",
      "usage": "1.2",
      "evs": {
        "hp": 252,
        "atk": 4,
        "def": 116,
        "spa": 60,
        "spd": 76,
        "spe": 0
      }
    },
    {
      "nature": "Hardy",
      "usage": "1.1",
      "evs": {
        "hp": 252,
        "atk": 0,
        "def": 0,
        "spa": 252,
        "spd": 0,
        "spe": 0
      }
    },
    {
      "nature": "Hardy",
      "usage": "1.0",
      "evs": {
        "hp": 252,
        "atk": 4,
        "def": 0,
        "spa": 0,
        "spd": 0,
        "spe": 252
      }
    },
    {
      "nature": "Sassy",
      "usage": "0.8",
      "evs": {
        "hp": 252,
        "atk": 140,
        "def": 76,
        "spa": 0,
        "spd": 36,
        "spe": 0
      }
    },
    {
      "nature": "Sassy",
      "usage": "0.4",
      "evs": {
        "hp": 4,
        "atk": 0,
        "def": 252,
        "spa": 0,
        "spd": 252,
        "spe": 0
      }
    }
  ],
  "teammates": {
    "3": 0.00017494522865457718,
    "26": 0,
    "35": 0,
    "36": 0,
    "38": 0,
    "59": 0,
    "130": 0,
    "132": 0,
    "149": 0,
    "168": 0,
    "169": 0.00006986667561620363,
    "176": 0,
    "184": 0.0002908317546452821,
    "186": 0,
    "189": 0.00015749122565944518,
    "196": 0,
    "212": 0,
    "233": 0,
    "235": 0.17933052035329594,
    "237": 0.00013758835552818427,
    "248": 0.00011929869433963125,
    "249": 0,
    "250": 5.551115123125783e-17,
    "254": 0,
    "257": 0,
    "260": 0,
    "272": 0,
    "279": 0,
    "284": 0,
    "286": 0,
    "291": 0,
    "302": 0,
    "324": 0,
    "350": 0.00011929869433963125,
    "356": 0,
    "359": 0,
    "373": 0,
    "382": 0,
    "383": 0,
    "384": 0.01816873824311316,
    "389": 0,
    "417": 0.00015749122565944518,
    "423": 0.0012800994527656928,
    "437": 3.121047886800454e-8,
    "445": 0,
    "462": 0,
    "473": 0.00022096507902907847,
    "477": 0,
    "483": 0,
    "484": 0,
    "485": 0,
    "488": 0.018585006179895558,
    "531": 0,
    "537": 0,
    "547": 0.00017403558440975964,
    "555": 0.00022096507902907847,
    "567": 0,
    "573": 0,
    "589": 0,
    "591": 0.005382833770548046,
    "594": 0,
    "596": 0,
    "598": 0.00016482413518992267,
    "609": 0,
    "617": 0,
    "623": 0,
    "625": 0,
    "628": 0.0000037043571930461816,
    "635": 0,
    "637": 0,
    "641": 0.00830518716808859,
    "642": 0,
    "655": 0,
    "658": 0,
    "663": 0,
    "671": 0,
    "691": 0,
    "693": 0,
    "697": 0,
    "699": 0,
    "700": 0,
    "701": 0,
    "706": 0,
    "707": 0.00016482413518992267,
    "716": 0.23564004711949188,
    "717": 0.006615276656652513,
    "718": 0.0000037043571930461816,
    "727": 0.07085630053863201,
    "730": 0,
    "743": 0.0032471478596441394,
    "748": 0,
    "752": 0,
    "754": 0,
    "763": 0.00000317318049397608,
    "764": 5.311766990701017e-7,
    "765": 0,
    "768": 0,
    "773": 0,
    "778": 0.0032471478596441394,
    "784": 0,
    "785": 0.020804389342159446,
    "786": 1.4914736112814353e-11,
    "787": 0.0001100872451198498,
    "788": 0.03752515238326465,
    "792": 0.00015749122565944518,
    "793": 5.551115123125783e-17,
    "794": 0,
    "795": 0,
    "798": 0.00633835021491902,
    "804": 0,
    "805": 0.000017381829771456747,
    "806": 0,
    "10007": 0,
    "10021": 0.0035831858938984995,
    "10023": 0.0012800994527656928,
    "10032": 0,
    "10033": 0,
    "10034": 0.00011929869433963125,
    "10035": 0,
    "10036": 0.00017494522865457718,
    "10037": 0.0032471478596441394,
    "10038": 0.002567432519769708,
    "10039": 0.18372086111652564,
    "10043": 0,
    "10044": 0,
    "10045": 0.00022096507902907847,
    "10046": 0,
    "10049": 0.00015749122565944518,
    "10050": 0,
    "10051": 0.000011759989737569754,
    "10052": 0,
    "10053": 0,
    "10059": 0,
    "10060": 0,
    "10064": 0.000043358273144389337,
    "10065": 0,
    "10067": 5.551115123125783e-17,
    "10068": 0.00016482413518992267,
    "10069": 0.0012800994527656928,
    "10076": 0,
    "10077": 0.055704754965816505,
    "10078": 0.20158655683322946,
    "10087": 0,
    "10088": 0,
    "10089": 0.23363588167575478,
    "10090": 0,
    "10104": 0,
    "10155": 0.0032471478596441394,
    "10156": 0.0000037043571930461816,
    "10181": 0
  }
}