{
  "id": "389",
  "name": "Torterra",
  "format_id": "showdown_gen4ou-1760",
  "usage_metrics": {
    "raw": 882,
    "base_weight": 0.2766500886235465,
    "percent": 0.7601089317108484
  },
  "roles": [
    {
      "role": "role_sweeper_physical",
      "label": "Physical Sweeper",
      "category": "OFF"
    },
    {
      "role": "role_staller",
      "label": "Staller",
      "category": "DEF"
    }
  ],
  "items": {
    "leftovers": 0.04492503098835554,
    "life-orb": 0.02580471912799326,
    "yache-berry": 0.16355333379585618,
    "choice-band": 0.0005383412662108844,
    "focus-sash": 1.3877787807814457e-15,
    "sitrus-berry": 0.0004311339832072658,
    "nothing": 0.0006614146077539851,
    "lum-berry": 0.004854431380781843,
    "light-clay": 0.035544217781718734,
    "miracle-seed": 0.00008190865005974768,
    "coba-berry": 0,
    "expert-belt": 5.551115123125783e-17,
    "shell-bell": 0,
    "heat-rock": 0,
    "choice-specs": 0,
    "choice-scarf": 0.0002525103354789615,
    "muscle-band": 0,
    "occa-berry": 0.000003046706128662091,
    "grip-claw": 0
  },
  "abilities": {
    "overgrow": 0.2766500886235465
  },
  "moves": {
    "stealth-rock": 0.04392737926007789,
    "earthquake": 0.23656554256179535,
    "wood-hammer": 0.2000266970545882,
    "crunch": 0.0057831970458918636,
    "rock-polish": 0.1509111694875594,
    "stone-edge": 0.19445527639613264,
    "seed-bomb": 0.03809120567974961,
    "swords-dance": 0.039330916853828723,
    "iron-head": 0,
    "leech-seed": 0.04336202089097568,
    "toxic": 0.0038789136502768162,
    "substitute": 0.004016626621093422,
    "protect": 0.0013443384166038075,
    "return": 0.0007757176852181691,
    "giga-drain": 0.0004977479813665364,
    "frenzy-plant": 0,
    "energy-ball": 0.0006628648991943709,
    "leaf-storm": 0.00024702625274247714,
    "rock-climb": 0,
    "synthesis": 0.06184183788796194,
    "earth-power": 0.00016366715414262156,
    "block": 0,
    "roar": 8.074652058098764e-13,
    "rock-smash": 0,
    "razor-leaf": 0,
    "curse": 0.000002826223334972955,
    "light-screen": 0.035544217781718734,
    "reflect": 0.035544217781718734,
    "solar-beam": 0,
    "hidden-power-electric": 0,
    "body-slam": 0,
    "tackle": 0,
    "rock-slide": 0.0008697895540039635,
    "grass-knot": 0.0004977474757053013,
    "sunny-day": 0,
    "sleep-talk": 0,
    "outrage": 0.007503642455740589,
    "hidden-power-bug": 2.2093937790401696e-11,
    "superpower": 0.00025801994415752816,
    "hidden-power-grass": 0.0004977474757053013,
    "bullet-seed": 0
  },
  "teras": {
    "nothing": 0.2766500886235465
  },
  "spreads": [
    {
      "nature": "adamant",
      "usage": "46.0",
      "evs": {
        "hp": 0,
        "atk": 252,
        "def": 0,
        "spa": 0,
        "spd": 4,
        "spe": 252
      }
    },
    {
      "nature": "adamant",
      "usage": "21.2",
      "evs": {
        "hp": 204,
        "atk": 252,
        "def": 0,
        "spa": 0,
        "spd": 0,
        "spe": 52
      }
    },
    {
      "nature": "impish",
      "usage": "12.8",
      "evs": {
        "hp": 252,
        "atk": 0,
        "def": 252,
        "spa": 0,
        "spd": 4,
        "spe": 0
      }
    },
    {
      "nature": "impish",
      "usage": "8.5",
      "evs": {
        "hp": 212,
        "atk": 0,
        "def": 252,
        "spa": 0,
        "spd": 0,
        "spe": 44
      }
    },
    {
      "nature": "jolly",
      "usage": "2.7",
      "evs": {
        "hp": 32,
        "atk": 252,
        "def": 0,
        "spa": 0,
        "spd": 0,
        "spe": 224
      }
    },
    {
      "nature": "adamant",
      "usage": "2.3",
      "evs": {
        "hp": 252,
        "atk": 252,
        "def": 0,
        "spa": 0,
        "spd": 4,
        "spe": 0
      }
    },
    {
      "nature": "adamant",
      "usage": "1.4",
      "evs": {
        "hp": 216,
        "atk": 252,
        "def": 0,
        "spa": 0,
        "spd": 0,
        "spe": 40
      }
    },
    {
      "nature": "impish",
      "usage": "1.4",
      "evs": {
        "hp": 236,
        "atk": 0,
        "def": 252,
        "spa": 0,
        "spd": 0,
        "spe": 20
      }
    },
    {
      "nature": "impish",
      "usage": "1.3",
      "evs": {
        "hp": 252,
        "atk": 36,
        "def": 220,
        "spa": 0,
        "spd": 0,
        "spe": 0
      }
    },
    {
      "nature": "impish",
      "usage": "0.8",
      "evs": {
        "hp": 252,
        "atk": 4,
        "def": 252,
        "spa": 0,
        "spd": 0,
        "spe": 0
      }
    }
  ],
  "teammates": {
    "3": 0,
    "6": 0.000029469837797335696,
    "9": 0.00047598457065733957,
    "25": 0.000008216644892200531,
    "26": 0,
    "34": 0,
    "36": 0.01673684859223412,
    "38": 0.0000026156166685331605,
    "40": 0.000025190595603796773,
    "53": 0,
    "59": 0,
    "62": 3.74166439776058e-7,
    "65": 0,
    "67": 0.00006825076892746917,
    "73": 8.373142168505154e-8,
    "76": 0,
    "78": 0,
    "80": 0.000004489178071109823,
    "89": 4.213222992710541e-9,
    "91": 0,
    "94": 0.039233298439274256,
    "99": 0.0000022280231095073155,
    "105": 0,
    "106": 0.000027088990103840693,
    "110": 0.0000026156166685331605,
    "115": 0.0000026156166685331605,
    "121": 0.10577587599422689,
    "123": 0,
    "127": 0,
    "129": 0,
    "130": 0.007658301667663181,
    "132": 0,
    "134": 0.005996895951862091,
    "135": 0.000034137006789503044,
    "136": 0.00019932788881743546,
    "141": 0.004854439488243378,
    "142": 0.0002787032701966896,
    "143": 1.1746159600534156e-13,
    "144": 0.0000026156166685331605,
    "145": 0.00241343516328274,
    "146": 0.004854431380781843,
    "149": 0.00003413700678644993,
    "156": 0,
    "157": 0,
    "160": 0.00002519451753257851,
    "169": 0.0009618445997370273,
    "181": 0,
    "184": 3.1086244689504383e-15,
    "195": 0.017502337695059933,
    "196": 0,
    "197": 8.671438486707039e-7,
    "200": 0,
    "205": 0.00032700500146770617,
    "208": 0.05853163487922991,
    "211": 0.004854431380781843,
    "212": 0.0016323955343911511,
    "213": 0,
    "217": 0.00014923950371059647,
    "219": 0,
    "224": 0,
    "226": 0,
    "227": 0.017854823882072768,
    "229": 0.006000297304224245,
    "230": 0.000941801710504564,
    "232": 0,
    "237": 0,
    "242": 0.0000054454285914329326,
    "243": 5.119944468390258e-10,
    "245": 9.562505203231098e-7,
    "248": 0.022027320208847234,
    "251": 1.263695804110121e-7,
    "254": 0,
    "257": 3.741672472412638e-7,
    "260": 0.05880635328190664,
    "270": 0.0007382134574644428,
    "272": 1.263695804110121e-7,
    "275": 0.0007382134574644428,
    "277": 0.004854431380781843,
    "282": 0,
    "286": 1.263695804110121e-7,
    "291": 0,
    "292": 0,
    "295": 1.0419443086107094e-13,
    "297": 9.231504449758177e-14,
    "306": 5.119944468390258e-10,
    "308": 0.0009627119419213792,
    "324": 5.119944468390258e-10,
    "330": 0.06603054727762359,
    "334": 0,
    "340": 7.721959899287256e-8,
    "342": 0.00004379950100519281,
    "344": 0.05852723523929343,
    "346": 1.263695804110121e-7,
    "350": 0.02575649186121093,
    "352": 0,
    "357": 0,
    "358": 0,
    "359": 0,
    "362": 0.0007408290741329759,
    "365": 0,
    "376": 0.11261739121713882,
    "377": 0.000043799497674523735,
    "379": 0,
    "380": 0.011615650060602223,
    "385": 0.1050827040215746,
    "392": 0.14175848408830405,
    "395": 0.16749882621103812,
    "397": 0,
    "398": 0.009787808704874279,
    "400": 0,
    "405": 0.04250253882072391,
    "407": 1.263769560666539e-7,
    "409": 7.772526022797877e-8,
    "411": 2.2093438190040615e-13,
    "414": 1.0419443086107094e-13,
    "417": 0.00025801994415752816,
    "418": 3.4583447217073626e-14,
    "419": 0.0036350999405236895,
    "421": 0,
    "423": 0.0009642077586405895,
    "424": 0,
    "426": 5.056612351062029e-10,
    "428": 0,
    "429": 0.008485803854519025,
    "430": 0.02707424819791976,