{
  "id": "398",
  "name": "Staraptor",
  "format_id": "showdown_gen4ou-1760",
  "usage_metrics": {
    "raw": 861,
    "base_weight": 0.5949503361046646,
    "percent": 0.7420111000034473
  },
  "roles": [
    {
      "role": "role_sweeper_physical",
      "label": "Physical Sweeper",
      "category": "OFF"
    }
  ],
  "items": {
    "expert-belt": 0.0000050089229759464615,
    "choice-band": 0.4403966792582718,
    "choice-scarf": 0.1506886743336533,
    "sitrus-berry": 0.0036269269316068775,
    "leftovers": 0.00004130819825354237,
    "muscle-band": 6.106226635438361e-15,
    "nothing": 0.00016366713204868377,
    "lum-berry": 9.825895652681993e-11,
    "focus-sash": 1.4039493456685648e-9,
    "life-orb": 0.000026617563571529335,
    "salac-berry": 0,
    "shell-bell": 1.896029944159494e-9,
    "sharp-beak": 0.0000014502914411074208,
    "chesto-berry": 7.459743933679874e-11,
    "flame-orb": 0,
    "charti-berry": 0,
    "damp-rock": 0,
    "fist-plate": 0
  },
  "abilities": {
    "intimidate": 0.5949503361046646
  },
  "moves": {
    "brave-bird": 0.5949503357469974,
    "close-combat": 0.5949503361046315,
    "defog": 0.000001871548676590784,
    "steel-wing": 0.0000018715486826970107,
    "u-turn": 0.5947755136284378,
    "double-edge": 0.020254173267161057,
    "pursuit": 0.43117298089906625,
    "quick-attack": 0.00048581869468450334,
    "return": 0.13895473877187442,
    "roost": 0.00006671877422143035,
    "aerial-ace": 0.0000014502914464920025,
    "attract": 0,
    "endeavor": 0,
    "agility": 0,
    "whirlwind": 0.000530273034425266,
    "substitute": 7.216449660063518e-16,
    "rest": 7.459743933679874e-11,
    "fly": 0,
    "captivate": 0,
    "facade": 0.0036552616760847645,
    "toxic": 0,
    "feather-dance": 0,
    "giga-impact": 2.942091015256665e-15,
    "tailwind": 0,
    "frustration": 3.576672291671912e-10,
    "sky-attack": 0,
    "protect": 0,
    "wing-attack": 0,
    "rain-dance": 0,
    "sunny-day": 0
  },
  "teras": {
    "nothing": 0.5949503361046646
  },
  "spreads": [
    {
      "nature": "adamant",
      "usage": "72.2",
      "evs": {
        "hp": 0,
        "atk": 252,
        "def": 32,
        "spa": 0,
        "spd": 0,
        "spe": 224
      }
    },
    {
      "nature": "adamant",
      "usage": "20.6",
      "evs": {
        "hp": 56,
        "atk": 252,
        "def": 0,
        "spa": 0,
        "spd": 0,
        "spe": 200
      }
    },
    {
      "nature": "adamant",
      "usage": "2.6",
      "evs": {
        "hp": 144,
        "atk": 252,
        "def": 0,
        "spa": 0,
        "spd": 0,
        "spe": 112
      }
    },
    {
      "nature": "adamant",
      "usage": "1.8",
      "evs": {
        "hp": 0,
        "atk": 252,
        "def": 4,
        "spa": 0,
        "spd": 0,
        "spe": 252
      }
    },
    {
      "nature": "jolly",
      "usage": "1.5",
      "evs": {
        "hp": 0,
        "atk": 252,
        "def": 0,
        "spa": 0,
        "spd": 4,
        "spe": 252
      }
    },
    {
      "nature": "adamant",
      "usage": "0.7",
      "evs": {
        "hp": 0,
        "atk": 252,
        "def": 0,
        "spa": 0,
        "spd": 4,
        "spe": 252
      }
    },
    {
      "nature": "jolly",
      "usage": "0.6",
      "evs": {
        "hp": 4,
        "atk": 252,
        "def": 0,
        "spa": 0,
        "spd": 0,
        "spe": 252
      }
    },
    {
      "nature": "adamant",
      "usage": "0.0",
      "evs": {
        "hp": 252,
        "atk": 0,
        "def": 4,
        "spa": 0,
        "spd": 0,
        "spe": 252
      }
    },
    {
      "nature": "hardy",
      "usage": "0.0",
      "evs": {
        "hp": 104,
        "atk": 116,
        "def": 140,
        "spa": 52,
        "spd": 48,
        "spe": 48
      }
    },
    {
      "nature": "jolly",
      "usage": "0.0",
      "evs": {
        "hp": 252,
        "atk": 4,
        "def": 0,
        "spa": 0,
        "spd": 0,
        "spe": 252
      }
    }
  ],
  "teammates": {
    "3": 0,
    "6": 0.000030991075330333295,
    "9": 0.001161779096541471,
    "18": 0,
    "24": 0,
    "25": 0.000012625701426294267,
    "26": 0,
    "31": 0.0000031373742993556775,
    "36": 0.004417438626291348,
    "45": 0,
    "55": 0,
    "59": 1.2500795898429118e-8,
    "65": 0.00019039975024526257,
    "73": 0.0009663292294702086,
    "76": 0,
    "78": 0,
    "82": 0,
    "85": 0,
    "91": 0,
    "94": 0.0010572015412418367,
    "106": 3.5416114485542494e-14,
    "110": 0.000025410573161521732,
    "113": 0,
    "115": 0.00004130784044475977,
    "121": 0.43288641684854995,
    "122": 1.323993174540128e-7,
    "123": 0.000005390308917829767,
    "126": 9.036551873453647e-8,
    "127": 0,
    "128": 1.2262968418497167e-12,
    "130": 0.11897027723350717,
    "131": 9.039037290881069e-8,
    "132": 0,
    "134": 0.009741114283883856,
    "135": 0.003746824156123596,
    "139": 0,
    "141": 0,
    "142": 0.0005302726767580368,
    "143": 0.00004364533089651346,
    "144": 1.5974199740753647e-9,
    "145": 5.971282140970757e-8,
    "146": 4.7802484193226746e-11,
    "149": 5.252865420413144e-9,
    "157": 0.012871594555097898,
    "160": 0,
    "162": 0,
    "164": 0,
    "168": 0,
    "169": 4.7802484193226746e-11,
    "184": 0.0008493765940015829,
    "195": 0,
    "196": 0.000707168146559356,
    "197": 0.000007325400345148392,
    "205": 0.13359269466855994,
    "206": 1.793186456544582e-7,
    "208": 0,
    "210": 7.382983113757291e-15,
    "212": 0.01912638246938614,
    "214": 3.5416114485542494e-14,
    "217": 1.896030887849065e-9,
    "222": 0,
    "224": 8.026735702770793e-7,
    "227": 0.00043207210800572105,
    "229": 0.005997279115591614,
    "230": 0.00009110663544426023,
    "232": 0.11830735247425384,
    "235": 0.004981082700610928,
    "237": 1.2491817968918184e-8,
    "241": 0.004365092585823516,
    "242": 0.004581531624486157,
    "243": 0.0006816439891382808,
    "244": 2.4867934489414267e-8,
    "245": 0.015355319309268034,
    "248": 0.0008281271845410054,
    "251": 0.00024010974166416288,
    "254": 1.2359361534208801e-8,
    "257": 0.000001141210579758134,
    "260": 0.0037647368759670674,
    "262": 7.382983113757291e-15,
    "264": 0.0000014822572657613442,
    "272": 0,
    "275": 0,
    "277": 0,
    "282": 0,
    "286": 0.000025583429013542602,
    "289": 9.262764982809202e-8,
    "295": 0,
    "297": 0,
    "303": 0,
    "306": 0.000001335487890885556,
    "308": 8.196765488577284e-11,
    "330": 0.0016967598192493272,
    "334": 0,
    "335": 0,
    "338": 0,
    "340": 1.2856536946159736e-9,
    "344": 0,
    "348": 0.0000031373742993556775,
    "350": 0.0000011371713433683261,
    "358": 3.1176627945939117e-10,
    "359": 0,
    "365": 0,
    "376": 0.0005590905358910936,
    "378": 7.628770484768843e-7,
    "379": 0.001189105046143335,
    "380": 0.5482060018321533,
    "385": 0.4303013301612054,
    "388": 1.3966737211212887e-9,
    "389": 0.009787808704874279,
    "390": 1.2497118340171198e-9,
    "391": 0.0000020948420478839047,
    "392": 0.007994086186240756,
    "395": 0.0018891745716502206,
    "400": 1.8321455463876646e-12,
    "402": 1.832867191353671e-12,
    "405": 0.011817583358224137,
    "407": 0.004216060900911367,
    "409": 0,
    "416": 6.398569452059633e-10,
    "418": 1.3967083045685058e-9,
    "419": 0.007671088110602409,
    "423": 0.00050350158637813,
    "424": 0.000042790192526953597,
    "426": 2.485417427422476e-11,
    "428": 0,
    "429": 0.00362688329566907,
    "430": 0.000019324784038321496,
    "437": 0.42990509940738386,
    "442": 0,
    "447": 0,
    "448": 0.009875399889573144,
    "450": 0.0033668188814276467,
    "452": 0.000031885233454265194,
    "454": 0.0007072466222024509,
    "455": 2.9976021664879227e-15,
    "460": 1.7223444892522366e-12,
    "461": 0.0038620615996013408,
    "462": 0.004158381408853773,
    "463": 0,
    "466": 0.003655256961440645,
    "467": 1.0188704457902986e-7,