{
  "id": "461",
  "name": "Weavile",
  "format_id": "showdown_gen4ou-1760",
  "usage_metrics": {
    "raw": 4418,
    "base_weight": 29.499706957343896,
    "percent": 3.807439070633252
  },
  "roles": [
    {
      "role": "role_sweeper_physical",
      "label": "Physical Sweeper",
      "category": "OFF"
    },
    {
      "role": "role_setup",
      "label": "Setup Sweeper",
      "category": "OFF"
    }
  ],
  "items": {
    "expert-belt": 3.552462694341873,
    "focus-sash": 2.934614692225063,
    "life-orb": 6.175831425117906,
    "leftovers": 0.0007885143262560956,
    "black-glasses": 1.4293266298141583,
    "choice-band": 2.167565138225884,
    "sitrus-berry": 1.2019492795500852e-7,
    "nothing": 0.0000307774700102903,
    "choice-specs": 0.00002399127983260252,
    "choice-scarf": 0.001441436869670465,
    "razor-claw": 0.000027286031252349296,
    "muscle-band": 0.001344382329225291,
    "lum-berry": 13.225487811335924,
    "scope-lens": 0,
    "focus-band": 0,
    "kings-rock": 2.015054789694659e-14,
    "icicle-plate": 0,
    "salac-berry": 0.010138390451185808,
    "never-melt-ice": 0.0005864482516195757,
    "liechi-berry": 0.00003721907905757105,
    "metronome": 0
  },
  "abilities": {
    "pressure": 29.499706957343896
  },
  "moves": {
    "pursuit": 9.96044557944697,
    "ice-shard": 26.368291373839426,
    "low-kick": 28.937481765583932,
    "night-slash": 29.248175376788396,
    "taunt": 0.057152793321104345,
    "swords-dance": 19.61196064903603,
    "ice-punch": 3.323904656414972,
    "brick-break": 0.23386707785000505,
    "fake-out": 0.23955629390978028,
    "counter": 0.00013104317567891322,
    "x-scissor": 0.00009511607562862068,
    "knock-off": 0.01579340437790827,
    "protect": 0,
    "metal-claw": 0,
    "blizzard": 0.000027286031252349296,
    "thief": 0,
    "shadow-ball": 0.000024035624420271073,
    "ice-beam": 0.000040146185860290284,
    "headbutt": 0.000018099899576351497,
    "return": 0.00009442701764467154,
    "agility": 0.000027286160741213372,
    "dark-pulse": 0.000008594541629547425,
    "avalanche": 0.000008653698011895639,
    "nasty-plot": 0.000008594541629547425,
    "quick-attack": 0.00014670016501633354,
    "shadow-claw": 0.000006211073947992585,
    "poison-jab": 0.0000031481871837213404,
    "calm-mind": 0,
    "hidden-power-water": 0,
    "reflect": 0.00002316739014651681,
    "focus-blast": 0,
    "dig": 9.376973031383073e-9,
    "focus-punch": 0.0003048430615991138,
    "substitute": 4.918019143040908e-7,
    "aerial-ace": 7.771561172376096e-16,
    "hidden-power-electric": 0,
    "surf": 0.000008594541629547425,
    "beat-up": 0.001222410255518891,
    "dynamic-punch": 4.387046281806306e-13,
    "endure": 4.387046281806306e-13,
    "iron-tail": 0,
    "punishment": 1.2279066652354231e-13,
    "double-edge": 0
  },
  "teras": {
    "nothing": 29.499706957343896
  },
  "spreads": [
    {
      "nature": "jolly",
      "usage": "77.7",
      "evs": {
        "hp": 0,
        "atk": 252,
        "def": 0,
        "spa": 0,
        "spd": 4,
        "spe": 252
      }
    },
    {
      "nature": "jolly",
      "usage": "14.7",
      "evs": {
        "hp": 40,
        "atk": 252,
        "def": 0,
        "spa": 0,
        "spd": 0,
        "spe": 216
      }
    },
    {
      "nature": "jolly",
      "usage": "6.2",
      "evs": {
        "hp": 0,
        "atk": 252,
        "def": 0,
        "spa": 0,
        "spd": 40,
        "spe": 216
      }
    },
    {
      "nature": "jolly",
      "usage": "1.0",
      "evs": {
        "hp": 4,
        "atk": 252,
        "def": 0,
        "spa": 0,
        "spd": 0,
        "spe": 252
      }
    },
    {
      "nature": "jolly",
      "usage": "0.2",
      "evs": {
        "hp": 32,
        "atk": 252,
        "def": 0,
        "spa": 0,
        "spd": 40,
        "spe": 184
      }
    },
    {
      "nature": "jolly",
      "usage": "0.0",
      "evs": {
        "hp": 0,
        "atk": 252,
        "def": 4,
        "spa": 0,
        "spd": 0,
        "spe": 252
      }
    },
    {
      "nature": "jolly",
      "usage": "0.0",
      "evs": {
        "hp": 72,
        "atk": 252,
        "def": 0,
        "spa": 0,
        "spd": 0,
        "spe": 184
      }
    },
    {
      "nature": "jolly",
      "usage": "0.0",
      "evs": {
        "hp": 44,
        "atk": 252,
        "def": 0,
        "spa": 0,
        "spd": 0,
        "spe": 212
      }
    },
    {
      "nature": "adamant",
      "usage": "0.0",
      "evs": {
        "hp": 12,
        "atk": 252,
        "def": 0,
        "spa": 0,
        "spd": 0,
        "spe": 244
      }
    },
    {
      "nature": "hardy",
      "usage": "0.0",
      "evs": {
        "hp": 0,
        "atk": 252,
        "def": 0,
        "spa": 0,
        "spd": 0,
        "spe": 252
      }
    }
  ],
  "teammates": {
    "3": 0.014214713911449184,
    "6": 0.0020860554359368177,
    "9": 0.039581924377057376,
    "12": 2.9432801973428013e-8,
    "15": 4.926810709404705e-7,
    "19": 1.2855833064762123e-10,
    "20": 0,
    "25": 7.54043986139763e-8,
    "26": 0.000008594541629547425,
    "31": 0.010275759508154791,
    "34": 0.00003910222207570424,
    "36": 0.33867295036393225,
    "38": 0,
    "53": 0,
    "59": 0.000035502176350288295,
    "62": 0,
    "65": 0.014866082263574387,
    "67": 4.387046281806306e-13,
    "73": 0.31708109494618586,
    "76": 0.000005037682168140822,
    "78": 0,
    "80": 0.10249432387137858,
    "82": 3.0276310954722243,
    "85": 0.000653759164469303,
    "89": 0,
    "91": 0.0006607411940683372,
    "94": 3.331505215929111,
    "101": 3.417698224428278e-8,
    "105": 0.000006211073856954297,
    "106": 6.015565121031408e-7,
    "107": 1.8396395518038844e-13,
    "110": 7.54492579524424e-11,
    "113": 5.696823744960611e-7,
    "115": 0.0001823044822968911,
    "121": 5.154163434454894,
    "124": 0.000006596076680520646,
    "130": 5.442119502823013,
    "131": 0,
    "132": 0,
    "134": 0.004486648923315073,
    "135": 0.0056930503155012135,
    "136": 0,
    "141": 2.4404822607237975e-9,
    "142": 1.076096174008955,
    "143": 0.02586464075000028,
    "144": 3.362051748112549e-9,
    "145": 1.9456964033479114,
    "146": 0,
    "149": 1.3564511836398436,
    "157": 0.015349653259918883,
    "160": 0.07446375307400549,
    "169": 0.045251704008266835,
    "171": 0,
    "181": 0,
    "184": 6.430405874446876e-9,
    "189": 2.941693555413849e-8,
    "195": 0,
    "196": 0,
    "197": 0.017294753851567257,
    "199": 0,
    "200": 0,
    "205": 2.1455480690457778,
    "206": 1.6041203365624312e-9,
    "208": 0.0024333206291330955,
    "211": 0.024750751454019726,
    "212": 1.3625337610695247,
    "214": 3.727026871842696,
    "215": 0.2998635279146313,
    "217": 0.017301445126448434,
    "227": 0.41786268140770166,
    "229": 0.0012057809818351028,
    "230": 2.5774325090678474,
    "232": 1.8203754374366388,
    "233": 0.2998635279146313,
    "237": 0.0019280985302121412,
    "241": 0,
    "242": 3.5716479396311143,
    "243": 2.6860980828309193,
    "244": 0.0001856217727848608,
    "245": 2.957361606022568,
    "248": 0.10637131855130183,
    "251": 0.30451099671805854,
    "254": 1.2359367529413134e-8,
    "257": 0.01539411811544844,
    "260": 0.3100827024493609,
    "272": 0.000036913199899346605,
    "275": 0,
    "277": 0.002810442211158004,
    "282": 0.000004995404133345538,
    "284": 0,
    "286": 0.1018514257674627,
    "289": 0.001702455921116064,
    "291": 0.00001763166845691888,
    "292": 0.000471630354342778,
    "295": 0,
    "297": 0.0016179964160255578,
    "302": 0,
    "303": 0,
    "304": 1.2855833064762123e-10,
    "306": 0.000003469645952658418,
    "308": 0.7319044156738437,
    "319": 0.000017493332363727188,
    "321": 0,
    "324": 4.918019083088865e-7,
    "330": 3.569886218844245,
    "334": 0,
    "335": 2.2568660273947216e-9,
    "338": 0.0006380819395314097,
    "342": 0,
    "344": 0.16331703389860547,