{
  "id": "82",
  "name": "Magneton",
  "format_id": "showdown_gen4ou-1760",
  "usage_metrics": {
    "raw": 3461,
    "base_weight": 273.7864212373417,
    "percent": 2.982695025681685
  },
  "roles": [
    {
      "role": "role_sweeper_special",
      "label": "Special Sweeper",
      "category": "OFF"
    },
    {
      "role": "role_disruptor",
      "label": "Disruptor",
      "category": "SUP"
    }
  ],
  "items": {
    "choice-scarf": 265.2097462735925,
    "expert-belt": 0.07476079067770375,
    "light-clay": 0.6097435910664147,
    "choice-specs": 0.0005957246406758654,
    "leftovers": 0.005110529003740705,
    "magnet": 0.0069645296881525875,
    "salac-berry": 0.015246061975009717,
    "nothing": 0.000016031979954256315,
    "life-orb": 0,
    "focus-sash": 7.842130430316591,
    "lum-berry": 0.022107274400885224
  },
  "abilities": {
    "magnet-pull": 273.78640520536175,
    "sturdy": 0.000016031979954256315
  },
  "moves": {
    "thunderbolt": 273.78640520536175,
    "hidden-power-fire": 3.7273155375672977,
    "explosion": 18.357930088128686,
    "flash-cannon": 243.3713550552542,
    "hidden-power-ice": 166.05864638335717,
    "thunder-wave": 271.4791938006689,
    "hidden-power-ground": 101.29204728430452,
    "magnet-rise": 0.07476079067770375,
    "reflect": 0.6097435910664147,
    "light-screen": 0.6097435910664147,
    "signal-beam": 0.0007065451472353379,
    "discharge": 0.000016031979954256315,
    "flash": 10.167016155761825,
    "tri-attack": 0.000016031979954256315,
    "mimic": 0,
    "toxic": 0.0007407624567111748,
    "rain-dance": 1.8950708338130577,
    "substitute": 0.015246061975013103,
    "sunny-day": 3.4947685551509418,
    "charge-beam": 0.01510398549827624,
    "thunder": 0,
    "magic-coat": 0.005129717200761996,
    "hidden-power-grass": 3.3861802251067274e-15,
    "hidden-power-dark": 0.18472894094972914,
    "refresh": 0,
    "screech": 0
  },
  "teras": {
    "nothing": 273.7864212373417
  },
  "spreads": [
    {
      "nature": "timid",
      "usage": "78.9",
      "evs": {
        "hp": 0,
        "atk": 0,
        "def": 0,
        "spa": 252,
        "spd": 4,
        "spe": 252
      }
    },
    {
      "nature": "naive",
      "usage": "9.0",
      "evs": {
        "hp": 0,
        "atk": 4,
        "def": 0,
        "spa": 252,
        "spd": 0,
        "spe": 252
      }
    },
    {
      "nature": "timid",
      "usage": "4.6",
      "evs": {
        "hp": 4,
        "atk": 0,
        "def": 0,
        "spa": 252,
        "spd": 0,
        "spe": 252
      }
    },
    {
      "nature": "timid",
      "usage": "3.6",
      "evs": {
        "hp": 20,
        "atk": 0,
        "def": 4,
        "spa": 232,
        "spd": 0,
        "spe": 252
      }
    },
    {
      "nature": "timid",
      "usage": "1.9",
      "evs": {
        "hp": 8,
        "atk": 0,
        "def": 0,
        "spa": 248,
        "spd": 0,
        "spe": 252
      }
    },
    {
      "nature": "timid",
      "usage": "1.4",
      "evs": {
        "hp": 0,
        "atk": 0,
        "def": 4,
        "spa": 252,
        "spd": 0,
        "spe": 252
      }
    },
    {
      "nature": "timid",
      "usage": "0.3",
      "evs": {
        "hp": 0,
        "atk": 4,
        "def": 0,
        "spa": 252,
        "spd": 0,
        "spe": 252
      }
    },
    {
      "nature": "timid",
      "usage": "0.2",
      "evs": {
        "hp": 0,
        "atk": 0,
        "def": 0,
        "spa": 252,
        "spd": 0,
        "spe": 252
      }
    },
    {
      "nature": "timid",
      "usage": "0.0",
      "evs": {
        "hp": 0,
        "atk": 0,
        "def": 0,
        "spa": 244,
        "spd": 12,
        "spe": 252
      }
    },
    {
      "nature": "naive",
      "usage": "0.0",
      "evs": {
        "hp": 0,
        "atk": 0,
        "def": 4,
        "spa": 252,
        "spd": 0,
        "spe": 252
      }
    }
  ],
  "teammates": {
    "3": 0,
    "6": 0.0005769496692788478,
    "9": 0.09236006078795128,
    "15": 1.2212453270876722e-14,
    "18": 0,
    "24": 1.2212453270876722e-14,
    "26": 0,
    "31": 4.150623227913299,
    "34": 0,
    "36": 22.243665528319816,
    "57": 1.2212453270876722e-14,
    "59": 0,
    "62": 6.3607753108795935,
    "65": 0,
    "73": 2.3352788697022193,
    "80": 6.181941392680024e-7,
    "87": 0,
    "91": 0.00008310257545413036,
    "93": 0.09236006078795128,
    "94": 7.176060390167699,
    "101": 3.164135620181696e-15,
    "105": 0,
    "106": 0,
    "107": 0.00002520473784412003,
    "110": 2.7755575615628914e-16,
    "112": 0,
    "113": 0,
    "115": 0,
    "121": 132.2103443163463,
    "124": 1.2212453270876722e-14,
    "130": 84.7100367523729,
    "131": 1.2212453270876722e-14,
    "132": 0,
    "134": 8.809380780405718e-9,
    "135": 3.164135620181696e-15,
    "142": 2.371589418927207,
    "143": 0.008858578747438783,
    "145": 4.390611152954306,
    "146": 0,
    "149": 128.6111167885781,
    "154": 0,
    "160": 0.000011272637545300945,
    "169": 0.007018951301009713,
    "171": 0,
    "184": 6.430385723898979e-9,
    "195": 6.740109670835363,
    "196": 0.05052325526526774,
    "197": 0,
    "203": 0,
    "205": 0.19031631819873657,
    "208": 0.011111597901450665,
    "210": 0,
    "212": 21.39987463643532,
    "214": 0.41560940560449766,
    "219": 0,
    "227": 31.777334309929557,
    "230": 8.337921086631027,
    "232": 14.954297029604822,
    "237": 0.295476667121604,
    "241": 0.011243941428916937,
    "242": 17.54854751046717,
    "245": 21.38044308594,
    "248": 157.94422017257978,
    "251": 24.93208000030431,
    "254": 0,
    "257": 0.00010642148891842895,
    "260": 34.20989437880358,
    "272": 0,
    "275": 0.00002032920777506053,
    "277": 0.024184796271260245,
    "286": 109.8724743707363,
    "289": 0.0016294833921104424,
    "291": 0.0127253088556884,
    "297": 12.422382669820621,
    "323": 2.3352788697022193,
    "330": 21.184465591832232,
    "338": 1.2722206726989427e-7,
    "346": 3.885780586188048e-16,
    "350": 1.5806425912846307,
    "352": 0,
    "354": 0,
    "365": 0.016080927472768014,
    "376": 31.955067516838444,
    "377": 1.3805167536906637e-7,
    "379": 0.06757686827314452,
    "380": 105.18984020331807,
    "385": 66.77798911238989,
    "392": 0.43345149256780674,
    "395": 2.009994814512326,
    "398": 0,
    "400": 1.0801359806578148e-12,
    "407": 1.242118096550192,
    "417": 0,
    "423": 25.872563713256543,
    "424": 0.0005957246394561744,
    "429": 0,
    "430": 0,
    "437": 107.87739721393193,
    "442": 0,
    "448": 0.015346580590581582,
    "450": 9.505271394523328,
    "454": 0,
    "455": 1.3877787807814457e-15,
    "460": 24.952499057583328,
    "461": 3.0276310954722243,
    "462": 10.00358052182713,
    "464": 0.4080527289791624,
    "466": 0,
    "468": 1.732841469335239,
    "469": 0.024037400267881426,
    "472": 30.365419852009545,
    "473": 1.8612970368656758,
    "474": 0.0761767678051718,
    "475": 0.00002520473784412003,
    "476": 0,
    "477": 0,
    "480": 2.85738082395972,
    "482": 11.362533008663075,
    "485": 22.02950008855855,
    "486": 0,
    "488": 17.69507095817798,
    "492": 0.661794067349071,
    "10008": 0.6168834576189545,
    "10009": 0.1520237666858218,
    "10010": 0.550788623529437,
    "10012": 0.007557903176565461
  }
}