{
  "id": "10033",
  "name": "Venusaur mega",
  "format_id": "showdown_gen7ou-1630",
  "usage_metrics": {
    "raw": 4635,
    "base_weight": 1014.3876023741386,
    "percent": 2.9397960219200323
  },
  "roles": [
    {
      "role": "role_staller",
      "label": "Staller",
      "category": "DEF"
    },
    {
      "role": "role_disruptor",
      "label": "Disruptor",
      "category": "SUP"
    },
    {
      "role": "role_speed_control",
      "label": "Speed Control",
      "category": "SUP"
    }
  ],
  "items": {
    "venusaurite": 1014.3876023741386
  },
  "abilities": {
    "thick-fat": 1014.3876023741386
  },
  "moves": {
    "giga-drain": 567.0188815958528,
    "sludge-bomb": 998.3927004928439,
    "hidden-power-fire": 909.154608803059,
    "synthesis": 995.4205951183347,
    "leech-seed": 182.94715340684908,
    "sleep-powder": 2.3127765583193933,
    "weather-ball": 0.6167718005412239,
    "knock-off": 334.85517008777686,
    "hidden-power-electric": 0.035951782047769165,
    "earthquake": 28.849768948058554,
    "energy-ball": 1.882413525672992,
    "substitute": 1.367410401896353,
    "hidden-power-ice": 0.255117731781603,
    "protect": 0.46139533824398715,
    "toxic": 1.4662555962557868,
    "roar": 1.2006305941372855,
    "solar-beam": 0.0019290411202982916,
    "leaf-storm": 0.001767292521496322,
    "grass-knot": 0.25545592580704013,
    "growth": 8.130106439063308,
    "reflect": 0.0023635862254417495,
    "light-screen": 0.10607476831257229,
    "swords-dance": 2.033446716519214,
    "power-whip": 2.002936907636043,
    "hidden-power-psychic": 0,
    "facade": 0,
    "curse": 3.5491394266438006,
    "petal-blizzard": 3.5784213566885885,
    "body-slam": 0,
    "outrage": 0.0012279436454147863,
    "double-edge": 3.3985192438024114e-10,
    "worry-seed": 2.1859741696757915,
    "stomping-tantrum": 0,
    "magical-leaf": 0.0006443451926255728,
    "hyper-beam": 0.23602418224000565,
    "petal-dance": 0,
    "bullet-seed": 0,
    "ingrain": 0,
    "hidden-power-ground": 0.3987750935981818,
    "poison-powder": 0,
    "hidden-power-poison": 0,
    "grass-pledge": 0,
    "seed-bomb": 0,
    "nature-power": 8.487731538900166,
    "hidden-power-rock": 0.00016336628890095684,
    "hidden-power-fighting": 0.007028417513207985,
    "amnesia": 0.000011666061086323953,
    "secret-power": 0.00007871026210259924,
    "frenzy-plant": 0.0008580598386236371,
    "giga-impact": 0.0008580598386236371,
    "fury-cutter": 0,
    "sunny-day": 0.33179070094852037
  },
  "teras": {
    "nothing": 1014.3876023741386
  },
  "spreads": [
    {
      "nature": "bold",
      "usage": "34.9",
      "evs": {
        "hp": 252,
        "atk": 0,
        "def": 252,
        "spa": 0,
        "spd": 0,
        "spe": 0
      }
    },
    {
      "nature": "bold",
      "usage": "13.6",
      "evs": {
        "hp": 252,
        "atk": 0,
        "def": 172,
        "spa": 0,
        "spd": 68,
        "spe": 16
      }
    },
    {
      "nature": "bold",
      "usage": "11.9",
      "evs": {
        "hp": 236,
        "atk": 0,
        "def": 252,
        "spa": 0,
        "spd": 0,
        "spe": 20
      }
    },
    {
      "nature": "bold",
      "usage": "8.3",
      "evs": {
        "hp": 248,
        "atk": 0,
        "def": 196,
        "spa": 0,
        "spd": 40,
        "spe": 24
      }
    },
    {
      "nature": "bold",
      "usage": "4.8",
      "evs": {
        "hp": 252,
        "atk": 0,
        "def": 172,
        "spa": 0,
        "spd": 84,
        "spe": 0
      }
    },
    {
      "nature": "bold",
      "usage": "3.5",
      "evs": {
        "hp": 240,
        "atk": 0,
        "def": 252,
        "spa": 0,
        "spd": 0,
        "spe": 16
      }
    },
    {
      "nature": "bold",
      "usage": "2.2",
      "evs": {
        "hp": 252,
        "atk": 0,
        "def": 236,
        "spa": 0,
        "spd": 0,
        "spe": 20
      }
    },
    {
      "nature": "bold",
      "usage": "1.6",
      "evs": {
        "hp": 252,
        "atk": 0,
        "def": 240,
        "spa": 0,
        "spd": 0,
        "spe": 16
      }
    },
    {
      "nature": "bold",
      "usage": "1.4",
      "evs": {
        "hp": 252,
        "atk": 0,
        "def": 188,
        "spa": 0,
        "spd": 68,
        "spe": 0
      }
    },
    {
      "nature": "bold",
      "usage": "1.3",
      "evs": {
        "hp": 252,
        "atk": 0,
        "def": 252,
        "spa": 0,
        "spd": 0,
        "spe": 4
      }
    }
  ],
  "teammates": {
    "6": 0.23516663664398318,
    "9": 0.23517410683515821,
    "12": 0.004601500098537548,
    "18": 0,
    "22": 0,
    "24": 6.189104784226629e-12,
    "25": 0.27477567348073284,
    "26": 0.2560602436333435,
    "28": 0.0008551792900300947,
    "31": 0.004774855413413881,
    "34": 13.064490714227967,
    "36": 60.93115650188851,
    "38": 0.00741241622065314,
    "39": 0,
    "40": 0.0008551792900300947,
    "49": 1.5774104245025455e-11,
    "57": 0.00000183815472792892,
    "59": 6.503324683501463,
    "62": 0.25146067119842885,
    "65": 0.00345124360789556,
    "68": 0.685934252148686,
    "71": 0,
    "73": 1.55482848818167e-11,
    "76": 2.780218277820268e-10,
    "80": 15.49410896501417,
    "85": 0,
    "86": 0.03983035385125838,
    "89": 0.011308847491498797,
    "91": 0.024965962914729856,
    "94": 11.507194145452154,
    "99": 2.6548285875227506e-7,
    "103": 0.007412929845370231,
    "105": 0.0000013887326172357106,
    "106": 0,
    "109": 0,
    "110": 0.5305427390718229,
    "112": 0.07517259556468686,
    "113": 670.7595037909347,
    "115": 0.000010682389848082341,
    "119": 0.0008551792900300947,
    "121": 137.67424175220293,
    "122": 0.03983035385125838,
    "124": 0.0017672921816456744,
    "126": 0.0005994142263819335,
    "130": 1.0084638658930871,
    "131": 0.0022327889070696827,
    "132": 7.034440160239374,
    "133": 0.0008551792900300947,
    "134": 0.01635002501578875,
    "135": 0.04108856436407238,
    "136": 0.03821765369651525,
    "141": 0.0005531322895551138,
    "143": 0.49425518482980213,
    "145": 49.82287691048868,
    "147": 7.544631586142714e-12,
    "149": 2.727914359055905,
    "151": 3.7676485208286006,
    "157": 0,
    "158": 0,
    "160": 13.99659400724282,
    "162": 1.27675647831893e-15,
    "164": 3.964458410923819,
    "168": 7.448486272210175e-13,
    "169": 11.959496327373484,
    "171": 0.00005268258179874641,
    "178": 7.451975536643118e-9,
    "184": 8.61856657401818,
    "186": 0.04415453235466005,
    "195": 0.82174983929086,
    "196": 1.335187658701543,
    "197": 16.568437627693015,
    "198": 0.00000878772365670022,
    "199": 13.067547523825851,
    "208": 0.0711876740213016,
    "211": 0,
    "212": 0.36498000102850375,
    "213": 0.00001184054921488098,
    "214": 0.13605704612987646,
    "219": 0.0007118464497748445,
    "226": 1.34740293183936,
    "227": 668.0323287065878,
    "232": 0.023031853656301615,
    "233": 0.14084160108459198,
    "235": 0.8823205263953833,
    "237": 0.04033372222949283,
    "242": 2.4568654310863427,
    "243": 12.997747472290532,
    "245": 19.646097560155212,
    "248": 4.686598738978757,
    "251": 1.0326304557052344,
    "254": 0.1639483606242933,
    "260": 0.38173347850184136,
    "264": 0.039382281776521144,
    "267": 0,
    "272": 0.00013007622993410628,
    "277": 0.023031853656301615,
    "279": 0.04665232668247338,
    "282": 1.8114752903049187,
    "284": 0.03712611484145206,
    "286": 0.9979229700353449,
    "289": 0.4688952519736599,
    "292": 0,
    "302": 0.02113874847278302,
    "303": 0.07071981763982499,
    "308": 0.0029658360663170624,
    "314": 6.160855159365042e-11,
    "324": 0.6942309471800898,
    "330": 5.35593798145495e-7,
    "342": 2.989206619790482,
    "344": 0.0017672921816443976,
    "346": 0.01253380004953586,
    "350": 0.10485402955050921,
    "354": 1.27675647831893e-15,
    "356": 0.002627917198460006,
    "368": 0.00000192766362289154,