{
  "id": "227",
  "name": "Skarmory",
  "format_id": "showdown_gen7ou-1630",
  "usage_metrics": {
    "raw": 8571,
    "base_weight": 2326.9731852444033,
    "percent": 5.43624416480617
  },
  "roles": [
    {
      "role": "role_wall_physical",
      "label": "Physical Wall",
      "category": "DEF"
    },
    {
      "role": "role_disruptor",
      "label": "Disruptor",
      "category": "SUP"
    },
    {
      "role": "role_speed_control",
      "label": "Speed Control",
      "category": "SUP"
    }
  ],
  "items": {
    "leftovers": 140.4334837904239,
    "rocky-helmet": 1807.7321151229714,
    "custap-berry": 2.004064225690726,
    "flyinium-z": 314.08573628104057,
    "babiri-berry": 0.11782286820117632,
    "expert-belt": 0,
    "quick-claw": 0.00004794765119503497,
    "shed-shell": 44.82722762944486,
    "wacan-berry": 4.251999128901396e-7,
    "life-orb": 0.23795343559038457,
    "nothing": 0.000028358428391273005,
    "red-card": 11.553145642400395,
    "salac-berry": 0.0012460960934655985,
    "iapapa-berry": 2.825538397662156,
    "mental-herb": 0.2756425842770722,
    "micle-berry": 1.9999999958306658,
    "aguav-berry": 0.12134965819236415,
    "weakness-policy": 6.661338147750939e-16,
    "sitrus-berry": 0.00005449406370028331,
    "mago-berry": 0.08476818261044267,
    "lum-berry": 0.000296867303338999,
    "focus-sash": 0.00016417066042412332,
    "sharp-beak": 0.017694225440974154,
    "wiki-berry": 0.04390494517229265,
    "psychic-seed": 0.00005150474072473932,
    "choice-band": 0.5943738090071977,
    "eject-button": 0.016474586193670426,
    "choice-scarf": 1.1179718262255278e-10,
    "assault-vest": 9.992007221626409e-16,
    "eviolite": 0
  },
  "abilities": {
    "sturdy": 2311.757461970339,
    "weak-armor": 11.407974482866223,
    "keen-eye": 3.807748791197988
  },
  "moves": {
    "tailwind": 0.1846330042912896,
    "stealth-rock": 66.98500115368176,
    "drill-peck": 55.92319344719737,
    "defog": 616.5619416647227,
    "spikes": 2049.6309117599085,
    "roost": 2303.180950720667,
    "brave-bird": 1285.4029887988759,
    "counter": 543.4894065643476,
    "toxic": 156.30533287402451,
    "whirlwind": 1811.0662686977707,
    "taunt": 18.49543115587973,
    "iron-head": 59.43771091692195,
    "roar": 9.217166660385969,
    "swords-dance": 292.14240505216844,
    "air-slash": 0.017736113820792265,
    "facade": 1.1832307356129945e-8,
    "flash-cannon": 0.00005291475182944705,
    "steel-wing": 0.0050099881682887926,
    "sleep-talk": 0.0015042437676762166,
    "night-slash": 1.1238147868346506,
    "rock-slide": 4.524403123484268,
    "natural-gift": 1.9999999958306658,
    "fly": 0.0000535622714275541,
    "protect": 0.00011930976099194801,
    "iron-defense": 19.835894530327224,
    "guard-swap": 0.00003397766917978551,
    "aerial-ace": 0.00422136243958976,
    "rock-tomb": 0.004626855336669844,
    "autotomize": 3.458654934673788e-8,
    "hidden-power-ground": 0.000020419796973480953,
    "dark-pulse": 0.017694225440974154,
    "sky-attack": 0.000007058898229439503,
    "curse": 1.2739146793006029e-8,
    "x-scissor": 4.716719457090772,
    "endure": 0.2699976903146113,
    "hidden-power-fire": 7.3275156929660055,
    "pursuit": 0.00040008604364261124,
    "": 0.011700803719220887,
    "agility": 0,
    "substitute": 0.007872248870215037,
    "sandstorm": 0,
    "sand-attack": 0
  },
  "teras": {
    "nothing": 2326.9731852444042
  },
  "spreads": [
    {
      "nature": "impish",
      "usage": "15.4",
      "evs": {
        "hp": 252,
        "atk": 0,
        "def": 252,
        "spa": 0,
        "spd": 0,
        "spe": 4
      }
    },
    {
      "nature": "impish",
      "usage": "10.9",
      "evs": {
        "hp": 252,
        "atk": 0,
        "def": 232,
        "spa": 0,
        "spd": 0,
        "spe": 24
      }
    },
    {
      "nature": "bold",
      "usage": "10.2",
      "evs": {
        "hp": 252,
        "atk": 0,
        "def": 252,
        "spa": 0,
        "spd": 4,
        "spe": 0
      }
    },
    {
      "nature": "impish",
      "usage": "7.7",
      "evs": {
        "hp": 252,
        "atk": 0,
        "def": 236,
        "spa": 0,
        "spd": 0,
        "spe": 20
      }
    },
    {
      "nature": "bold",
      "usage": "6.9",
      "evs": {
        "hp": 252,
        "atk": 0,
        "def": 232,
        "spa": 0,
        "spd": 0,
        "spe": 24
      }
    },
    {
      "nature": "impish",
      "usage": "5.5",
      "evs": {
        "hp": 252,
        "atk": 0,
        "def": 252,
        "spa": 0,
        "spd": 4,
        "spe": 0
      }
    },
    {
      "nature": "bold",
      "usage": "4.1",
      "evs": {
        "hp": 248,
        "atk": 0,
        "def": 252,
        "spa": 0,
        "spd": 8,
        "spe": 0
      }
    },
    {
      "nature": "impish",
      "usage": "3.1",
      "evs": {
        "hp": 248,
        "atk": 0,
        "def": 236,
        "spa": 0,
        "spd": 0,
        "spe": 24
      }
    },
    {
      "nature": "impish",
      "usage": "3.0",
      "evs": {
        "hp": 248,
        "atk": 0,
        "def": 216,
        "spa": 0,
        "spd": 0,
        "spe": 44
      }
    },
    {
      "nature": "bold",
      "usage": "2.9",
      "evs": {
        "hp": 224,
        "atk": 0,
        "def": 228,
        "spa": 0,
        "spd": 0,
        "spe": 56
      }
    }
  ],
  "teammates": {
    "3": 2.2050180641682884,
    "6": 0.15519546446270277,
    "9": 0.0001329810914996732,
    "12": 0.1264513085231055,
    "19": 0.00000483543931178998,
    "20": 3.929800929114435e-12,
    "25": 6.382598593535072e-7,
    "31": 0,
    "34": 0.5539154659508962,
    "36": 478.5349545240904,
    "51": 0.006945771731310335,
    "59": 2.390624607896491,
    "65": 34.04005484197753,
    "68": 0.04244432033065959,
    "71": 0.7728559395253658,
    "73": 6.554465663622459,
    "74": 0,
    "76": 0,
    "78": 0.46891114024547065,
    "80": 41.04621546099412,
    "85": 0.0026863687594412267,
    "91": 0.4385768461422182,
    "93": 0.00001903995017421556,
    "94": 0.915410588068126,
    "101": 0.08118542917883104,
    "110": 1.350309396519478e-7,
    "113": 1537.5571104681696,
    "115": 0.005686648210788237,
    "121": 137.9238452285655,
    "126": 0.00012890660412928634,
    "127": 4.078848370170363e-12,
    "130": 40.20191997689416,
    "131": 0.000018291973990613997,
    "132": 105.22495542457811,
    "134": 0.024612350055655263,
    "135": 0.22184105192169595,
    "141": 0.01609204566522554,
    "142": 0,
    "143": 19.15395983836016,
    "145": 14.093851886581904,
    "146": 1.000049554597187,
    "149": 73.29046672857291,
    "151": 82.66431083051829,
    "157": 0.16545469542803198,
    "160": 0.9257722336896346,
    "169": 0,
    "171": 0.09520120271864446,
    "178": 0.00006376681498004855,
    "184": 1.183741242489774,
    "186": 2.934725700358,
    "195": 72.9387540525404,
    "196": 4.385312442280769,
    "197": 17.24551633199188,
    "198": 1.0548059703463508e-8,
    "199": 4.096642229621537,
    "202": 0,
    "205": 0.00011412662843635069,
    "207": 6.106226635438361e-16,
    "208": 2.923438277275128,
    "212": 0.004613746213577519,
    "213": 0.00021389855354031484,
    "214": 0.3318422863581206,
    "217": 0.03206922842444965,
    "226": 0.4114676730144279,
    "229": 0,
    "230": 0.25578991970587905,
    "232": 0.000028413318309550295,
    "233": 0.23048221666775565,
    "235": 0.0019545661885821963,
    "237": 3.458654934673788e-8,
    "241": 0.6202762217534992,
    "242": 73.10556020378118,
    "243": 13.191034110486667,
    "244": 0.00787224887016763,
    "245": 21.246207959880127,
    "247": 0.06796737290492239,
    "248": 104.39022543822318,
    "251": 0,
    "254": 0.4347551205064246,
    "260": 0.05802415236377639,
    "263": 0,
    "264": 0.7773484362446226,
    "272": 1.4720638885634685e-7,
    "276": 0.00000483543931178998,
    "277": 0.4829761501886913,
    "279": 44.46432196791208,
    "282": 0.004709138223531251,