{
  "id": "647",
  "name": "Keldeo Ordinary",
  "format_id": "showdown_gen7ou-1630",
  "usage_metrics": {
    "raw": 4701,
    "base_weight": 1594.006751097086,
    "percent": 2.9816571950476964
  },
  "roles": [
    {
      "role": "role_sweeper_special",
      "label": "Special Sweeper",
      "category": "OFF"
    },
    {
      "role": "role_setup",
      "label": "Setup Sweeper",
      "category": "OFF"
    }
  ],
  "items": {
    "rocky-helmet": 0.1771524890551448,
    "leftovers": 1017.3597344763072,
    "choice-specs": 163.29596188646238,
    "fightinium-z": 0.21334270033884845,
    "choice-scarf": 111.54820726049805,
    "mystic-water": 0.3431914664075534,
    "waterium-z": 283.0571275999712,
    "life-orb": 5.679973662055478,
    "iapapa-berry": 0.06676721267694435,
    "focus-sash": 0.1244181997143457,
    "quick-claw": 1.6198083152563214e-8,
    "shell-bell": 0,
    "nothing": 0.0035018485978394742,
    "sitrus-berry": 0,
    "expert-belt": 0.07438322093654337,
    "choice-band": 0.0023890118155328044,
    "black-belt": 0,
    "assault-vest": 11.637452527190968,
    "water-memory": 0,
    "normalium-z": 0.4191206576156878,
    "aguav-berry": 0.003202787961699538,
    "payapa-berry": 0,
    "wide-lens": 0,
    "lum-berry": 0.0008240732872418777
  },
  "abilities": {
    "justified": 1594.006751097086
  },
  "moves": {
    "toxic": 57.45385213983321,
    "surf": 107.13512368052906,
    "icy-wind": 114.11365077634052,
    "protect": 0.21391418689306202,
    "calm-mind": 1269.8106217964137,
    "scald": 1196.3475907009063,
    "secret-sword": 1582.4790723270978,
    "substitute": 1128.4889400179547,
    "taunt": 191.22467525220245,
    "focus-blast": 26.680531912922543,
    "sacred-sword": 11.51190439077053,
    "poison-jab": 0.005821765317992722,
    "hydro-pump": 456.4568239508854,
    "hidden-power-ice": 4.161280708866804,
    "roar": 5.004992266307329,
    "hidden-power-poison": 60.49447681570496,
    "hidden-power-bug": 0.6793802625926026,
    "hidden-power-electric": 82.56165405407488,
    "hidden-power-fire": 1.5404450946680843,
    "stone-edge": 14.132452951830098,
    "hidden-power-grass": 40.14042266579934,
    "rain-dance": 0,
    "aqua-jet": 4.489907763545306,
    "liquidation": 0.054533145152957485,
    "swords-dance": 0.000831265942067505,
    "hidden-power-flying": 4.16283040317698,
    "hidden-power-ghost": 1.9996356020104358,
    "rest": 0,
    "close-combat": 0.005821748653142389,
    "endeavor": 4.533963894605392,
    "hidden-power-rock": 9.581744084578123,
    "hyper-beam": 0.4191206576156878,
    "sleep-talk": 0,
    "last-resort": 0.003202787961699538,
    "water-pulse": 0,
    "hidden-power-ground": 0.13778531719884313
  },
  "teras": {
    "nothing": 1594.006751097086
  },
  "spreads": [
    {
      "nature": "timid",
      "usage": "50.5",
      "evs": {
        "hp": 0,
        "atk": 0,
        "def": 0,
        "spa": 252,
        "spd": 4,
        "spe": 252
      }
    },
    {
      "nature": "timid",
      "usage": "32.2",
      "evs": {
        "hp": 4,
        "atk": 0,
        "def": 0,
        "spa": 252,
        "spd": 0,
        "spe": 252
      }
    },
    {
      "nature": "timid",
      "usage": "5.0",
      "evs": {
        "hp": 0,
        "atk": 0,
        "def": 4,
        "spa": 252,
        "spd": 0,
        "spe": 252
      }
    },
    {
      "nature": "timid",
      "usage": "2.8",
      "evs": {
        "hp": 8,
        "atk": 0,
        "def": 0,
        "spa": 244,
        "spd": 4,
        "spe": 252
      }
    },
    {
      "nature": "timid",
      "usage": "2.4",
      "evs": {
        "hp": 0,
        "atk": 0,
        "def": 76,
        "spa": 100,
        "spd": 76,
        "spe": 252
      }
    },
    {
      "nature": "timid",
      "usage": "1.6",
      "evs": {
        "hp": 252,
        "atk": 0,
        "def": 0,
        "spa": 0,
        "spd": 4,
        "spe": 252
      }
    },
    {
      "nature": "timid",
      "usage": "1.1",
      "evs": {
        "hp": 48,
        "atk": 0,
        "def": 0,
        "spa": 252,
        "spd": 0,
        "spe": 208
      }
    },
    {
      "nature": "timid",
      "usage": "1.0",
      "evs": {
        "hp": 0,
        "atk": 0,
        "def": 0,
        "spa": 180,
        "spd": 76,
        "spe": 252
      }
    },
    {
      "nature": "hasty",
      "usage": "0.7",
      "evs": {
        "hp": 0,
        "atk": 4,
        "def": 0,
        "spa": 252,
        "spd": 0,
        "spe": 252
      }
    },
    {
      "nature": "timid",
      "usage": "0.6",
      "evs": {
        "hp": 252,
        "atk": 0,
        "def": 0,
        "spa": 0,
        "spd": 64,
        "spe": 192
      }
    }
  ],
  "teammates": {
    "3": 2.130249942584309,
    "9": 0.004187036116458598,
    "25": 0,
    "31": 1.064145549198492,
    "34": 9.842803587809248,
    "36": 67.30321430822589,
    "38": 2.074254945792461,
    "59": 0.006127523366122045,
    "65": 0.5986819566716484,
    "73": 0.0704788638421655,
    "78": 0.6005442033035506,
    "82": 0.07943667586976455,
    "89": 7.892252962271584e-10,
    "91": 0.13779298358530628,
    "94": 15.998674075613726,
    "101": 0.556409459756911,
    "106": 9.48897233010726e-9,
    "112": 0.000009993905589422702,
    "113": 445.8385787669208,
    "121": 9.960805643004072,
    "130": 4.848055475005321,
    "132": 25.627900481788874,
    "141": 0,
    "143": 0.09883710095870057,
    "145": 181.45456524379244,
    "149": 39.04782926310097,
    "151": 7.060467544362167,
    "157": 0,
    "169": 0.06797983336805347,
    "178": 23.67602854138305,
    "184": 0.05050670865888135,
    "186": 1.9975848712188724,
    "199": 2.1003777881565875,
    "205": 0.04449219304535057,
    "207": 0.18249838632690363,
    "212": 2.8407829231462793,
    "213": 6.193305805035624,
    "214": 0.9359379258180158,
    "217": 0.0017352069725249941,
    "227": 395.41604996294546,
    "229": 0.0001375883361294239,
    "230": 0.5346022593572162,
    "232": 0.00080784708638304,
    "237": 0.6084975903637071,
    "242": 2.2468765117365934,
    "243": 0.05527355659284222,
    "245": 0,
    "248": 35.95794980374199,
    "251": 0.012635639886322936,
    "264": 0.0017368081097514088,
    "272": 0.3014398780984602,
    "279": 48.20756030417135,
    "282": 6.025219212446586e-11,
    "286": 0.1106116074326498,
    "289": 0,
    "308": 7.892252962271584e-10,
    "317": 0.005713243505342136,
    "319": 0.0411037600415306,
    "324": 0,
    "330": 0.0914902225180741,
    "342": 0,
    "344": 0.37758405657788807,
    "373": 2.7635036652946976,
    "376": 0.032450979192448826,
    "380": 3.666626378628912e-7,
    "381": 138.06176115770668,
    "385": 108.56775931443363,
    "389": 1.5726653312952976e-9,
    "392": 0.12448442015908373,
    "395": 0,
    "398": 0.0070144739497255415,
    "409": 0.3348218268033011,
    "424": 0.05527337292668166,
    "426": 0,
    "445": 95.94485625011811,
    "448": 0.00019925012189497826,
    "450": 62.26734952159587,
    "454": 0,
    "461": 62.0726833889165,
    "462": 8.646736090600982,
    "465": 10.955012164305074,
    "468": 5.351792399400292,
    "469": 0.00023626462947073934,
    "472": 85.59662403195071,
    "473": 7.38276164365178,
    "474": 8.099704845625777,
    "475": 0,
    "477": 0.0025546275038685895,
    "478": 0.22768935709058452,
    "480": 0,
    "482": 21.705992457074395,
    "485": 784.9213423634562,
    "488": 85.35007290386824,
    "490": 2.5820767487557297,
    "492": 0.026510038757387666,
    "494": 146.79470265835414,
    "495": 0,
    "497": 143.8893800449288,
    "500": 0,
    "508": 0,
    "510": 0,
    "523": 0,
    "526": 2.3765015080510286,
    "530": 143.50140623823987,
    "531": 1.0142835460413835e-9,
    "534": 0.24572280472186497,
    "537": 35.13312617728239,
    "545": 7.70247166631138,
    "547": 0,
    "553": 5.698978683410516e-8,
    "555": 0.05171126914010038,
    "561": 0.3348218268033011,
    "567": 6.933285146559776e-7,
    "571": 0.06355815856333985,