{
  "id": "94",
  "name": "Gengar",
  "format_id": "showdown_gen7ou-1630",
  "usage_metrics": {
    "raw": 3072,
    "base_weight": 238.50939786616826,
    "percent": 1.948447331033083
  },
  "roles": [
    {
      "role": "role_sweeper_special",
      "label": "Special Sweeper",
      "category": "OFF"
    },
    {
      "role": "role_disruptor",
      "label": "Disruptor",
      "category": "SUP"
    }
  ],
  "items": {
    "choice-scarf": 101.8038641589394,
    "nothing": 0.01507392332229135,
    "choice-specs": 55.671255794464585,
    "black-sludge": 0.3328884618284366,
    "ghostium-z": 18.91731583915669,
    "life-orb": 20.738369717313205,
    "air-balloon": 6.621229780567894e-7,
    "focus-sash": 16.553404502638575,
    "leftovers": 0.04508961259924532,
    "spell-tag": 0,
    "poisonium-z": 0.0751725956300085,
    "choice-band": 0,
    "expert-belt": 2.209489004294784,
    "assault-vest": 0.004293843971518996,
    "rocky-helmet": 0.00008335819983557036,
    "electrium-z": 22.010445610930788,
    "aguav-berry": 0,
    "black-glasses": 0,
    "lum-berry": 0.009419558002405737,
    "fightinium-z": 0,
    "shell-bell": 0,
    "wise-glasses": 0.11889223606018967,
    "sitrus-berry": 0,
    "medichamite": 0.003571119565882741,
    "quick-claw": 0.0007678671271121873,
    "normal-gem": 0
  },
  "abilities": {
    "cursed-body": 238.50939786616826
  },
  "moves": {
    "shadow-ball": 215.3213473232132,
    "sludge-bomb": 56.448464147105945,
    "focus-blast": 121.67977503996772,
    "energy-ball": 12.204521731619511,
    "dazzling-gleam": 8.983635564045018,
    "ice-punch": 0.000005117964862688673,
    "will-o-wisp": 22.983615700493715,
    "psychic": 0.7468906237029138,
    "hex": 24.31114903056234,
    "sludge-wave": 142.69235597065776,
    "thunderbolt": 21.8596943939843,
    "giga-drain": 7.0728629007287775,
    "destiny-bond": 64.83111660876989,
    "substitute": 0.5961927520387325,
    "disable": 0.0355278559749741,
    "taunt": 50.89331053047411,
    "trick": 143.24482507935454,
    "poison-jab": 0,
    "toxic": 0.13478289344817518,
    "venoshock": 0.0001363065916782924,
    "mega-punch": 0,
    "protect": 1.0226280270383623,
    "thunder": 22.01540282508134,
    "dark-pulse": 0.7175333485614963,
    "curse": 1.7892822671008373,
    "icy-wind": 2.268209802226927,
    "hypnosis": 0.000632133499427201,
    "hidden-power-ice": 9.10401131433376,
    "foul-play": 0.000567515274939534,
    "sucker-punch": 0.06248186359977337,
    "dream-eater": 0.000632133499427201,
    "hidden-power-fire": 0.16816875579899582,
    "perish-song": 0,
    "night-shade": 0,
    "clear-smog": 0.0008521417139187304,
    "metronome": 0.012239360028699686,
    "explosion": 0.00008367383343682588,
    "focus-punch": 3.3985192438024114e-10,
    "double-edge": 3.3985192438024114e-10,
    "pain-split": 21.998674067959936,
    "shadow-claw": 0.016420497065590733,
    "brick-break": 0.0009807802904738816,
    "trick-room": 0.7748426532130508,
    "fire-punch": 0.004080188174940935,
    "knock-off": 0.039014852491076,
    "body-slam": 0,
    "haze": 0.0000010957541503042734,
    "confuse-ray": 0.0006332292535775053,
    "shadow-punch": 3.38347260153693e-7,
    "mimic": 0.000009029153154871405,
    "psych-up": 0
  },
  "teras": {
    "nothing": 238.50939786616826
  },
  "spreads": [
    {
      "nature": "timid",
      "usage": "71.2",
      "evs": {
        "hp": 0,
        "atk": 0,
        "def": 0,
        "spa": 252,
        "spd": 4,
        "spe": 252
      }
    },
    {
      "nature": "timid",
      "usage": "13.0",
      "evs": {
        "hp": 0,
        "atk": 0,
        "def": 4,
        "spa": 252,
        "spd": 0,
        "spe": 252
      }
    },
    {
      "nature": "timid",
      "usage": "12.5",
      "evs": {
        "hp": 4,
        "atk": 0,
        "def": 0,
        "spa": 252,
        "spd": 0,
        "spe": 252
      }
    },
    {
      "nature": "modest",
      "usage": "1.8",
      "evs": {
        "hp": 0,
        "atk": 0,
        "def": 0,
        "spa": 252,
        "spd": 4,
        "spe": 252
      }
    },
    {
      "nature": "hardy",
      "usage": "0.4",
      "evs": {
        "hp": 0,
        "atk": 0,
        "def": 0,
        "spa": 252,
        "spd": 0,
        "spe": 252
      }
    },
    {
      "nature": "timid",
      "usage": "0.4",
      "evs": {
        "hp": 0,
        "atk": 0,
        "def": 0,
        "spa": 252,
        "spd": 0,
        "spe": 252
      }
    },
    {
      "nature": "modest",
      "usage": "0.2",
      "evs": {
        "hp": 4,
        "atk": 0,
        "def": 0,
        "spa": 252,
        "spd": 0,
        "spe": 252
      }
    },
    {
      "nature": "hardy",
      "usage": "0.2",
      "evs": {
        "hp": 4,
        "atk": 0,
        "def": 0,
        "spa": 252,
        "spd": 0,
        "spe": 252
      }
    },
    {
      "nature": "hardy",
      "usage": "0.1",
      "evs": {
        "hp": 0,
        "atk": 0,
        "def": 0,
        "spa": 252,
        "spd": 4,
        "spe": 252
      }
    },
    {
      "nature": "timid",
      "usage": "0.1",
      "evs": {
        "hp": 80,
        "atk": 0,
        "def": 236,
        "spa": 0,
        "spd": 0,
        "spe": 192
      }
    }
  ],
  "teammates": {
    "2": 0.00009266147395475821,
    "3": 0.17261888111635537,
    "6": 0.8900672123261666,
    "8": 0.000020025790125555165,
    "9": 0.17635154042572976,
    "18": 0.00011227879562869525,
    "24": 9.78289671493826e-12,
    "25": 23.323800754296286,
    "26": 1.0547118733938987e-15,
    "31": 0.0006722829277250875,
    "34": 37.48449377330067,
    "36": 2.4392976864479925,
    "38": 0.00006328602488320234,
    "40": 0,
    "49": 2.3869795029440866e-15,
    "51": 0,
    "55": 9.78289671493826e-12,
    "57": 0.00041937868220387475,
    "59": 0.03078796146536944,
    "62": 0.00011229362575032598,
    "64": 4.070889020324486e-8,
    "65": 0.0012290490329914805,
    "68": 0.6833596667161091,
    "71": 0.00006204718624480687,
    "73": 0.0015821800733999414,
    "76": 0.006491449651459091,
    "80": 0.0017239397252905575,
    "82": 1.0713054887645512e-9,
    "85": 0,
    "89": 0,
    "91": 2.119801589743309,
    "92": 0,
    "93": 1.7141388142238867e-7,
    "97": 0,
    "99": 0.0000036856008166497034,
    "101": 0.3506075066599333,
    "105": 0.00011227879562869525,
    "106": 0,
    "107": 0.00027679950902942396,
    "110": 0.0006089745506411837,
    "112": 0.07517261039480955,
    "113": 2.2610231083373247,
    "115": 0.0007048630755200902,
    "121": 1.1285837678906296,
    "122": 0.0032140434442142762,
    "123": 0.0006321483295488317,
    "125": 1.4830121630726723e-8,
    "128": 4.1286253971151154e-8,
    "130": 2.2106511350949494,
    "131": 0.000028709159001771845,
    "132": 0.07118819676409816,
    "133": 0,
    "135": 0.01155627249413782,
    "136": 0,
    "141": 0.0005531322895551138,
    "142": 0.6834338597440364,
    "143": 5.859933205896771,
    "145": 33.84175755958389,
    "149": 4.154871713634174,
    "151": 0.8866223141240843,
    "154": 1.1148796558169138e-7,
    "157": 1.0184645859357517,
    "160": 0.33110056718607594,
    "164": 0,
    "168": 5.5157989287124565e-11,
    "169": 12.425312733700274,
    "178": 0.00020359294772298586,
    "181": 0.00001260483844206517,
    "182": 0,
    "184": 4.396773197726129,
    "195": 0.10980861496321837,
    "196": 0.028212238135753853,
    "197": 0.07869422018416966,
    "199": 0.0000010957541503042734,
    "205": 0.000014674146486426398,
    "207": 2.103273358255997e-7,
    "208": 0.07216992881005546,
    "211": 0,
    "212": 0.25748336054639265,
    "213": 0.7978283989794742,
    "214": 0.3318422863581206,
    "215": 1.0713054887645512e-9,
    "217": 0.0320835017405382,
    "226": 0,
    "227": 0.915410588068126,
    "232": 0.01183039197168062,
    "233": 0.28564811114231137,
    "235": 0.03283298635150805,
    "237": 0.00045046424105804617,
    "241": 0,
    "242": 0.010943808425200596,
    "243": 0.002960975117551945,