{
  "id": "10009",
  "name": "Rotom Wash",
  "format_id": "showdown_gen7ou",
  "usage_metrics": {
    "raw": 15529,
    "base_weight": 721.0033890946929,
    "percent": 9.84942662878019
  },
  "items": {
    "leftovers": 181.79707089320183,
    "wiki-berry": 197.01248253462919,
    "iapapa-berry": 153.51798557989395,
    "choice-scarf": 10.384776552932326,
    "electriumz": 23.29889576469927,
    "rocky-helmet": 2.0732753899347354,
    "wateriumz": 125.02423133379155,
    "aguav-berry": 24.660533501855134,
    "assault-vest": 0.03543496186959594,
    "life-orb": 0.0009094873787493518,
    "magnet": 0.0000011325066991418886,
    "flame-orb": 0.00000573591371194615,
    "quick-claw": 0,
    "sitrus-berry": 0.0693038082945166,
    "light-clay": 0.004229815031567663,
    "chesto-berry": 1.582067810090848e-14,
    "nothing": 0.000012463552403141342,
    "choice-specs": 1.544076049960605,
    "mago-berry": 0.892507923363532,
    "wide-lens": 0.010405697277555859,
    "focus-sash": 0.007894912130490095,
    "choice-band": 0,
    "safety-goggles": 0,
    "mystic-water": 0,
    "custap-berry": 0.6596987360690856,
    "expert-belt": 0.000020105280272297854,
    "figy-berry": 0,
    "heat-rock": 0.00927557634653553,
    "rindo-berry": 0,
    "mental-herb": 0,
    "zap-plate": 0,
    "grassiumz": 0.00036113877872390177,
    "lum-berry": 0
  },
  "abilities": {
    "levitate": 721.0033890946929
  },
  "moves": {
    "will-o-wisp": 460.35904583221264,
    "defog": 541.4133225688415,
    "hydro-pump": 715.5371532430833,
    "volt-switch": 719.9178902185827,
    "pain-split": 233.10627947172262,
    "trick": 11.930206652151583,
    "thunder": 22.766946602170798,
    "thunder-wave": 162.80600558418513,
    "shadow-ball": 0.024371008092321067,
    "hex": 0.03097251757870534,
    "thunderbolt": 1.340835036626141,
    "discharge": 1.1221050899904976,
    "dark-pulse": 0.6748245873970895,
    "toxic": 11.927933012083242,
    "hiddenpowerfire": 0.07184022013351427,
    "hiddenpowerice": 0.0308739640378497,
    "protect": 0.029121635297390702,
    "charge-beam": 0.003840384747144543,
    "signal-beam": 0.0008342542685919052,
    "reflect": 0.005586025132244488,
    "light-screen": 0.005442375874753491,
    "rest": 0.00032174745636931457,
    "hiddenpowergrass": 0.8784637372666826,
    "hiddenpowerfighting": 1.1520628895311802e-10,
    "electroweb": 0.0007129346834832129,
    "rain-dance": 0.000044425935266378946,
    "foul-play": 0.004094934396826455,
    "sunny-day": 0.00927557634653553,
    "disarming-voice": 0.001091844127243058,
    "substitute": 0.0061640989035884886,
    "electro-ball": 0,
    "hiddenpowerpsychic": 0.007894912130490095,
    "sucker-punch": 0,
    "uproar": 0.00006188319663147368,
    "thief": 0
  },
  "teras": {
    "nothing": 721.0033890946929
  },
  "spreads": [
    {
      "nature": "Calm",
      "usage": "20.9",
      "evs": {
        "hp": 252,
        "atk": 0,
        "def": 4,
        "spa": 0,
        "spd": 252,
        "spe": 0
      }
    },
    {
      "nature": "Bold",
      "usage": "15.4",
      "evs": {
        "hp": 252,
        "atk": 0,
        "def": 252,
        "spa": 0,
        "spd": 4,
        "spe": 0
      }
    },
    {
      "nature": "Bold",
      "usage": "10.3",
      "evs": {
        "hp": 252,
        "atk": 0,
        "def": 200,
        "spa": 0,
        "spd": 0,
        "spe": 56
      }
    },
    {
      "nature": "Calm",
      "usage": "5.4",
      "evs": {
        "hp": 248,
        "atk": 0,
        "def": 64,
        "spa": 0,
        "spd": 196,
        "spe": 0
      }
    },
    {
      "nature": "Modest",
      "usage": "5.0",
      "evs": {
        "hp": 136,
        "atk": 0,
        "def": 0,
        "spa": 136,
        "spd": 0,
        "spe": 236
      }
    },
    {
      "nature": "Bold",
      "usage": "4.2",
      "evs": {
        "hp": 248,
        "atk": 0,
        "def": 252,
        "spa": 0,
        "spd": 0,
        "spe": 8
      }
    },
    {
      "nature": "Calm",
      "usage": "2.8",
      "evs": {
        "hp": 252,
        "atk": 0,
        "def": 0,
        "spa": 0,
        "spd": 212,
        "spe": 44
      }
    },
    {
      "nature": "Calm",
      "usage": "2.6",
      "evs": {
        "hp": 244,
        "atk": 0,
        "def": 20,
        "spa": 0,
        "spd": 244,
        "spe": 0
      }
    },
    {
      "nature": "Timid",
      "usage": "2.0",
      "evs": {
        "hp": 60,
        "atk": 0,
        "def": 0,
        "spa": 232,
        "spd": 0,
        "spe": 216
      }
    },
    {
      "nature": "Calm",
      "usage": "1.6",
      "evs": {
        "hp": 248,
        "atk": 0,
        "def": 8,
        "spa": 0,
        "spd": 252,
        "spe": 0
      }
    }
  ],
  "teammates": {
    "3": 0.26664677858501673,
    "6": 0,
    "9": 2.636970838909569e-7,
    "12": 2.524669143189051e-7,
    "19": 0,
    "25": 0,
    "30": 0.9819907740650194,
    "31": 0.1645846037235007,
    "34": 4.178620478390359,
    "36": 75.83748370249685,
    "38": 1.3486532174367127e-7,
    "40": 0.0005740266140171757,
    "45": 0,
    "47": 0,
    "49": 8.151979091763906e-12,
    "57": 0,
    "59": 0.26485296648648676,
    "62": 5.368994138166272e-10,
    "65": 0.2341075774986891,
    "68": 0.00008458636163100053,
    "73": 0.00014893826747724992,
    "76": 1.1445795222719823e-7,
    "78": 0.0000011184306584199888,
    "80": 0.10243112490473194,
    "82": 0,
    "85": 1.960494808794607,
    "91": 1.2291649700982226,
    "93": 0.0020331509801213565,
    "94": 0.12047681349127903,
    "99": 5.573319583618286e-14,
    "106": 0,
    "110": 5.551115123125783e-17,
    "113": 32.172276955967845,
    "114": 0.00001223895263890995,
    "121": 0.07067282427671862,
    "124": 0,
    "130": 0.013559256549514731,
    "131": 8.970602038971265e-14,
    "132": 1.8626316341345013,
    "135": 0.000003241541236376211,
    "141": 0.0000800556581123657,
    "142": 0.0000036190045162864948,
    "143": 0.00009719116733519773,
    "144": 0,
    "145": 5.285043961650656,
    "146": 0.0007129346834832129,
    "149": 3.461405049282329,
    "151": 10.627563918808276,
    "154": 6.265736218757922e-8,
    "157": 0,
    "160": 0,
    "169": 0.000601456439837722,
    "178": 0.0000010549301768802977,
    "181": 0,
    "184": 0.4531546982382671,
    "186": 0.0000020437234545256366,
    "192": 0.00927557634653553,
    "195": 0.06361784767280221,
    "196": 2.478261928106399,
    "197": 0.0014832574048544434,
    "199": 0,
    "205": 0.010424190050689675,
    "208": 0.0020331509801213565,
    "211": 0.00025777559316669807,
    "212": 1.0087545797385364,
    "213": 0.039281849311005146,
    "214": 2.4543385173772423,
    "226": 0.08827897101178778,
    "227": 9.108674329729743,
    "230": 0.0006762216693372292,
    "232": 0.058062977741603794,
    "233": 0.0519132289740738,
    "235": 0.0008948178529801787,
    "242": 0.3679286941079795,
    "243": 0,
    "244": 0.049698049851214954,
    "245": 5.551115123125783e-17,
    "248": 29.66971446179626,
    "251": 0.9770990568552267,
    "254": 0.004029531865649583,
    "260": 0.36613329615268986,
    "264": 0,
    "272": 0.029478945578314764,
    "277": 0.024480566744159493,
    "279": 1.0522166833141258,
    "282": 0.0015530064707441893,
    "284": 0.0007493607381680589,
    "286": 0.5105350190477409,
    "292": 0.000002221848086292333,
    "295": 0.0009312567505171954,
    "297": 0.000002221848086292333,
    "302": 0.00000513148096226157,
    "303": 0.010313152202312381,
    "304": 0.0005531316102786454,
    "306": 0.013600653775764193,
    "310": 0,
    "313": 0,
    "324": 0.29225676588188493,
    "330": 6.722400414105323e-14,
    "335": 0.00818001628254117,
    "340": 0.0000800556581123657,
    "342": 10.40311384542544,
    "344": 0.11125126373211225,
    "346": 0.000002221848086292333,
    "348": 0,
    "350": 2.326597303703437e-9,
    "356": 0.0024430795638466507,
    "369": 4.996003610813204e-16,
    "373": 0.15663270349825642,
    "376": 0.09533629361324353,