{
  "id": "786",
  "name": "Tapu Lele",
  "format_id": "showdown_gen7ou",
  "usage_metrics": {
    "raw": 17389,
    "base_weight": 1300.651031632732,
    "percent": 11.029150598741627
  },
  "items": {
    "choice-specs": 484.5301066295278,
    "choice-scarf": 239.62301352750725,
    "psychiumz": 119.88988372402702,
    "leftovers": 3.0455349418069764,
    "kasib-berry": 0,
    "twisted-spoon": 285.44726787390454,
    "fightiniumz": 37.78035627655858,
    "assault-vest": 46.92805260130886,
    "tapuniumz": 4.4310442625068545,
    "terrain-extender": 6.531560556108654,
    "electriumz": 22.452052765329086,
    "nothing": 0.0031439660750101073,
    "life-orb": 19.023447862678815,
    "lum-berry": 4.754971893072234,
    "quick-claw": 0,
    "focus-sash": 0.16545262630108076,
    "eject-button": 0.12773397121094054,
    "metronome": 13.472229582012332,
    "fairiumz": 0.34110740780316967,
    "salac-berry": 0.6143484231715641,
    "light-clay": 0.0019415821652805088,
    "iapapa-berry": 0.05250548312134262,
    "ghostiumz": 5.560717959301833,
    "rocky-helmet": 0.005042275809454377,
    "mago-berry": 0.000013390117482248165,
    "psychic-seed": 0.000007137044508331858,
    "mind-plate": 5.785011280559086,
    "fighting-memory": 2.3084041234078256e-8,
    "wise-glasses": 0.08390617050604687,
    "soft-sand": 2.256361764096937e-12,
    "expert-belt": 0.00007386788248964216,
    "sitrus-berry": 0.00041991412540520745,
    "aguav-berry": 1.5477904791172392e-8,
    "weakness-policy": 0.0000704166154074648,
    "shed-shell": 0.000013226012686662347
  },
  "abilities": {
    "psychic-surge": 1300.651031632732
  },
  "moves": {
    "psychic": 853.2012596008826,
    "moonblast": 1298.4431706044859,
    "psyshock": 1222.2695088626713,
    "thunder": 59.445978419954386,
    "hiddenpowerfire": 966.2058037219964,
    "focus-blast": 296.8790593041704,
    "taunt": 159.59912269365353,
    "extrasensory": 0.06044846208659255,
    "draining-kiss": 2.058695149573698,
    "energy-ball": 1.6271629653204867,
    "calm-mind": 209.1493117505672,
    "shadow-ball": 10.429414793428416,
    "natures-madness": 35.97437257630029,
    "hiddenpowerground": 0.4542614555520832,
    "hiddenpowerice": 0.4571153029247764,
    "thunderbolt": 19.24755499323498,
    "aromatherapy": 64.88427434069527,
    "reflect": 0.052423266245860856,
    "": 0.00014084908658035244,
    "protect": 0.0000017877370660501768,
    "dazzling-gleam": 0.16139422346465448,
    "iron-defense": 0.030733696914489017,
    "substitute": 9.062417483107765e-12,
    "grass-knot": 0.6684523618740769,
    "magic-room": 1.218487281672332,
    "echoed-voice": 1.011951689111612e-8,
    "hyper-beam": 0,
    "magic-coat": 0.0331193187594197,
    "light-screen": 0.04997454448290295,
    "toxic": 2.2713501468540898e-8,
    "safeguard": 0.0000048966650746939955,
    "hiddenpowerdragon": 0.0005242896084872162,
    "hiddenpowerpoison": 0.002336239165635967,
    "hiddenpowerwater": 0,
    "psywave": 0.000010773574658007323,
    "hiddenpowerflying": 9.190587180185616e-10,
    "psybeam": 0.000007920427170904354,
    "gravity": 5.000572189661767e-8,
    "ally-switch": 0
  },
  "teras": {
    "nothing": 1300.651031632732
  },
  "spreads": [
    {
      "nature": "Timid",
      "usage": "36.7",
      "evs": {
        "hp": 0,
        "atk": 0,
        "def": 0,
        "spa": 252,
        "spd": 4,
        "spe": 252
      }
    },
    {
      "nature": "Modest",
      "usage": "32.7",
      "evs": {
        "hp": 0,
        "atk": 0,
        "def": 0,
        "spa": 252,
        "spd": 4,
        "spe": 252
      }
    },
    {
      "nature": "Timid",
      "usage": "7.0",
      "evs": {
        "hp": 0,
        "atk": 0,
        "def": 4,
        "spa": 252,
        "spd": 0,
        "spe": 252
      }
    },
    {
      "nature": "Modest",
      "usage": "4.6",
      "evs": {
        "hp": 80,
        "atk": 0,
        "def": 0,
        "spa": 244,
        "spd": 24,
        "spe": 160
      }
    },
    {
      "nature": "Modest",
      "usage": "2.3",
      "evs": {
        "hp": 188,
        "atk": 0,
        "def": 0,
        "spa": 200,
        "spd": 0,
        "spe": 120
      }
    },
    {
      "nature": "Modest",
      "usage": "1.8",
      "evs": {
        "hp": 144,
        "atk": 0,
        "def": 0,
        "spa": 180,
        "spd": 48,
        "spe": 136
      }
    },
    {
      "nature": "Modest",
      "usage": "1.7",
      "evs": {
        "hp": 0,
        "atk": 0,
        "def": 4,
        "spa": 252,
        "spd": 0,
        "spe": 252
      }
    },
    {
      "nature": "Modest",
      "usage": "1.5",
      "evs": {
        "hp": 4,
        "atk": 0,
        "def": 0,
        "spa": 252,
        "spd": 0,
        "spe": 252
      }
    },
    {
      "nature": "Modest",
      "usage": "1.0",
      "evs": {
        "hp": 20,
        "atk": 0,
        "def": 0,
        "spa": 252,
        "spd": 0,
        "spe": 236
      }
    },
    {
      "nature": "Modest",
      "usage": "1.0",
      "evs": {
        "hp": 72,
        "atk": 0,
        "def": 0,
        "spa": 252,
        "spd": 0,
        "spe": 184
      }
    }
  ],
  "teammates": {
    "3": 0.29415896065610003,
    "6": 0,
    "9": 4.686478982662834e-11,
    "25": 0.00013951277402662887,
    "31": 1.9764090529093306,
    "34": 1.4171269315576782,
    "36": 5.440059126775816,
    "38": 9.279653712113145e-10,
    "47": 0,
    "49": 0,
    "59": 0.00001738755676888859,
    "65": 4.134367645228149,
    "71": 0,
    "73": 0.45654360779355924,
    "76": 0,
    "80": 9.923396253237746,
    "91": 1.950394251994658,
    "93": 0,
    "94": 9.639974563309847,
    "101": 0,
    "106": 0.013741013034630323,
    "110": 4.7197412644806036e-11,
    "113": 23.56072911508697,
    "121": 3.738100263336139,
    "124": 4.9404924595819466e-15,
    "130": 59.6212091919553,
    "132": 1.845872574061279,
    "133": 0.00007394567552271303,
    "134": 11.366272550041442,
    "135": 0.4598416035778616,
    "139": 0.22021032392130252,
    "142": 0.5341056847510465,
    "143": 0.04928262750897722,
    "145": 48.058784272684235,
    "146": 3.9171043644675856,
    "149": 20.956719999453703,
    "151": 69.78982888410863,
    "160": 4.7089348825136,
    "162": 0.011983794247909962,
    "164": 0.7460036807054627,
    "169": 0.000007920513207526625,
    "178": 0.13943737342088858,
    "182": 0.00006141672980397583,
    "184": 1.0363340599620536,
    "195": 0.0783849533456008,
    "196": 12.179387193951237,
    "197": 0.00007811346624553295,
    "199": 3.2304825481332955e-11,
    "203": 0,
    "205": 0.0080253914473844,
    "207": 0.000002043433521392579,
    "210": 0,
    "212": 0.8412195021796837,
    "213": 1.0983343686633045,
    "226": 0.6482500201953248,
    "227": 5.553391392287488,
    "229": 0.5426159096702244,
    "230": 3.949560269817546,
    "233": 0.08120484411699952,
    "235": 0.000007941562317537176,
    "237": 0,
    "241": 0,
    "242": 3.9349126356297717,
    "244": 0.049698049851214954,
    "245": 1.1442912202681215,
    "248": 6.424627070603675,
    "251": 0.014002733076681761,
    "254": 0.0000030467887114360437,
    "256": 1.1744301310469887,
    "260": 0.12007623311115345,
    "264": 8.881784197001252e-16,
    "276": 0.00014524454150599553,
    "277": 8.925870043086093e-9,
    "279": 2.03489805727283,
    "282": 0,
    "284": 0,
    "286": 1.2144681348991644,
    "289": 0.023173466232460915,
    "291": 0.00031090094711788696,
    "292": 0.00046393979120917805,
    "302": 0.006185470458635656,
    "304": 0.080493457850637,
    "308": 0.7104206901932268,
    "313": 1.4432899320127035e-15,
    "319": 0.000631322224276587,
    "324": 0.29602854529839306,
    "330": 0.0817846460236869,
    "335": 0.040327250873968934,
    "342": 14.606060889571157,
    "344": 0.2869790465600185,
    "350": 0.00014519228012987995,
    "356": 5.98452754019263e-9,
    "366": 0,
    "373": 17.308419171113826,
    "376": 0.053149966118964775,
    "379": 0.01629321961541369,