{
  "id": "34",
  "name": "Nidoking",
  "format_id": "showdown_gen7ou-1500",
  "usage_metrics": {
    "raw": 2722,
    "base_weight": 785.1086372028639,
    "percent": 1.7264562614166836
  },
  "roles": [
    {
      "role": "role_sweeper_special",
      "label": "Special Sweeper",
      "category": "OFF"
    }
  ],
  "items": {
    "life-orb": 530.1563582835965,
    "choice-scarf": 66.17466040372837,
    "focus-sash": 92.44324821825798,
    "rocky-helmet": 2.5718948709619793,
    "assault-vest": 3.3396679227092565,
    "leftovers": 16.704122996949106,
    "expert-belt": 1.7396056210668092,
    "shuca-berry": 64.34897249662242,
    "choice-band": 0.10139538764296574,
    "nothing": 0.8777102760198656,
    "quick-claw": 1.5030253729371807,
    "focus-band": 0.803969339416839,
    "black-sludge": 2.743752925614289,
    "groundium-z": 0.0015577178022032068,
    "air-balloon": 0.07769690874586532,
    "muscle-band": 0.4986146913960393,
    "choice-specs": 1.0223833108151559,
    "poisonium-z": 4.58579798856551e-7
  },
  "abilities": {
    "sheer-force": 746.5194216867638,
    "poison-point": 29.82889061356527,
    "rivalry": 8.760324902534729
  },
  "moves": {
    "stealth-rock": 219.04758729026707,
    "ice-beam": 710.3177684163195,
    "earth-power": 627.0890166242798,
    "sludge-wave": 633.8492621528569,
    "thunderbolt": 164.85460520889515,
    "flamethrower": 302.1500923053623,
    "surf": 11.449480495867677,
    "earthquake": 36.11335948967351,
    "poison-jab": 29.80420180516831,
    "ice-punch": 7.291357098479789,
    "toxic-spikes": 17.953014239481156,
    "fire-blast": 107.36919491141443,
    "avalanche": 3.1831114574742068,
    "thunder-punch": 1.9517693488652506,
    "rock-slide": 17.99682530975249,
    "toxic": 6.538981898129737,
    "megahorn": 11.143983088125575,
    "outrage": 1.473169060787182,
    "thunder": 0.02157488633944593,
    "aqua-tail": 1.1485138743437564,
    "drill-run": 1.2541218378227492,
    "stone-edge": 1.5705864951030117,
    "sludge-bomb": 24.736110848764387,
    "substitute": 61.502068593291625,
    "roar": 1.300461279667017,
    "brick-break": 0.3106512583758275,
    "dragon-tail": 2.9833956605739,
    "fire-punch": 7.488241513575911,
    "super-fang": 2.254086913944158,
    "echoed-voice": 2.929382728767356,
    "shadow-claw": 1.0525720789894453,
    "chip-away": 3.2563739899016397e-7,
    "thrash": 3.2563739899016397e-7,
    "protect": 4.037590352242457,
    "body-slam": 10.64721468955972,
    "sucker-punch": 12.388490042356496,
    "hone-claws": 0.0019003707331548547,
    "focus-punch": 85.99999999999982,
    "seismic-toss": 0.7437543969208642,
    "giga-impact": 0.7437543969208642,
    "shadow-ball": 0.4506949739580383,
    "focus-blast": 2.672831916172857,
    "blizzard": 0.00003497656569972918,
    "taunt": 3.72778967759047,
    "superpower": 0.5697434821495055,
    "counter": 0.04580066888128137,
    "rain-dance": 0.2764000453645597
  },
  "teras": {
    "nothing": 785.1086372028639
  },
  "spreads": [
    {
      "nature": "timid",
      "usage": "41.0",
      "evs": {
        "hp": 0,
        "atk": 0,
        "def": 0,
        "spa": 252,
        "spd": 4,
        "spe": 252
      }
    },
    {
      "nature": "mild",
      "usage": "9.7",
      "evs": {
        "hp": 0,
        "atk": 4,
        "def": 0,
        "spa": 252,
        "spd": 0,
        "spe": 252
      }
    },
    {
      "nature": "timid",
      "usage": "8.2",
      "evs": {
        "hp": 188,
        "atk": 0,
        "def": 0,
        "spa": 68,
        "spd": 0,
        "spe": 252
      }
    },
    {
      "nature": "timid",
      "usage": "6.3",
      "evs": {
        "hp": 4,
        "atk": 0,
        "def": 0,
        "spa": 252,
        "spd": 0,
        "spe": 252
      }
    },
    {
      "nature": "modest",
      "usage": "5.6",
      "evs": {
        "hp": 0,
        "atk": 0,
        "def": 0,
        "spa": 252,
        "spd": 0,
        "spe": 252
      }
    },
    {
      "nature": "modest",
      "usage": "4.1",
      "evs": {
        "hp": 0,
        "atk": 0,
        "def": 0,
        "spa": 252,
        "spd": 4,
        "spe": 252
      }
    },
    {
      "nature": "jolly",
      "usage": "3.9",
      "evs": {
        "hp": 0,
        "atk": 252,
        "def": 0,
        "spa": 0,
        "spd": 4,
        "spe": 252
      }
    },
    {
      "nature": "timid",
      "usage": "3.1",
      "evs": {
        "hp": 0,
        "atk": 0,
        "def": 4,
        "spa": 252,
        "spd": 0,
        "spe": 252
      }
    },
    {
      "nature": "modest",
      "usage": "2.4",
      "evs": {
        "hp": 4,
        "atk": 0,
        "def": 0,
        "spa": 252,
        "spd": 0,
        "spe": 252
      }
    },
    {
      "nature": "modest",
      "usage": "2.2",
      "evs": {
        "hp": 252,
        "atk": 0,
        "def": 0,
        "spa": 208,
        "spd": 0,
        "spe": 48
      }
    }
  ],
  "teammates": {
    "2": 0.0785441247817088,
    "3": 6.30562849452016,
    "6": 3.768709685126857,
    "9": 15.191238632000807,
    "20": 0.803969339416839,
    "22": 0.3365942752370922,
    "24": 0.0015577178022032068,
    "25": 0.44251134834773687,
    "26": 5.499145223004323,
    "31": 13.643273634314065,
    "36": 12.634201074981705,
    "38": 0.6281228015395679,
    "45": 2.8439449226880034,
    "49": 0.18886412121138318,
    "53": 0.9520647643824268,
    "57": 6.0543857956009415,
    "59": 24.082058734003443,
    "62": 3.1831114574742068,
    "65": 12.687422759025258,
    "68": 1.434740910916869,
    "73": 6.251723955431682,
    "80": 1.5908786417341148,
    "82": 0.5672883304707944,
    "85": 2.034998578000822,
    "91": 14.370905879754474,
    "94": 95.25684339585568,
    "99": 1.9999994423056195,
    "101": 0.005613717089082648,
    "103": 0.6281228015395679,
    "106": 0.08940307208878878,
    "107": 0.0000052627571449637145,
    "110": 0.11871666214086535,
    "112": 0.03297108245075503,
    "113": 14.066976827522442,
    "119": 1.9999994423056195,
    "121": 10.752129871071796,
    "122": 0.09384468745607683,
    "123": 0.33659427523709373,
    "125": 0.05322216727354018,
    "128": 0.0009921072879383597,
    "130": 18.22715603874623,
    "131": 1.643504451671467,
    "132": 17.636530300114377,
    "134": 0.405473796035144,
    "135": 11.352266449499275,
    "136": 0.3866339580158171,
    "141": 5.801081837120137e-12,
    "142": 2.0754886091247267,
    "143": 14.38528365167585,
    "144": 0.5152519731083249,
    "145": 58.61889421974325,
    "146": 0.414134276094312,
    "149": 46.51943048120614,
    "151": 19.32994507415782,
    "154": 0.8852486494118564,
    "160": 2.302191450749486,
    "168": 0.09384468745607683,
    "169": 51.07172105749603,
    "178": 1.329335890310999,
    "184": 25.991281729321894,
    "186": 0.025673909081087687,
    "189": 0.0000052627571449637145,
    "195": 1.0894539298556702,
    "196": 3.1508613376986587,
    "197": 9.797480138826657,
    "199": 1.9999994423056195,
    "205": 1.6477908228499285,
    "207": 1.6504136287920024,
    "210": 0.00000794947282628522,
    "212": 15.633962359528622,
    "213": 6.738174077879502,
    "214": 0.005833077559433519,
    "226": 0.7698843246849714,
    "227": 7.0200148437147165,
    "230": 3.8741336244156908,
    "233": 0.2151077711132694,
    "234": 0.00006803219568102259,
    "235": 0.00032367130250532394,
    "237": 0.02985827285208903,
    "242": 8.296166778990113,
    "244": 0.7411273726529273,
    "245": 3.258111569858164,
    "248": 4.353151334769119,
    "251": 3.242503100272556,
    "254": 0.9933512658796964,
    "260": 16.495902895814925,
    "272": 0.015977163946044093,
    "275": 10.81908467674225,
    "277": 5.889790150721988,
    "279": 13.554428351998643,
    "282": 0.6614272801542056,
    "286": 16.940791963271188,
    "289": 1.9999994423056195,
    "291": 0.646795589427053,
    "297": 1.0223833108151559,
    "302": 0.054229325009889584,
    "303": 1.174435344515419,
    "306": 7.264286813238348,