{
  "id": "80",
  "name": "Slowbro",
  "format_id": "showdown_gen7ou-1500",
  "usage_metrics": {
    "raw": 2823,
    "base_weight": 1656.031950748871,
    "percent": 1.7905165415059872
  },
  "roles": [
    {
      "role": "role_staller",
      "label": "Staller",
      "category": "DEF"
    },
    {
      "role": "role_disruptor",
      "label": "Disruptor",
      "category": "SUP"
    }
  ],
  "items": {
    "rocky-helmet": 415.26285956578903,
    "psychium-z": 467.58988740118076,
    "leftovers": 618.3581428566083,
    "leppa-berry": 4.163455459836415,
    "assault-vest": 38.952041935759055,
    "colbur-berry": 50.05815406209216,
    "weakness-policy": 0.3410501026505615,
    "sitrus-berry": 0.6257514677202028,
    "icium-z": 17.96564280250012,
    "aguav-berry": 0.44305241456085515,
    "light-clay": 2.465018485485669,
    "expert-belt": 4.971472167011713,
    "waterium-z": 16.216557989544157,
    "rindo-berry": 0.9999999999563528,
    "fightinium-z": 1.999999999999993,
    "eject-button": 0.874089656474512,
    "electrium-z": 2.961919823980065,
    "choice-specs": 11.391757464154686,
    "nothing": 0.3866359750406454,
    "life-orb": 0.004461118522819052
  },
  "abilities": {
    "regenerator": 1651.2554803211028,
    "oblivious": 3.82201421821493,
    "own-tempo": 0.9544562095532025
  },
  "moves": {
    "magic-coat": 0.009922883210806532,
    "thunder-wave": 667.664888625632,
    "scald": 1605.0723832665776,
    "slack-off": 1554.8813620089022,
    "future-sight": 789.6125096254558,
    "ice-beam": 640.3438996148278,
    "toxic": 468.0073465933047,
    "block": 4.163455459836415,
    "recycle": 4.163455459836415,
    "counter": 194.83250953212658,
    "flamethrower": 146.01701121350013,
    "yawn": 10.57297849441732,
    "seismic-toss": 2.0317896119735606,
    "calm-mind": 65.94638618345209,
    "foul-play": 29.543918268390694,
    "fire-blast": 27.24590822721921,
    "trick-room": 35.02993107171921,
    "psychic": 157.3304014308125,
    "protect": 94.23367861182506,
    "surf": 7.0178261517021445,
    "grass-knot": 0.19316569246851,
    "iron-defense": 4.152789473316196,
    "psyshock": 85.74129282466073,
    "teleport": 9.117064542617447,
    "heal-pulse": 4.114640709754307,
    "": 0.0002046717664441755,
    "rain-dance": 3.2563739899016397e-7,
    "amnesia": 0.1398804655496455,
    "psych-up": 0.42454860102869024,
    "zen-headbutt": 1.3410898419316206,
    "aqua-tail": 0.9544558839158035,
    "drain-punch": 0.7622965890838337,
    "earthquake": 0.6667654488486292,
    "belly-drum": 0.3756626310680167,
    "ice-punch": 0.3756626310680167,
    "iron-tail": 0.0000026698169716676823,
    "reflect": 2.845521311564855,
    "light-screen": 2.474115477071765,
    "rest": 0.3394660587223619,
    "focus-blast": 2.002691483788084,
    "blizzard": 0.037910644384157866,
    "zap-cannon": 2.961919823980065,
    "disable": 1.0752014074466878,
    "hidden-power-electric": 0.0034080709767161377,
    "shadow-ball": 0.015380562506914719,
    "body-slam": 0.2911028177806126
  },
  "teras": {
    "nothing": 1656.031950748871
  },
  "spreads": [
    {
      "nature": "bold",
      "usage": "23.3",
      "evs": {
        "hp": 252,
        "atk": 0,
        "def": 252,
        "spa": 0,
        "spd": 4,
        "spe": 0
      }
    },
    {
      "nature": "bold",
      "usage": "10.3",
      "evs": {
        "hp": 180,
        "atk": 0,
        "def": 236,
        "spa": 36,
        "spd": 52,
        "spe": 4
      }
    },
    {
      "nature": "bold",
      "usage": "9.2",
      "evs": {
        "hp": 248,
        "atk": 0,
        "def": 252,
        "spa": 0,
        "spd": 8,
        "spe": 0
      }
    },
    {
      "nature": "bold",
      "usage": "6.6",
      "evs": {
        "hp": 248,
        "atk": 0,
        "def": 96,
        "spa": 0,
        "spd": 164,
        "spe": 0
      }
    },
    {
      "nature": "bold",
      "usage": "5.1",
      "evs": {
        "hp": 252,
        "atk": 0,
        "def": 204,
        "spa": 0,
        "spd": 52,
        "spe": 0
      }
    },
    {
      "nature": "modest",
      "usage": "5.0",
      "evs": {
        "hp": 248,
        "atk": 0,
        "def": 84,
        "spa": 176,
        "spd": 0,
        "spe": 0
      }
    },
    {
      "nature": "bold",
      "usage": "4.9",
      "evs": {
        "hp": 248,
        "atk": 0,
        "def": 72,
        "spa": 144,
        "spd": 0,
        "spe": 44
      }
    },
    {
      "nature": "bold",
      "usage": "4.3",
      "evs": {
        "hp": 252,
        "atk": 0,
        "def": 252,
        "spa": 4,
        "spd": 0,
        "spe": 0
      }
    },
    {
      "nature": "modest",
      "usage": "4.0",
      "evs": {
        "hp": 248,
        "atk": 0,
        "def": 76,
        "spa": 176,
        "spd": 0,
        "spe": 8
      }
    },
    {
      "nature": "bold",
      "usage": "3.9",
      "evs": {
        "hp": 248,
        "atk": 0,
        "def": 252,
        "spa": 8,
        "spd": 0,
        "spe": 0
      }
    }
  ],
  "teammates": {
    "3": 2.8958689371855955,
    "7": 0.0000026698169716676823,
    "11": 0.0000026698169716676823,
    "12": 0.5546178993686794,
    "19": 0.5946155650594817,
    "20": 0.3635853795713862,
    "24": 0.9544558839158035,
    "25": 4.484055117322186,
    "26": 0.02487653007551993,
    "31": 21.08128489983794,
    "34": 1.5908786417341148,
    "36": 102.80735826336186,
    "38": 1.033614841963888,
    "45": 0.009096991586095893,
    "49": 0.1888641424174981,
    "55": 0.0007876056204080273,
    "57": 0.9772094825840314,
    "59": 1.5115475591005132,
    "68": 0.015380562506914719,
    "71": 0.018504139169563893,
    "73": 1.3821241578967047,
    "78": 0.009096991586095893,
    "82": 0.6016047157693367,
    "85": 3.999999916102709,
    "91": 1.921044742779053,
    "93": 0.1779821125989295,
    "94": 7.2064088672391,
    "99": 0.00016409770965086778,
    "105": 0.009096991586095893,
    "106": 0.2885542281752543,
    "110": 1.1168536233601798,
    "112": 1.6807879564437747,
    "113": 458.49989021343004,
    "121": 0.030726626780000765,
    "124": 0.006841135850849944,
    "127": 0.018504139169563893,
    "130": 0.23523882330008422,
    "132": 38.224159428027406,
    "134": 0.4534569447257641,
    "135": 1.0588474150288112,
    "136": 0.3866339580158171,
    "143": 114.12502952926002,
    "145": 97.99582616579937,
    "146": 5.068400144025986e-10,
    "149": 5.113636595194903,
    "151": 2.5684911086712177,
    "154": 0.3866339580158171,
    "160": 0.3866339580158171,
    "169": 0.6134123966026744,
    "171": 0.6281228015395679,
    "184": 2.3938021243696466,
    "186": 0.6141148980369122,
    "195": 0.5140965468027421,
    "196": 0.0010933006634313291,
    "197": 0.06746977361788381,
    "199": 0.27929287137430076,
    "205": 2.310027979726396,
    "212": 50.43962049585761,
    "213": 0.3092124888208192,
    "227": 81.37857981285991,
    "230": 0.018504139169563893,
    "233": 9.276562191455394,
    "242": 37.643176022804816,
    "243": 45.92110381540023,
    "248": 104.41293385725106,
    "251": 1.6835756287040093,
    "260": 0.8610324627289819,
    "272": 0.6141148980369122,
    "277": 1.479956412119957,
    "279": 2.086895239397922,
    "282": 0.19316569177082749,
    "286": 34.30438545848209,
    "292": 23.542660015110474,
    "297": 0.0000026698169716676823,
    "304": 0.3635853795713862,
    "306": 3.8412273362098404e-10,
    "324": 0.683950171264085,
    "330": 0.3364353238461345,
    "334": 1.6181269021021878,
    "342": 9.377115300759295,
    "344": 0.012550445518823117,
    "352": 0.00016410423659379836,
    "356": 0.13988013991224651,
    "359": 4.1244785364824565e-14,
    "373": 15.15910264125068,
    "376": 0.37629534029457606,
    "379": 1.95549142851798,
    "380": 5.904119698679537,
    "381": 2.019820912105353,
    "385": 20.044717695286998,
    "389": 4.1244785364824565e-14,
    "392": 5.8801577637450935,
    "395": 0.18341256967918257,
    "407": 0.47904201153109655,