{
  "id": "94",
  "name": "Gengar",
  "format_id": "showdown_gen7ou-1500",
  "usage_metrics": {
    "raw": 3072,
    "base_weight": 930.290903901888,
    "percent": 1.948447331033083
  },
  "roles": [
    {
      "role": "role_sweeper_special",
      "label": "Special Sweeper",
      "category": "OFF"
    }
  ],
  "items": {
    "choice-scarf": 359.1814784635756,
    "nothing": 0.9731830584042838,
    "choice-specs": 203.45154992028716,
    "black-sludge": 28.68216913960306,
    "ghostium-z": 55.58401135344644,
    "life-orb": 102.06122851115128,
    "air-balloon": 5.239333390114903,
    "focus-sash": 102.2947206291904,
    "leftovers": 6.512623301921169,
    "spell-tag": 0.6920848704412527,
    "poisonium-z": 6.185406721665242,
    "choice-band": 0.4321148648728289,
    "expert-belt": 17.346899899617103,
    "assault-vest": 1.5108786281761282,
    "rocky-helmet": 1.330410885509776,
    "electrium-z": 24.267296040257868,
    "aguav-berry": 0.35733734631234126,
    "black-glasses": 0.3250894910696653,
    "lum-berry": 1.2171039574149032,
    "fightinium-z": 1.2643881834079462,
    "shell-bell": 1.7749275584122994,
    "wise-glasses": 6.656110721856753,
    "sitrus-berry": 1.619013352384145,
    "medichamite": 0.9058218470794819,
    "quick-claw": 0.05384456725645281,
    "normal-gem": 0.3718771984604321
  },
  "abilities": {
    "cursed-body": 930.290903901888
  },
  "moves": {
    "shadow-ball": 866.3524300052075,
    "sludge-bomb": 241.70604004244456,
    "focus-blast": 485.856872945156,
    "energy-ball": 72.9712099985991,
    "dazzling-gleam": 94.84655292433722,
    "ice-punch": 1.1709257166519524,
    "will-o-wisp": 70.32410050808156,
    "psychic": 22.762652290107958,
    "hex": 59.264471852507484,
    "sludge-wave": 573.6026116850805,
    "thunderbolt": 112.85153879232809,
    "giga-drain": 33.87911403199384,
    "destiny-bond": 277.0798445588819,
    "substitute": 21.327351383832436,
    "disable": 9.078368708163087,
    "taunt": 179.01084876111085,
    "trick": 406.3046792964774,
    "poison-jab": 0.10473237530259483,
    "toxic": 6.410221600806389,
    "venoshock": 0.11236857509647319,
    "mega-punch": 1.1927877524919372,
    "protect": 10.750834035248491,
    "thunder": 33.00348078217865,
    "dark-pulse": 10.23648828013154,
    "curse": 3.7604467976112717,
    "icy-wind": 23.905701812373724,
    "hypnosis": 1.9198413059227106,
    "hidden-power-ice": 39.28936990008677,
    "foul-play": 2.1813301068606057,
    "sucker-punch": 6.4334748519049185,
    "dream-eater": 1.573104344144177,
    "hidden-power-fire": 10.837678144734427,
    "perish-song": 0.13027055618326494,
    "night-shade": 1.5686737032865614,
    "clear-smog": 1.357356796531334,
    "metronome": 1.394898943882969,
    "explosion": 0.40271484657592554,
    "focus-punch": 0.7620075442431362,
    "double-edge": 0.0000039402298053214935,
    "pain-split": 26.944716106058383,
    "shadow-claw": 0.41657970924812837,
    "brick-break": 0.9024934936943627,
    "trick-room": 2.9118717436577803,
    "fire-punch": 0.24621591290166012,
    "knock-off": 2.5352486128635205,
    "body-slam": 0.3718771984604321,
    "haze": 0.0017688119113464795,
    "confuse-ray": 0.7321635016251988,
    "shadow-punch": 0.007493018933661,
    "mimic": 0.003909802946201302,
    "psych-up": 0.3718771984604321
  },
  "teras": {
    "nothing": 930.290903901888
  },
  "spreads": [
    {
      "nature": "timid",
      "usage": "62.4",
      "evs": {
        "hp": 0,
        "atk": 0,
        "def": 0,
        "spa": 252,
        "spd": 4,
        "spe": 252
      }
    },
    {
      "nature": "timid",
      "usage": "18.9",
      "evs": {
        "hp": 4,
        "atk": 0,
        "def": 0,
        "spa": 252,
        "spd": 0,
        "spe": 252
      }
    },
    {
      "nature": "timid",
      "usage": "6.5",
      "evs": {
        "hp": 0,
        "atk": 0,
        "def": 4,
        "spa": 252,
        "spd": 0,
        "spe": 252
      }
    },
    {
      "nature": "modest",
      "usage": "2.9",
      "evs": {
        "hp": 0,
        "atk": 0,
        "def": 0,
        "spa": 252,
        "spd": 4,
        "spe": 252
      }
    },
    {
      "nature": "modest",
      "usage": "2.2",
      "evs": {
        "hp": 4,
        "atk": 0,
        "def": 0,
        "spa": 252,
        "spd": 0,
        "spe": 252
      }
    },
    {
      "nature": "timid",
      "usage": "1.1",
      "evs": {
        "hp": 0,
        "atk": 0,
        "def": 0,
        "spa": 252,
        "spd": 0,
        "spe": 252
      }
    },
    {
      "nature": "hasty",
      "usage": "0.8",
      "evs": {
        "hp": 0,
        "atk": 4,
        "def": 0,
        "spa": 252,
        "spd": 0,
        "spe": 252
      }
    },
    {
      "nature": "hardy",
      "usage": "0.8",
      "evs": {
        "hp": 0,
        "atk": 0,
        "def": 0,
        "spa": 252,
        "spd": 0,
        "spe": 252
      }
    },
    {
      "nature": "hardy",
      "usage": "0.6",
      "evs": {
        "hp": 4,
        "atk": 0,
        "def": 0,
        "spa": 252,
        "spd": 0,
        "spe": 252
      }
    },
    {
      "nature": "hardy",
      "usage": "0.6",
      "evs": {
        "hp": 0,
        "atk": 0,
        "def": 0,
        "spa": 252,
        "spd": 4,
        "spe": 252
      }
    }
  ],
  "teammates": {
    "2": 0.0785441247817088,
    "3": 7.499747014528501,
    "6": 3.1314137730787457,
    "8": 9.444519600219351,
    "9": 7.074848098753132,
    "18": 0.0337037215145341,
    "24": 0.00007758130016743969,
    "25": 43.845021102940365,
    "26": 0.6188694011145761,
    "31": 2.3884142175148977,
    "34": 95.25684339585568,
    "36": 31.880742716967752,
    "38": 0.7434620613370396,
    "40": 5.090305260950153,
    "49": 0.00006065151473233499,
    "51": 0.24659322667163475,
    "55": 0.00007758130016743969,
    "57": 2.338267789107453,
    "59": 20.95031160927078,
    "62": 0.03416741500934245,
    "64": 0.0020299215594662967,
    "65": 1.0140638411685252,
    "68": 6.925154240750235,
    "71": 0.36038174260046346,
    "73": 5.3307909383244665,
    "76": 4.3610305399666505,
    "80": 7.2064088672391,
    "82": 0.0018063845559816438,
    "85": 1.0443785425362506e-7,
    "89": 0.586309234390321,
    "91": 20.558850392166583,
    "92": 1.0443785425362506e-7,
    "93": 0.17099306632692862,
    "97": 0.24659322667169276,
    "99": 0.09208943898001726,
    "101": 13.623282730961472,
    "105": 0.07742931265535441,
    "106": 1.2653361291683547,
    "107": 4.481308305744765,
    "110": 0.5025450846447308,
    "112": 3.5625888726094237,
    "113": 28.999493040429638,
    "115": 1.112696519655882,
    "121": 10.23253901859966,
    "122": 0.10059859615041444,
    "123": 0.6941401812992551,
    "125": 0.0004636936634959121,
    "128": 0.0030220288474046564,
    "130": 34.63117180910874,
    "131": 0.1280454165731551,
    "132": 3.83534259206591,
    "133": 0.002196280270574502,
    "135": 3.2725494663800956,
    "136": 0.24659322667169276,
    "141": 0.040115818116755464,
    "142": 17.391975137075992,
    "143": 40.23835142509322,
    "145": 75.82247378377086,
    "149": 61.76943071815419,
    "151": 2.0327302776117886,
    "154": 0.37499565924447187,
    "157": 5.999214925900257,
    "160": 5.286027771948573,
    "164": 4.680875409501795e-9,
    "168": 0.0003709630642377282,
    "169": 38.91491177115115,
    "178": 0.26806795075475376,
    "181": 0.044051655807274936,
    "182": 1.0443785425362506e-7,
    "184": 14.04042313459194,
    "195": 2.2016883273297494,
    "196": 11.779150511981307,
    "197": 30.41273911376702,
    "199": 0.0017688119113464795,
    "205": 1.0721434848228073,
    "207": 1.9333563960934081,
    "208": 4.735400353030421,
    "211": 0.10473237530010182,
    "212": 16.172506109613405,
    "213": 6.72768118225646,
    "214": 5.896386605547384,
    "215": 1.292876627729799,
    "217": 2.861251736158459,
    "226": 0.3866358978775386,
    "227": 29.012782345147805,
    "232": 14.098082054238585,