{
  "id": "934",
  "name": "Garganacl",
  "format_id": "showdown_gen9vgc2026regf-1500",
  "usage_metrics": {
    "raw": 18067,
    "base_weight": 5168.880475470467,
    "percent": 1.150311533421876
  },
  "roles": [
    {
      "role": "role_staller",
      "label": "Staller",
      "category": "DEF"
    },
    {
      "role": "role_wide_guard",
      "label": "Wide Guard",
      "category": "SUP"
    },
    {
      "role": "role_disruptor",
      "label": "Disruptor",
      "category": "SUP"
    }
  ],
  "items": {
    "leftovers": 2656.9645095224687,
    "maranga-berry": 605.9057778074017,
    "sitrus-berry": 424.1835940862599,
    "rocky-helmet": 527.3525218767933,
    "covert-cloak": 104.5088709010731,
    "ability-shield": 2.3277032871335095,
    "figy-berry": 129.75817506796253,
    "assault-vest": 89.98821993232133,
    "iapapa-berry": 213.362102586835,
    "grassy-seed": 64.84875083582867,
    "weakness-policy": 3.8377316690171215,
    "psychic-seed": 26.72763301650289,
    "choice-band": 22.693182519406314,
    "focus-sash": 9.056318906928071,
    "aguav-berry": 92.42686814829274,
    "air-balloon": 6.981940872042354,
    "nothing": 9.94133504363775,
    "clear-amulet": 15.209043053761205,
    "black-sludge": 3.8075798570986303,
    "rowap-berry": 17.97388290305751,
    "safety-goggles": 4.08108324208525,
    "liechi-berry": 0.0182696359431353,
    "charti-berry": 1.7221284748140053,
    "kee-berry": 0.00004055232979094381,
    "heavy-duty-boots": 2.4590472415784776,
    "shell-bell": 0.5845623332828762,
    "chesto-berry": 0.00025817880216622013,
    "life-orb": 9.321468006774158,
    "zoom-lens": 0.000245526598854906,
    "mental-herb": 9.018391363589284,
    "red-card": 2.067157215117786,
    "binding-band": 4.595456574625754,
    "stone-plate": 0.15151218793022414,
    "power-herb": 0.3067686902350448,
    "normal-gem": 11.876160931193658,
    "iron-ball": 3.9182666596150093,
    "metronome": 0.00378616556160416,
    "black-belt": 1.0898200858450626,
    "persim-berry": 2.121550288993406,
    "loaded-dice": 17.448489062581977,
    "custap-berry": 4.363905434129111,
    "wiki-berry": 0.220775439033723,
    "colbur-berry": 1.320474282407533,
    "expert-belt": 0.008333598685759391,
    "eject-button": 47.01941676088151,
    "choice-scarf": 0.0004513743625997879,
    "passho-berry": 2.5605685622264036,
    "hard-stone": 6.779737677625325,
    "wide-lens": 0.1617171845399355,
    "shuca-berry": 3.6394931271346422,
    "mirror-herb": 0.06405111468718888,
    "chople-berry": 0.0707813555400017,
    "silk-scarf": 0.00003086496325588328,
    "bright-powder": 4.0305280602238405,
    "kings-rock": 0.000006322716908979675
  },
  "abilities": {
    "purifying-salt": 4902.798305514089,
    "sturdy": 182.9086425730359,
    "clear-body": 83.17352738334205
  },
  "moves": {
    "body-press": 1322.4241928894915,
    "iron-defense": 1396.138822580085,
    "wide-guard": 2407.710964411673,
    "salt-cure": 5096.562294130042,
    "stealth-rock": 598.217058221731,
    "recover": 4211.876145946618,
    "protect": 3997.496488464896,
    "heavy-slam": 144.02318796883836,
    "substitute": 48.714520246743625,
    "ice-punch": 5.894615969395019,
    "earthquake": 109.52856721969144,
    "rock-slide": 156.87457563323503,
    "helping-hand": 139.50861060597597,
    "thunder-punch": 8.81740223935468,
    "bulldoze": 113.54123723338606,
    "brick-break": 69.59166320890861,
    "sandstorm": 6.73251406296789,
    "explosion": 200.09989795982926,
    "fissure": 87.62609858550016,
    "curse": 191.01736537938712,
    "sunny-day": 1.8522509229684414,
    "earth-power": 1.459642563834518,
    "iron-head": 18.19744142475188,
    "fire-punch": 9.165287136299952,
    "body-slam": 4.383369932336858,
    "avalanche": 9.083831797867736,
    "meteor-beam": 2.4127600630281,
    "harden": 0.5910639277610371,
    "focus-punch": 1.056852499430983,
    "rock-tomb": 0.7370559606802289,
    "double-edge": 0.9189538537620732,
    "": 3.0759796432026327,
    "tera-blast": 5.4836123312130285,
    "hammer-arm": 23.97412793598645,
    "stomping-tantrum": 78.36801907203964,
    "dig": 0.477730377102257,
    "endure": 1.3537928385443814,
    "stone-edge": 34.669704202162144,
    "rest": 5.331718924326233,
    "block": 60.26864316251812,
    "zen-headbutt": 2.2404429901539062,
    "flash-cannon": 0.8201358563394137,
    "rock-blast": 31.343740939257152,
    "power-gem": 9.256252812629212,
    "facade": 0.20057683516259384,
    "gravity": 15.95379169636239,
    "sleep-talk": 0.8978624429431254,
    "fling": 3.9182666595831748,
    "smack-down": 34.34112600734396,
    "rain-dance": 1.1299269300367043,
    "rock-polish": 0.1617171845399355
  },
  "teras": {
    "rock": 243.3178575144201,
    "flying": 609.8984258018256,
    "ghost": 1821.2019729589238,
    "fairy": 473.45204043906364,
    "grass": 496.92929943773163,
    "steel": 47.08515100594337,
    "water": 465.18247674273465,
    "poison": 441.8289549308613,
    "psychic": 3.795386219306927,
    "normal": 51.5222489684692,
    "dragon": 212.65939730030527,
    "bug": 197.33699924390416,
    "fighting": 70.8930697942219,
    "electric": 15.108946582738643,
    "ground": 12.537570854470017,
    "ice": 4.269404914307037,
    "dark": 1.4783543625927749,
    "fire": 0.3812707620542299,
    "stellar": 0.0016476366169149714
  },
  "spreads": [
    {
      "nature": "careful",
      "usage": "10.4",
      "evs": {
        "hp": 252,
        "atk": 0,
        "def": 4,
        "spa": 0,
        "spd": 252,
        "spe": 0
      }
    },
    {
      "nature": "impish",
      "usage": "8.2",
      "evs": {
        "hp": 252,
        "atk": 4,
        "def": 252,
        "spa": 0,
        "spd": 0,
        "spe": 0
      }
    },
    {
      "nature": "relaxed",
      "usage": "8.0",
      "evs": {
        "hp": 252,
        "atk": 0,
        "def": 4,
        "spa": 0,
        "spd": 252,
        "spe": 0
      }
    },
    {
      "nature": "sassy",
      "usage": "5.9",
      "evs": {
        "hp": 252,
        "atk": 0,
        "def": 4,
        "spa": 0,
        "spd": 252,
        "spe": 0
      }
    },
    {
      "nature": "careful",
      "usage": "4.1",
      "evs": {
        "hp": 252,
        "atk": 4,
        "def": 0,
        "spa": 0,
        "spd": 252,
        "spe": 0
      }
    },
    {
      "nature": "impish",
      "usage": "3.1",
      "evs": {
        "hp": 252,
        "atk": 0,
        "def": 252,
        "spa": 0,
        "spd": 4,
        "spe": 0
      }
    },
    {
      "nature": "impish",
      "usage": "2.8",
      "evs": {
        "hp": 252,
        "atk": 0,
        "def": 4,
        "spa": 0,
        "spd": 252,
        "spe": 0
      }
    },
    {
      "nature": "sassy",
      "usage": "2.5",
      "evs": {
        "hp": 252,
        "atk": 4,
        "def": 0,
        "spa": 0,
        "spd": 252,
        "spe": 0
      }
    },
    {
      "nature": "careful",
      "usage": "2.4",
      "evs": {
        "hp": 0,
        "atk": 0,
        "def": 252,
        "spa": 0,
        "spd": 252,
        "spe": 0
      }
    },
    {
      "nature": "relaxed",
      "usage": "1.9",
      "evs": {
        "hp": 252,
        "atk": 0,
        "def": 28,
        "spa": 0,
        "spd": 228,
        "spe": 0
      }
    }
  ],
  "teammates": {
    "2": 0.2655094530654128,
    "3": 11.547044768254711,
    "6": 10.064471832631845,
    "8": 11.326913384409309,
    "9": 23.74444904195084,
    "24": 0.9770830673278483,
    "25": 0.9717349788957974,
    "26": 68.87381434962475,
    "35": 16.38507526051084,
    "36": 20.42629223186217,
    "38": 71.88515688011357,
    "39": 0.0006616506521077703,
    "45": 0.40946133203210405,
    "49": 1.2373728367197299,
    "50": 0.0015407037941302382,
    "51": 0.005064807564612139,
    "55": 0.8957089131749294,
    "57": 0.0712187452022916,
    "59": 45.07563259430836,
    "62": 0.13892872442151905,
    "70": 0.8486011884757395,
    "73": 0.004784586158061099,