{
  "id": "196",
  "name": "Espeon",
  "format_id": "showdown_gen3ou-1760",
  "usage_metrics": {
    "raw": 2268,
    "base_weight": 4.501242800644156,
    "percent": 0.5295922513274832
  },
  "roles": [
    {
      "role": "role_sweeper_special",
      "label": "Special Sweeper",
      "category": "OFF"
    },
    {
      "role": "role_setup",
      "label": "Setup Sweeper",
      "category": "OFF"
    }
  ],
  "items": {
    "leftovers": 4.453691251244963,
    "petaya-berry": 3.388015923366794e-9,
    "lum-berry": 0.005888500685172382,
    "twisted-spoon": 0.0000017607033501176872,
    "cheri-berry": 0,
    "nothing": 0.04132407399574112,
    "shell-bell": 0.000020315352623978544,
    "white-herb": 0.0003168230773827885,
    "chesto-berry": 4.968447653297403e-8,
    "starf-berry": 2.2512429809218304e-8
  },
  "abilities": {
    "synchronize": 4.501242800644156
  },
  "moves": {
    "baton-pass": 4.459567152022191,
    "calm-mind": 4.500555319109977,
    "psychic": 4.501242735508254,
    "wish": 0.000006406119262392096,
    "substitute": 0.03591093786609911,
    "hidden-power-fighting": 3.4829195083574405e-11,
    "hidden-power-dark": 0,
    "hidden-power-fire": 4.395028126030631,
    "hidden-power-grass": 0.03391751326780207,
    "bite": 0.00002101112205604716,
    "morning-sun": 0.000006704459618533942,
    "return": 0,
    "helping-hand": 0,
    "quick-attack": 0,
    "toxic": 4.718447854656915e-15,
    "light-screen": 0.0002841374152934839,
    "hidden-power-ice": 0.0005798957464701604,
    "charm": 0,
    "reflect": 0.04164852452684453,
    "protect": 0.00002728165172249941,
    "hidden-power-electric": 0.03617540137792402,
    "body-slam": 2.153075384647707e-9,
    "sunny-day": 0,
    "shadow-ball": 9.172810289115318e-10,
    "facade": 0,
    "rain-dance": 3.562812878055155e-9,
    "rest": 4.968447653297403e-8,
    "hidden-power-water": 0,
    "psych-up": 0,
    "curse": 0,
    "sleep-talk": 0,
    "endure": 0
  },
  "teras": {
    "nothing": 4.501242800644156
  },
  "spreads": [
    {
      "nature": "modest",
      "usage": "63.7",
      "evs": {
        "hp": 72,
        "atk": 0,
        "def": 0,
        "spa": 252,
        "spd": 0,
        "spe": 184
      }
    },
    {
      "nature": "timid",
      "usage": "20.8",
      "evs": {
        "hp": 72,
        "atk": 0,
        "def": 0,
        "spa": 252,
        "spd": 0,
        "spe": 184
      }
    },
    {
      "nature": "modest",
      "usage": "7.9",
      "evs": {
        "hp": 0,
        "atk": 0,
        "def": 0,
        "spa": 252,
        "spd": 4,
        "spe": 252
      }
    },
    {
      "nature": "timid",
      "usage": "4.2",
      "evs": {
        "hp": 252,
        "atk": 0,
        "def": 0,
        "spa": 0,
        "spd": 76,
        "spe": 180
      }
    },
    {
      "nature": "hardy",
      "usage": "0.9",
      "evs": {
        "hp": 4,
        "atk": 0,
        "def": 0,
        "spa": 252,
        "spd": 0,
        "spe": 252
      }
    },
    {
      "nature": "timid",
      "usage": "0.9",
      "evs": {
        "hp": 4,
        "atk": 0,
        "def": 0,
        "spa": 252,
        "spd": 0,
        "spe": 252
      }
    },
    {
      "nature": "timid",
      "usage": "0.8",
      "evs": {
        "hp": 0,
        "atk": 0,
        "def": 0,
        "spa": 252,
        "spd": 4,
        "spe": 252
      }
    },
    {
      "nature": "timid",
      "usage": "0.2",
      "evs": {
        "hp": 248,
        "atk": 0,
        "def": 0,
        "spa": 68,
        "spd": 0,
        "spe": 192
      }
    },
    {
      "nature": "timid",
      "usage": "0.2",
      "evs": {
        "hp": 200,
        "atk": 0,
        "def": 0,
        "spa": 0,
        "spd": 56,
        "spe": 252
      }
    },
    {
      "nature": "timid",
      "usage": "0.2",
      "evs": {
        "hp": 200,
        "atk": 0,
        "def": 0,
        "spa": 0,
        "spd": 236,
        "spe": 72
      }
    }
  ],
  "teammates": {
    "3": 0.018934208623277216,
    "6": 0.9947691613191962,
    "9": 0.018934397434253236,
    "12": 5.982631851031428e-7,
    "19": 0.000024964739321231555,
    "24": 0.00474231948084225,
    "25": 0.018934130335982013,
    "26": 0,
    "34": 1.1908654062864343e-9,
    "38": 0.00008185532523813377,
    "45": 0,
    "51": 0.029919463701397253,
    "53": 1.4337383891227518e-8,
    "57": 9.283013246985661e-11,
    "59": 5.383502319489253e-7,
    "62": 5.214134679576432e-11,
    "65": 0.04135971437909103,
    "68": 0.00010140050807666556,
    "73": 1.0195559951853284e-9,
    "76": 5.6037201878744725e-8,
    "78": 6.942270647236626e-10,
    "80": 0.004160467958118086,
    "82": 1.1250740426918517,
    "85": 1.7925300932475352e-7,
    "89": 0,
    "91": 0.00030610449802986883,
    "94": 0.0900617797888218,
    "97": 0,
    "101": 0.00010140050807738721,
    "103": 9.296297065475301e-11,
    "105": 1.4337383891227518e-8,
    "106": 6.344801011803902e-7,
    "110": 9.283013246985661e-11,
    "112": 0,
    "114": 0,
    "115": 4.240485729223309e-8,
    "121": 2.1431858042311975,
    "123": 3.5454097657705574e-8,
    "124": 0,
    "125": 0.000002645092682163064,
    "126": 0,
    "127": 2.984622271551274e-9,
    "128": 5.6037201878744725e-8,
    "130": 4.0449166610612153e-7,
    "131": 0.0001411420198603741,
    "132": 0,
    "133": 0.00028323304589294995,
    "134": 0.0004596231303632403,
    "135": 0.17694710502752686,
    "136": 0.00042603146023789673,
    "139": 5.179908724173288e-8,
    "141": 0,
    "142": 0.0000012559876749751453,
    "143": 0.02309694756210584,
    "144": 0,
    "145": 4.187995207098551,
    "146": 0.00030881005424887586,
    "149": 0.041359945104946616,
    "153": 0,
    "154": 0,
    "157": 0.000031547109738794266,
    "160": 0,
    "169": 4.622373978024896e-8,
    "171": 2.984622271551274e-9,
    "181": 6.344801011803902e-7,
    "185": 0,
    "195": 4.622373506180111e-8,
    "197": 0.0004255098857108286,
    "205": 0.008970253700035902,
    "207": 9.283013246985661e-11,
    "208": 0.00010140417782528166,
    "210": 2.2512429809218304e-8,
    "211": 0,
    "212": 0.000005331370856953566,
    "214": 2.0817388485250277e-7,
    "217": 0,
    "226": 0,
    "227": 0.18972008879691832,
    "229": 2.2513336528362515e-8,
    "230": 6.093366039516823e-8,
    "232": 0,
    "233": 0.10592926426171867,
    "234": 0.000002186495152545209,
    "235": 4.718447854656915e-15,
    "237": 5.109065237540733e-8,
    "241": 4.158158123972029,
    "242": 0.0012722691560881905,
    "243": 0.0004355773904248794,
    "244": 0,
    "245": 1.1244678527681975,
    "248": 1.2502414859159208,
    "251": 0.0007505274735242207,
    "254": 0.026745323766390272,
    "257": 0.000024063896671588925,
    "260": 4.217750945158223,
    "264": 4.718447854656915e-15,
    "272": 0.00002496731401513408,
    "277": 0,
    "282": 0.00002408162331835051,
    "286": 7.56397426471267e-7,
    "289": 0.0003060494618046805,
    "291": 3.163853565801844e-7,
    "292": 0,
    "297": 0.00014130100428211279,
    "299": 0,
    "301": 0,
    "303": 3.940459070150837e-12,
    "306": 4.440892098500626e-16,
    "308": 0.000022960448760767083,
    "310": 0.013955421340121954,
    "311": 0,
    "312": 0,
    "313": 3.3306690738754696e-15,
    "321": 0.007274917411322135,
    "324": 0,
    "330": 1.8886408220675222e-7,
    "334": 0.000023804194241194843,
    "335": 0,
    "337": 4.772603312552803e-9,
    "338": 0,
    "342": 0,
    "344": 0.00012490319815161577,
    "346": 5.301751860309345e-7,
    "348": 0,
    "350": 0.0001606363912960429,
    "351": 1.3969159162741107e-10,
    "354": 0,
    "356": 3.3306690738754696e-15,
    "358": 0,
    "362": 5.722806728503116e-8,
    "368": 1.1657341758564144e-15,
    "372": 0,
    "373": 0.045765615410549965,
    "376": 0.20300392823316876,
    "377": 0.0003060494629138488,
    "378": 0.0012429828041198299,
    "379": 0.00884693150812721,
    "385": 2.1388854734021834
  }
}