{
  "id": "227",
  "name": "Skarmory",
  "format_id": "showdown_gen3ou-1760",
  "usage_metrics": {
    "raw": 148764,
    "base_weight": 1574.5552453129449,
    "percent": 34.73732878151751
  },
  "roles": [
    {
      "role": "role_staller",
      "label": "Staller",
      "category": "DEF"
    },
    {
      "role": "role_disruptor",
      "label": "Disruptor",
      "category": "SUP"
    },
    {
      "role": "role_speed_control",
      "label": "Speed Control",
      "category": "SUP"
    }
  ],
  "items": {
    "leftovers": 1504.4387198175511,
    "nothing": 66.85009118121597,
    "soft-sand": 0.9388462698227957,
    "choice-band": 0.1043121539994677,
    "ganlon-berry": 0,
    "salac-berry": 2.0925049834062053,
    "lum-berry": 0.021019546897751817,
    "chesto-berry": 0.058866933413360856,
    "quick-claw": 0.00004317953830829113,
    "sharp-beak": 0.000002587434401846167,
    "white-herb": 0,
    "sitrus-berry": 3.9603098578311347e-11,
    "metal-coat": 0,
    "liechi-berry": 0.048887494310741575,
    "shell-bell": 0.000001149160850588693,
    "scope-lens": 0,
    "mental-herb": 0,
    "focus-band": 0.00195001614853213
  },
  "abilities": {
    "keen-eye": 1552.1323921864046,
    "sturdy": 22.422853126540307
  },
  "moves": {
    "spikes": 1574.0384781241721,
    "roar": 1549.9485198886252,
    "protect": 602.0599711329635,
    "drill-peck": 1016.0437759131136,
    "toxic": 869.4581789995758,
    "thief": 69.14373541271414,
    "curse": 0.21087264453590887,
    "aerial-ace": 0.0039173455523693335,
    "rest": 5.802720406839919,
    "hidden-power-ground": 42.47272382801212,
    "taunt": 379.1796928697889,
    "counter": 9.313121525049612,
    "substitute": 0.20337528840654479,
    "hidden-power-steel": 66.15921643857908,
    "double-edge": 0.09116464865583124,
    "rock-slide": 0.3313254719936986,
    "steel-wing": 0.21032448670819553,
    "whirlwind": 8.893297646015208,
    "hidden-power-fighting": 102.89877822354642,
    "attract": 3.4389158187764224e-13,
    "torment": 0.2137807548018263,
    "agility": 0.23491462233169486,
    "air-cutter": 0.016447261989859963,
    "hidden-power-flying": 0.24816656214086846,
    "sleep-talk": 0.22851022610874427,
    "sunny-day": 0.76012167408322,
    "pursuit": 0.0018253935432229196,
    "fly": 0.037900239693403615,
    "hidden-power-fire": 0.00021117760817024323,
    "endure": 1.3943298621255096e-7,
    "peck": 2.4668711684494582e-8,
    "": 0.00006715997778672378,
    "sand-attack": 1.6938230545937571e-7,
    "hidden-power-dark": 0.00004916148337319459,
    "hidden-power-electric": 0,
    "metal-sound": 0.0020324871909458975,
    "sky-attack": 0.00428210165719517,
    "facade": 0.0003128055184130063,
    "mud-slap": 0.00021117345891763506,
    "hidden-power-bug": 0.00883736187685047,
    "return": 0.000030360620771996416,
    "hidden-power-grass": 0,
    "hidden-power-ice": 4.1319853094634595e-10,
    "rock-smash": 0,
    "hidden-power-rock": 0.00008639502770552143,
    "hidden-power-water": 0.000003703988529224489,
    "hidden-power-ghost": 6.106226635438361e-16
  },
  "teras": {
    "nothing": 1574.5552453129424
  },
  "spreads": [
    {
      "nature": "careful",
      "usage": "27.1",
      "evs": {
        "hp": 252,
        "atk": 0,
        "def": 0,
        "spa": 0,
        "spd": 252,
        "spe": 4
      }
    },
    {
      "nature": "careful",
      "usage": "16.2",
      "evs": {
        "hp": 248,
        "atk": 0,
        "def": 0,
        "spa": 0,
        "spd": 248,
        "spe": 12
      }
    },
    {
      "nature": "careful",
      "usage": "7.4",
      "evs": {
        "hp": 248,
        "atk": 0,
        "def": 0,
        "spa": 0,
        "spd": 252,
        "spe": 8
      }
    },
    {
      "nature": "jolly",
      "usage": "6.3",
      "evs": {
        "hp": 252,
        "atk": 0,
        "def": 0,
        "spa": 0,
        "spd": 64,
        "spe": 192
      }
    },
    {
      "nature": "careful",
      "usage": "4.4",
      "evs": {
        "hp": 252,
        "atk": 0,
        "def": 4,
        "spa": 0,
        "spd": 252,
        "spe": 0
      }
    },
    {
      "nature": "careful",
      "usage": "3.7",
      "evs": {
        "hp": 248,
        "atk": 0,
        "def": 0,
        "spa": 0,
        "spd": 244,
        "spe": 16
      }
    },
    {
      "nature": "careful",
      "usage": "2.8",
      "evs": {
        "hp": 248,
        "atk": 0,
        "def": 0,
        "spa": 0,
        "spd": 216,
        "spe": 44
      }
    },
    {
      "nature": "careful",
      "usage": "2.5",
      "evs": {
        "hp": 252,
        "atk": 4,
        "def": 0,
        "spa": 0,
        "spd": 252,
        "spe": 0
      }
    },
    {
      "nature": "adamant",
      "usage": "2.4",
      "evs": {
        "hp": 4,
        "atk": 252,
        "def": 0,
        "spa": 0,
        "spd": 0,
        "spe": 252
      }
    },
    {
      "nature": "calm",
      "usage": "2.1",
      "evs": {
        "hp": 248,
        "atk": 0,
        "def": 0,
        "spa": 0,
        "spd": 244,
        "spe": 16
      }
    }
  ],
  "teammates": {
    "3": 6.429959509152496,
    "6": 54.90660089155274,
    "9": 9.663562443910221,
    "12": 0.017880656771304737,
    "15": 0,
    "18": 0.005199940434959527,
    "19": 0.0319715064250769,
    "20": 1.3967713339358514,
    "22": 0.041953427773630037,
    "24": 0,
    "25": 0.0008941628312455485,
    "26": 0.0004519586239205564,
    "31": 0.042844524644538695,
    "34": 0.01621346574093996,
    "36": 2.6893055227183993e-8,
    "38": 0.0000015343481906682221,
    "40": 0.00004910912955735647,
    "41": 2.2149360123790984e-10,
    "45": 0.003023182408877112,
    "49": 4.4519977482337936e-7,
    "50": 0,
    "51": 150.873115037515,
    "53": 0,
    "55": 0.00008888182278921075,
    "59": 0.8210283304576258,
    "61": 0,
    "62": 2.352366528121347,
    "65": 6.737445094417231,
    "68": 0.648409990746417,
    "71": 0.02217690960017088,
    "73": 0.024241941705773817,
    "76": 0.0018767235565968488,
    "78": 0.001830751388317453,
    "80": 1.2887711844288927,
    "82": 46.27703378027182,
    "83": 9.664491429361988e-14,
    "85": 0.020310840612490944,
    "89": 0.0001120374469764096,
    "91": 0.23639909673042908,
    "93": 0.005467009871074124,
    "94": 500.8611721368314,
    "95": 5.551115123125783e-17,
    "97": 0.020123595402232186,
    "99": 9.451034954643944e-10,
    "101": 0.013085363330786304,
    "103": 0.00815483247898291,
    "105": 0.06471188569253739,
    "106": 0.0013965549074086425,
    "107": 0,
    "108": 1.170833305863539e-7,
    "110": 7.216479243295268,
    "112": 0.09611343233873898,
    "113": 0.010989274116993075,
    "115": 0.0810253718096855,
    "121": 549.1868661463487,
    "123": 3.0878251067179008e-9,
    "124": 2.8706149171919946,
    "125": 0.17509266529412304,
    "126": 0.007319463145676219,
    "127": 0,
    "128": 0.0007129762643728887,
    "130": 30.996075690901897,
    "131": 0.21819526424440233,
    "132": 0,
    "134": 17.921377891764077,
    "135": 178.15484756367033,
    "136": 3.058664432842306e-14,
    "139": 0.0020327255844864167,
    "141": 0.0015577858707743752,
    "142": 510.6004669401183,
    "143": 13.970968768274762,
    "144": 1.5956795108790485,
    "145": 375.8232725282184,
    "146": 44.14543032582045,
    "148": 0,
    "149": 1.3395401972137313,
    "154": 0.005347732783672676,
    "157": 0.1712995558064916,
    "160": 0.000006380508916215,
    "162": 0,
    "164": 0.0006180399530941738,
    "169": 0.0434676128487429,
    "171": 4.827854459184344,
    "176": 0,
    "178": 0,
    "181": 0.08356079468292799,
    "182": 0,
    "184": 0.0031490923296561557,
    "185": 0,
    "186": 0.05626165566181762,
    "189": 5.596619898017385,
    "192": 2.6325016055928074e-9,
    "193": 2.7850972084131342e-9,
    "194": 2.2149360123790984e-10,
    "195": 0.730149554649139,
    "196": 0.18972008879691832,
    "197": 3.745265848522686,
    "198": 0.362191855502059,