{
  "id": "62",
  "name": "Poliwrath",
  "format_id": "showdown_gen3ou-1760",
  "usage_metrics": {
    "raw": 1832,
    "base_weight": 3.948831458218422,
    "percent": 0.4277835116542986
  },
  "roles": [
    {
      "role": "role_setup",
      "label": "Setup Sweeper",
      "category": "OFF"
    },
    {
      "role": "role_wall_physical",
      "label": "Physical Wall",
      "category": "DEF"
    }
  ],
  "items": {
    "nothing": 0.1696092977417037,
    "leftovers": 3.771186954107309,
    "salac-berry": 0.001118460965001955,
    "choice-band": 0.0069166149635219165,
    "lum-berry": 0,
    "mystic-water": 5.079311415912002e-10,
    "light-ball": 0,
    "shell-bell": 0,
    "black-belt": 1.2993295650520764e-7
  },
  "abilities": {
    "water-absorb": 3.8443019185626555,
    "damp": 0.10452953965576678
  },
  "moves": {
    "hydro-pump": 0.008064029369227788,
    "ice-beam": 1.9477488427548426,
    "substitute": 0.2430275784721796,
    "focus-punch": 0.7988839442826636,
    "bulk-up": 2.9070440070052936,
    "brick-break": 3.43126511836981,
    "surf": 0.27193109019977774,
    "hypnosis": 0.4570898448316442,
    "hidden-power-rock": 0.03417669405650964,
    "earthquake": 0.03946846935525555,
    "hidden-power-ghost": 0.4926091336280821,
    "belly-drum": 1.2993810016848073e-7,
    "hidden-power-bug": 0.620800887511793,
    "psychic": 1.2993295650520764e-7,
    "dynamic-punch": 0,
    "toxic": 0.000032230167467450777,
    "haze": 0.16960941907349603,
    "counter": 0.000009807535913286536,
    "rest": 3.412174056234849,
    "sleep-talk": 0.6856066405561376,
    "rock-tomb": 0,
    "hidden-power-flying": 4.650502205549856e-12,
    "water-pulse": 0,
    "seismic-toss": 0.10203864787987937,
    "rain-dance": 0.002855852410138582,
    "thief": 0.1696092977417032,
    "ice-punch": 5.079311415912002e-10,
    "hidden-power-electric": 5.60072599409267e-10,
    "blizzard": 0,
    "body-slam": 0.000021320090420162696,
    "strength": 0,
    "hidden-power-grass": 9.231504449758177e-14,
    "double-edge": 0.00002566417008154076,
    "protect": 0.00016725174159870626,
    "waterfall": 2.5615002507972662e-8,
    "return": 1.554312234475219e-14,
    "metronome": 0,
    "": 0,
    "facade": 0.0010655889431454568,
    "mind-reader": 0,
    "dive": 1.2993295650520764e-7
  },
  "teras": {
    "nothing": 3.948831458218423
  },
  "spreads": [
    {
      "nature": "relaxed",
      "usage": "42.9",
      "evs": {
        "hp": 252,
        "atk": 0,
        "def": 224,
        "spa": 0,
        "spd": 0,
        "spe": 32
      }
    },
    {
      "nature": "adamant",
      "usage": "26.8",
      "evs": {
        "hp": 252,
        "atk": 252,
        "def": 0,
        "spa": 0,
        "spd": 4,
        "spe": 0
      }
    },
    {
      "nature": "adamant",
      "usage": "11.7",
      "evs": {
        "hp": 252,
        "atk": 252,
        "def": 0,
        "spa": 0,
        "spd": 0,
        "spe": 4
      }
    },
    {
      "nature": "bold",
      "usage": "6.9",
      "evs": {
        "hp": 252,
        "atk": 0,
        "def": 252,
        "spa": 0,
        "spd": 4,
        "spe": 0
      }
    },
    {
      "nature": "rash",
      "usage": "6.2",
      "evs": {
        "hp": 252,
        "atk": 108,
        "def": 148,
        "spa": 0,
        "spd": 0,
        "spe": 0
      }
    },
    {
      "nature": "adamant",
      "usage": "5.3",
      "evs": {
        "hp": 252,
        "atk": 160,
        "def": 0,
        "spa": 0,
        "spd": 0,
        "spe": 96
      }
    },
    {
      "nature": "brave",
      "usage": "0.2",
      "evs": {
        "hp": 248,
        "atk": 252,
        "def": 0,
        "spa": 8,
        "spd": 0,
        "spe": 0
      }
    },
    {
      "nature": "relaxed",
      "usage": "0.1",
      "evs": {
        "hp": 252,
        "atk": 0,
        "def": 252,
        "spa": 4,
        "spd": 0,
        "spe": 0
      }
    },
    {
      "nature": "impish",
      "usage": "0.0",
      "evs": {
        "hp": 252,
        "atk": 16,
        "def": 96,
        "spa": 0,
        "spd": 8,
        "spe": 136
      }
    },
    {
      "nature": "jolly",
      "usage": "0.0",
      "evs": {
        "hp": 4,
        "atk": 252,
        "def": 0,
        "spa": 0,
        "spd": 0,
        "spe": 252
      }
    }
  ],
  "teammates": {
    "3": 0.000003953179675109109,
    "6": 0.003108626369979439,
    "9": 0.0000010061111097581232,
    "12": 1.1102230246251565e-16,
    "18": 0,
    "25": 2.4379486818215668e-8,
    "26": 0,
    "31": 1.720843001429273e-8,
    "34": 5.095075270578064e-7,
    "36": 2.5484689525345772e-8,
    "38": 0,
    "45": 4.741762538174044e-13,
    "47": 4.4376873464813116e-7,
    "51": 0.18928362128440407,
    "53": 1.720843001429273e-8,
    "57": 7.631433263100007e-10,
    "59": 9.287015600989434e-14,
    "65": 0.020179448567595792,
    "68": 0.035262891636193006,
    "71": 0.000025665405237740302,
    "73": 3.6550905357923824e-8,
    "76": 8.399986719531682e-7,
    "78": 1.2351561995416205e-9,
    "80": 5.551115123125783e-16,
    "82": 0.038317012411107465,
    "85": 1.27675647831893e-15,
    "89": 0,
    "91": 0.0011184477167617835,
    "94": 0.5171159723690472,
    "97": 4.034201983582619e-8,
    "101": 0,
    "103": 0.000005728909026447848,
    "105": 0.20836196985703537,
    "106": 7.631433263100007e-10,
    "107": 7.631433263100007e-10,
    "110": 0.00016738167416874283,
    "112": 0,
    "113": 0,
    "114": 0,
    "115": 0.000046854646081784246,
    "119": 0,
    "121": 0.20853007410518087,
    "124": 0.05559606145175788,
    "125": 0.000005728909026447848,
    "126": 0,
    "128": 9.54684609144607e-10,
    "130": 3.025250505661603e-8,
    "131": 0.000046854646081784246,
    "134": 1.9767070369436368e-8,
    "135": 1.4458957835401343,
    "139": 0,
    "141": 1.0681694589953494e-7,
    "142": 1.3731760479249573,
    "143": 0.001145684070261166,
    "144": 1.7942930474745822e-10,
    "145": 0.283155745847721,
    "146": 0.2707571903811689,
    "149": 0.3741000304128161,
    "154": 0.000046854646081784246,
    "160": 0,
    "169": 0,
    "171": 3.65555546943952e-8,
    "184": 0,
    "186": 0,
    "189": 0,
    "195": 0,
    "196": 5.214134679576432e-11,
    "197": 0.3578745790487852,
    "200": 1.4355993621650853e-7,
    "205": 1.1257516824127407,
    "207": 1.9767070369436368e-8,
    "208": 0.03244098327766687,
    "210": 0,
    "211": 1.2993295650520764e-7,
    "212": 0.003034320057899942,
    "213": 1.2068124277675452e-13,
    "214": 0.0029221272438114676,
    "215": 0,
    "217": 1.555001127861999e-9,
    "224": 0,
    "226": 0,
    "227": 2.352366528121347,
    "229": 0.001117656980891446,
    "230": 0.03352646280571614,
    "232": 0.000002968377797174515,
    "233": 0,
    "234": 1.2351561995416205e-9,
    "235": 0,
    "237": 5.079445752897982e-10,
    "241": 1.6927538893850143,
    "242": 0.4598648298474625,
    "243": 0.3578745683803175,
    "244": 0,
    "245": 0.08208560908434936,
    "248": 1.6886542507353774,
    "251": 0.2842940774994197,
    "254": 3.882193644333398e-8,
    "257": 0.0028548791562543196,
    "260": 0.001118490976069253,
    "272": 0.0011184803074876792,
    "275": 1.2351561995416205e-9,
    "277": 9.825473767932635e-15,
    "282": 4.741762538174044e-13,
    "284": 0,
    "286": 1.3861089870337295e-7,
    "289": 0,
    "297": 0.0028549091203964316,
    "302": 1.27675647831893e-14,
    "304": 0,
    "306": 9.121787725718811e-7,
    "308": 0.04115611649610562,
    "310": 0,
    "315": 1.3192585912591426e-10,
    "321": 3.608796594889441e-11,
    "323": 0,
    "324": 0,
    "330": 0.0069683034277741585,
    "334": 0,
    "337": 2.738293542470238e-7,
    "342": 0,
    "344": 1.9471109175217496,
    "346": 0,
    "348": 1.49700026874644e-7,
    "350": 0.0011184719058655035,
    "352": 0,
    "354": 0.000003029545744603901,
    "355": 1.1102230246251565e-16,
    "356": 0.003034320040694538,
    "362": 0,
    "365": 0,
    "368": 0,
    "373": 1.7728855567052657,