{
  "id": "82",
  "name": "Magneton",
  "format_id": "showdown_gen3ou-1760",
  "usage_metrics": {
    "raw": 86819,
    "base_weight": 313.5968676414256,
    "percent": 20.27278204056471
  },
  "roles": [
    {
      "role": "role_staller",
      "label": "Staller",
      "category": "DEF"
    },
    {
      "role": "role_sweeper_special",
      "label": "Special Sweeper",
      "category": "OFF"
    },
    {
      "role": "role_disruptor",
      "label": "Disruptor",
      "category": "SUP"
    }
  ],
  "items": {
    "magnet": 235.20709854461705,
    "leftovers": 44.88952779378431,
    "salac-berry": 17.61805045163463,
    "miracle-seed": 0.003787772797003097,
    "quick-claw": 13.321652800796503,
    "nothing": 0.004202244257640597,
    "lum-berry": 0.06256254882488294,
    "charcoal": 2.37379067961365,
    "sitrus-berry": 4.3109404934682516e-12,
    "petaya-berry": 0.03576608180289054,
    "cheri-berry": 0,
    "shell-bell": 0.000007058323386432974,
    "focus-band": 0.00018335668988106457,
    "choice-band": 0.0000032713441711074154,
    "black-belt": 5.617062370788517e-12,
    "starf-berry": 0.04873554884526421,
    "chesto-berry": 0.031494255396979476,
    "kings-rock": 0,
    "scope-lens": 0.0000052326908182021015
  },
  "abilities": {
    "magnet-pull": 313.55613710923046,
    "sturdy": 0.0407305321951677
  },
  "moves": {
    "thunderbolt": 313.1398230850403,
    "hidden-power-fire": 178.38590923134458,
    "rain-dance": 99.20232962764088,
    "thunder-wave": 94.21275641068871,
    "substitute": 69.9169411203547,
    "toxic": 175.03560444455934,
    "protect": 97.93402395743118,
    "sunny-day": 10.69060646592726,
    "hidden-power-grass": 120.26198400831595,
    "reflect": 4.355133272694116,
    "endure": 17.684824655355836,
    "hidden-power-ice": 5.85529026332545,
    "flash": 0,
    "metal-sound": 62.14047750506294,
    "mimic": 0.00007456147840056992,
    "screech": 1.9711750607961886,
    "thunder": 0.6644403637159386,
    "tri-attack": 0.000046876805775197816,
    "zap-cannon": 0.09335472398758465,
    "rest": 0.958225631224844,
    "sleep-talk": 0.8450010198939117,
    "": 0.40582155309087836,
    "hidden-power-water": 0.5709878617255457,
    "supersonic": 0.00137821171136282,
    "hidden-power-bug": 0.000020850849367926028,
    "hidden-power-fighting": 0.00004598740522332445,
    "hidden-power-steel": 0.0001826689017333516,
    "thunder-shock": 0.00023566284701947993,
    "double-edge": 0.00024075250635674506,
    "hidden-power-psychic": 0.00001598245543971144,
    "refresh": 0.0539284279473069,
    "return": 0.00004939780954277273,
    "facade": 0.00004882097455938261,
    "secret-power": 9.519855459494408e-10,
    "hyper-beam": 9.664491429361988e-14,
    "shock-wave": 0,
    "hidden-power-dark": 0.000005230217897833622,
    "hidden-power-electric": 0,
    "hidden-power-ground": 0.00041606906857355463,
    "hidden-power-dragon": 0.00024534506889667407,
    "lock-on": 0.005816548563786106,
    "frustration": 0.000008907977995076255,
    "hidden-power-flying": 0,
    "spark": 0,
    "sonic-boom": 0
  },
  "teras": {
    "nothing": 313.59686764142566
  },
  "spreads": [
    {
      "nature": "modest",
      "usage": "57.7",
      "evs": {
        "hp": 4,
        "atk": 0,
        "def": 0,
        "spa": 252,
        "spd": 0,
        "spe": 252
      }
    },
    {
      "nature": "modest",
      "usage": "4.3",
      "evs": {
        "hp": 0,
        "atk": 0,
        "def": 0,
        "spa": 252,
        "spd": 4,
        "spe": 252
      }
    },
    {
      "nature": "calm",
      "usage": "4.2",
      "evs": {
        "hp": 224,
        "atk": 0,
        "def": 0,
        "spa": 0,
        "spd": 136,
        "spe": 148
      }
    },
    {
      "nature": "modest",
      "usage": "3.9",
      "evs": {
        "hp": 76,
        "atk": 0,
        "def": 0,
        "spa": 252,
        "spd": 0,
        "spe": 180
      }
    },
    {
      "nature": "modest",
      "usage": "3.0",
      "evs": {
        "hp": 0,
        "atk": 0,
        "def": 0,
        "spa": 220,
        "spd": 36,
        "spe": 252
      }
    },
    {
      "nature": "modest",
      "usage": "2.5",
      "evs": {
        "hp": 48,
        "atk": 0,
        "def": 0,
        "spa": 252,
        "spd": 0,
        "spe": 208
      }
    },
    {
      "nature": "timid",
      "usage": "2.0",
      "evs": {
        "hp": 68,
        "atk": 0,
        "def": 0,
        "spa": 252,
        "spd": 0,
        "spe": 188
      }
    },
    {
      "nature": "modest",
      "usage": "1.7",
      "evs": {
        "hp": 0,
        "atk": 0,
        "def": 0,
        "spa": 224,
        "spd": 32,
        "spe": 252
      }
    },
    {
      "nature": "modest",
      "usage": "1.7",
      "evs": {
        "hp": 72,
        "atk": 0,
        "def": 0,
        "spa": 252,
        "spd": 0,
        "spe": 184
      }
    },
    {
      "nature": "modest",
      "usage": "1.5",
      "evs": {
        "hp": 68,
        "atk": 0,
        "def": 0,
        "spa": 252,
        "spd": 0,
        "spe": 188
      }
    }
  ],
  "teammates": {
    "3": 2.61892802737093,
    "6": 1.272677778256912,
    "9": 0.0004396496301082853,
    "10": 0,
    "12": 0,
    "18": 2.584566671792743e-9,
    "19": 0.00034886047894788774,
    "20": 0.002258501600658047,
    "22": 0.04195228324267031,
    "24": 0.000005871793341549747,
    "25": 0.00009112143534184547,
    "26": 0.0004956636066878461,
    "31": 0.06354329923106139,
    "34": 0.02983537685500942,
    "36": 0.014814470677956826,
    "38": 0.0000015812004788284817,
    "40": 0.000049099881685277236,
    "44": 0,
    "45": 0.00002284270001945421,
    "47": 5.4788229508773156e-11,
    "49": 0.00007326265736418147,
    "50": 0.00029059895419975,
    "51": 62.03344673565696,
    "53": 0,
    "55": 0.0000188118382221103,
    "57": 0.0075559431189752835,
    "59": 1.291580908046428,
    "61": 0.00008756086263905782,
    "62": 0.038317012411107465,
    "65": 0.712389872916514,
    "68": 0.4233175690111371,
    "71": 0.0024262252433006615,
    "72": 0.00007274921921179844,
    "73": 0.47467565216313595,
    "76": 0.0001745422637188243,
    "78": 0.00001835984434794824,
    "80": 0.008182423559906615,
    "81": 1.423377526954539e-10,
    "85": 0.0807674338814261,
    "89": 0.08489526849203144,
    "91": 18.7031251949571,
    "93": 1.496580637194711e-12,
    "94": 4.0932359715009925,
    "97": 2.658943830113891e-7,
    "99": 0.0000796894167640616,
    "101": 0.08774645081722615,
    "103": 0.26344721531741266,
    "105": 1.2607556682591365,
    "106": 0.000007024313417813843,
    "108": 0.22254494453683576,
    "110": 3.635301810358083,
    "112": 0.009130629240142296,
    "113": 0.0024954198469236966,
    "114": 7.766794397068288e-7,
    "115": 0.4096062063196318,
    "121": 10.747467444025773,
    "123": 0.018744360505827895,
    "124": 43.74494247389075,
    "125": 0.0004956636059570974,
    "126": 0,
    "127": 0.04780438743323856,
    "128": 2.977987843631226,
    "130": 45.9982312225942,
    "131": 0.23763857312433462,
    "132": 0,
    "134": 5.398266973473267,
    "135": 2.537653997037688,
    "136": 0,
    "139": 0.03733671391354809,
    "141": 0.001975047430102961,
    "142": 63.42108340564476,
    "143": 180.46327978296475,
    "144": 0.31781318165570477,
    "145": 41.94410976014789,
    "146": 2.917571028953859,
    "149": 5.383076271655919,
    "154": 0.0000017626703608386585,
    "157": 0.0010448595540498706,
    "160": 0,
    "162": 0,
    "164": 1.071865929347382e-9,
    "168": 5.551115123125783e-17,
    "169": 0.8078644984789123,
    "170": 0,
    "171": 0.04341330868491983,
    "176": 0,
    "178": 0,
    "181": 5.551115123125783e-17,
    "184": 0.020068279277612733,
    "186": 0.07607232741936776,
    "189": 0.23203641271126885,
    "193": 0,
    "195": 2.8052687891692796,
    "196": 1.1250740426918517,
    "197": 6.546167870316552,
    "198": 7.271960811294775e-15,
    "199": 0,
    "200": 0.0003229068675321689,