{
  "id": "85",
  "name": "Dodrio",
  "format_id": "showdown_gen3ou-1760",
  "usage_metrics": {
    "raw": 1642,
    "base_weight": 0.7775026612135709,
    "percent": 0.3834173177600209
  },
  "roles": [
    {
      "role": "role_sweeper_physical",
      "label": "Physical Sweeper",
      "category": "OFF"
    }
  ],
  "items": {
    "choice-band": 0.7477670451290512,
    "liechi-berry": 0.004383852609505079,
    "lum-berry": 0.0014982587939346148,
    "salac-berry": 0,
    "leftovers": 0.003732117552023795,
    "silk-scarf": 0.000008347645273187876,
    "nothing": 0.00009010790087743414,
    "sharp-beak": 8.485999503649033e-7,
    "scope-lens": 0.02002208298295538,
    "kings-rock": 0
  },
  "abilities": {
    "early-bird": 0.7764244354845455,
    "run-away": 0.0010782257290253838
  },
  "moves": {
    "drill-peck": 0.7568341848318025,
    "double-edge": 0.5314817787451376,
    "hidden-power-fighting": 0.24592160015824227,
    "baton-pass": 0.07895586145619993,
    "quick-attack": 0.1746800346410835,
    "hidden-power-ground": 0.5146651572929459,
    "substitute": 0.024458560877103297,
    "flail": 0.0006323520511621883,
    "agility": 0.0006039167978261206,
    "hidden-power-ghost": 0.0022330155571074206,
    "endeavor": 0.024019734978244944,
    "endure": 0,
    "tri-attack": 0.0006920961238765511,
    "taunt": 7.553846437247103e-10,
    "body-slam": 0.00045275745436812453,
    "steel-wing": 0.00420826270537672,
    "hyper-beam": 0.00012435108006469964,
    "return": 0.7187266091933147,
    "toxic": 0.00014602070028324476,
    "haze": 0.0013149888936874743,
    "hidden-power-bug": 0.006027808444702409,
    "pursuit": 2.607863219816764e-8,
    "frustration": 0.000003472674140247989,
    "facade": 0.000029387426881577472,
    "protect": 8.049116928532385e-15,
    "torment": 0,
    "thief": 0,
    "fly": 0.00009010790087743414,
    "sky-attack": 0.020022846516255632,
    "hidden-power-steel": 2.2870432769828142e-8,
    "hidden-power-rock": 7.553846437247103e-10,
    "fury-attack": 0,
    "hidden-power-grass": 0,
    "aerial-ace": 0,
    "rest": 0.0036849727011709077,
    "sleep-talk": 5.096537229465348e-7,
    "mud-slap": 1.7925300932475352e-7,
    "uproar": 0,
    "sunny-day": 2.6285852605667515e-8,
    "hidden-power-electric": 0
  },
  "teras": {
    "nothing": 0.7775026612135705
  },
  "spreads": [
    {
      "nature": "jolly",
      "usage": "63.5",
      "evs": {
        "hp": 4,
        "atk": 252,
        "def": 0,
        "spa": 0,
        "spd": 0,
        "spe": 252
      }
    },
    {
      "nature": "adamant",
      "usage": "24.1",
      "evs": {
        "hp": 4,
        "atk": 252,
        "def": 0,
        "spa": 0,
        "spd": 0,
        "spe": 252
      }
    },
    {
      "nature": "adamant",
      "usage": "5.9",
      "evs": {
        "hp": 0,
        "atk": 252,
        "def": 0,
        "spa": 0,
        "spd": 4,
        "spe": 252
      }
    },
    {
      "nature": "jolly",
      "usage": "4.7",
      "evs": {
        "hp": 0,
        "atk": 252,
        "def": 0,
        "spa": 0,
        "spd": 4,
        "spe": 252
      }
    },
    {
      "nature": "adamant",
      "usage": "1.2",
      "evs": {
        "hp": 76,
        "atk": 252,
        "def": 0,
        "spa": 0,
        "spd": 0,
        "spe": 180
      }
    },
    {
      "nature": "jolly",
      "usage": "0.5",
      "evs": {
        "hp": 252,
        "atk": 0,
        "def": 4,
        "spa": 0,
        "spd": 0,
        "spe": 252
      }
    },
    {
      "nature": "adamant",
      "usage": "0.1",
      "evs": {
        "hp": 248,
        "atk": 252,
        "def": 8,
        "spa": 0,
        "spd": 0,
        "spe": 0
      }
    },
    {
      "nature": "adamant",
      "usage": "0.0",
      "evs": {
        "hp": 56,
        "atk": 252,
        "def": 0,
        "spa": 0,
        "spd": 4,
        "spe": 196
      }
    },
    {
      "nature": "jolly",
      "usage": "0.0",
      "evs": {
        "hp": 104,
        "atk": 252,
        "def": 4,
        "spa": 0,
        "spd": 0,
        "spe": 148
      }
    },
    {
      "nature": "adamant",
      "usage": "0.0",
      "evs": {
        "hp": 12,
        "atk": 252,
        "def": 0,
        "spa": 0,
        "spd": 0,
        "spe": 244
      }
    }
  ],
  "teammates": {
    "3": 0.023122526244638897,
    "6": 0.000272804651977987,
    "9": 0.464030982561893,
    "22": 0,
    "24": 0,
    "25": 0,
    "26": 0,
    "34": 0.00007014851761572016,
    "36": 0.00040830736657315736,
    "38": 0.00006966390813034629,
    "45": 2.1751480394627265e-7,
    "51": 0.030796773691866064,
    "53": 0.0011220276176010513,
    "55": 0,
    "57": 1.204984381719676e-7,
    "59": 0.000017666423831608213,
    "62": 1.27675647831893e-15,
    "65": 0.019897240242471748,
    "67": 0.00006966264619051588,
    "68": 0.00010791854689073954,
    "71": 4.3042464148435045e-7,
    "73": 1.1102230246251565e-16,
    "76": 2.607863219816764e-8,
    "80": 6.474609638429385e-7,
    "82": 0.0807674338814261,
    "83": 0,
    "91": 0.0021059661452014766,
    "93": 1.1894444096327561e-8,
    "94": 0.007600839575227281,
    "97": 0.00036436145342327864,
    "99": 0.000019701960592088952,
    "101": 0,
    "103": 0.0003641807056325441,
    "105": 0.000002493438615247534,
    "106": 1.1102230246251565e-15,
    "110": 0.46511268843989884,
    "112": 3.879745080759278e-9,
    "114": 0,
    "115": 1.091088330795742e-11,
    "121": 0.0037590269417305255,
    "123": 0.07719395205645535,
    "124": 0,
    "125": 3.9690473130349346e-14,
    "126": 6.474609644535612e-7,
    "128": 0.006118499252836196,
    "130": 0.0004811652742350847,
    "131": 0.000004676097885736308,
    "132": 0,
    "134": 0.00029205271429916246,
    "135": 0.0000156497496968111,
    "136": 0,
    "142": 0.045174487711175326,
    "143": 0.011321325615449851,
    "144": 5.230868516115095e-10,
    "145": 0.0009386720650614855,
    "146": 4.996003610813204e-16,
    "149": 0.00010791854693043001,
    "154": 0,
    "160": 0,
    "166": 0.0000014245021729419882,
    "169": 0,
    "171": 0,
    "176": 0,
    "178": 2.405907695290921e-10,
    "181": 1.1102230246251565e-16,
    "184": 0,
    "186": 0,
    "189": 0,
    "196": 1.7925300932475352e-7,
    "197": 0.0007599204860903042,
    "199": 1.1102230246251565e-15,
    "200": 0.1625466607705111,
    "203": 0.000006224527841269811,
    "205": 0.0009015449556510902,
    "207": 0.00033505107970532855,
    "208": 0.0015956229738171013,
    "210": 0.0006422411798940875,
    "211": 0.0008146043881266385,
    "212": 0.020144072263128032,
    "214": 0.011056016393854173,
    "215": 0.000005045460508112942,
    "217": 4.249989415949784e-9,
    "226": 8.096301407078954e-13,
    "227": 0.020310840612490944,
    "229": 0.00432569816784989,
    "230": 0.001132641429457848,
    "232": 1.9388587302326954e-7,
    "233": 0.007187505385417736,
    "234": 1.1343962158516518e-7,
    "235": 0.08541836659377305,
    "237": 0.0012083670176460393,
    "241": 0.16319501793832802,
    "242": 0.001550344086399591,
    "243": 0.16277607355500384,
    "244": 0,
    "245": 0.0007078110825705641,
    "248": 0.037645555971123956,
    "251": 0.5130425324158542,
    "254": 0.0036843296663088276,
    "257": 0.0000016447383959783402,
    "260": 0.03321701451888659,
    "264": 0.0060752091516119155,
    "272": 0.000902832523098196,
    "277": 0.000006225042635144007,
    "282": 0.00005123290274938741,
    "284": 2.1751479589715572e-7,
    "286": 0.000001141248820946128,
    "289": 0.006670031212422989,
    "291": 0.1625465521657074,
    "292": 0,
    "297": 1.7925300932475352e-7,
    "303": 0,
    "306": 8.049116928532385e-15,
    "308": 0.0001838829406415332,
    "310": 8.018339210935643e-7,
    "315": 0,
    "323": 0,
    "326": 1.2878587085651816e-14,
    "330": 6.474617734730792e-7,
    "335": 0.00008993705975368638,
    "338": 0,
    "340": 8.018339210935643e-7,
    "342": 0,
    "344": 0.004043523353858158,
    "346": 1.8000839396847823e-7,