{
  "id": "10089",
  "name": "Salamence Mega",
  "format_id": "showdown_gen7doublesou-1630",
  "usage_metrics": {
    "raw": 628,
    "base_weight": 402.9784610461717,
    "percent": 8.393477679764768
  },
  "items": {
    "salamencite": 402.9784610461717
  },
  "abilities": {
    "aerilate": 402.9784610461717
  },
  "moves": {
    "hyper-voice": 339.73757843186235,
    "draco-meteor": 1.7236613091518602,
    "fire-blast": 0,
    "protect": 397.8088641989811,
    "dragon-claw": 1.6581466535391753,
    "return": 14.415521700138973,
    "tailwind": 336.40929088715893,
    "earthquake": 45.31504097058055,
    "roost": 28.75549812470629,
    "toxic": 0,
    "refresh": 0.00041346240275130786,
    "dragon-dance": 49.99351072119994,
    "iron-tail": 0.021536659373921463,
    "double-edge": 98.98589781025035,
    "flamethrower": 283.2571251818214,
    "substitute": 3.4241303727641723,
    "round": 1.3707953151244054,
    "heat-wave": 1.6393214447153166,
    "hyper-beam": 0,
    "body-slam": 0.19525540456274937,
    "zen-headbutt": 0.19525540456274937,
    "rock-slide": 0.23818313157131576,
    "steel-wing": 0,
    "aqua-tail": 0,
    "dragon-rush": 0.0424116436637853,
    "shadow-claw": 0,
    "hidden-power-ice": 0,
    "dragon-pulse": 0.0015350117351435322,
    "hydro-pump": 0,
    "dragon-tail": 0.0015350117351435322,
    "aerial-ace": 0.00520747514078107,
    "brick-break": 0.22936214812154765,
    "outrage": 1.4211449433974126,
    "fire-fang": 0.0036724634056375383,
    "frustration": 4.9999999999817115,
    "facade": 0.021536659373921463,
    "defog": 0.0424116436637853,
    "stone-edge": 0,
    "hone-claws": 0,
    "giga-impact": 0
  },
  "teras": {
    "nothing": 402.9784610461717
  },
  "spreads": [
    {
      "nature": "Timid",
      "usage": "45.7",
      "evs": {
        "hp": 100,
        "atk": 0,
        "def": 0,
        "spa": 152,
        "spd": 80,
        "spe": 176
      }
    },
    {
      "nature": "Timid",
      "usage": "14.3",
      "evs": {
        "hp": 4,
        "atk": 0,
        "def": 0,
        "spa": 252,
        "spd": 0,
        "spe": 252
      }
    },
    {
      "nature": "Jolly",
      "usage": "10.9",
      "evs": {
        "hp": 96,
        "atk": 176,
        "def": 0,
        "spa": 0,
        "spd": 8,
        "spe": 228
      }
    },
    {
      "nature": "Timid",
      "usage": "5.9",
      "evs": {
        "hp": 80,
        "atk": 0,
        "def": 0,
        "spa": 252,
        "spd": 0,
        "spe": 176
      }
    },
    {
      "nature": "Hasty",
      "usage": "5.1",
      "evs": {
        "hp": 0,
        "atk": 252,
        "def": 0,
        "spa": 0,
        "spd": 4,
        "spe": 252
      }
    },
    {
      "nature": "Lonely",
      "usage": "4.7",
      "evs": {
        "hp": 0,
        "atk": 252,
        "def": 0,
        "spa": 4,
        "spd": 0,
        "spe": 252
      }
    },
    {
      "nature": "Timid",
      "usage": "4.3",
      "evs": {
        "hp": 0,
        "atk": 0,
        "def": 0,
        "spa": 252,
        "spd": 4,
        "spe": 252
      }
    },
    {
      "nature": "Adamant",
      "usage": "2.2",
      "evs": {
        "hp": 248,
        "atk": 48,
        "def": 0,
        "spa": 0,
        "spd": 0,
        "spe": 212
      }
    },
    {
      "nature": "Hasty",
      "usage": "2.0",
      "evs": {
        "hp": 0,
        "atk": 180,
        "def": 0,
        "spa": 76,
        "spd": 0,
        "spe": 252
      }
    },
    {
      "nature": "Jolly",
      "usage": "1.2",
      "evs": {
        "hp": 248,
        "atk": 64,
        "def": 0,
        "spa": 0,
        "spd": 12,
        "spe": 184
      }
    }
  ],
  "teammates": {
    "6": 0,
    "25": 0,
    "26": 0.31416859455391366,
    "35": 0,
    "38": 0.22520806868712534,
    "39": 0.0004283987647751286,
    "59": 0,
    "62": 0.02181439965092291,
    "68": 0,
    "93": 0,
    "94": 0.0036724634056375383,
    "113": 8.351736548628038,
    "123": 0.22936214812154765,
    "126": 0,
    "130": 0.2685261295909112,
    "131": 0,
    "132": 0,
    "134": 0.00041346240275130786,
    "135": 0.22936214812154765,
    "145": 64.95312562885573,
    "149": 0.08461279229728957,
    "151": 97.62809529584403,
    "184": 0.31416859455391366,
    "186": 0.08461279229728957,
    "197": 1.8964781479712725,
    "198": 1.4206288600526316,
    "230": 0,
    "237": 0,
    "245": 8.691903660406691,
    "248": 2.9066673477867147,
    "257": 0.2685261295909112,
    "272": 0,
    "279": 0.023017490004182517,
    "286": 0.021536659373921463,
    "302": 0.00041346240275130786,
    "321": 0,
    "324": 0,
    "334": 0.00001493636202382076,
    "350": 45.70352926839378,
    "376": 2.172406416820324,
    "380": 22.90863918268777,
    "395": 0,
    "411": 0,
    "423": 57.545884453496555,
    "424": 0.02181439965092291,
    "437": 0.22936214812154765,
    "445": 2.0628165565922076,
    "448": 0,
    "450": 0.021536659373921463,
    "452": 0,
    "468": 0.2685261295909112,
    "474": 0,
    "485": 3.2802380636030044,
    "488": 2.8866978756986548,
    "494": 0.019099111232699528,
    "497": 9.706262330466073,
    "530": 0,
    "537": 0.0006154337460918535,
    "545": 9.706262330466073,
    "547": 2.2801020741253004,
    "549": 0,
    "558": 0.021536659373921463,
    "560": 0,
    "576": 1.2083199780753193,
    "591": 2.0535592280713715,
    "598": 194.28941790442363,
    "609": 1.4206288600526316,
    "617": 1.086456904105134,
    "620": 0.6086495644079942,
    "623": 0,
    "625": 0.022255491293555973,
    "635": 0,
    "637": 183.0299779500353,
    "639": 1.4206288600526316,
    "645": 0.5386269493881888,
    "649": 18.126615028456076,
    "658": 0,
    "663": 0,
    "681": 2.283900296114574,
    "695": 0.22469198534234425,
    "700": 0.8621933175275647,
    "707": 0.001203090353259606,
    "718": 20.09127947035036,
    "719": 0.9200180872294772,
    "721": 0.9200180872294772,
    "727": 165.54975649152945,
    "730": 1.086456904105134,
    "737": 1.086456904105134,
    "746": 0.0424116436637853,
    "760": 0.0010144795433075782,
    "768": 0,
    "771": 0,
    "775": 0,
    "777": 0,
    "778": 0.31416859455391366,
    "784": 0.0036724634056375383,
    "785": 39.996835238664325,
    "786": 38.61896008973826,
    "787": 0.31416859455391366,
    "788": 256.89862455184084,
    "793": 8.999999955511042,
    "796": 0,
    "797": 5.7295453306322015,
    "798": 99.71659688898256,
    "804": 21.939714432364976,
    "805": 0,
    "807": 213.65877261663675,
    "10003": 10.229436767877486,
    "10006": 0,
    "10008": 0,
    "10009": 0,
    "10021": 210.2409580987566,
    "10022": 0,
    "10051": 0.0424116436637853,
    "10071": 0,
    "10076": 0.001963410499918661,
    "10086": 0.9468853903070551,
    "10087": 0,
    "10100": 0,
    "10104": 0.0015350117351435322,
    "10108": 0,
    "10113": 0.0002035471719758486,
    "10123": 0.0005160833447810931
  }
}