{
  "id": "198",
  "name": "Murkrow",
  "format_id": "showdown_gen9doublesuu-1630",
  "usage_metrics": {
    "raw": 5623,
    "base_weight": 1001.6575172401296,
    "percent": 11.05931870033829
  },
  "roles": [
    {
      "role": "role_disruptor",
      "label": "Disruptor",
      "category": "SUP"
    },
    {
      "role": "role_speed_control",
      "label": "Speed Control",
      "category": "SUP"
    },
    {
      "role": "role_wall_special",
      "label": "Special Wall",
      "category": "DEF"
    }
  ],
  "items": {
    "eviolite": 664.5550429602439,
    "focus-sash": 250.59777399062412,
    "covert-cloak": 60.31516898858291,
    "choice-scarf": 1.9081079295128296,
    "sitrus-berry": 1.1995675221519493,
    "ability-shield": 2.5317719416697746,
    "leftovers": 0.40880629388578765,
    "damp-rock": 0.0009904912218232087,
    "black-glasses": 0,
    "wacan-berry": 0.3250792718352215,
    "rocky-helmet": 17.414116326111117,
    "safety-goggles": 1.7093103418860034,
    "metronome": 0.037931385673195206,
    "chesto-berry": 0.005107339360281182,
    "weakness-policy": 0.0008271588436521427,
    "focus-band": 0.00009643304720896584,
    "eject-button": 0.6422814696762589,
    "mental-herb": 0.005537395805631062,
    "nothing": 0
  },
  "abilities": {
    "prankster": 998.0851207225228,
    "insomnia": 3.0795325070178365,
    "super-luck": 0.4928640105889032
  },
  "moves": {
    "tailwind": 983.4904094538156,
    "taunt": 519.1906041891698,
    "thunder-wave": 295.11260432174987,
    "foul-play": 574.7021606706949,
    "u-turn": 123.97546970733042,
    "haze": 451.7185150056176,
    "snarl": 61.328946683494166,
    "whirlwind": 30.38576001063699,
    "perish-song": 46.06399135876381,
    "icy-wind": 44.72815590702241,
    "air-slash": 4.982594000257709,
    "heat-wave": 7.768259395915079,
    "feather-dance": 22.72559571472091,
    "quash": 106.70579671648457,
    "sunny-day": 231.54390125855195,
    "brave-bird": 133.1822703036262,
    "gust": 0.20651260971493757,
    "acrobatics": 0.00010087848842743607,
    "assurance": 0.09884856324670949,
    "protect": 151.7135074254225,
    "mean-look": 1.2813485788539356,
    "confuse-ray": 0.5445002903907921,
    "dark-pulse": 5.487737568889781,
    "sucker-punch": 39.58771054951168,
    "rain-dance": 67.20458606223339,
    "night-shade": 70.53746938752711,
    "calm-mind": 0.13617662302332845,
    "nasty-plot": 0.7189025573332601,
    "substitute": 0.6236472431885085,
    "flatter": 0.05376743729432909,
    "torment": 0.0005629117478420098,
    "peck": 0,
    "drill-peck": 17.802264959541805,
    "psychic-noise": 1.2252182405867766,
    "screech": 0.35247222077754103,
    "hurricane": 8.710284848055707,
    "fly": 0.11087937330466624,
    "scary-face": 2.2798908105843076,
    "hex": 0.2570828299434872,
    "": 5.222237309254751e-9,
    "rest": 0.09132515822075427,
    "facade": 0.00023711656327324304,
    "uproar": 0,
    "sleep-talk": 0,
    "shadow-ball": 1.3003741139439029e-8
  },
  "teras": {
    "dark": 465.0983979167845,
    "ghost": 168.04122126896456,
    "ground": 29.73537524096337,
    "fire": 8.807300677322841,
    "fairy": 34.411542787466765,
    "poison": 10.84145738279591,
    "steel": 192.48233951038443,
    "dragon": 2.601871416775449,
    "ice": 0.5819276581856253,
    "fighting": 0.5650281309027846,
    "bug": 2.7356338560832136,
    "normal": 1.1006104656663127,
    "grass": 2.2845636147526305,
    "flying": 79.58787295361019,
    "water": 2.718332308040016,
    "electric": 0.06404204414401327,
    "psychic": 0,
    "stellar": 7.288870784716295e-9
  },
  "spreads": [
    {
      "nature": "calm",
      "usage": "22.4",
      "evs": {
        "hp": 248,
        "atk": 0,
        "def": 8,
        "spa": 0,
        "spd": 252,
        "spe": 0
      }
    },
    {
      "nature": "bold",
      "usage": "8.5",
      "evs": {
        "hp": 252,
        "atk": 0,
        "def": 140,
        "spa": 0,
        "spd": 116,
        "spe": 0
      }
    },
    {
      "nature": "timid",
      "usage": "5.4",
      "evs": {
        "hp": 252,
        "atk": 0,
        "def": 0,
        "spa": 0,
        "spd": 4,
        "spe": 252
      }
    },
    {
      "nature": "hasty",
      "usage": "4.6",
      "evs": {
        "hp": 252,
        "atk": 0,
        "def": 0,
        "spa": 0,
        "spd": 0,
        "spe": 252
      }
    },
    {
      "nature": "careful",
      "usage": "4.1",
      "evs": {
        "hp": 248,
        "atk": 8,
        "def": 0,
        "spa": 0,
        "spd": 252,
        "spe": 0
      }
    },
    {
      "nature": "calm",
      "usage": "4.0",
      "evs": {
        "hp": 68,
        "atk": 0,
        "def": 252,
        "spa": 0,
        "spd": 188,
        "spe": 0
      }
    },
    {
      "nature": "calm",
      "usage": "3.4",
      "evs": {
        "hp": 248,
        "atk": 0,
        "def": 0,
        "spa": 8,
        "spd": 252,
        "spe": 0
      }
    },
    {
      "nature": "timid",
      "usage": "3.0",
      "evs": {
        "hp": 0,
        "atk": 0,
        "def": 0,
        "spa": 252,
        "spd": 4,
        "spe": 252
      }
    },
    {
      "nature": "jolly",
      "usage": "3.0",
      "evs": {
        "hp": 248,
        "atk": 0,
        "def": 8,
        "spa": 0,
        "spd": 0,
        "spe": 252
      }
    },
    {
      "nature": "timid",
      "usage": "2.7",
      "evs": {
        "hp": 252,
        "atk": 0,
        "def": 4,
        "spa": 0,
        "spd": 0,
        "spe": 252
      }
    }
  ],
  "teammates": {
    "3": 7.990235343358856,
    "6": 14.924976082429904,
    "9": 10.582012895197836,
    "24": 0.09146470844731153,
    "25": 0.0034504650288121885,
    "26": 0.19759403808214138,
    "28": 0.8818950528106213,
    "35": 39.98082079256982,
    "36": 2.0377766046135974,
    "37": 0.019198042157098194,
    "38": 70.46093908931125,
    "48": 1.7584597111763856e-9,
    "49": 6.556184046414678,
    "51": 23.754521572411207,
    "53": 0.7522703933706261,
    "55": 5.103288449998335,
    "57": 0.888686579168735,
    "59": 16.11779412020718,
    "62": 0.1530748410778871,
    "76": 0.0005610612151524252,
    "80": 0.000007697375917437022,
    "85": 0,
    "91": 0.10933843854733266,
    "93": 0.008497040277604284,
    "94": 0.17115892164583413,
    "101": 6.312010379777272,
    "103": 2.271379387876812,
    "106": 0,
    "109": 0,
    "110": 39.01905988995271,
    "112": 0.8263494995429654,
    "113": 0.1010018507526863,
    "123": 0.0986708918632696,
    "125": 0.9116384318843358,
    "126": 26.267906578431695,
    "128": 0.0008749089953825617,
    "130": 13.33238268802238,
    "131": 0.22981966513417973,
    "132": 0.0002096940427279148,
    "134": 0.19178515586438427,
    "135": 4.200061791755231,
    "143": 0.7864324100827226,
    "145": 5.656370589051529,
    "146": 15.233370360355904,
    "151": 3.271806806755848,
    "157": 5.655815773947884,
    "160": 8.37678899464896,
    "162": 0,
    "164": 0,
    "168": 0.009917013110773143,
    "181": 0.3019965482551443,
    "182": 0.5259082384140215,
    "183": 0,
    "184": 0.10628789472665023,
    "185": 1.1987662526119918,
    "186": 90.39972271259047,
    "189": 3.6093090019239815,
    "192": 0,
    "196": 9.997130655341627,
    "197": 29.006330914997495,
    "199": 1.0947377048308804,
    "203": 0.05859828589296934,
    "205": 1.5497782540460994,
    "206": 0.4674685044547199,
    "210": 2.9472519497567715,
    "212": 0.5628225633255391,
    "214": 1.4954590251766362,
    "217": 0.0021976128851198817,
    "219": 0.002060797439848716,
    "221": 0,
    "227": 0.001400993831273567,
    "229": 0.014784031892213223,
    "230": 20.550205391604674,
    "233": 26.716507563064717,
    "235": 1.739507637386712,
    "237": 2.4412472653749324,
    "242": 1.3537919215967684,
    "243": 2.4713389707253692,
    "244": 20.568591548682967,
    "245": 0.17758925693379973,
    "254": 0.07676534641688038,
    "257": 6.171563092219932,
    "260": 0.11374863586468598,