{
  "id": "454",
  "name": "Toxicroak",
  "format_id": "showdown_gen9doublesuu-1630",
  "usage_metrics": {
    "raw": 1010,
    "base_weight": 182.18938769416127,
    "percent": 1.9864684131854298
  },
  "roles": [
    {
      "role": "role_sweeper_physical",
      "label": "Physical Sweeper",
      "category": "OFF"
    },
    {
      "role": "role_disruptor",
      "label": "Disruptor",
      "category": "SUP"
    }
  ],
  "items": {
    "assault-vest": 41.69835411972265,
    "focus-sash": 42.863273608254694,
    "punching-glove": 0,
    "covert-cloak": 7.509904064923126,
    "black-sludge": 2.3423112339202246,
    "clear-amulet": 0.18616599832824865,
    "life-orb": 6.1471561883351855,
    "leftovers": 2.5712924154021,
    "choice-scarf": 2.5437737414846047,
    "lum-berry": 0.0004798837717981397,
    "choice-band": 0,
    "eject-pack": 0.07042630650552567,
    "weakness-policy": 0.007888284397149947,
    "sitrus-berry": 0.016362497497727224,
    "rocky-helmet": 0,
    "shell-bell": 0,
    "expert-belt": 0.0033019972813199683,
    "heat-rock": 0,
    "normal-gem": 1.2790327894309388,
    "nothing": 0.278970017331158,
    "shuca-berry": 68.0892524971195,
    "kings-rock": 0,
    "utility-umbrella": 0,
    "air-balloon": 0.059152090726283135,
    "safety-goggles": 6.52228989494532,
    "quick-claw": 0,
    "wide-lens": 6.478382119645687e-8
  },
  "abilities": {
    "anticipation": 0.23313316712766663,
    "dry-skin": 142.82122680218598,
    "poison-touch": 39.1350277248476
  },
  "moves": {
    "brick-break": 62.41929107931503,
    "sucker-punch": 163.43276786735802,
    "bullet-punch": 0.07698482423353509,
    "fake-out": 159.6023333256855,
    "drain-punch": 45.91745527827793,
    "gunk-shot": 63.111672208143574,
    "poison-jab": 108.61991066816353,
    "protect": 3.625754508162753,
    "close-combat": 48.042763847785345,
    "taunt": 0.004521284893983957,
    "throat-chop": 0.04194642533113807,
    "giga-impact": 0.08451969877849808,
    "knock-off": 21.723716798684244,
    "coaching": 0.13449717076709,
    "facade": 0.01070912125822554,
    "substitute": 1.410187716176959,
    "rain-dance": 0.020587859404109232,
    "bulk-up": 7.899019718897564,
    "helping-hand": 0.3143038310890009,
    "encore": 0.6163581212728572,
    "earthquake": 2.558541447264128,
    "swords-dance": 0.31055999579252935,
    "toxic": 0.3560730012128248,
    "lash-out": 0,
    "upper-hand": 4.561253119650388e-8,
    "ice-punch": 2.09281503968288,
    "foul-play": 0,
    "cross-chop": 17.73475271468791,
    "baton-pass": 0.4099360499618832,
    "thunder-punch": 0.007888284397149947,
    "low-kick": 0,
    "dark-pulse": 4.032432941392978,
    "rock-slide": 0.0013158225785959154,
    "sunny-day": 0,
    "vacuum-wave": 4.587631871915365,
    "nasty-plot": 4.587631936699187,
    "sludge-bomb": 3.7205532843687252,
    "tera-blast": 0,
    "icy-wind": 0.3810383998530859,
    "sludge-wave": 0.8670785875466396,
    "fling": 0,
    "low-sweep": 0,
    "bulldoze": 0
  },
  "teras": {
    "dark": 87.64063010724541,
    "poison": 89.85501817097985,
    "fire": 0.020587859404109232,
    "ghost": 0.6163581212728572,
    "ground": 3.1711428934320023,
    "electric": 0.000038210707292485324,
    "fighting": 0.00030620631999461745,
    "steel": 0.07042630650552567,
    "flying": 0.1224305335419073,
    "dragon": 0.40204775816214916,
    "ice": 0.2904015191875759,
    "fairy": 7.402584101257048e-9
  },
  "spreads": [
    {
      "nature": "adamant",
      "usage": "44.0",
      "evs": {
        "hp": 252,
        "atk": 252,
        "def": 4,
        "spa": 0,
        "spd": 0,
        "spe": 0
      }
    },
    {
      "nature": "adamant",
      "usage": "21.3",
      "evs": {
        "hp": 0,
        "atk": 252,
        "def": 0,
        "spa": 0,
        "spd": 4,
        "spe": 252
      }
    },
    {
      "nature": "jolly",
      "usage": "16.9",
      "evs": {
        "hp": 0,
        "atk": 252,
        "def": 0,
        "spa": 0,
        "spd": 4,
        "spe": 252
      }
    },
    {
      "nature": "adamant",
      "usage": "11.2",
      "evs": {
        "hp": 252,
        "atk": 252,
        "def": 0,
        "spa": 0,
        "spd": 0,
        "spe": 4
      }
    },
    {
      "nature": "jolly",
      "usage": "2.3",
      "evs": {
        "hp": 0,
        "atk": 0,
        "def": 0,
        "spa": 244,
        "spd": 0,
        "spe": 252
      }
    },
    {
      "nature": "hardy",
      "usage": "0.8",
      "evs": {
        "hp": 252,
        "atk": 252,
        "def": 0,
        "spa": 0,
        "spd": 0,
        "spe": 0
      }
    },
    {
      "nature": "adamant",
      "usage": "0.8",
      "evs": {
        "hp": 4,
        "atk": 252,
        "def": 0,
        "spa": 0,
        "spd": 0,
        "spe": 252
      }
    },
    {
      "nature": "adamant",
      "usage": "0.6",
      "evs": {
        "hp": 128,
        "atk": 252,
        "def": 64,
        "spa": 0,
        "spd": 64,
        "spe": 0
      }
    },
    {
      "nature": "modest",
      "usage": "0.5",
      "evs": {
        "hp": 0,
        "atk": 0,
        "def": 0,
        "spa": 248,
        "spd": 0,
        "spe": 252
      }
    },
    {
      "nature": "jolly",
      "usage": "0.4",
      "evs": {
        "hp": 4,
        "atk": 252,
        "def": 0,
        "spa": 0,
        "spd": 0,
        "spe": 252
      }
    }
  ],
  "teammates": {
    "3": 0.2685928189579011,
    "6": 0,
    "9": 7.35430176935156,
    "24": 0.0010063587007161368,
    "26": 8.881889217594221,
    "35": 0,
    "38": 0,
    "55": 0.072310500669158,
    "59": 0,
    "62": 0.31026027514943094,
    "73": 0.0001884275910905564,
    "91": 0,
    "103": 0,
    "110": 0.0000384998284388427,
    "112": 0,
    "125": 0.017305961481105414,
    "126": 2.193173681552807e-8,
    "128": 0,
    "131": 6.487144186464527,
    "132": 0,
    "134": 0.007888284397149947,
    "135": 0.11494592715000551,
    "136": 0.03632933633037533,
    "145": 0.0023557696496327996,
    "151": 0.0036111403088643357,
    "160": 0,
    "184": 0.007888284397149947,
    "186": 91.62494210750383,
    "195": 0.04166745619152984,
    "198": 6.697868571840954,
    "205": 0.15627077741448692,
    "210": 2.964469078547971e-7,
    "212": 0.9182279931467634,
    "229": 5.84458348051875e-7,
    "230": 59.530540789465995,
    "233": 0.057946191885483056,
    "235": 64.37525430140892,
    "243": 0.015453312946263786,
    "244": 2.0937484634445735,
    "245": 0.004352702175835721,
    "254": 1.057761878087149e-8,
    "256": 1.3548812072272653e-10,
    "272": 1.5088442706271412,
    "275": 0,
    "282": 2.935504805345879e-7,
    "284": 0.03308211111599507,
    "286": 0.13205802981286613,
    "302": 0.020905395296329066,
    "313": 0.07517915646994139,
    "332": 0,
    "350": 0.0008026298728954773,
    "354": 0,
    "370": 0.10567875835273127,
    "373": 47.90424069349324,
    "376": 4.930916270758216,
    "380": 0.013217069460157105,
    "381": 4.561253119650388e-8,
    "389": 0,
    "395": 2.1104485897787195,
    "398": 0,
    "405": 0.11327904023138735,
    "419": 0,
    "423": 16.48314382493313,
    "424": 0,
    "426": 0.015004861899254263,
    "429": 0,
    "437": 0.0008026298728954773,
    "442": 0.000031637684224039564,
    "445": 69.17054779415781,
    "457": 3.466348198098215,
    "461": 0.11494592715000551,
    "462": 0.00031753589221983347,
    "464": 0,
    "472": 0.4209392679311336,
    "473": 3.298992026463913,
    "475": 0.007888284397149947,
    "480": 0,
    "485": 0.04953096157792419,
    "486": 0.0009827310965441205,
    "497": 0,
    "523": 0.00024011480454594336,
    "530": 0.04632287271953789,
    "546": 3.3591902377603278,
    "549": 0.007888284397149947,
    "560": 0.08059263405855105,
    "576": 0.00031753589221983347,
    "581": 0,
    "586": 0.40204770078091207,
    "596": 0.4020482852392601,
    "609": 0.011377484336304089,
    "614": 0.30439576318381006,
    "615": 3.5771522939791485,
    "623": 0,
    "628": 0,