{
  "id": "986",
  "name": "Brute Bonnet",
  "format_id": "showdown_gen9doublesuu-1630",
  "usage_metrics": {
    "raw": 6071,
    "base_weight": 1488.9113986657194,
    "percent": 11.940445283612618
  },
  "roles": [
    {
      "role": "role_redirection",
      "label": "Redirector",
      "category": "SUP"
    },
    {
      "role": "role_disruptor",
      "label": "Disruptor",
      "category": "SUP"
    },
    {
      "role": "role_wall_physical",
      "label": "Physical Wall",
      "category": "DEF"
    }
  ],
  "items": {
    "booster-energy": 641.1135460896494,
    "leftovers": 218.5223625911693,
    "dread-plate": 0.875892642285706,
    "covert-cloak": 137.83908591217985,
    "rocky-helmet": 176.8576943995592,
    "sitrus-berry": 207.8096163073754,
    "clear-amulet": 2.977059408109877,
    "loaded-dice": 11.16484463607433,
    "lum-berry": 13.005391023941074,
    "life-orb": 44.451884305293255,
    "red-card": 1.5328611754041088,
    "occa-berry": 0.0125141464101991,
    "black-glasses": 7.559323363771489,
    "focus-sash": 0.23888254204390608,
    "mental-herb": 2.1663277126196157,
    "room-service": 2.0714771972854176,
    "nothing": 0.5635892271752849,
    "assault-vest": 0.07684275676320607,
    "heat-rock": 0.2701689067268925,
    "aguav-berry": 0.0587149665892614,
    "power-bracer": 2.2747854353405,
    "choice-band": 1.6494767444325964,
    "weakness-policy": 3.593350854083182,
    "heavy-duty-boots": 0,
    "choice-specs": 0,
    "choice-scarf": 0.032972125234423444,
    "tanga-berry": 11.539664109081583,
    "safety-goggles": 0.6530700854075449,
    "mirror-herb": 0,
    "persim-berry": 1.7169186627974398e-9
  },
  "abilities": {
    "protosynthesis": 1488.9113986657194
  },
  "moves": {
    "spore": 1463.5987421095792,
    "pollen-puff": 496.66963884208496,
    "seed-bomb": 747.2875639341152,
    "sucker-punch": 903.7954698186046,
    "substitute": 1.9584335526311965,
    "protect": 371.99195811460964,
    "rage-powder": 1255.5143596591738,
    "leaf-storm": 3.5643002592907242,
    "tera-blast": 0.15489220442182572,
    "hex": 0.7479155098827526,
    "clear-smog": 29.23502296682561,
    "lash-out": 0.3963456652141106,
    "outrage": 0.13527866058299243,
    "stomping-tantrum": 2.916392360313841,
    "payback": 0.08463794150627513,
    "sunny-day": 0.49411185823464593,
    "crunch": 301.6779105262843,
    "taunt": 56.59721408948817,
    "trailblaze": 5.712599675920725,
    "synthesis": 49.69120885738912,
    "bullet-seed": 16.083782982233654,
    "body-press": 10.159339326248086,
    "solar-beam": 0,
    "": 0.14851521253290345,
    "body-slam": 0.027434833556593485,
    "close-combat": 129.04154796503664,
    "giga-drain": 103.9279538789913,
    "stun-spore": 0.3730872847745284,
    "dark-pulse": 0.0025802320642549503,
    "grassy-terrain": 0.002552060526052502,
    "earth-power": 0.002938260544042004,
    "energy-ball": 0.12200272873280998,
    "zen-headbutt": 1.850029239316053,
    "rest": 0,
    "magical-leaf": 0.002855306079910358,
    "facade": 0,
    "double-edge": 0,
    "grass-knot": 1.1861794267415329,
    "growth": 0.09499881950839151,
    "confuse-ray": 0,
    "sleep-talk": 0,
    "thief": 0.3958004998531074
  },
  "teras": {
    "ground": 16.03973295266075,
    "ghost": 294.1739157126015,
    "dark": 12.225358483508652,
    "normal": 0.14550544677024624,
    "fairy": 63.55879153799402,
    "water": 383.7160900584496,
    "poison": 245.08024471960184,
    "grass": 204.39125809421478,
    "steel": 117.35106286703002,
    "fire": 130.5242458501756,
    "electric": 0.5228785507925497,
    "dragon": 5.998971675162979,
    "fighting": 12.535166912731746,
    "psychic": 0.10125611228810205,
    "rock": 0.003925548800409795,
    "flying": 0.40544795550106066,
    "stellar": 0,
    "bug": 2.137546187440551
  },
  "spreads": [
    {
      "nature": "impish",
      "usage": "9.4",
      "evs": {
        "hp": 252,
        "atk": 0,
        "def": 132,
        "spa": 0,
        "spd": 124,
        "spe": 0
      }
    },
    {
      "nature": "impish",
      "usage": "9.2",
      "evs": {
        "hp": 252,
        "atk": 64,
        "def": 184,
        "spa": 0,
        "spd": 8,
        "spe": 0
      }
    },
    {
      "nature": "quiet",
      "usage": "6.6",
      "evs": {
        "hp": 252,
        "atk": 0,
        "def": 0,
        "spa": 152,
        "spd": 104,
        "spe": 0
      }
    },
    {
      "nature": "adamant",
      "usage": "6.6",
      "evs": {
        "hp": 232,
        "atk": 252,
        "def": 0,
        "spa": 0,
        "spd": 0,
        "spe": 20
      }
    },
    {
      "nature": "brave",
      "usage": "4.6",
      "evs": {
        "hp": 252,
        "atk": 252,
        "def": 0,
        "spa": 0,
        "spd": 4,
        "spe": 0
      }
    },
    {
      "nature": "adamant",
      "usage": "4.1",
      "evs": {
        "hp": 252,
        "atk": 252,
        "def": 0,
        "spa": 0,
        "spd": 4,
        "spe": 0
      }
    },
    {
      "nature": "calm",
      "usage": "3.0",
      "evs": {
        "hp": 252,
        "atk": 0,
        "def": 0,
        "spa": 4,
        "spd": 252,
        "spe": 0
      }
    },
    {
      "nature": "impish",
      "usage": "2.6",
      "evs": {
        "hp": 252,
        "atk": 4,
        "def": 252,
        "spa": 0,
        "spd": 0,
        "spe": 0
      }
    },
    {
      "nature": "relaxed",
      "usage": "2.5",
      "evs": {
        "hp": 252,
        "atk": 0,
        "def": 128,
        "spa": 0,
        "spd": 128,
        "spe": 0
      }
    },
    {
      "nature": "relaxed",
      "usage": "2.3",
      "evs": {
        "hp": 252,
        "atk": 0,
        "def": 124,
        "spa": 0,
        "spd": 132,
        "spe": 0
      }
    }
  ],
  "teammates": {
    "3": 12.795685110037557,
    "6": 13.249260646510761,
    "9": 0.09477791828055498,
    "24": 1.1586224711247333,
    "25": 0,
    "26": 0.3983538061031327,
    "35": 77.5874476714085,
    "36": 6.993483733362137,
    "38": 143.19241622765773,
    "48": 0.0005782220494601753,
    "49": 6.541947457813079,
    "53": 0.7287995253713994,
    "57": 1.998131229574522,
    "59": 37.430975025059766,
    "62": 0,
    "79": 0.1397102228570175,
    "80": 37.205906789746926,
    "85": 0,
    "91": 1.5146910438255825,
    "94": 1.4619985491464782,
    "97": 0,
    "101": 0.9344160341346786,
    "103": 1.8067015558763722,
    "106": 44.88255877753644,
    "110": 7.468792713675618,
    "112": 0.012718027087191108,
    "113": 1.7563814766672365,
    "123": 0.9600055064499204,
    "125": 1.4528403904265956,
    "126": 0,
    "130": 1.8463743148000469,
    "131": 0.00976599904353015,
    "132": 0,
    "134": 0.9494321017833764,
    "135": 0.005770072980581187,
    "143": 25.57133872654424,
    "144": 1.8524462365478147,
    "145": 0.26364547085210965,
    "146": 1.9226820975912564,
    "151": 59.4992920373739,
    "157": 3.196402525429952,
    "160": 1.2929509764737692,
    "162": 0.7774533000064022,
    "168": 0,
    "183": 0.002642489584022023,
    "184": 94.708550076013,
    "186": 181.43858495786694,
    "189": 8.127537224022436,
    "192": 0,
    "194": 0,
    "195": 2.6408688190380687,
    "196": 0.0590045647597075,
    "197": 0.0035369430463967344,
    "198": 48.17506744271427,
    "199": 18.892116320757932,
    "205": 0.012844750423526952,
    "210": 0.014839765461121757,
    "211": 0,
    "212": 1.661120261619768,
    "217": 6.883133595953021,
    "227": 0.21801542861231238,
    "230": 106.22470242249385,
    "233": 129.72878243205145,
    "235": 4.450666949860089,
    "237": 26.638099319237273,
    "242": 7.431874221586199e-8,
    "244": 20.202943864555323,
    "245": 14.43331740498852,
    "254": 0.07676534641688038,
    "256": 7.867206885947553e-12,
    "257": 87.89193972330678,
    "260": 0.0004886712210721567,
    "272": 95.16037289206761,
    "275": 0.30421062568591084,
    "282": 4.104371634230267,
    "284": 0.020730670801680395,
    "286": 1.9773506150443299,