{
  "id": "998",
  "name": "Baxcalibur",
  "format_id": "showdown_gen9doublesuu-1630",
  "usage_metrics": {
    "raw": 3003,
    "base_weight": 736.194956575183,
    "percent": 5.906301628510739
  },
  "roles": [
    {
      "role": "role_sweeper_physical",
      "label": "Physical Sweeper",
      "category": "OFF"
    },
    {
      "role": "role_setup",
      "label": "Setup Sweeper",
      "category": "OFF"
    }
  ],
  "items": {
    "loaded-dice": 446.5456764668105,
    "leftovers": 106.94722839300717,
    "life-orb": 34.32291610346536,
    "clear-amulet": 70.53190967837433,
    "assault-vest": 51.55022730765104,
    "nothing": 0.10859985556305163,
    "covert-cloak": 0.13150144378700263,
    "choice-band": 4.5248196578398066,
    "dragon-fang": 3.1128014536374353,
    "sitrus-berry": 2.896357060825707,
    "weakness-policy": 8.082312411201205,
    "choice-scarf": 0.7519899516959602,
    "occa-berry": 1.0026176693951419,
    "expert-belt": 3.519768113947768,
    "rocky-helmet": 0,
    "iron-ball": 0,
    "scope-lens": 0.13270753379185268,
    "eject-button": 0,
    "room-service": 0.017771396718123667,
    "kings-rock": 0,
    "eviolite": 0,
    "safety-goggles": 1.9804385746164388,
    "icicle-plate": 0.02660033379007054,
    "lagging-tail": 0.003474289593578206,
    "lum-berry": 0.0030934883699000326,
    "never-melt-ice": 0,
    "white-herb": 0,
    "blunder-policy": 0,
    "snowball": 0,
    "focus-sash": 0,
    "draco-plate": 0.002145391102230887
  },
  "abilities": {
    "thermal-exchange": 711.3809390356948,
    "ice-body": 24.81401753948822
  },
  "moves": {
    "icicle-spear": 583.4370843485646,
    "scale-shot": 405.58620309021154,
    "glaive-rush": 282.7056429463903,
    "ice-shard": 405.320811846206,
    "protect": 433.7906917509523,
    "dragon-dance": 255.32967348537792,
    "dragon-claw": 46.10671645949353,
    "icicle-crash": 116.74677874149883,
    "iron-head": 22.13168595169015,
    "blizzard": 0.04058858683896821,
    "body-slam": 0.006483657467322601,
    "aqua-tail": 4.4770830487452145,
    "high-horsepower": 130.8356022601968,
    "focus-energy": 1.2612753819141176e-7,
    "swords-dance": 162.34608020996507,
    "crunch": 5.14831801514909,
    "earthquake": 45.77319119679191,
    "double-edge": 0.12917487478929596,
    "avalanche": 1.4018462821417454,
    "freeze-dry": 11.437104045172156,
    "tera-blast": 0.6039536826523699,
    "draco-meteor": 7.858383073357942,
    "stomping-tantrum": 0.26297457353428294,
    "dragon-tail": 0.559790653433899,
    "brick-break": 0.37939809599295893,
    "snowscape": 0.23701786897990845,
    "body-press": 0.0025147754453211935,
    "icy-wind": 0.039321511245666574,
    "ice-fang": 7.556605052476445,
    "zen-headbutt": 7.739890518739432,
    "thunder-fang": 0,
    "ice-beam": 0.8363242964981081,
    "facade": 0.7869798719522026,
    "bulldoze": 0.0001891894715208564,
    "scary-face": 0,
    "": 0.22891027777868594,
    "breaking-swipe": 4.892884800507822,
    "substitute": 0.0012601490516601643,
    "outrage": 0.0319031128839829,
    "giga-impact": 0.005107339360281182,
    "dragon-pulse": 0.005656533600891189,
    "dragon-cheer": 0
  },
  "teras": {
    "dragon": 129.60056506376014,
    "ghost": 145.5243876472465,
    "steel": 127.06510957802918,
    "fire": 32.5248574704213,
    "ice": 37.09354760468424,
    "water": 49.000347773715504,
    "poison": 62.40017666944647,
    "ground": 21.29003976838295,
    "fairy": 117.22531735752973,
    "electric": 0.0006642880327823453,
    "dark": 5.774441068384838,
    "stellar": 0.036832048427342334,
    "grass": 6.103403276679976,
    "psychic": 0.15640867057564373,
    "bug": 2.373262685053977,
    "flying": 0.02559560481255274,
    "fighting": 0
  },
  "spreads": [
    {
      "nature": "adamant",
      "usage": "31.7",
      "evs": {
        "hp": 0,
        "atk": 252,
        "def": 0,
        "spa": 0,
        "spd": 4,
        "spe": 252
      }
    },
    {
      "nature": "adamant",
      "usage": "14.3",
      "evs": {
        "hp": 252,
        "atk": 252,
        "def": 0,
        "spa": 0,
        "spd": 4,
        "spe": 0
      }
    },
    {
      "nature": "jolly",
      "usage": "11.5",
      "evs": {
        "hp": 0,
        "atk": 252,
        "def": 0,
        "spa": 0,
        "spd": 4,
        "spe": 252
      }
    },
    {
      "nature": "jolly",
      "usage": "9.9",
      "evs": {
        "hp": 4,
        "atk": 252,
        "def": 0,
        "spa": 0,
        "spd": 0,
        "spe": 252
      }
    },
    {
      "nature": "adamant",
      "usage": "6.4",
      "evs": {
        "hp": 216,
        "atk": 252,
        "def": 0,
        "spa": 0,
        "spd": 0,
        "spe": 40
      }
    },
    {
      "nature": "jolly",
      "usage": "4.0",
      "evs": {
        "hp": 44,
        "atk": 252,
        "def": 12,
        "spa": 0,
        "spd": 12,
        "spe": 188
      }
    },
    {
      "nature": "adamant",
      "usage": "3.0",
      "evs": {
        "hp": 4,
        "atk": 252,
        "def": 0,
        "spa": 0,
        "spd": 0,
        "spe": 252
      }
    },
    {
      "nature": "adamant",
      "usage": "2.0",
      "evs": {
        "hp": 48,
        "atk": 252,
        "def": 4,
        "spa": 0,
        "spd": 4,
        "spe": 200
      }
    },
    {
      "nature": "adamant",
      "usage": "1.2",
      "evs": {
        "hp": 4,
        "atk": 252,
        "def": 252,
        "spa": 0,
        "spd": 0,
        "spe": 0
      }
    },
    {
      "nature": "adamant",
      "usage": "1.2",
      "evs": {
        "hp": 16,
        "atk": 252,
        "def": 100,
        "spa": 0,
        "spd": 140,
        "spe": 0
      }
    }
  ],
  "teammates": {
    "3": 0,
    "6": 1.1638010070186717,
    "9": 9.816664519468503,
    "24": 1.582823724866067e-7,
    "26": 0.008273556370151258,
    "35": 19.085089908803727,
    "38": 103.12448376837014,
    "51": 1.7832557709413885,
    "55": 0.000011032237245189869,
    "59": 7.490368208124431,
    "80": 0.35040185726795625,
    "85": 0,
    "91": 3.2263320781562244,
    "94": 0.4688854240610529,
    "106": 1.9466460632333593e-7,
    "107": 0,
    "110": 0.012631730791536289,
    "123": 4.78983999327146,
    "125": 10.978594264125991,
    "126": 1.5578109957822146,
    "130": 10.171152947863908,
    "131": 0.5397138950815097,
    "132": 0,
    "135": 2.443455520004701,
    "143": 0.046667307430246,
    "144": 7.9689352142636265,
    "145": 12.86093421774355,
    "151": 68.26551426609,
    "157": 0.005404372105725752,
    "160": 7.194204581580318,
    "171": 2.661197940218329,
    "174": 0,
    "181": 0,
    "183": 0.002642489584022023,
    "184": 0.035854908101116745,
    "186": 42.551428777000005,
    "189": 0.03316557628590827,
    "194": 0,
    "197": 31.021085647436383,
    "198": 64.66924397173202,
    "199": 0.14301953187095373,
    "203": 0.006757372581721877,
    "212": 14.953023086026812,
    "214": 0.06233060094357512,
    "217": 1.729810845590737,
    "227": 0.010831044701783532,
    "230": 23.712192759795414,
    "233": 19.80312591044939,
    "235": 9.102454763314233,
    "237": 1.8226876919274195,
    "242": 1.286254966803341,
    "244": 24.290063588552897,
    "245": 10.699071118411798,
    "256": 1.3548812072272653e-10,
    "257": 3.85249461234844,
    "260": 1.1405696519740038,
    "272": 0.14067446542254436,
    "275": 99.22562628922327,
    "282": 0.000008682988306529804,
    "284": 2.7597499837416564,
    "286": 19.927642076775825,
    "289": 22.262566267520366,
    "297": 7.613804034410725,
    "298": 0,
    "302": 71.75771220809972,
    "308": 20.32089845849917,
    "313": 0.0002029561369292776,
    "314": 14.763130912064204,
    "322": 0,
    "323": 0.03848992674314994,
    "334": 2.189688294601266,
    "342": 0.07444705233094684,
    "350": 7.282670829337718,
    "354": 0.1451995265072144,
    "356": 3.0825760042093533,
    "358": 0.12956387407822173,
    "373": 0.18019778148586213,
    "376": 99.97776342825921,