{
  "id": "1004",
  "name": "Chi Yu",
  "format_id": "showdown_gen9vgc2026regfbo3-1760",
  "usage_metrics": {
    "raw": 40346,
    "base_weight": 1141.6531243411189,
    "percent": 7.729977660353065
  },
  "roles": [
    {
      "role": "role_sweeper_special",
      "label": "Special Sweeper",
      "category": "OFF"
    },
    {
      "role": "role_disruptor",
      "label": "Disruptor",
      "category": "SUP"
    }
  ],
  "items": {
    "focus-sash": 574.2350642490724,
    "life-orb": 48.526612641556085,
    "choice-scarf": 229.15187141220764,
    "choice-specs": 266.8755995483161,
    "covert-cloak": 10.536351835591411,
    "air-balloon": 0.000005494342235901062,
    "assault-vest": 1.139008380890743,
    "wide-lens": 0.052000963955374735,
    "choice-band": 0,
    "safety-goggles": 10.64310549814836,
    "charcoal": 0.2452024044219835,
    "ability-shield": 2.220446049250313e-16,
    "weakness-policy": 0.03855936825591094,
    "iron-ball": 0.0004120777735527881,
    "white-herb": 5.145348421775608e-7,
    "grassy-seed": 0.016425349202032147,
    "sitrus-berry": 0.0407534145035614,
    "wise-glasses": 0.00006836840579699244,
    "eject-pack": 0.026621768654019662,
    "power-lens": 0.00004748549866795404,
    "utility-umbrella": 1.0161432806299331e-10,
    "lum-berry": 0,
    "clear-amulet": 3.3306690738754696e-16,
    "focus-band": 3.205735510380947e-9,
    "passho-berry": 0.021667637890829428,
    "rocky-helmet": 0.001475285362963541,
    "kings-rock": 0,
    "black-glasses": 0.005936035667508666,
    "nothing": 2.429889622845849e-12,
    "iapapa-berry": 0,
    "expert-belt": 7.791169737703108e-7,
    "quick-claw": 0,
    "room-service": 0,
    "leftovers": 0.01878534114182734,
    "flame-plate": 6.439293542825908e-15,
    "shell-bell": 0.0000301032092840936,
    "light-clay": 0.000060192601051944905,
    "absorb-bulb": 2.9974683846134553e-10,
    "throat-spray": 0.07745818718769132,
    "blunder-policy": 0,
    "booster-energy": 0,
    "aguav-berry": 0
  },
  "abilities": {
    "beads-of-ruin": 1141.6531243411189
  },
  "moves": {
    "heat-wave": 1140.9164920097737,
    "dark-pulse": 1087.3041142838902,
    "overheat": 1116.8693899046732,
    "protect": 638.9973414550421,
    "snarl": 353.7401685963736,
    "will-o-wisp": 0.10418382668292303,
    "ruination": 11.554624285342197,
    "flamethrower": 21.321298170039082,
    "psychic": 168.40517627872657,
    "hex": 0.10487156365275363,
    "fire-blast": 0.13325468848822086,
    "tera-blast": 6.956225050046715,
    "nasty-plot": 4.977351632931865,
    "lava-plume": 0.0001732846817192879,
    "taunt": 15.140855458090622,
    "memento": 0.0011232373107046278,
    "substitute": 0.053316677243966604,
    "sleep-talk": 0.00000165221282305561,
    "lash-out": 8.303426501932165e-8,
    "burning-jealousy": 2.0642972164974793e-8,
    "light-screen": 2.0646817588954036e-12,
    "hyper-beam": 0.001549936284711173,
    "incinerate": 0,
    "sunny-day": 0.00011978449455607443,
    "flare-blitz": 0.0003694093785834851,
    "fire-spin": 3.4603483411999036e-9,
    "mean-look": 5.551115123125783e-16,
    "inferno": 5.756506382681437e-14,
    "flame-charge": 3.633125017499239e-8,
    "": 0.030285552995456266,
    "facade": 0.00001632553758318389,
    "crunch": 0.00005429180123422972,
    "zen-headbutt": 1.6468879260322922e-8,
    "reflect": 0.00013984873883937654,
    "swagger": 0,
    "scary-face": 1.0079176382404853e-10,
    "giga-impact": 0,
    "confuse-ray": 0,
    "rest": 0,
    "bounce": 0
  },
  "teras": {
    "stellar": 0.04958223166550946,
    "water": 11.327709788311008,
    "fire": 218.49737201275252,
    "ghost": 885.517924110072,
    "fighting": 0.08351817340566858,
    "ground": 0.9517579665053043,
    "grass": 20.51586595115875,
    "fairy": 0.03367490711673832,
    "ice": 0.005422333655353495,
    "psychic": 0.0009441906916033416,
    "dark": 1.1816697077728442,
    "flying": 1.092049324128827,
    "poison": 0.013331600694609036,
    "steel": 0.00011722625188947955,
    "electric": 1.8318679906315083e-15,
    "dragon": 2.3804112590749185,
    "bug": 0.0017703480301150543,
    "rock": 0.0000032098257436441457,
    "normal": 3.585465258026943e-13
  },
  "spreads": [
    {
      "nature": "timid",
      "usage": "38.9",
      "evs": {
        "hp": 4,
        "atk": 0,
        "def": 0,
        "spa": 252,
        "spd": 0,
        "spe": 252
      }
    },
    {
      "nature": "modest",
      "usage": "14.4",
      "evs": {
        "hp": 20,
        "atk": 0,
        "def": 0,
        "spa": 252,
        "spd": 0,
        "spe": 236
      }
    },
    {
      "nature": "modest",
      "usage": "8.0",
      "evs": {
        "hp": 4,
        "atk": 0,
        "def": 0,
        "spa": 252,
        "spd": 0,
        "spe": 252
      }
    },
    {
      "nature": "modest",
      "usage": "6.9",
      "evs": {
        "hp": 140,
        "atk": 0,
        "def": 212,
        "spa": 36,
        "spd": 4,
        "spe": 116
      }
    },
    {
      "nature": "timid",
      "usage": "4.9",
      "evs": {
        "hp": 0,
        "atk": 0,
        "def": 4,
        "spa": 252,
        "spd": 0,
        "spe": 252
      }
    },
    {
      "nature": "modest",
      "usage": "2.1",
      "evs": {
        "hp": 0,
        "atk": 0,
        "def": 0,
        "spa": 252,
        "spd": 4,
        "spe": 252
      }
    },
    {
      "nature": "modest",
      "usage": "2.1",
      "evs": {
        "hp": 164,
        "atk": 0,
        "def": 180,
        "spa": 4,
        "spd": 4,
        "spe": 156
      }
    },
    {
      "nature": "modest",
      "usage": "2.0",
      "evs": {
        "hp": 52,
        "atk": 0,
        "def": 4,
        "spa": 196,
        "spd": 4,
        "spe": 252
      }
    },
    {
      "nature": "modest",
      "usage": "1.3",
      "evs": {
        "hp": 0,
        "atk": 0,
        "def": 0,
        "spa": 252,
        "spd": 0,
        "spe": 252
      }
    },
    {
      "nature": "timid",
      "usage": "1.1",
      "evs": {
        "hp": 0,
        "atk": 0,
        "def": 0,
        "spa": 252,
        "spd": 0,
        "spe": 252
      }
    }
  ],
  "teammates": {
    "3": 0.010321614332955309,
    "6": 0.00001700306428731313,
    "9": 1.5800675384758378e-7,
    "24": 0.0012199662048368864,
    "25": 2.3239281072147393,
    "26": 0.022090431747170014,
    "35": 0.19803685812511412,
    "36": 0.000002890499624208509,
    "38": 0.028911852851151165,
    "49": 0,
    "55": 0,
    "59": 0.000018890998428500172,
    "80": 0.00019196885192224178,
    "91": 0,
    "94": 0.15417547572215518,
    "101": 3.552713678800501e-15,
    "103": 0.02999626971762931,
    "110": 0.15054784298702723,
    "113": 0,
    "123": 0,
    "125": 2.3462008305191144,
    "126": 0.0000025331411435125517,
    "130": 0.3682754539990529,
    "131": 0,
    "132": 0.021031721009494797,
    "135": 0,
    "137": 4.055498048494144e-9,
    "143": 2.653074713809822e-7,
    "144": 0.8110658739579045,
    "145": 2.1366713676140847e-8,
    "149": 538.6590815176347,
    "160": 0,
    "180": 0,
    "181": 0,
    "184": 0.001705383990735665,
    "186": 0.03906330397669372,
    "189": 1.4776097717035794,
    "192": 0.000005159021128853247,
    "196": 0.0000651530370635589,
    "197": 0.00007339931679090084,
    "198": 0.0012876144173790682,
    "199": 0.0010029587155928055,
    "207": 0,
    "212": 0.023488252015075817,
    "225": 0,
    "230": 6.863987156435769e-11,
    "233": 1.533664993386123,
    "235": 103.3713242789553,
    "237": 0.5080679809223974,
    "242": 2.9422040648263703e-7,
    "243": 0.0008933153454490084,
    "244": 0.5568830635613116,
    "245": 0.004757660838343669,
    "248": 0.5800703883156716,
    "254": 0.07857431227352368,
    "257": 3.2611896810808005e-7,
    "260": 0,
    "272": 0,
    "275": 0.01661497967051717,
    "279": 0.11033867372777179,
    "282": 0,
    "284": 0.00010365277178919774,
    "286": 0,
    "289": 1.5230872119076366e-11,
    "297": 7.695194481627254e-11,