{
  "id": "381",
  "name": "Latios",
  "format_id": "showdown_gen9vgc2026regfbo3-1760",
  "usage_metrics": {
    "raw": 4420,
    "base_weight": 28.00781144286863,
    "percent": 0.8468373880622752
  },
  "roles": [
    {
      "role": "role_sweeper_special",
      "label": "Special Sweeper",
      "category": "OFF"
    },
    {
      "role": "role_speed_control",
      "label": "Speed Control",
      "category": "SUP"
    }
  ],
  "items": {
    "soul-dew": 23.838208275259642,
    "life-orb": 0.20353720468483777,
    "focus-sash": 0.10346550618232059,
    "covert-cloak": 2.873874535779107,
    "scope-lens": 0.034318689252946066,
    "choice-scarf": 0.004021747013790822,
    "rocky-helmet": 0.12148779102714807,
    "choice-specs": 0.5764080704874557,
    "sitrus-berry": 0.026825997115095368,
    "assault-vest": 0.16766914922675835,
    "mental-herb": 8.278257523919308e-10,
    "eject-pack": 0.00004323568140457423,
    "leftovers": 0.04731368196698116,
    "grassy-seed": 0.00961487756985685,
    "weakness-policy": 1.074094702069317e-10,
    "dragon-fang": 0,
    "safety-goggles": 0.001021221203850342,
    "light-clay": 0.0000014594822046465339
  },
  "abilities": {
    "levitate": 28.00781144286863
  },
  "moves": {
    "luster-purge": 25.598235570958007,
    "dragon-pulse": 3.588796649283946,
    "protect": 26.91314402780647,
    "icy-wind": 10.64116987108504,
    "draco-meteor": 23.984760306564812,
    "tailwind": 9.552529377990023,
    "tera-blast": 0.3510251716174699,
    "calm-mind": 0.13707151859386862,
    "heal-pulse": 0.0001838725728459667,
    "shadow-ball": 0.576432601126488,
    "simple-beam": 3.1213772155027786,
    "psychic-noise": 0.00002737055082674411,
    "flip-turn": 0.5818177766521293,
    "ally-switch": 0.763147440403499,
    "ice-beam": 0.09788463190410324,
    "psychic": 0.08542547454690763,
    "aura-sphere": 2.919500218757961,
    "thunder": 0.000034722608233450636,
    "psyshock": 2.1173827026938543,
    "trick": 0.000001172937067028812,
    "psych-up": 1.4575033291386319e-8,
    "air-slash": 0.000046566905379186174,
    "thunderbolt": 0.00004661287465335118,
    "breaking-swipe": 0.0000013132967564555287,
    "thunder-wave": 0.16505610198832604,
    "recover": 0.1342022715553527,
    "light-screen": 0.002084157616685345,
    "surf": 0.000004211131017173297,
    "substitute": 0.6037442021311896,
    "solar-beam": 0,
    "helping-hand": 0,
    "air-cutter": 0,
    "zen-headbutt": 0,
    "energy-ball": 0,
    "reflect": 0,
    "dragon-breath": 0,
    "baton-pass": 9.655376498329815e-11,
    "scale-shot": 0.09068243573049423,
    "stored-power": 0,
    "dragon-claw": 0,
    "": 0.005417125301962755,
    "sunny-day": 0,
    "memento": 0,
    "rain-dance": 0,
    "dragon-cheer": 0.0000076285814986087885,
    "agility": 0.000005435533238729029,
    "future-sight": 0,
    "confusion": 0
  },
  "teras": {
    "poison": 1.2675954108092982,
    "steel": 23.661295802731622,
    "dragon": 0.11165871793779575,
    "stellar": 0.006356530038496622,
    "fighting": 5.2533494221407295e-9,
    "fire": 0.03816803443127126,
    "water": 0.029398054331771617,
    "fairy": 1.8853385376316716,
    "ghost": 1.0079622493947293,
    "psychic": 0.0000016588129159167408,
    "dark": 0.0000014594939030665444,
    "electric": 0.00003343896579172112,
    "ice": 0.0000015430360113533048,
    "normal": 0,
    "rock": 0,
    "grass": 0
  },
  "spreads": [
    {
      "nature": "timid",
      "usage": "21.3",
      "evs": {
        "hp": 4,
        "atk": 0,
        "def": 0,
        "spa": 252,
        "spd": 0,
        "spe": 252
      }
    },
    {
      "nature": "timid",
      "usage": "16.4",
      "evs": {
        "hp": 0,
        "atk": 0,
        "def": 0,
        "spa": 252,
        "spd": 4,
        "spe": 252
      }
    },
    {
      "nature": "timid",
      "usage": "8.7",
      "evs": {
        "hp": 60,
        "atk": 0,
        "def": 4,
        "spa": 252,
        "spd": 4,
        "spe": 188
      }
    },
    {
      "nature": "timid",
      "usage": "8.2",
      "evs": {
        "hp": 156,
        "atk": 0,
        "def": 4,
        "spa": 156,
        "spd": 4,
        "spe": 188
      }
    },
    {
      "nature": "modest",
      "usage": "6.8",
      "evs": {
        "hp": 76,
        "atk": 0,
        "def": 4,
        "spa": 236,
        "spd": 4,
        "spe": 188
      }
    },
    {
      "nature": "modest",
      "usage": "6.3",
      "evs": {
        "hp": 0,
        "atk": 0,
        "def": 0,
        "spa": 252,
        "spd": 4,
        "spe": 252
      }
    },
    {
      "nature": "modest",
      "usage": "3.4",
      "evs": {
        "hp": 76,
        "atk": 0,
        "def": 44,
        "spa": 212,
        "spd": 12,
        "spe": 164
      }
    },
    {
      "nature": "timid",
      "usage": "2.7",
      "evs": {
        "hp": 108,
        "atk": 0,
        "def": 4,
        "spa": 196,
        "spd": 4,
        "spe": 196
      }
    },
    {
      "nature": "timid",
      "usage": "2.3",
      "evs": {
        "hp": 12,
        "atk": 0,
        "def": 4,
        "spa": 236,
        "spd": 4,
        "spe": 252
      }
    },
    {
      "nature": "timid",
      "usage": "2.2",
      "evs": {
        "hp": 124,
        "atk": 0,
        "def": 4,
        "spa": 180,
        "spd": 4,
        "spe": 196
      }
    }
  ],
  "teammates": {
    "6": 0,
    "9": 0,
    "25": 1.3545930488412239e-9,
    "26": 1.1225828433492069e-7,
    "35": 0.00003455746537178728,
    "36": 1.3546428423438783e-9,
    "38": 5.551115123125783e-17,
    "55": 0,
    "59": 4.238946926804488e-8,
    "89": 0,
    "93": 0.00016660183478051094,
    "94": 0,
    "110": 0.016567726775160718,
    "123": 0.014122702725414438,
    "125": 0.00003052738061570803,
    "126": 0.047774577539457797,
    "130": 0.08080930773723394,
    "132": 0,
    "135": 0.000024970382869526908,
    "143": 2.0806036599152478e-7,
    "144": 0.0000027449451150962645,
    "145": 0,
    "149": 0.10919441497205157,
    "160": 1.6653345369377348e-16,
    "186": 3.689362134684515e-7,
    "189": 0.000023126872903067586,
    "198": 0.0003265105812859659,
    "212": 0.00018054533487971147,
    "227": 0,
    "230": 0.0821507802544556,
    "233": 0.16880071098897653,
    "235": 1.326686033253921e-8,
    "243": 0.16099235358947211,
    "244": 3.3170108509496785,
    "245": 0.0003701288008211012,
    "248": 1.448994642947949,
    "257": 0.000030274304722910372,
    "260": 0,
    "279": 0.0336348891842263,
    "282": 0,
    "289": 0.000046059165210166064,
    "297": 0.00003434940500579575,
    "308": 0.0000036297981471089535,
    "312": 0,
    "313": 0.0000036297981471089535,
    "324": 0.7486176037576999,
    "334": 5.980566152863354e-7,
    "350": 0.014123071666348075,
    "373": 0,
    "376": 1.686888786561145,
    "377": 0,
    "379": 0.5291562878929204,
    "380": 0,
    "395": 8.799055928321309e-11,
    "423": 4.144061212449266,
    "426": 0.002359965847758716,
    "430": 8.754799448729145e-7,
    "437": 0,
    "445": 0.000026169927221819655,
    "447": 0.00000529963411988188,
    "448": 0.00001570066968320516,
    "460": 1.0844591891157052e-10,
    "462": 0,
    "464": 0,
    "469": 0,
    "473": 0.004127098834490639,
    "474": 6.5033534113467795e-12,
    "475": 0.000014825189738332245,
    "482": 2.220446049250313e-15,
    "485": 2.6495146471182314,
    "486": 0.022828691193624406,
    "488": 0.0010462092055802952,
    "497": 1.145715466943642e-9,
    "530": 0.3620313647785958,
    "534": 0,
    "547": 0.20790226643076432,
    "553": 3.140036008986158e-10,
    "560": 4.388360785867462e-10,
    "576": 5.7848620726996813e-8,
    "591": 3.7625497022067917,
    "609": 0.00000529963411988188,
    "620": 0.0033671810285950676,
    "625": 5.495603971894525e-15,
    "630": 0.0028546649939730773,
    "635": 0.000004165863142779891,
    "637": 1.896083228039803,
    "638": 0.08732727893044046,
    "639": 8.549155827708432e-11,
    "641": 3.428084597539668,