{
  "id": "437",
  "name": "Bronzong",
  "format_id": "showdown_gen9vgc2026regfbo3-1760",
  "usage_metrics": {
    "raw": 3752,
    "base_weight": 126.00518517319888,
    "percent": 0.7188538190067095
  },
  "roles": [
    {
      "role": "role_tr_setter",
      "label": "Trick Room Setter",
      "category": "SUP"
    },
    {
      "role": "role_wall_physical",
      "label": "Physical Wall",
      "category": "DEF"
    },
    {
      "role": "role_disruptor",
      "label": "Disruptor",
      "category": "SUP"
    }
  ],
  "items": {
    "leftovers": 94.49886185916992,
    "mental-herb": 3.095372762029348,
    "light-clay": 0.000023242953772761865,
    "lum-berry": 4.087952754083801e-10,
    "covert-cloak": 1.8345192035112072,
    "occa-berry": 1.7565116028350758e-10,
    "safety-goggles": 22.68330101833616,
    "power-herb": 3.2262029653156974,
    "sitrus-berry": 0.3901460602716472,
    "rocky-helmet": 0.0069722307379620485,
    "eject-button": 0,
    "assault-vest": 0.000009239254932458252,
    "iron-ball": 1.7175871835917178e-11,
    "damp-rock": 8.326672684688674e-16,
    "room-service": 0,
    "choice-band": 2.3814573257840976e-8,
    "mind-plate": 0,
    "focus-sash": 0.00006383703444506894,
    "aguav-berry": 0,
    "weakness-policy": 0.037713865646470446,
    "chesto-berry": 0.0023296945178305495,
    "grassy-seed": 0.024163672741978226,
    "lagging-tail": 0.205409166499273,
    "heavy-duty-boots": 0,
    "power-bracer": 0.0000068121508712826184,
    "iapapa-berry": 4.0012992919002954e-12,
    "colbur-berry": 1.466662696847365e-8,
    "kasib-berry": 0.00008905511331680493,
    "expert-belt": 0,
    "metronome": 0,
    "terrain-extender": 0,
    "clear-amulet": 0,
    "choice-scarf": 0,
    "toxic-orb": 4.484403068327758e-7,
    "air-balloon": 0,
    "loaded-dice": 6.084022174945858e-14,
    "nothing": 3.8712777428173695e-10,
    "wide-lens": 0
  },
  "abilities": {
    "levitate": 125.65352565167322,
    "heatproof": 0.35165952061022715,
    "heavy-metal": 9.154359492669073e-10
  },
  "moves": {
    "body-press": 111.387600228807,
    "iron-defense": 101.8417967503399,
    "gyro-ball": 116.88980586674974,
    "trick-room": 126.00066813471604,
    "ice-spinner": 0.008452682678374845,
    "hypnosis": 3.9947792320878963,
    "skill-swap": 0.000969259987419202,
    "protect": 0.08131730417279065,
    "light-screen": 0.0028162268769575394,
    "reflect": 0.000058074072737390736,
    "night-shade": 0.005065590236802975,
    "iron-head": 8.133173357038785,
    "gravity": 0.02220574644199208,
    "zen-headbutt": 0.000014081859752879122,
    "hard-press": 0.00013237604451138418,
    "helping-hand": 0.15039412050669393,
    "psychic": 19.75992165188805,
    "safeguard": 11.546105977111203,
    "meteor-beam": 3.226202964400261,
    "stealth-rock": 1.8327950324081854e-8,
    "heavy-slam": 0.13764956426320923,
    "imprison": 0.366670062389257,
    "psych-up": 0,
    "extrasensory": 0.0006872959602100548,
    "expanding-force": 0.00576260033613557,
    "rain-dance": 0.000034060286463577505,
    "calm-mind": 0.0010251500150872395,
    "earthquake": 0.0006093498255330121,
    "tera-blast": 0.000348169674830312,
    "": 1.9703301212814495e-9,
    "rest": 0.0023296945178305495,
    "shadow-ball": 0.00006298520221270643,
    "psychic-noise": 0.03454811815780695,
    "trick": 0.20541027081401164,
    "flash-cannon": 9.6723038578439e-8,
    "grass-knot": 0.000006352352246885573,
    "stomping-tantrum": 0,
    "substitute": 5.2871873545967674e-11,
    "power-gem": 1.570725255417571e-8,
    "hex": 0.008690502813346157,
    "sunny-day": 0.000003292527681053592,
    "sleep-talk": 0,
    "bulldoze": 8.404516280702268e-7,
    "psychic-terrain": 6.316671944395225e-7,
    "weather-ball": 6.31662424310786e-7,
    "rock-slide": 0.20540916707556367,
    "stored-power": 7.730079215617636e-8,
    "psyshock": 0.000011751116661962158,
    "charge-beam": 0,
    "block": 1.3315993546703098e-7,
    "future-sight": 1.5582062917740558e-8,
    "body-slam": 2.1684580936431885e-7,
    "rock-blast": 6.084022174945858e-14
  },
  "teras": {
    "fire": 99.1232761946715,
    "dark": 0.002823994964167409,
    "fighting": 0.34139219811520444,
    "water": 11.937274040004102,
    "grass": 0.8057627776361119,
    "bug": 2.381457381295249e-8,
    "electric": 0.0002534323061363919,
    "steel": 6.739259938692841,
    "ground": 8.493472153370263e-8,
    "normal": 1.4699352846037073e-13,
    "rock": 5.5776754782152,
    "fairy": 0.08698453614976531,
    "ghost": 0.0035623301462461843,
    "dragon": 1.1379246700906314,
    "flying": 0.00002423777152177342,
    "poison": 0.24897123568628088,
    "ice": 0
  },
  "spreads": [
    {
      "nature": "relaxed",
      "usage": "36.9",
      "evs": {
        "hp": 252,
        "atk": 0,
        "def": 196,
        "spa": 0,
        "spd": 60,
        "spe": 0
      }
    },
    {
      "nature": "relaxed",
      "usage": "30.6",
      "evs": {
        "hp": 252,
        "atk": 0,
        "def": 188,
        "spa": 0,
        "spd": 68,
        "spe": 0
      }
    },
    {
      "nature": "sassy",
      "usage": "6.6",
      "evs": {
        "hp": 252,
        "atk": 4,
        "def": 0,
        "spa": 0,
        "spd": 252,
        "spe": 0
      }
    },
    {
      "nature": "sassy",
      "usage": "5.5",
      "evs": {
        "hp": 252,
        "atk": 4,
        "def": 148,
        "spa": 4,
        "spd": 100,
        "spe": 0
      }
    },
    {
      "nature": "relaxed",
      "usage": "5.0",
      "evs": {
        "hp": 252,
        "atk": 0,
        "def": 252,
        "spa": 0,
        "spd": 4,
        "spe": 0
      }
    },
    {
      "nature": "sassy",
      "usage": "3.1",
      "evs": {
        "hp": 252,
        "atk": 4,
        "def": 148,
        "spa": 0,
        "spd": 100,
        "spe": 0
      }
    },
    {
      "nature": "sassy",
      "usage": "2.8",
      "evs": {
        "hp": 244,
        "atk": 0,
        "def": 156,
        "spa": 0,
        "spd": 108,
        "spe": 0
      }
    },
    {
      "nature": "relaxed",
      "usage": "2.6",
      "evs": {
        "hp": 252,
        "atk": 0,
        "def": 108,
        "spa": 0,
        "spd": 148,
        "spe": 0
      }
    },
    {
      "nature": "quiet",
      "usage": "2.3",
      "evs": {
        "hp": 252,
        "atk": 0,
        "def": 0,
        "spa": 252,
        "spd": 4,
        "spe": 0
      }
    },
    {
      "nature": "sassy",
      "usage": "0.9",
      "evs": {
        "hp": 252,
        "atk": 0,
        "def": 108,
        "spa": 0,
        "spd": 148,
        "spe": 0
      }
    }
  ],
  "teammates": {
    "3": 1.34334599000141e-10,
    "6": 1.2475021016200571e-12,
    "28": 0,
    "35": 0.09495821059178589,
    "36": 0.09724952104969187,
    "38": 0.0000027230741897477095,
    "51": 0,
    "55": 0,
    "59": 1.2804757254514243e-12,
    "79": 0,
    "80": 0.0000011040161580488927,
    "93": 1.5301076550233716e-7,
    "94": 0.0007910837451893249,
    "103": 0,
    "110": 1.4668012304763778e-8,
    "113": 8.402652729722071e-7,
    "125": 1.1102230246251565e-15,
    "126": 9.088285679581531e-13,
    "130": 3.038843382485723e-8,
    "131": 0.00009162465764556149,
    "132": 0,
    "134": 0,
    "135": 0,
    "143": 1.514671998936734e-9,
    "144": 0.24321547968434631,
    "145": 6.59541865566382e-11,
    "149": 20.61624095318588,
    "157": 8.881784197001252e-16,
    "181": 0,
    "184": 0.000008965198591115442,
    "186": 0.0006835550197673013,
    "189": 0,
    "207": 0,
    "212": 1.9703301212814495e-9,
    "214": 0,
    "217": 0,
    "219": 0,
    "230": 0,
    "233": 0.005982234734175418,
    "235": 0.000296504997359337,
    "237": 2.6614710957328924e-7,
    "242": 0,
    "243": 7.187583861423263e-13,
    "244": 0.8128574650735947,
    "245": 1.5291778954207302e-10,
    "248": 1.7915913762742404,
    "257": 0.000006171957381118087,
    "260": 8.081279195826241e-8,
    "272": 8.49347204234796e-8,
    "279": 0.004502430720017714,