{
  "id": "794",
  "name": "Buzzwole",
  "format_id": "showdown_gen9nationaldexmonotype-1760",
  "usage_metrics": {
    "raw": 3004,
    "base_weight": 54.693425466710885,
    "percent": 5.398799468027749
  },
  "roles": [
    {
      "role": "role_sweeper_physical",
      "label": "Physical Sweeper",
      "category": "OFF"
    },
    {
      "role": "role_setup",
      "label": "Setup Sweeper",
      "category": "OFF"
    }
  ],
  "items": {
    "assault-vest": 1.1837790371686652,
    "choice-scarf": 15.387823053538124,
    "rocky-helmet": 0.3646682475577591,
    "leftovers": 36.307130973642494,
    "choice-band": 0.14102841836508923,
    "coba-berry": 0.000587553035508559,
    "life-orb": 0.38607893286653466,
    "heavy-duty-boots": 0.6003537459817964,
    "fightinium-z": 0.0010149077003726026,
    "sitrus-berry": 2.425569793351734e-7,
    "expert-belt": 1.3709461343935914e-10,
    "focus-sash": 1.0892095253511869e-7,
    "big-root": 0.000944898791275739,
    "salac-berry": 0.01493752158065681,
    "nothing": 0.23516603878238002,
    "groundium-z": 0.034388754299053526,
    "muscle-band": 0.0003133884779922824,
    "black-belt": 1.6995283513843162e-9,
    "weakness-policy": 0,
    "punching-glove": 0.00000771095526441723,
    "covert-cloak": 0.0000025692977232427694,
    "ability-shield": 0.03519935378651906,
    "lum-berry": 5.886006848587755e-9,
    "protective-pads": 7.300049453817792e-12,
    "blunder-policy": 1.67590402666562e-9
  },
  "abilities": {
    "beast-boost": 54.693425466710885
  },
  "moves": {
    "ice-punch": 15.230702243627833,
    "earthquake": 17.221179783763752,
    "drain-punch": 38.63744262394421,
    "lunge": 0.08936101619729564,
    "close-combat": 16.61990230318516,
    "leech-life": 16.226664528933522,
    "poison-jab": 0.017960982190633634,
    "thunder-punch": 26.023780125189287,
    "fell-stinger": 0.045339366758263444,
    "rock-slide": 1.3244569041599468,
    "darkest-lariat": 11.28589406391571,
    "roost": 0.7202014577702747,
    "stone-edge": 1.9396614191132426,
    "iron-head": 0.02656340499449611,
    "bulk-up": 37.19964737425918,
    "substitute": 34.651523021763374,
    "dual-wingbeat": 0.453841666531774,
    "outrage": 0.011944646146604787,
    "facade": 0.000004733194550854414,
    "rock-tomb": 0.048733111675110796,
    "rest": 0.0005875270584446701,
    "sleep-talk": 0.0005875270584446701,
    "brick-break": 0.020224236855208133,
    "body-slam": 3.6010194826019415e-11,
    "power-up-punch": 0.0029803739451825795,
    "toxic": 0.13154381429065304,
    "taunt": 0.7950597781927145,
    "superpower": 0.005251852522312139,
    "focus-punch": 0.00021242684536115775,
    "counter": 0.0005119538437076687,
    "endure": 0.014937521429993605,
    "": 1.9812651519401925e-9,
    "dynamic-punch": 0.02696494799271748,
    "smack-down": 0.000030394312520665157,
    "hammer-arm": 0,
    "revenge": 0.000004733165150205831,
    "hidden-power-bug": 0,
    "high-horsepower": 0,
    "bug-bite": 0
  },
  "teras": {
    "nothing": 54.693425466710885
  },
  "spreads": [
    {
      "nature": "adamant",
      "usage": "57.2",
      "evs": {
        "hp": 200,
        "atk": 20,
        "def": 0,
        "spa": 0,
        "spd": 184,
        "spe": 104
      }
    },
    {
      "nature": "jolly",
      "usage": "18.5",
      "evs": {
        "hp": 0,
        "atk": 252,
        "def": 0,
        "spa": 0,
        "spd": 0,
        "spe": 252
      }
    },
    {
      "nature": "jolly",
      "usage": "6.5",
      "evs": {
        "hp": 0,
        "atk": 252,
        "def": 0,
        "spa": 0,
        "spd": 4,
        "spe": 252
      }
    },
    {
      "nature": "adamant",
      "usage": "5.7",
      "evs": {
        "hp": 200,
        "atk": 0,
        "def": 0,
        "spa": 0,
        "spd": 204,
        "spe": 104
      }
    },
    {
      "nature": "adamant",
      "usage": "4.9",
      "evs": {
        "hp": 252,
        "atk": 252,
        "def": 0,
        "spa": 0,
        "spd": 4,
        "spe": 0
      }
    },
    {
      "nature": "jolly",
      "usage": "1.9",
      "evs": {
        "hp": 4,
        "atk": 252,
        "def": 0,
        "spa": 0,
        "spd": 0,
        "spe": 252
      }
    },
    {
      "nature": "jolly",
      "usage": "1.3",
      "evs": {
        "hp": 0,
        "atk": 252,
        "def": 4,
        "spa": 0,
        "spd": 0,
        "spe": 252
      }
    },
    {
      "nature": "careful",
      "usage": "1.1",
      "evs": {
        "hp": 248,
        "atk": 8,
        "def": 0,
        "spa": 0,
        "spd": 252,
        "spe": 0
      }
    },
    {
      "nature": "careful",
      "usage": "0.7",
      "evs": {
        "hp": 172,
        "atk": 44,
        "def": 40,
        "spa": 0,
        "spd": 252,
        "spe": 0
      }
    },
    {
      "nature": "adamant",
      "usage": "0.5",
      "evs": {
        "hp": 152,
        "atk": 168,
        "def": 0,
        "spa": 0,
        "spd": 0,
        "spe": 188
      }
    }
  ],
  "teammates": {
    "12": 7.415655137177346e-7,
    "47": 1.134295259378892,
    "49": 0,
    "62": 9.158752645177515e-10,
    "68": 0.0003133901775206338,
    "106": 0.0005678896091427799,
    "127": 0,
    "132": 0,
    "205": 11.217760188560367,
    "212": 12.429068813661772,
    "213": 0.181032091934952,
    "214": 0.0093251907468887,
    "237": 0,
    "284": 0.029067154545388607,
    "286": 1.023969535203118,
    "291": 4.59466744651138e-8,
    "292": 0.5426206194470925,
    "313": 0.12302486413084102,
    "314": 0.00000771095526441723,
    "348": 0.2504125499272776,
    "392": 0.001490682346292349,
    "413": 0.00036747858909097486,
    "414": 0.000004733165150205831,
    "416": 0.00000771095526441723,
    "448": 5.193304368211749e-7,
    "454": 0.000025460756803707962,
    "469": 1.1417107570895149,
    "475": 0,
    "500": 0.000567890054547826,
    "533": 0.005327830050479987,
    "534": 0.0007791295614827387,
    "542": 0.3081993565415924,
    "545": 14.452373741109424,
    "558": 0.654363516986677,
    "560": 0.0000013366238454937118,
    "589": 0.2595363278981155,
    "596": 20.89281186952963,
    "617": 1.392664372798154,
    "632": 0.7443151751421022,
    "637": 51.87624529640903,
    "638": 0.04807082187202216,
    "639": 0.0007077070245621875,
    "640": 4.4540504617884835e-10,
    "647": 0.0019514859972152299,
    "666": 11.08775822098819,
    "675": 0.0003133910933958983,
    "701": 0.006255370200551613,
    "738": 0.1661643989310393,
    "740": 0.00030827134881711293,
    "743": 3.7619204069060137,
    "752": 20.777360362014523,
    "760": 0.0007881487278304511,
    "768": 1.0049892477286253,
    "773": 2.6243255901725604e-9,
    "784": 0.04821838610541607,
    "826": 0.21623457214711023,
    "851": 0.2039692646017776,
    "865": 0.00006974418157329465,
    "873": 1.760770776976861,
    "900": 48.076353826794325,
    "903": 1.1011728672126093,
    "914": 8.755708102992088e-9,
    "918": 0.03929949964631385,
    "920": 7.514652645542269,
    "923": 0.000005118828703520872,
    "954": 0.5233376060422692,
    "984": 0.035069664430888214,
    "988": 0.02533406745227873,
    "992": 0.010806783083777693,
    "1006": 1.058510106410727,
    "1014": 0.02237295763684355,
    "10040": 11.365937815068243,
    "10046": 36.76307463646963,
    "10047": 0.12087955999626238,
    "10068": 1.0951088506001692,
    "10090": 0.9757971912909175,
    "10170": 0.004342180343976376,
    "10191": 1.0715955745251993,
    "10237": 0,
    "10244": 1.3612803106965998e-9
  }
}