{
  "id": "80",
  "name": "Slowbro",
  "format_id": "showdown_gen9legendszaou-1500",
  "usage_metrics": {
    "raw": 21304,
    "base_weight": 13556.486998267292,
    "percent": 7.654168403201932
  },
  "roles": [
    {
      "role": "role_tr_setter",
      "label": "Trick Room Setter",
      "category": "SUP"
    },
    {
      "role": "role_wall_physical",
      "label": "Physical Wall",
      "category": "DEF"
    },
    {
      "role": "role_disruptor",
      "label": "Disruptor",
      "category": "SUP"
    }
  ],
  "items": {
    "heavy-duty-boots": 4811.275776961495,
    "leftovers": 1947.5609992632199,
    "rocky-helmet": 3004.577503027897,
    "nothing": 1727.9088496471875,
    "choice-specs": 78.29684950612523,
    "assault-vest": 675.2781954717659,
    "colbur-berry": 1019.0090011099426,
    "lagging-tail": 0.39578362841692605,
    "weakness-policy": 17.0050198675234,
    "sticky-barb": 21.32196370555768,
    "eject-button": 8.984129877047081,
    "heat-rock": 3.9025990964130055,
    "red-card": 41.37895153673086,
    "life-orb": 13.435511766678799,
    "damp-rock": 38.87771800104273,
    "safety-goggles": 0.7375580968671391,
    "eviolite": 3.170307527474,
    "sitrus-berry": 20.232436545897723,
    "mental-herb": 70.04918388137234,
    "focus-sash": 0.011137282461260889,
    "kasib-berry": 16.820923710882155,
    "electric-seed": 0.12659830501429548,
    "grassy-seed": 9.99999982410556,
    "salac-berry": 4.4782402075638315,
    "misty-seed": 0.7745363907177945,
    "aguav-berry": 0.008750397374376273,
    "mago-berry": 1.0644834267283878,
    "psychic-seed": 1.128122801539568,
    "terrain-extender": 3.172705476340715,
    "apicot-berry": 0.5794832767730368,
    "mirror-herb": 0.576266560640394,
    "choice-scarf": 0.3964996271176876,
    "zoom-lens": 4.166702895342993,
    "lum-berry": 6.274397409850684,
    "covert-cloak": 1.6390092003304435,
    "room-service": 1.117875714785807,
    "shell-bell": 0.7244616814176015,
    "power-herb": 0.028465559573044696
  },
  "abilities": {
    "regenerator": 13400.187887350025,
    "oblivious": 152.86092324712007,
    "own-tempo": 3.438187670145679
  },
  "moves": {
    "future-sight": 6369.545619581798,
    "teleport": 11500.990111869853,
    "ice-beam": 4042.2879023658825,
    "scald": 12484.574450808339,
    "trick-room": 2817.383852526887,
    "protect": 72.72618427106866,
    "psychic": 613.9607647301647,
    "slack-off": 6481.518594343595,
    "thunder-wave": 3722.098678275544,
    "reflect": 66.76514136768354,
    "light-screen": 60.82403078001941,
    "nasty-plot": 85.80545789915705,
    "psyshock": 191.78742019202494,
    "psychic-noise": 1835.3127591174048,
    "body-press": 544.6042004616271,
    "hydro-pump": 85.16057541871545,
    "shadow-ball": 186.63691840466427,
    "weather-ball": 16.029601645845066,
    "flamethrower": 1237.6956939177173,
    "surf": 78.42850326593631,
    "seismic-toss": 7.631996760343089,
    "calm-mind": 183.3678821254294,
    "blizzard": 114.4791823955912,
    "aqua-tail": 3.0446447571646083,
    "rain-dance": 44.9991382467442,
    "fire-blast": 194.70020876670185,
    "counter": 608.8050640686896,
    "foul-play": 166.99893074480008,
    "trick": 35.02703308541269,
    "iron-defense": 62.501885965840565,
    "zap-cannon": 4.194100316159963,
    "magic-coat": 64.25252053798337,
    "sunny-day": 12.41679588682404,
    "grass-knot": 20.20815032912579,
    "snowscape": 2.3073798755940897,
    "disable": 21.494497291125537,
    "muddy-water": 1.3104315132388666,
    "brick-break": 4.356029742088502,
    "whirlpool": 0.8076022663474844,
    "rest": 4.637372041916763,
    "signal-beam": 9.364727851013416,
    "avalanche": 2.488441957670076,
    "amnesia": 16.214670159022884,
    "stored-power": 10.616902975281336,
    "substitute": 22.288890861289634,
    "razor-shell": 2.902221111390585,
    "drain-punch": 1.1951382548471834,
    "expanding-force": 17.969909329260496,
    "skill-swap": 1.1016422634116094,
    "": 1.6194294347485625,
    "dynamic-punch": 1.88677304460289,
    "earthquake": 1.2722742072470294,
    "telekinesis": 0.9999977248982967,
    "psychic-terrain": 9.859577596170828,
    "belly-drum": 2.1717364696565964,
    "liquidation": 1.6499361771805532,
    "focus-blast": 51.85122957746841,
    "icy-wind": 0.5709475622283424,
    "curse": 6.208384406103147,
    "chilling-water": 2.637886532083064,
    "zen-headbutt": 1.5699934462305343,
    "waterfall": 1.0516921693963384,
    "body-slam": 0.0002821777240336609,
    "metronome": 2.9132844732781877,
    "tera-blast": 1.9789538075420992,
    "safeguard": 0.0006211347502110831,
    "attract": 0.1508959936077175,
    "echoed-voice": 0.3543547272526688,
    "recycle": 0.40425355073522196,
    "power-gem": 0.5509388352640486,
    "block": 0.3962317370332176,
    "skull-bash": 0.028465559573044696
  },
  "teras": {
    "nothing": 13556.486998267275
  },
  "spreads": [
    {
      "nature": "bold",
      "usage": "21.5",
      "evs": {
        "hp": 252,
        "atk": 0,
        "def": 252,
        "spa": 4,
        "spd": 0,
        "spe": 0
      }
    },
    {
      "nature": "bold",
      "usage": "14.0",
      "evs": {
        "hp": 252,
        "atk": 0,
        "def": 252,
        "spa": 0,
        "spd": 4,
        "spe": 0
      }
    },
    {
      "nature": "relaxed",
      "usage": "12.0",
      "evs": {
        "hp": 252,
        "atk": 0,
        "def": 252,
        "spa": 4,
        "spd": 0,
        "spe": 0
      }
    },
    {
      "nature": "relaxed",
      "usage": "10.8",
      "evs": {
        "hp": 252,
        "atk": 0,
        "def": 252,
        "spa": 0,
        "spd": 4,
        "spe": 0
      }
    },
    {
      "nature": "relaxed",
      "usage": "7.2",
      "evs": {
        "hp": 252,
        "atk": 0,
        "def": 252,
        "spa": 0,
        "spd": 0,
        "spe": 0
      }
    },
    {
      "nature": "modest",
      "usage": "2.9",
      "evs": {
        "hp": 252,
        "atk": 0,
        "def": 0,
        "spa": 252,
        "spd": 4,
        "spe": 0
      }
    },
    {
      "nature": "bold",
      "usage": "2.7",
      "evs": {
        "hp": 252,
        "atk": 0,
        "def": 156,
        "spa": 96,
        "spd": 4,
        "spe": 0
      }
    },
    {
      "nature": "bold",
      "usage": "2.0",
      "evs": {
        "hp": 252,
        "atk": 0,
        "def": 252,
        "spa": 0,
        "spd": 0,
        "spe": 0
      }
    },
    {
      "nature": "relaxed",
      "usage": "1.6",
      "evs": {
        "hp": 252,
        "atk": 0,
        "def": 52,
        "spa": 0,
        "spd": 204,
        "spe": 0
      }
    },
    {
      "nature": "relaxed",
      "usage": "1.5",
      "evs": {
        "hp": 248,
        "atk": 0,
        "def": 216,
        "spa": 0,
        "spd": 44,
        "spe": 0
      }
    }
  ],
  "teammates": {
    "3": 19.380714036358373,
    "6": 11.731383798381003,
    "9": 71.62493598842907,
    "15": 0.3718771984604321,
    "24": 3.663047375563668,
    "25": 4.2210401757798826,
    "26": 3.896422072860134,
    "35": 0.2421247665748441,
    "36": 2878.191762629047,
    "40": 1.7932306968653866,
    "53": 0.021740128556051785,
    "57": 0.20988240592304602,
    "65": 60.22488901054724,
    "67": 0.3990586224593533,
    "68": 86.42673578193968,
    "71": 17.380503118069928,
    "83": 1.9741996488676834,
    "94": 234.5670100082746,
    "105": 1.0467409459667567,
    "115": 3.6526852886500514,
    "121": 113.6385487723486,
    "122": 0.001175576158791547,
    "123": 5.638864932078716,
    "127": 1.9128433825015696,
    "130": 110.73459985192054,
    "132": 0,
    "134": 39.84334391907088,
    "135": 27.915647261221487,
    "136": 15.732824315296028,
    "142": 118.1298801581855,
    "149": 1182.5330452809158,
    "154": 0.658160376763081,
    "160": 17.607865626403953,
    "168": 28.93697753942665,
    "169": 114.78898488975908,
    "196": 187.99830504679255,
    "197": 253.61086192105373,
    "199": 5.015825693318207,