{
  "id": "10003",
  "name": "Deoxys Speed",
  "format_id": "showdown_gen9ubers-1500",
  "usage_metrics": {
    "raw": 11328,
    "base_weight": 8457.513485463645,
    "percent": 4.184551734328248
  },
  "items": {
    "focus-sash": 4865.5665073204445,
    "rocky-helmet": 2548.460269784638,
    "power-herb": 21.499029702496244,
    "life-orb": 67.28944558438278,
    "choice-scarf": 36.80836923656094,
    "leftovers": 63.73878387051912,
    "mental-herb": 395.44645385795553,
    "light-clay": 160.36175841129008,
    "heavy-duty-boots": 38.07273440381125,
    "salac-berry": 1.7943027174640138,
    "eject-pack": 88.56241172422601,
    "choice-specs": 32.49482714893971,
    "nothing": 15.872513717007593,
    "choice-band": 1.3847741974738246,
    "toxic-orb": 7.951139623802944,
    "light-ball": 3,
    "mirror-herb": 7.537648019016348,
    "absorb-bulb": 0.6491896588517488,
    "red-card": 15.11844043689106,
    "air-balloon": 7.032650280780089,
    "assault-vest": 16.260987630536107,
    "never-melt-ice": 1.2544193891615563,
    "mind-plate": 1.4993526170430658,
    "eject-button": 23.200746891684446,
    "covert-cloak": 14.392614024836087,
    "blunder-policy": 0.9454872005486508,
    "loaded-dice": 0.16658354809411935,
    "psychic-seed": 2.5602692745168483,
    "expert-belt": 6.565279460895585,
    "colbur-berry": 0.03869897002848621,
    "quick-claw": 0.15372113316372293,
    "weakness-policy": 1.3012046671798145,
    "twisted-spoon": 1.1012962763813188,
    "silk-scarf": 0.00009006834624453175,
    "heat-rock": 1.421849696511754,
    "fist-plate": 0.0000013297945598012006,
    "aguav-berry": 0.4976880530041563,
    "enigma-berry": 1.4599095773619406,
    "spooky-plate": 5.465683461380877e-12,
    "punching-glove": 0.03282742380040132,
    "muscle-band": 0.6461876781679312,
    "adrenaline-orb": 0.3718771984604321,
    "dusk-stone": 1.882507214762668,
    "master-ball": 0.44317569102687776,
    "terrain-extender": 2.67546075179153
  },
  "abilities": {
    "pressure": 8457.513485463645
  },
  "moves": {
    "thunder-wave": 3799.720461431369,
    "spikes": 6905.687039462308,
    "taunt": 7123.220211540255,
    "psycho-boost": 5385.33387053042,
    "stealth-rock": 5938.276536495763,
    "meteor-beam": 31.737754313227686,
    "ice-beam": 282.30552585377535,
    "dark-pulse": 543.6050163246397,
    "psyshock": 9.619224843910322,
    "knock-off": 682.2587738687453,
    "cosmic-power": 11.277715576706916,
    "psychic": 210.23179614337994,
    "mirror-coat": 160.70854621496855,
    "extreme-speed": 148.41470843743096,
    "skill-swap": 304.4887428189512,
    "counter": 174.07372101874563,
    "pain-split": 179.68006298443174,
    "drain-punch": 57.50828694050891,
    "energy-ball": 57.02127864361141,
    "expanding-force": 67.12881802504839,
    "thunder": 30.038943106656106,
    "ice-punch": 8.709520748815716,
    "zen-headbutt": 8.749129551279122,
    "focus-blast": 110.97244727897518,
    "calm-mind": 57.995209913717005,
    "brick-break": 18.716265679603353,
    "shadow-ball": 171.67540742884466,
    "light-screen": 238.4960587920061,
    "reflect": 259.0950653651511,
    "nasty-plot": 63.25490734339034,
    "recover": 61.300309986823954,
    "grass-knot": 6.575195402958254,
    "future-sight": 85.62713455347458,
    "flash-cannon": 4.765480331397898,
    "poison-jab": 10.985384845939453,
    "thunderbolt": 97.82193282155396,
    "psychic-noise": 39.4527384821421,
    "superpower": 118.54426539641186,
    "rock-tomb": 0.07586269448955796,
    "protect": 49.46933196488616,
    "trick": 36.215020378802,
    "psych-up": 0.0031367799321149747,
    "agility": 20.525387196349033,
    "teleport": 104.0321780391547,
    "": 3.8181670943077046,
    "throat-chop": 0.03353665040205639,
    "iron-defense": 3.616979139295265,
    "stored-power": 5.029020080770017,
    "facade": 4.266559051492933,
    "icy-wind": 22.622380661959205,
    "solar-beam": 1.5563970908416034,
    "trick-room": 31.018068684010455,
    "fire-punch": 18.840403986942942,
    "gravity": 3.9750563102155128,
    "zap-cannon": 2.7536457665015606,
    "aerial-ace": 0.5641173052014697,
    "psychic-terrain": 8.663718279106032,
    "substitute": 11.757102266694071,
    "stomping-tantrum": 1.4248639942284818,
    "amnesia": 0.32554381854113457,
    "sunny-day": 1.421849696511754,
    "tera-blast": 0.2114671182650767,
    "charge-beam": 1.015357101294068,
    "hyper-beam": 1.3111112557428732,
    "water-pulse": 3.606024522508695,
    "night-shade": 2.605811773643775,
    "giga-impact": 0.00003542144393148261,
    "psybeam": 4.71959597458408,
    "thunder-punch": 0.0676736887230297,
    "imprison": 17.75949244122814,
    "endure": 0.022604834158307163,
    "rock-slide": 0.3718771984604321,
    "low-kick": 0.23361827111584754,
    "sleep-talk": 0.9949444282328361,
    "scary-face": 0.026256198570253964,
    "low-sweep": 0.026256198570253964
  },
  "teras": {
    "ghost": 4583.765204271682,
    "psychic": 1401.0506428405015,
    "steel": 1867.5562776452946,
    "dark": 329.96342373163355,
    "fighting": 117.71441028053766,
    "electric": 0.5576130357400436,
    "fire": 14.266031887435512,
    "fairy": 102.0991891330713,
    "grass": 9.489845081135257,
    "normal": 20.12296611183654,
    "flying": 1.0058629896544904,
    "ice": 2.4597916969931513,
    "poison": 0.5420106487685352,
    "stellar": 1.3261320763207294,
    "ground": 5.594084033058044
  },
  "spreads": [
    {
      "nature": "Timid",
      "usage": "17.6",
      "evs": {
        "hp": 248,
        "atk": 0,
        "def": 168,
        "spa": 0,
        "spd": 0,
        "spe": 92
      }
    },
    {
      "nature": "Timid",
      "usage": "16.0",
      "evs": {
        "hp": 0,
        "atk": 0,
        "def": 4,
        "spa": 252,
        "spd": 0,
        "spe": 252
      }
    },
    {
      "nature": "Timid",
      "usage": "15.2",
      "evs": {
        "hp": 248,
        "atk": 0,
        "def": 0,
        "spa": 8,
        "spd": 0,
        "spe": 252
      }
    },
    {
      "nature": "Timid",
      "usage": "5.4",
      "evs": {
        "hp": 248,
        "atk": 0,
        "def": 240,
        "spa": 0,
        "spd": 0,
        "spe": 16
      }
    },
    {
      "nature": "Naive",
      "usage": "4.1",
      "evs": {
        "hp": 0,
        "atk": 0,
        "def": 4,
        "spa": 252,
        "spd": 0,
        "spe": 252
      }
    },
    {
      "nature": "Timid",
      "usage": "3.8",
      "evs": {
        "hp": 4,
        "atk": 0,
        "def": 0,
        "spa": 252,
        "spd": 0,
        "spe": 252
      }
    },
    {
      "nature": "Timid",
      "usage": "3.6",
      "evs": {
        "hp": 248,
        "atk": 0,
        "def": 0,
        "spa": 0,
        "spd": 8,
        "spe": 252
      }
    },
    {
      "nature": "Jolly",
      "usage": "2.4",
      "evs": {
        "hp": 248,
        "atk": 8,
        "def": 0,
        "spa": 0,
        "spd": 0,
        "spe": 252
      }
    },
    {
      "nature": "Hasty",
      "usage": "1.9",
      "evs": {
        "hp": 248,
        "atk": 8,
        "def": 0,
        "spa": 0,
        "spd": 0,
        "spe": 252
      }
    },
    {
      "nature": "Timid",
      "usage": "1.9",
      "evs": {
        "hp": 0,
        "atk": 0,
        "def": 0,
        "spa": 252,
        "spd": 4,
        "spe": 252
      }
    }
  ],
  "teammates": {
    "3": 4.3097236320278345,
    "6": 0.30171724822037016,
    "9": 0.8718771984604321,
    "25": 2.186817021274629,
    "26": 0.3052307968212419,
    "36": 16.984475130269118,
    "38": 3.170585970815476,
    "39": 0.2275612886642211,
    "45": 1.4740627236644217,
    "50": 0.46960031803433633,
    "59": 0.3589076738450614,
    "62": 0.0049120252770222805,
    "80": 0.06711773688521894,
    "85": 0.07962010098664124,
    "91": 44.79391722548839,
    "94": 0.9108709916692097,
    "106": 9.787418582189478,
    "107": 1.213980152969091,
    "113": 21.72445886919403,
    "129": 2.4824079012182843,