{
  "id": "530",
  "name": "Excadrill",
  "format_id": "showdown_gen9ubers-1500",
  "usage_metrics": {
    "raw": 4399,
    "base_weight": 1760.2260483480936,
    "percent": 1.6249861475379557
  },
  "roles": [
    {
      "role": "role_sweeper_physical",
      "label": "Physical Sweeper",
      "category": "OFF"
    },
    {
      "role": "role_setup",
      "label": "Setup Sweeper",
      "category": "OFF"
    }
  ],
  "items": {
    "choice-band": 121.34104847644741,
    "heavy-duty-boots": 203.18664704521953,
    "air-balloon": 255.14878678275318,
    "leftovers": 223.35002515068447,
    "earth-plate": 7.106821195925894,
    "focus-sash": 552.9011606968929,
    "life-orb": 194.67206306844193,
    "choice-scarf": 37.79861391471979,
    "assault-vest": 30.32213990305401,
    "loaded-dice": 0.18036821673221248,
    "rocky-helmet": 26.89251131387613,
    "sitrus-berry": 4.7488388481348025,
    "chesto-berry": 1.1598259209655248,
    "enigma-berry": 1.127134435229621,
    "iron-plate": 0.5023700368130491,
    "covert-cloak": 4.726294508604106,
    "scope-lens": 0.39475845167939566,
    "clear-amulet": 2.3331111906171644,
    "expert-belt": 6.960731558223085,
    "smooth-rock": 2.6363892220198015,
    "metronome": 5.891241630447943,
    "razor-claw": 0.6617002027435182,
    "muscle-band": 5.339507697584254,
    "nothing": 18.681947796369407,
    "metal-coat": 0.6281228015395679,
    "toxic-orb": 1.1226534894728943,
    "quick-claw": 2.6317083355036353,
    "soft-sand": 7.757495221527218,
    "shed-shell": 0.2522005780518122,
    "salac-berry": 37.34307984807444,
    "blunder-policy": 1.2863763669579962,
    "mirror-herb": 0.6222172400452791,
    "chople-berry": 0.049277428492002284,
    "weakness-policy": 0.46887977425184
  },
  "abilities": {
    "sand-rush": 528.427239979378,
    "mold-breaker": 1152.2463774394253,
    "sand-force": 79.5524309292905
  },
  "moves": {
    "earthquake": 1655.433327032453,
    "double-edge": 6.2243481973077674,
    "dig": 11.635197447461538,
    "swords-dance": 860.6945991687318,
    "iron-head": 1333.3421587834953,
    "rapid-spin": 1493.71681342384,
    "brick-break": 49.64631898035609,
    "rock-slide": 529.7178996041329,
    "drill-run": 72.51991903357177,
    "stealth-rock": 365.1790955619859,
    "rock-tomb": 96.12924738506234,
    "hone-claws": 4.794378281212095,
    "rock-blast": 38.77622971462517,
    "sandstorm": 44.177808290732116,
    "throat-chop": 37.91067294370011,
    "poison-jab": 59.94893812643586,
    "earth-power": 13.806019987677544,
    "steel-beam": 1.9882350355627851,
    "x-scissor": 63.19083687032465,
    "shadow-claw": 60.33415631548375,
    "focus-blast": 1.7850826626637646,
    "rest": 1.841604641355488,
    "facade": 1.8958897508464712,
    "protect": 12.613603024243817,
    "": 3.154853657383274,
    "iron-defense": 7.786322784713506,
    "high-horsepower": 47.18481688249747,
    "substitute": 36.43028170948923,
    "tera-blast": 95.02369741166184,
    "body-slam": 10.388867861264924,
    "metal-claw": 12.146883377494746,
    "bulldoze": 3.3013014645975383,
    "smart-strike": 3.187680288096823,
    "aerial-ace": 2.2765277448420864,
    "hyper-beam": 1.552941109039807e-11,
    "mud-shot": 1.552941109039807e-11,
    "scorching-sands": 0.23969943991599563,
    "sleep-talk": 0.22663158019439705,
    "curse": 1.3281841236780179,
    "stomping-tantrum": 0.17754694290348094,
    "giga-impact": 0.2764296551704397,
    "sand-tomb": 0.3718771984604321,
    "metal-sound": 0.10021100673197941
  },
  "teras": {
    "ground": 1073.8295353675817,
    "ghost": 190.1594235796267,
    "steel": 71.40052807534657,
    "normal": 34.50370578706562,
    "flying": 165.41644014474892,
    "water": 60.433310623308984,
    "rock": 16.453283781968427,
    "dragon": 56.595467605730086,
    "fairy": 13.148471188873224,
    "ice": 3.2356075072469452,
    "fire": 5.4496107292600025,
    "fighting": 9.723185069226044,
    "grass": 22.22455382326762,
    "electric": 1.447039695125408,
    "stellar": 13.009281463931831,
    "bug": 16.174503119809255,
    "dark": 0.04371288246064731,
    "poison": 6.978387903516454
  },
  "spreads": [
    {
      "nature": "jolly",
      "usage": "37.4",
      "evs": {
        "hp": 0,
        "atk": 252,
        "def": 0,
        "spa": 0,
        "spd": 4,
        "spe": 252
      }
    },
    {
      "nature": "adamant",
      "usage": "13.0",
      "evs": {
        "hp": 0,
        "atk": 252,
        "def": 0,
        "spa": 0,
        "spd": 4,
        "spe": 252
      }
    },
    {
      "nature": "jolly",
      "usage": "10.6",
      "evs": {
        "hp": 4,
        "atk": 252,
        "def": 0,
        "spa": 0,
        "spd": 0,
        "spe": 252
      }
    },
    {
      "nature": "adamant",
      "usage": "8.6",
      "evs": {
        "hp": 4,
        "atk": 252,
        "def": 0,
        "spa": 0,
        "spd": 0,
        "spe": 252
      }
    },
    {
      "nature": "jolly",
      "usage": "5.9",
      "evs": {
        "hp": 0,
        "atk": 252,
        "def": 4,
        "spa": 0,
        "spd": 0,
        "spe": 252
      }
    },
    {
      "nature": "jolly",
      "usage": "3.4",
      "evs": {
        "hp": 0,
        "atk": 252,
        "def": 0,
        "spa": 0,
        "spd": 0,
        "spe": 252
      }
    },
    {
      "nature": "hasty",
      "usage": "2.6",
      "evs": {
        "hp": 0,
        "atk": 252,
        "def": 0,
        "spa": 4,
        "spd": 0,
        "spe": 252
      }
    },
    {
      "nature": "jolly",
      "usage": "1.9",
      "evs": {
        "hp": 252,
        "atk": 0,
        "def": 0,
        "spa": 0,
        "spd": 180,
        "spe": 76
      }
    },
    {
      "nature": "adamant",
      "usage": "1.4",
      "evs": {
        "hp": 0,
        "atk": 252,
        "def": 4,
        "spa": 0,
        "spd": 0,
        "spe": 252
      }
    },
    {
      "nature": "adamant",
      "usage": "1.3",
      "evs": {
        "hp": 32,
        "atk": 56,
        "def": 0,
        "spa": 0,
        "spd": 252,
        "spe": 168
      }
    }
  ],
  "teammates": {
    "3": 11.069192449833979,
    "6": 20.929807946502876,
    "9": 7.251789088330414,
    "25": 8.465751567303355,
    "28": 0.7001655285583073,
    "36": 27.916861620746165,
    "38": 0.5822646446552412,
    "45": 0.7621789246784527,
    "51": 2.0299866007352394,
    "59": 6.277329229510267,
    "71": 0.5612680370468599,
    "73": 2.379758519257172,
    "76": 0.9034514135247175,
    "80": 2.138879585929214,
    "85": 0.007892098332067332,
    "91": 3.5525189495959815,
    "94": 22.668502302982404,
    "106": 7.895188046267123,
    "107": 0.22051605371502447,
    "112": 5.500420192974426,
    "113": 8.261565962726415,
    "123": 0.2211402000839492,
    "130": 18.617104078712003,
    "131": 5.537824745841974,
    "132": 34.48412832989892,
    "134": 5.776643574758923,
    "135": 4.792218683737643,
    "143": 1.532452486792126,
    "144": 0.01627570635349479,
    "145": 50.533666420202465,
    "146": 3.389206912939799,
    "149": 62.77202083131024,
    "150": 19.620741004762557,
    "151": 2.562699664276953,
    "154": 1.5201454601862594,
    "157": 3.774417123698561,
    "160": 0.10352611977053572,
    "168": 0.06589969316498473,
    "171": 0.3342021110878913,
    "182": 0.00972225485934125,
    "184": 5.139341346381969,
    "185": 2.4935755089841485,
    "186": 19.16207208319108,
    "195": 67.96068449558284,
    "197": 18.522705479246135,
    "198": 0.4647672141555784,
    "199": 10.827681243638752,
    "205": 5.428350514892933,
    "207": 6.830763801755025,
    "212": 77.49540164293585,
    "214": 1.430103652166892e-8,
    "219": 0.21009518556327172,
    "227": 25.339510820804254,
    "229": 1.316386194412504,
    "230": 8.491581803182303,
    "232": 5.751838075861763,
    "235": 5.138330431656506,
    "242": 19.32294112358622,
    "243": 0.0986214691085292,
    "244": 0.9349654502281085,
    "245": 0.20473907531185498,
    "248": 288.1311214452891,