{
  "id": "812",
  "name": "Rillaboom",
  "format_id": "showdown_gen9ubers-1500",
  "usage_metrics": {
    "raw": 7506,
    "base_weight": 3032.1556247774183,
    "percent": 2.7727088027778803
  },
  "roles": [
    {
      "role": "role_sweeper_physical",
      "label": "Physical Sweeper",
      "category": "OFF"
    },
    {
      "role": "role_terrain",
      "label": "Terrain Setter",
      "category": "SUP"
    },
    {
      "role": "role_pivot",
      "label": "Pivot",
      "category": "DEF"
    }
  ],
  "items": {
    "rocky-helmet": 17.910800442761868,
    "leftovers": 402.3781429496997,
    "grassy-seed": 64.6272270117142,
    "choice-band": 840.6777041286252,
    "life-orb": 258.37800557486315,
    "terrain-extender": 272.69669700724035,
    "choice-scarf": 9.381760600368702,
    "assault-vest": 862.5365685125413,
    "heavy-duty-boots": 43.110275030717375,
    "miracle-seed": 102.90728747339084,
    "clear-amulet": 32.859285428971425,
    "weakness-policy": 11.824509599504196,
    "air-balloon": 6.390171012979788,
    "focus-sash": 21.603600620621783,
    "eject-button": 1,
    "sitrus-berry": 16.180771536954747,
    "covert-cloak": 0.15173153640593356,
    "choice-specs": 4.8456467341538785,
    "expert-belt": 8.615237526173859,
    "nothing": 19.150084670659542,
    "meadow-plate": 6.5024151423071785,
    "loaded-dice": 2.4925978965715956,
    "metronome": 0.3301624754476784,
    "lum-berry": 0.5644419589649875,
    "salac-berry": 2.3888361137705303,
    "chesto-berry": 1.2573314121433534,
    "heat-rock": 0.03286288511193797,
    "electric-seed": 0.7282279797689186,
    "muscle-band": 3.7289806673760757,
    "quick-claw": 0.44777659331284303,
    "power-herb": 10.74507344877541,
    "wide-lens": 0.6214891876055744,
    "coba-berry": 0.6090323309926318,
    "mental-herb": 1.200993586255755,
    "aguav-berry": 0.47045872858133364,
    "safety-goggles": 0.3718771984604321,
    "shell-bell": 0.016418034025516837,
    "focus-band": 1.547238278084899,
    "occa-berry": 0.8739034615148258
  },
  "abilities": {
    "grassy-surge": 2905.905924543091,
    "overgrow": 126.24970023432735
  },
  "moves": {
    "trailblaze": 65.5651557197633,
    "fake-out": 775.2267787793483,
    "earthquake": 327.7210946412947,
    "high-horsepower": 640.0217136968414,
    "swords-dance": 353.6331005016854,
    "grassy-glide": 2631.121349336199,
    "knock-off": 1630.9144408942104,
    "drain-punch": 526.0191227532387,
    "seed-bomb": 6.005295945056,
    "protect": 96.01097908511046,
    "u-turn": 1939.9290383855055,
    "wood-hammer": 1418.2382296812375,
    "tera-blast": 67.54658335197394,
    "leech-seed": 127.25840551029896,
    "drum-beating": 551.464365110931,
    "": 4.773983001823972,
    "acrobatics": 103.87758619816496,
    "body-press": 33.45026924308254,
    "hammer-arm": 52.57118573273959,
    "low-kick": 212.34115227386167,
    "bulk-up": 165.8892397884574,
    "giga-impact": 7.803131213214313,
    "taunt": 29.7904128127499,
    "razor-leaf": 0.5931444498648932,
    "thief": 0.22721194426716607,
    "mud-shot": 0.22721194426716607,
    "brick-break": 75.27083863599319,
    "giga-drain": 24.151651903355493,
    "grass-knot": 12.190954194829873,
    "leaf-storm": 6.717935289419055,
    "boomburst": 21.52352052861969,
    "focus-punch": 14.40083800542977,
    "body-slam": 29.941939176819048,
    "rest": 5.026383085722899,
    "substitute": 31.439517700766515,
    "noble-roar": 1.0846274961262463,
    "grass-pledge": 2.7012280721153763,
    "bullet-seed": 2.0222487132809186,
    "solar-blade": 51.802854437307985,
    "double-edge": 5.135969597975164,
    "endeavor": 6.833718764981536,
    "energy-ball": 22.671163606040395,
    "grassy-terrain": 5.387053913472783,
    "facade": 2.5848649124585656,
    "uproar": 0.639041032666572,
    "focus-blast": 8.62364831370828,
    "growth": 0.001121237841082201,
    "earth-power": 9.064925466964928,
    "false-swipe": 8.3297840220965,
    "scratch": 0.3659325055977272,
    "sunny-day": 4.527539819195935,
    "solar-beam": 1.7275415419287565,
    "bulldoze": 0.6242239143534716,
    "frenzy-plant": 2.840491601434918,
    "screech": 2.6463095191820223,
    "branch-poke": 0.12445010479606289
  },
  "teras": {
    "grass": 1991.691032556697,
    "rock": 91.85218864414178,
    "dark": 42.639343870608656,
    "fairy": 2.9425215988810667,
    "fire": 315.81462727662176,
    "ground": 152.10144063110184,
    "water": 234.77699250937803,
    "normal": 7.29962851946939,
    "fighting": 88.1782711434239,
    "steel": 18.326079828302213,
    "flying": 18.73919420970507,
    "poison": 11.431820778711328,
    "bug": 16.088388536091692,
    "dragon": 6.311354902895987,
    "electric": 17.957693936690738,
    "ghost": 10.30396640411004,
    "psychic": 0.022633285205984788,
    "ice": 4.146371753262872,
    "stellar": 1.5320743921197653
  },
  "spreads": [
    {
      "nature": "jolly",
      "usage": "17.7",
      "evs": {
        "hp": 0,
        "atk": 252,
        "def": 0,
        "spa": 0,
        "spd": 4,
        "spe": 252
      }
    },
    {
      "nature": "adamant",
      "usage": "7.6",
      "evs": {
        "hp": 252,
        "atk": 252,
        "def": 4,
        "spa": 0,
        "spd": 0,
        "spe": 0
      }
    },
    {
      "nature": "adamant",
      "usage": "7.3",
      "evs": {
        "hp": 252,
        "atk": 252,
        "def": 0,
        "spa": 0,
        "spd": 4,
        "spe": 0
      }
    },
    {
      "nature": "adamant",
      "usage": "7.2",
      "evs": {
        "hp": 0,
        "atk": 252,
        "def": 0,
        "spa": 0,
        "spd": 4,
        "spe": 252
      }
    },
    {
      "nature": "adamant",
      "usage": "7.2",
      "evs": {
        "hp": 0,
        "atk": 252,
        "def": 4,
        "spa": 0,
        "spd": 0,
        "spe": 252
      }
    },
    {
      "nature": "adamant",
      "usage": "3.6",
      "evs": {
        "hp": 4,
        "atk": 252,
        "def": 0,
        "spa": 0,
        "spd": 0,
        "spe": 252
      }
    },
    {
      "nature": "careful",
      "usage": "3.0",
      "evs": {
        "hp": 0,
        "atk": 252,
        "def": 0,
        "spa": 0,
        "spd": 4,
        "spe": 252
      }
    },
    {
      "nature": "adamant",
      "usage": "3.0",
      "evs": {
        "hp": 204,
        "atk": 252,
        "def": 0,
        "spa": 0,
        "spd": 0,
        "spe": 52
      }
    },
    {
      "nature": "adamant",
      "usage": "2.9",
      "evs": {
        "hp": 252,
        "atk": 252,
        "def": 0,
        "spa": 0,
        "spd": 0,
        "spe": 4
      }
    },
    {
      "nature": "naive",
      "usage": "1.8",
      "evs": {
        "hp": 0,
        "atk": 252,
        "def": 0,
        "spa": 4,
        "spd": 0,
        "spe": 252
      }
    }
  ],
  "teammates": {
    "3": 9.901931112814843,
    "6": 20.232927919638236,
    "9": 11.885111054411857,
    "24": 0.3978345256267241,
    "25": 2.371443399193116,
    "26": 1.6438169519984778,
    "36": 25.184052475664796,
    "48": 4.4585294412590954,
    "51": 1.2571506231869982,
    "52": 0.639041032666572,
    "53": 0.047147033970222185,
    "59": 5.658252509327679,
    "62": 0.35871279848324,
    "71": 0.35019374761265865,
    "73": 0.5062551469040697,
    "76": 0.31980165798252597,
    "80": 0.4598074827422436,
    "82": 0.047147033970222185,
    "91": 28.79879698457754,
    "94": 62.77818882589145,
    "103": 0.014015725869256535,
    "106": 7.474299571258445,
    "107": 0.30528615514654445,
    "112": 1.0195758730370363,
    "113": 13.763963012128904,
    "117": 0.09156962189316303,
    "123": 0.3718771984604321,
    "125": 2.378169625094308,
    "126": 0.3718771984604321,
    "130": 25.261668013996157,
    "131": 0.8609575950557993,
    "132": 51.65905872694228,
    "135": 0.9193645300767588,
    "143": 5.411212372109031,
    "144": 0.0028131537353910385,
    "145": 32.94618662903082,
    "146": 55.38630101804356,
    "149": 113.14349588270164,