{
  "id": "34",
  "name": "Nidoking",
  "format_id": "showdown_gen1ou-1760",
  "usage_metrics": {
    "raw": 453,
    "base_weight": 2.92723514644274,
    "percent": 1.6439250979822906
  },
  "items": {
    "nothing": 2.92723514644274
  },
  "abilities": {
    "no-ability": 2.92723514644274
  },
  "moves": {
    "earthquake": 2.927205666716141,
    "hyper-beam": 0.03173924968809344,
    "rock-slide": 0.0036752106102685977,
    "toxic": 0.0012636177949854055,
    "body-slam": 0.0011296021506509435,
    "reflect": 0,
    "thrash": 0.00001063957098695889,
    "surf": 0.0005222244921091468,
    "blizzard": 0.5731869779077243,
    "thunderbolt": 2.926426389742802,
    "substitute": 2.8891420692516294,
    "fire-blast": 2.3191374236338502,
    "horn-attack": 0.00001063957098695889,
    "counter": 0.0012789766051753415,
    "ice-beam": 0.03416743414441181,
    "mega-kick": 0,
    "rest": 0.00002510250993564833,
    "poison-sting": 9.68543079071793e-10,
    "double-kick": 9.560256475360518e-10,
    "focus-energy": 1.57066637473946e-10,
    "thunder": 0.000018846068491784607,
    "submission": 6.696199150724169e-11,
    "seismic-toss": 5.131641270805787e-7,
    "skull-bash": 0,
    "water-gun": 0,
    "strength": 0,
    "": 0,
    "bide": 0
  },
  "teras": {
    "nothing": 2.92723514644274
  },
  "spreads": [
    {
      "nature": "Serious",
      "usage": "100.0",
      "evs": {
        "hp": 252,
        "atk": 252,
        "def": 252,
        "spa": 252,
        "spd": 252,
        "spe": 252
      }
    },
    {
      "nature": "Serious",
      "usage": "0.0",
      "evs": {
        "hp": 247,
        "atk": 246,
        "def": 245,
        "spa": 244,
        "spd": 244,
        "spe": 243
      }
    }
  ],
  "teammates": {
    "3": 0.5273445415107829,
    "6": 0.024511525375807697,
    "9": 0.0002775223455934728,
    "10": 0,
    "12": 0.000017247207234449835,
    "15": 0.000006637562293632104,
    "18": 0.000036081449981628655,
    "20": 0.0043752414873108325,
    "22": 0.000007997120764990928,
    "24": 0.000043989255221199564,
    "25": 0,
    "26": 0.22627476143670178,
    "28": 5.912879130764992e-9,
    "31": 0.049871513264433565,
    "36": 0.16841439053256768,
    "38": 0.0003322432594632385,
    "40": 0.00004015338928953227,
    "42": 0,
    "45": 0,
    "47": 0.000006637562293632104,
    "49": 0,
    "51": 0.035672003725478796,
    "53": 0.00001905880246499958,
    "55": 1.3655743202889425e-14,
    "57": 8.624842995352822e-7,
    "59": 0.00004394266554830217,
    "61": 0,
    "62": 4.970741854792848e-7,
    "64": 0.000030715846283058124,
    "65": 0.0014762701705867132,
    "68": 0.0906698053060559,
    "71": 0.17887824309138217,
    "73": 0,
    "75": 0.0010923920970736245,
    "76": 0.19116852551353397,
    "80": 0.42801609082215947,
    "83": 0,
    "85": 0.019716782784538478,
    "89": 0.00006970382683257892,
    "91": 2.170589843564621,
    "92": 0,
    "93": 0.00009762590109341218,
    "94": 0.10755079719680405,
    "95": 0,
    "97": 0.42449291885466556,
    "99": 0,
    "100": 0,
    "101": 0.02281291118470652,
    "103": 0.11154035365958864,
    "105": 0,
    "106": 0,
    "110": 0.000018412212245189075,
    "112": 0.008379232092080136,
    "113": 0.7317601601179868,
    "114": 0,
    "115": 0.23045739616607702,
    "121": 2.262725233761123,
    "122": 0.030443411458202063,
    "123": 1.3655743202889425e-14,
    "124": 0.009161066429194842,
    "125": 0,
    "126": 0,
    "127": 4.970741854792848e-7,
    "128": 2.338227148380255,
    "130": 0.02317600944557896,
    "131": 0.03372143462042326,
    "132": 0,
    "134": 2.840283563898538e-12,
    "135": 0.011861687732072024,
    "136": 8.62484285879539e-7,
    "137": 0.1983277463037484,
    "139": 0.01612920507333826,
    "142": 0.029038029133540644,
    "143": 1.7159662510753773,
    "144": 0.0007850446825564128,
    "145": 0.10980372037535874,
    "146": 1.6052694078802894,
    "149": 0.026022287442793335
  }
}