{
  "id": "10191",
  "name": "Urshifu rapid strike style",
  "format_id": "showdown_gen9monotype-1500",
  "usage_metrics": {
    "raw": 19817,
    "base_weight": 12258.557948557524,
    "percent": 8.594488632913807
  },
  "roles": [
    {
      "role": "role_sweeper_physical",
      "label": "Physical Sweeper",
      "category": "OFF"
    },
    {
      "role": "role_setup",
      "label": "Setup Sweeper",
      "category": "OFF"
    }
  ],
  "items": {
    "choice-band": 2754.2102504990576,
    "punching-glove": 1945.7846417875246,
    "choice-scarf": 5376.77763999235,
    "leftovers": 93.82503149167863,
    "life-orb": 569.1823370570263,
    "protective-pads": 293.9856254195206,
    "assault-vest": 232.27656884806862,
    "blunder-policy": 0.8362801838073382,
    "muscle-band": 20.486484791697848,
    "focus-sash": 183.6638065593051,
    "loaded-dice": 9.67375680266685,
    "expert-belt": 154.6999571612196,
    "salac-berry": 7.744772588013323,
    "rocky-helmet": 0.8810770850064703,
    "mystic-water": 308.8436488845564,
    "splash-plate": 60.728777696746356,
    "sitrus-berry": 10.854351390854006,
    "heavy-duty-boots": 98.83632753719348,
    "razor-claw": 0.008913504535002226,
    "shell-bell": 8.83499522234043,
    "white-herb": 4.862544316599923,
    "nothing": 4.06250353224195,
    "ability-shield": 0.48697220222951976,
    "metronome": 6.100649764759806,
    "air-balloon": 26.908471835605212,
    "power-herb": 3.2107348037524694,
    "clear-amulet": 5.63755838874345,
    "weakness-policy": 17.922648775945206,
    "fist-plate": 3.219511975022683,
    "iron-ball": 0.19169329291000153,
    "mirror-herb": 2.481815545350994,
    "lum-berry": 15.87533161028614,
    "chesto-berry": 1.2001036189941372,
    "choice-specs": 6.760637515791611,
    "mental-herb": 0.000026810672552002313,
    "coba-berry": 0.7512395619344612,
    "black-belt": 11.962324746127054,
    "payapa-berry": 0.420715334441425,
    "scope-lens": 11.268188848736402,
    "wacan-berry": 0.0018835453632659038,
    "covert-cloak": 2.437787402869002,
    "flame-plate": 0.6593606259615538
  },
  "abilities": {
    "unseen-fist": 12258.557948557524
  },
  "moves": {
    "surging-strikes": 12142.569994568874,
    "close-combat": 10211.39446449134,
    "aqua-jet": 6053.961509209669,
    "thunder-punch": 843.6707955681279,
    "ice-punch": 608.0252680383567,
    "swords-dance": 2899.485240757723,
    "ice-spinner": 5824.283259715725,
    "brick-break": 59.00132661685174,
    "poison-jab": 779.6971446232579,
    "u-turn": 5806.745384762928,
    "acrobatics": 33.72978591390997,
    "trailblaze": 530.7275717614423,
    "iron-head": 264.1208742002318,
    "zen-headbutt": 697.1540206027428,
    "drain-punch": 1394.9708760537237,
    "dynamic-punch": 0.9053197616927273,
    "chilling-water": 3.737005261988165,
    "body-slam": 2.918025287038126,
    "body-press": 8.712396944891733,
    "substitute": 29.653039237237277,
    "bulk-up": 176.34335786319417,
    "liquidation": 57.854558721277805,
    "detect": 27.869961370906175,
    "stone-edge": 184.61159422937303,
    "facade": 33.962084057422416,
    "waterfall": 11.319900297683041,
    "fire-punch": 239.9762470378362,
    "aura-sphere": 10.442462949706972,
    "focus-punch": 5.27439044812299,
    "iron-defense": 5.566856908681129,
    "double-edge": 4.984083345304321,
    "protect": 28.898670815199015,
    "focus-blast": 0.8578122831375412,
    "whirlpool": 0.5893708781198546,
    "low-kick": 16.083578331210333,
    "rock-slide": 13.679685924181298,
    "dig": 8.172614694695989,
    "taunt": 1.7222969138524122,
    "false-swipe": 0.00659434063460379,
    "fling": 0.19169329291000153,
    "counter": 1.3674106192292272,
    "rain-dance": 0.00010302248549703963,
    "giga-impact": 1.4095781834252135,
    "rest": 3.9270173481583854,
    "tera-blast": 0.7512395619344612,
    "low-sweep": 2.9053274136163854
  },
  "teras": {
    "nothing": 12258.557948557524
  },
  "spreads": [
    {
      "nature": "jolly",
      "usage": "57.4",
      "evs": {
        "hp": 0,
        "atk": 252,
        "def": 0,
        "spa": 0,
        "spd": 4,
        "spe": 252
      }
    },
    {
      "nature": "jolly",
      "usage": "23.4",
      "evs": {
        "hp": 0,
        "atk": 252,
        "def": 4,
        "spa": 0,
        "spd": 0,
        "spe": 252
      }
    },
    {
      "nature": "adamant",
      "usage": "4.7",
      "evs": {
        "hp": 0,
        "atk": 252,
        "def": 0,
        "spa": 0,
        "spd": 4,
        "spe": 252
      }
    },
    {
      "nature": "jolly",
      "usage": "4.0",
      "evs": {
        "hp": 4,
        "atk": 252,
        "def": 0,
        "spa": 0,
        "spd": 0,
        "spe": 252
      }
    },
    {
      "nature": "adamant",
      "usage": "2.1",
      "evs": {
        "hp": 0,
        "atk": 252,
        "def": 4,
        "spa": 0,
        "spd": 0,
        "spe": 252
      }
    },
    {
      "nature": "adamant",
      "usage": "1.8",
      "evs": {
        "hp": 4,
        "atk": 252,
        "def": 0,
        "spa": 0,
        "spd": 0,
        "spe": 252
      }
    },
    {
      "nature": "jolly",
      "usage": "1.1",
      "evs": {
        "hp": 0,
        "atk": 252,
        "def": 0,
        "spa": 0,
        "spd": 0,
        "spe": 252
      }
    },
    {
      "nature": "jolly",
      "usage": "0.9",
      "evs": {
        "hp": 16,
        "atk": 196,
        "def": 44,
        "spa": 0,
        "spd": 0,
        "spe": 252
      }
    },
    {
      "nature": "adamant",
      "usage": "0.7",
      "evs": {
        "hp": 252,
        "atk": 252,
        "def": 0,
        "spa": 0,
        "spd": 4,
        "spe": 0
      }
    },
    {
      "nature": "jolly",
      "usage": "0.4",
      "evs": {
        "hp": 252,
        "atk": 4,
        "def": 0,
        "spa": 0,
        "spd": 0,
        "spe": 252
      }
    }
  ],
  "teammates": {
    "8": 0.5446704000376006,
    "9": 147.62568273753416,
    "57": 23.684863411084027,
    "62": 24.61863953169253,
    "73": 1234.987616312161,
    "80": 39.816333579614806,
    "91": 177.15668225000533,
    "106": 278.4775500533893,
    "107": 2.4505506747250276,
    "130": 71.04840875268678,
    "131": 17.70777983805977,
    "132": 0,
    "134": 52.79230702217066,
    "160": 14.098723979648591,
    "171": 52.176928172581675,
    "184": 604.4538881966357,
    "186": 508.40805239485275,
    "195": 428.25736822026346,
    "199": 320.1751982488287,
    "211": 0.48977436915092454,
    "214": 26.605464096581354,
    "230": 1759.354303033524,
    "237": 17.978165440100543,
    "245": 79.19958392498799,
    "256": 1.7380753336865384,
    "258": 1.9784023249024294,
    "259": 2.778862616565684,
    "260": 3758.5858304616945,
    "271": 1.996053409894718,
    "272": 87.01580112619126,
    "279": 4245.250879066474,
    "283": 1.5853159327973305,
    "286": 215.17722664011256,
    "297": 6.778595994935994,
    "308": 67.69186405548689,
    "340": 7.383482766126738,
    "342": 333.8318938941649,
    "350": 91.06358471673035,
    "370": 2.9778147312560383,
    "392": 278.6599308938664,
    "395": 387.2077860518894,
    "419": 57.331829455902415,
    "423": 441.96872618123007,
    "447": 0.14853166487553782,
    "448": 218.50330297913624,
    "454": 17.5800507153868,
    "457": 1.9270936904217573,
    "475": 1970.4021834283321,
    "489": 0.3479175297632582,
    "490": 150.60473787011026,
    "500": 16.43121548646969,
    "533": 14.728118166844757,
    "534": 187.8906377284382,
    "550": 2.3531925122250064,
    "560": 1011.0797408371103,
    "581": 47.34518350641382,
    "594": 732.1826294737008,
    "620": 221.27878176455215,
    "638": 435.7613820039687,
    "639": 96.42722960597096,
    "640": 19.042168016287157,
    "647": 585.9956704560813,
    "652": 97.45342645503572,
    "658": 2683.9216201659206,
    "693": 11.113640851626146,
    "701": 258.2544451568878,
    "721": 462.4843226011045,
    "730": 2430.1030404255907,
    "740": 2.120659328910262,