{
  "id": "1021",
  "name": "Raging Bolt",
  "format_id": "showdown_gen9monotype-1500",
  "usage_metrics": {
    "raw": 11012,
    "base_weight": 7229.433435032928,
    "percent": 4.775824233014425
  },
  "roles": [
    {
      "role": "role_sweeper_special",
      "label": "Special Sweeper",
      "category": "OFF"
    },
    {
      "role": "role_setup",
      "label": "Setup Sweeper",
      "category": "OFF"
    }
  ],
  "items": {
    "blunder-policy": 117.58025620974934,
    "heavy-duty-boots": 377.78313985968424,
    "choice-specs": 705.9399269799987,
    "magnet": 63.55339859707092,
    "air-balloon": 2124.4002072143303,
    "white-herb": 105.70534824304681,
    "leftovers": 2286.3833222590583,
    "assault-vest": 340.2144064614372,
    "dragon-fang": 99.72663566280008,
    "chesto-berry": 27.156797103142484,
    "wise-glasses": 21.91916458175335,
    "life-orb": 372.28112983080143,
    "nothing": 1.4341152644334063,
    "heat-rock": 55.809561948018526,
    "roseli-berry": 21.390324493967295,
    "expert-belt": 27.11721257738111,
    "weakness-policy": 26.46491515434066,
    "choice-band": 2.863458707437078,
    "sitrus-berry": 79.63650353794088,
    "choice-scarf": 17.917737057455575,
    "zap-plate": 13.22858282920227,
    "lum-berry": 0.42487797504941616,
    "rocky-helmet": 12.627270446038153,
    "focus-sash": 5.549308795821054,
    "salac-berry": 0.49585320414002376,
    "wide-lens": 1.3648578111639107,
    "custap-berry": 173.14974972561242,
    "shuca-berry": 73.60403994643922,
    "electric-seed": 36.69478547423043,
    "eject-pack": 6.942322710825047,
    "flame-orb": 0.649483159628283,
    "draco-plate": 0.3718771984604321,
    "shell-bell": 1.538634872207405,
    "mirror-herb": 25.428293307554256,
    "haban-berry": 1.2242220236006083,
    "throat-spray": 0.8616159516423129,
    "iapapa-berry": 0.00009785747470009154
  },
  "abilities": {
    "protosynthesis": 7229.433435032928
  },
  "moves": {
    "thunderclap": 7086.863076007953,
    "zap-cannon": 117.58025620974934,
    "draco-meteor": 4781.6235100214035,
    "calm-mind": 5399.333460132851,
    "thunderbolt": 5250.720109181142,
    "volt-switch": 1357.1908546568459,
    "discharge": 560.9376440013427,
    "dragon-pulse": 2489.2809808481707,
    "solar-beam": 50.15060237063018,
    "taunt": 288.4993355772941,
    "dragon-hammer": 13.652046488725572,
    "weather-ball": 182.62864807109705,
    "rising-voltage": 314.63329205954227,
    "rest": 35.56867057715064,
    "ancient-power": 319.1719594253338,
    "hyper-voice": 75.81047887128929,
    "protect": 40.475449859478736,
    "substitute": 37.953009111445574,
    "earthquake": 41.80623473948029,
    "electric-terrain": 3.9070043328808346,
    "body-press": 21.40854979415844,
    "dragon-tail": 29.95659266760214,
    "thunder-wave": 53.034064598636284,
    "electroweb": 1.7384792725324094,
    "heavy-slam": 19.968979444544154,
    "thunder": 55.33536303398815,
    "tera-blast": 51.76942048883123,
    "sunny-day": 120.00927233327683,
    "roar": 12.549656394087005,
    "": 4.930715266827939,
    "crunch": 4.348346600385601,
    "stomping-tantrum": 0.3109630947303824,
    "snarl": 45.612438189065195,
    "outrage": 5.562358481265637,
    "dragon-breath": 6.779489374258666,
    "double-edge": 4.42696004213517,
    "facade": 0.6599946459703518,
    "sleep-talk": 2.91789517111848,
    "charge-beam": 17.75545315359673,
    "supercell-slam": 3.7862336215110695,
    "body-slam": 0.5005170748633934,
    "dragon-cheer": 0.039333542376839614,
    "hyper-beam": 0.23323249811655977,
    "charge": 0.37490468503442975,
    "breaking-swipe": 5.93790411899774
  },
  "teras": {
    "nothing": 7229.433435032928
  },
  "spreads": [
    {
      "nature": "modest",
      "usage": "34.6",
      "evs": {
        "hp": 252,
        "atk": 0,
        "def": 0,
        "spa": 252,
        "spd": 4,
        "spe": 0
      }
    },
    {
      "nature": "modest",
      "usage": "16.7",
      "evs": {
        "hp": 80,
        "atk": 0,
        "def": 0,
        "spa": 200,
        "spd": 12,
        "spe": 216
      }
    },
    {
      "nature": "modest",
      "usage": "10.5",
      "evs": {
        "hp": 124,
        "atk": 0,
        "def": 0,
        "spa": 252,
        "spd": 0,
        "spe": 132
      }
    },
    {
      "nature": "modest",
      "usage": "5.8",
      "evs": {
        "hp": 0,
        "atk": 0,
        "def": 0,
        "spa": 252,
        "spd": 4,
        "spe": 252
      }
    },
    {
      "nature": "timid",
      "usage": "3.2",
      "evs": {
        "hp": 0,
        "atk": 0,
        "def": 0,
        "spa": 252,
        "spd": 4,
        "spe": 252
      }
    },
    {
      "nature": "modest",
      "usage": "2.5",
      "evs": {
        "hp": 100,
        "atk": 0,
        "def": 0,
        "spa": 252,
        "spd": 156,
        "spe": 0
      }
    },
    {
      "nature": "modest",
      "usage": "1.7",
      "evs": {
        "hp": 252,
        "atk": 0,
        "def": 0,
        "spa": 252,
        "spd": 0,
        "spe": 4
      }
    },
    {
      "nature": "timid",
      "usage": "1.7",
      "evs": {
        "hp": 4,
        "atk": 0,
        "def": 0,
        "spa": 252,
        "spd": 0,
        "spe": 252
      }
    },
    {
      "nature": "modest",
      "usage": "1.5",
      "evs": {
        "hp": 56,
        "atk": 0,
        "def": 0,
        "spa": 204,
        "spd": 24,
        "spe": 224
      }
    },
    {
      "nature": "modest",
      "usage": "1.4",
      "evs": {
        "hp": 80,
        "atk": 0,
        "def": 0,
        "spa": 252,
        "spd": 0,
        "spe": 176
      }
    }
  ],
  "teammates": {
    "25": 23.868412637636315,
    "26": 1.0596207298716296,
    "82": 3.1951835092473435,
    "101": 2.2597190522805035,
    "125": 0.8877568900415891,
    "132": 0,
    "135": 11.876481008580086,
    "145": 1281.1359046409893,
    "148": 1.1789949649588154,
    "149": 1414.2906504802859,
    "171": 8.571364133155127,
    "181": 1.2668890443153051,
    "230": 147.25159591680946,
    "243": 35.69416615187307,
    "311": 0.0000026905572772517594,
    "330": 4.071854290801004,
    "334": 56.037692922366894,
    "373": 215.9587482395203,
    "380": 815.7818604493525,
    "381": 1930.7506470860449,
    "405": 77.70852105582385,
    "417": 6.788599464530977,
    "445": 1556.1103431969061,
    "462": 297.4866886256155,
    "466": 49.32019079445745,
    "479": 31.95062021863057,
    "523": 8.409045232280565,
    "596": 455.75545160955824,
    "604": 101.10023270738725,
    "611": 1.120873500977006,
    "612": 62.990833114190956,
    "635": 188.1749101794978,
    "642": 228.14104457740808,
    "646": 1146.6611019705547,
    "691": 117.5956843474036,
    "702": 4.934299562698303,
    "704": 1.1164223405910323,
    "705": 0.37490468503442975,
    "706": 29.89679534576149,
    "715": 66.05150270828123,
    "738": 14.227118500429953,
    "784": 415.3795327134738,
    "841": 0.9989158647397427,
    "842": 3.3034178759466784,
    "849": 169.726790155946,
    "871": 481.95647241772656,
    "877": 85.04314132068097,
    "884": 85.2500148135002,
    "887": 4219.585669606319,
    "894": 1546.1340659259906,
    "895": 244.31068625121887,
    "923": 299.68913895539134,
    "939": 58.70808017081132,
    "940": 0.2956498455996902,
    "941": 62.97855000770185,
    "967": 210.5097075889738,
    "978": 210.1501351116863,
    "989": 638.5832262216702,
    "992": 1834.7345854474752,
    "995": 196.40789237188878,
    "996": 0.3666247454446899,
    "1005": 2559.2145750315626,
    "1009": 979.2862478636367,
    "1011": 1.120260120566007,
    "1018": 3793.2781954511725,
    "1019": 137.77221497591242,
    "10008": 57.14403275076601,
    "10009": 1664.7412623717655,
    "10010": 21.838169365041164,
    "10012": 34.01857320688098,
    "10020": 402.6594981017909,
    "10100": 188.21773621682678,
    "10110": 0.2956498455996902,
    "10111": 96.52165055446656,
    "10114": 1.8084634834973783,