{
  "id": "873",
  "name": "Frosmoth",
  "format_id": "showdown_gen9monotype-1500",
  "usage_metrics": {
    "raw": 5383,
    "base_weight": 1697.8490309896688,
    "percent": 2.33456791194303
  },
  "roles": [
    {
      "role": "role_sweeper_special",
      "label": "Special Sweeper",
      "category": "OFF"
    },
    {
      "role": "role_setup",
      "label": "Setup Sweeper",
      "category": "OFF"
    }
  ],
  "items": {
    "leftovers": 65.47974086627846,
    "focus-sash": 46.30138661773368,
    "heavy-duty-boots": 1429.4575479830157,
    "assault-vest": 56.95402652191629,
    "loaded-dice": 4.367486630394278,
    "life-orb": 10.184581788285808,
    "icicle-plate": 0.8701261956577665,
    "covert-cloak": 3.6388637953602263,
    "mirror-herb": 0.0017080223336171096,
    "choice-specs": 9.428378611528887,
    "expert-belt": 2.4790271046942913,
    "sitrus-berry": 7.495775317519551,
    "choice-scarf": 11.562741189149412,
    "salac-berry": 0.07709078515888246,
    "charti-berry": 4.381458396991589,
    "big-root": 0.2115336596357993,
    "weakness-policy": 2.3474265622940163,
    "light-clay": 2.7191753162595416,
    "protective-pads": 0.004349295879528758,
    "jaboca-berry": 0.0011163049356719412,
    "occa-berry": 3.8844393269930784,
    "shell-bell": 6.5345732311547415,
    "icy-rock": 2.753495461503216,
    "nothing": 2.4909979506567925,
    "blunder-policy": 1.8420706249099963,
    "cheri-berry": 0,
    "silver-powder": 0.000002673009041720409,
    "never-melt-ice": 8.30353916565823,
    "air-balloon": 1.9087276604377186,
    "rocky-helmet": 8.728543338157179,
    "mental-herb": 0.008750418432683982,
    "wise-glasses": 0.5918537385321185,
    "aguav-berry": 2.565611004809055,
    "throat-spray": 0.2642655354650403,
    "ability-shield": 0.0015901305256314502,
    "chesto-berry": 0.007029764400251104
  },
  "abilities": {
    "ice-scales": 1615.3935847544938,
    "shield-dust": 82.45544623517497
  },
  "moves": {
    "quiver-dance": 1524.3256296214124,
    "giga-drain": 1336.712021783565,
    "bug-buzz": 658.2097453254178,
    "ice-beam": 1505.4711483058177,
    "dazzling-gleam": 103.87938438104925,
    "calm-mind": 20.325924871038456,
    "blizzard": 146.97098392035426,
    "hurricane": 179.77862180979508,
    "air-slash": 109.56505576056897,
    "mirror-coat": 21.57040591714612,
    "icy-wind": 1.631283355606359,
    "defog": 118.80881682114214,
    "avalanche": 4.158123439507023,
    "icicle-spear": 7.264512844855858,
    "substitute": 747.5861752136238,
    "tera-blast": 15.462000546585786,
    "leech-life": 2.4679657714372523,
    "tailwind": 31.956133505063764,
    "stun-spore": 93.49206706777596,
    "light-screen": 3.5303329005315325,
    "reflect": 6.760392113497645,
    "infestation": 3.2828469751367972,
    "weather-ball": 14.204308051693781,
    "aurora-veil": 16.933550497886408,
    "u-turn": 75.28355425143164,
    "sleep-talk": 2.9992330834491283,
    "rest": 6.135293346380959,
    "triple-axel": 4.365757055446821,
    "ice-spinner": 1.62060902554551,
    "snowscape": 11.510360071145259,
    "lunge": 0.1331244710311425,
    "play-rough": 0.7583913404424809,
    "acrobatics": 2.166044494368116,
    "protect": 8.646030389554621,
    "struggle-bug": 1.3377701357364624,
    "feather-dance": 0.05084988229892157,
    "powder-snow": 1.3341099796435991,
    "aurora-beam": 0.6296411631559925,
    "fairy-wind": 0.07792446853972856
  },
  "teras": {
    "nothing": 1697.8490309896697
  },
  "spreads": [
    {
      "nature": "timid",
      "usage": "30.5",
      "evs": {
        "hp": 0,
        "atk": 0,
        "def": 0,
        "spa": 252,
        "spd": 4,
        "spe": 252
      }
    },
    {
      "nature": "modest",
      "usage": "30.1",
      "evs": {
        "hp": 0,
        "atk": 0,
        "def": 0,
        "spa": 252,
        "spd": 4,
        "spe": 252
      }
    },
    {
      "nature": "timid",
      "usage": "7.5",
      "evs": {
        "hp": 0,
        "atk": 0,
        "def": 4,
        "spa": 252,
        "spd": 0,
        "spe": 252
      }
    },
    {
      "nature": "hasty",
      "usage": "6.1",
      "evs": {
        "hp": 0,
        "atk": 0,
        "def": 0,
        "spa": 252,
        "spd": 4,
        "spe": 252
      }
    },
    {
      "nature": "modest",
      "usage": "3.1",
      "evs": {
        "hp": 248,
        "atk": 0,
        "def": 0,
        "spa": 252,
        "spd": 8,
        "spe": 0
      }
    },
    {
      "nature": "bold",
      "usage": "2.4",
      "evs": {
        "hp": 248,
        "atk": 0,
        "def": 252,
        "spa": 8,
        "spd": 0,
        "spe": 0
      }
    },
    {
      "nature": "timid",
      "usage": "2.2",
      "evs": {
        "hp": 4,
        "atk": 0,
        "def": 0,
        "spa": 252,
        "spd": 0,
        "spe": 252
      }
    },
    {
      "nature": "timid",
      "usage": "1.9",
      "evs": {
        "hp": 128,
        "atk": 0,
        "def": 0,
        "spa": 252,
        "spd": 0,
        "spe": 128
      }
    },
    {
      "nature": "modest",
      "usage": "1.1",
      "evs": {
        "hp": 0,
        "atk": 0,
        "def": 4,
        "spa": 252,
        "spd": 0,
        "spe": 252
      }
    },
    {
      "nature": "modest",
      "usage": "1.1",
      "evs": {
        "hp": 4,
        "atk": 0,
        "def": 0,
        "spa": 252,
        "spd": 0,
        "spe": 252
      }
    }
  ],
  "teammates": {
    "48": 2.2146095511043997,
    "49": 15.122689300136996,
    "87": 5.957708552711339,
    "91": 257.12470971452666,
    "123": 30.96833057741307,
    "131": 24.240338354160997,
    "132": 0,
    "144": 16.63352295019619,
    "168": 0.6546849373213406,
    "205": 478.7175056987162,
    "212": 904.305481067135,
    "214": 84.57780507451079,
    "221": 2.587139516162961,
    "225": 0.7546348527882666,
    "283": 1.0041625439983524,
    "284": 12.984361799120165,
    "313": 4.691575035415462,
    "314": 10.058937203284541,
    "362": 0.8905088139620183,
    "378": 52.06236010317566,
    "402": 0.04839645141137772,
    "416": 7.2573283868062255,
    "460": 51.15084748914884,
    "461": 199.57922767573993,
    "469": 126.53435631624345,
    "471": 5.1141207947448795,
    "473": 346.07389549046786,
    "478": 179.0123415883901,
    "541": 0.011196050400765878,
    "542": 18.592655923367616,
    "596": 71.2077515382077,
    "614": 26.73127249219013,
    "615": 16.85047594602368,
    "636": 0.024606097707667363,
    "637": 902.0457800822337,
    "646": 307.5825357134648,
    "666": 121.98593410132007,
    "713": 206.211700439865,
    "737": 7.400544133105831,
    "738": 37.81807487870011,
    "740": 23.547252152273384,
    "743": 161.2181291748529,
    "752": 763.4608207469632,
    "875": 25.818312560522145,
    "896": 14.171500009126058,
    "900": 726.3717040541388,
    "918": 13.389853495295974,
    "920": 623.6691990648355,
    "954": 28.664363046399863,
    "975": 112.45036657009294,
    "988": 215.51899992961378,
    "997": 0.42670871398738947,
    "10010": 58.6469913361119,
    "10102": 138.4069646684346,
    "10103": 0.19456940590998928,
    "10104": 515.6444666311866,
    "10243": 44.418057704564966
  }
}