{
  "id": "894",
  "name": "Regieleki",
  "format_id": "showdown_gen9monotype-1500",
  "usage_metrics": {
    "raw": 5033,
    "base_weight": 2424.594129954664,
    "percent": 2.1827754599311295
  },
  "roles": [
    {
      "role": "role_sweeper_mixed",
      "label": "Mixed Sweeper",
      "category": "OFF"
    },
    {
      "role": "role_pivot",
      "label": "Pivot",
      "category": "DEF"
    }
  ],
  "items": {
    "light-clay": 369.10431768843426,
    "magnet": 273.20732723718777,
    "air-balloon": 71.19891602292391,
    "focus-sash": 64.15843440253217,
    "life-orb": 219.36606373302288,
    "assault-vest": 15.573529977586963,
    "heavy-duty-boots": 637.5177599926002,
    "zap-plate": 24.49960014775617,
    "choice-specs": 512.5560159074023,
    "nothing": 2.70188311298018,
    "choice-scarf": 8.841174040103382,
    "choice-band": 163.3295591939855,
    "sitrus-berry": 1.6815013818379114,
    "leftovers": 8.744953327096715,
    "enigma-berry": 0.22098096563507602,
    "wide-lens": 3.2820013745375665,
    "expert-belt": 1.831236196590392,
    "chesto-berry": 0.827493363912647,
    "normal-gem": 22.389593034079926,
    "figy-berry": 0.000019095409915292905,
    "wise-glasses": 0.4809577038930517,
    "electric-seed": 1.3373912141242543,
    "terrain-extender": 11.068826135202071,
    "toxic-orb": 0.44162821257175533,
    "silk-scarf": 0.4064020647425813,
    "safety-goggles": 0.5546974382660528,
    "shell-bell": 1.0428501402567119,
    "shuca-berry": 0.15470732642565393,
    "rocky-helmet": 2.1364054045697745,
    "blunder-policy": 5.93790411899774
  },
  "abilities": {
    "transistor": 2424.594129954664
  },
  "moves": {
    "reflect": 435.7559295654605,
    "light-screen": 441.0132896772009,
    "volt-switch": 2031.4282253719525,
    "rapid-spin": 2035.871581016719,
    "electro-ball": 142.64340231416983,
    "ancient-power": 338.7101892905241,
    "extreme-speed": 333.61298541189853,
    "hyper-beam": 23.72775017454287,
    "rain-dance": 17.03625849961104,
    "substitute": 8.633266629247952,
    "thunder-cage": 279.07763803535306,
    "thunderbolt": 1407.2748886866,
    "thunder": 43.28032203406832,
    "thunder-wave": 397.65152933601775,
    "protect": 22.93690843195448,
    "acrobatics": 66.20578184212752,
    "body-slam": 9.373662183226593,
    "facade": 10.826681806668013,
    "charge": 3.7482413576948757,
    "supercell-slam": 351.38476035898475,
    "explosion": 886.5091867005973,
    "electric-terrain": 67.56074975187143,
    "agility": 7.5270038736773675,
    "tera-blast": 193.1361455835967,
    "electroweb": 5.6217600879407446,
    "wild-charge": 68.12782705002753,
    "magnet-rise": 8.680090492886743,
    "": 8.101024416286924,
    "zap-cannon": 15.287592155535219,
    "take-down": 0,
    "rest": 2.7063224178454806,
    "thrash": 21.58533522799679,
    "eerie-impulse": 4.109359483548178,
    "lock-on": 2.767154721564297,
    "charge-beam": 6.134692722051991,
    "shock-wave": 0.3265031475260894,
    "sleep-talk": 0.0024799616832468785
  },
  "teras": {
    "nothing": 2424.594129954664
  },
  "spreads": [
    {
      "nature": "timid",
      "usage": "27.3",
      "evs": {
        "hp": 0,
        "atk": 0,
        "def": 0,
        "spa": 252,
        "spd": 4,
        "spe": 252
      }
    },
    {
      "nature": "jolly",
      "usage": "10.3",
      "evs": {
        "hp": 0,
        "atk": 252,
        "def": 0,
        "spa": 0,
        "spd": 4,
        "spe": 252
      }
    },
    {
      "nature": "hasty",
      "usage": "8.0",
      "evs": {
        "hp": 0,
        "atk": 4,
        "def": 0,
        "spa": 252,
        "spd": 0,
        "spe": 252
      }
    },
    {
      "nature": "timid",
      "usage": "5.8",
      "evs": {
        "hp": 252,
        "atk": 0,
        "def": 0,
        "spa": 0,
        "spd": 4,
        "spe": 252
      }
    },
    {
      "nature": "modest",
      "usage": "5.6",
      "evs": {
        "hp": 4,
        "atk": 0,
        "def": 0,
        "spa": 252,
        "spd": 0,
        "spe": 252
      }
    },
    {
      "nature": "modest",
      "usage": "4.8",
      "evs": {
        "hp": 0,
        "atk": 0,
        "def": 0,
        "spa": 252,
        "spd": 4,
        "spe": 252
      }
    },
    {
      "nature": "timid",
      "usage": "4.0",
      "evs": {
        "hp": 152,
        "atk": 0,
        "def": 104,
        "spa": 0,
        "spd": 0,
        "spe": 252
      }
    },
    {
      "nature": "mild",
      "usage": "3.7",
      "evs": {
        "hp": 0,
        "atk": 4,
        "def": 0,
        "spa": 252,
        "spd": 0,
        "spe": 252
      }
    },
    {
      "nature": "mild",
      "usage": "3.0",
      "evs": {
        "hp": 4,
        "atk": 0,
        "def": 0,
        "spa": 252,
        "spd": 0,
        "spe": 252
      }
    },
    {
      "nature": "rash",
      "usage": "3.0",
      "evs": {
        "hp": 0,
        "atk": 4,
        "def": 0,
        "spa": 252,
        "spd": 0,
        "spe": 252
      }
    }
  ],
  "teammates": {
    "25": 15.39775826336561,
    "26": 5.526302349971738,
    "82": 3.69203185991523,
    "101": 1.572068095408493,
    "125": 1.2882151550739185,
    "132": 0,
    "135": 14.286475250322237,
    "145": 1345.6582580155743,
    "171": 16.519381654768797,
    "181": 3.1902971012107826,
    "243": 50.63435962840963,
    "311": 0.053933426301974785,
    "312": 0.6314315738259927,
    "405": 31.22803171351486,
    "417": 4.795934210795418,
    "462": 272.8335494706863,
    "466": 45.97000943848533,
    "479": 6.523599030870197,
    "522": 0.5727882334320424,
    "523": 9.926497141855911,
    "596": 476.1862540551901,
    "603": 0.3718771984604321,
    "604": 100.98813327579408,
    "642": 158.71268214535908,
    "702": 11.722561543533025,
    "738": 65.36588889880672,
    "849": 138.02826963842185,
    "871": 476.8852059908885,
    "877": 39.65453275073305,
    "922": 0.5546974382660528,
    "923": 469.55254672262373,
    "939": 66.09227787944123,
    "940": 0.2956498455996902,
    "941": 48.01491486116554,
    "989": 712.9584751994197,
    "992": 1903.801473870704,
    "995": 221.436843603507,
    "1021": 1546.1340659259906,
    "10008": 55.29519211039246,
    "10009": 1820.697370207613,
    "10010": 30.314763292813105,
    "10011": 0.08631998302766142,
    "10012": 33.25462268486316,
    "10020": 559.8539476194245,
    "10100": 194.8025763767173,
    "10110": 0.9256791370120673,
    "10111": 71.1089862212023,
    "10123": 180.25552848077268,
    "10231": 0.9670924684849305,
    "10232": 188.01633517240055
  }
}