{
  "id": "10007",
  "name": "Giratina origin",
  "format_id": "showdown_gen9vgc2026regi-1500",
  "usage_metrics": {
    "raw": 4561,
    "base_weight": 2315.7476666591565,
    "percent": 1.110970375747183
  },
  "roles": [
    {
      "role": "role_sweeper_mixed",
      "label": "Mixed Sweeper",
      "category": "OFF"
    }
  ],
  "items": {
    "griseous-core": 2315.7476666591565
  },
  "abilities": {
    "levitate": 2315.7476666591565
  },
  "moves": {
    "shadow-force": 1254.6513503210351,
    "dragon-claw": 856.0828350706096,
    "shadow-sneak": 1997.211538780498,
    "protect": 1529.4665689824353,
    "will-o-wisp": 87.79243275564306,
    "tera-blast": 3.3026756685018075,
    "phantom-force": 35.54203023965238,
    "breaking-swipe": 129.69075170345437,
    "poltergeist": 1076.315372467952,
    "iron-head": 301.1183648615991,
    "thunderbolt": 12.432638023035059,
    "draco-meteor": 1089.5033176647225,
    "shadow-ball": 173.15198680403427,
    "calm-mind": 42.33161269126558,
    "ancient-power": 4.496262570363126,
    "icy-wind": 12.20519389974408,
    "destiny-bond": 14.057558056561012,
    "curse": 34.10171885009444,
    "stone-edge": 41.38951643017987,
    "psychic": 7.684211533963711,
    "energy-ball": 5.909836557494478,
    "dragon-pulse": 108.9850963311588,
    "dark-pulse": 26.938522862185017,
    "pain-split": 2.21859241871476,
    "hex": 106.80087879908113,
    "aura-sphere": 63.239480399263044,
    "defog": 4.593353539455695,
    "dragon-tail": 26.752929982424835,
    "thunder-wave": 37.28464804433447,
    "earth-power": 32.02263098606576,
    "earthquake": 44.66241192216378,
    "skitter-smack": 2.6443493724662845,
    "shadow-claw": 55.84792452647354,
    "outrage": 14.647566030757472,
    "sleep-talk": 9.881718129317488,
    "rest": 7.666381415898414,
    "hyper-voice": 0.39857741797703156,
    "confuse-ray": 0.021723123109457065,
    "roar": 4.882799497310102,
    "dual-wingbeat": 1.4218763506195164,
    "substitute": 0.0106783023218045,
    "": 3.1693838638000216,
    "facade": 0.2289398005548019,
    "body-slam": 0.21862099161521353,
    "spite": 0.013808596721660071
  },
  "teras": {
    "fairy": 280.2088569144697,
    "electric": 19.95397792269651,
    "ghost": 248.72477764064536,
    "fire": 805.7073781328925,
    "steel": 774.6186105937204,
    "dark": 36.38052284386618,
    "normal": 67.64268323822891,
    "dragon": 12.240453528270287,
    "water": 2.138202193783162,
    "ground": 7.079951137755912,
    "grass": 3.6575970854230953,
    "stellar": 1.6116926845525659,
    "poison": 53.17742901328022,
    "fighting": 1.6624510620891118,
    "ice": 0.9430826674804058
  },
  "spreads": [
    {
      "nature": "hardy",
      "usage": "13.9",
      "evs": {
        "hp": 236,
        "atk": 252,
        "def": 0,
        "spa": 0,
        "spd": 0,
        "spe": 20
      }
    },
    {
      "nature": "brave",
      "usage": "11.6",
      "evs": {
        "hp": 252,
        "atk": 252,
        "def": 0,
        "spa": 0,
        "spd": 4,
        "spe": 0
      }
    },
    {
      "nature": "brave",
      "usage": "8.4",
      "evs": {
        "hp": 108,
        "atk": 252,
        "def": 52,
        "spa": 36,
        "spd": 60,
        "spe": 0
      }
    },
    {
      "nature": "impish",
      "usage": "4.8",
      "evs": {
        "hp": 252,
        "atk": 252,
        "def": 0,
        "spa": 0,
        "spd": 4,
        "spe": 0
      }
    },
    {
      "nature": "adamant",
      "usage": "4.2",
      "evs": {
        "hp": 108,
        "atk": 252,
        "def": 52,
        "spa": 0,
        "spd": 60,
        "spe": 36
      }
    },
    {
      "nature": "adamant",
      "usage": "4.0",
      "evs": {
        "hp": 252,
        "atk": 252,
        "def": 0,
        "spa": 0,
        "spd": 4,
        "spe": 0
      }
    },
    {
      "nature": "brave",
      "usage": "2.6",
      "evs": {
        "hp": 108,
        "atk": 252,
        "def": 60,
        "spa": 36,
        "spd": 52,
        "spe": 0
      }
    },
    {
      "nature": "brave",
      "usage": "2.6",
      "evs": {
        "hp": 252,
        "atk": 252,
        "def": 0,
        "spa": 4,
        "spd": 0,
        "spe": 0
      }
    },
    {
      "nature": "relaxed",
      "usage": "2.4",
      "evs": {
        "hp": 252,
        "atk": 0,
        "def": 4,
        "spa": 0,
        "spd": 252,
        "spe": 0
      }
    },
    {
      "nature": "adamant",
      "usage": "2.4",
      "evs": {
        "hp": 252,
        "atk": 236,
        "def": 0,
        "spa": 0,
        "spd": 0,
        "spe": 20
      }
    }
  ],
  "teammates": {
    "6": 3.440842164726746,
    "9": 1.7563966777783093,
    "24": 3.847781572419424,
    "25": 0.04014266571056707,
    "26": 1.3700195382665767,
    "35": 24.308773503109137,
    "36": 3.2572477004566043,
    "38": 0.0006891504615211264,
    "80": 3.072045999523958,
    "85": 0.3356088416816796,
    "89": 2.450003143533818,
    "94": 106.52393625311375,
    "106": 27.16395076345347,
    "107": 1.0479197484383744,
    "112": 0.9933692242043652,
    "123": 0.3356088416816796,
    "126": 1.8165201308485,
    "130": 0.37321729742293347,
    "131": 42.03958362203558,
    "132": 6.579072620687922,
    "134": 1.022755936416646,
    "135": 0.10184267270368258,
    "143": 1.5493087942227048,
    "144": 1.6328420133980672,
    "145": 0.2289398005548019,
    "146": 0.16255826469036255,
    "149": 37.69227549343942,
    "150": 5.361274130277906,
    "157": 0.048787863781453056,
    "160": 10.460865063441242,
    "168": 0.0033973402190827784,
    "184": 4.387262640738049,
    "186": 0.04146273507678527,
    "189": 1.0091801291736007,
    "193": 0.0006552685877135311,
    "196": 3.869244198240784,
    "197": 1.4924939790081948,
    "198": 69.96123362523298,
    "205": 0.2576661242599943,
    "206": 0.16321935770673407,
    "207": 0.04146273507678527,
    "212": 93.44304981044797,
    "217": 0.5740578636643674,
    "219": 0.20498513125637174,
    "227": 0.04146273507678527,
    "230": 0.0004099990829478095,
    "233": 1.5489031941336981,
    "235": 25.907071328700017,
    "237": 13.178599054129506,
    "242": 2.667271223485485,
    "244": 282.4929851318278,
    "245": 0.2986816922849122,
    "248": 46.39797285969517,
    "249": 9.303542035119573,
    "250": 49.94146006248991,
    "254": 0.10836329824410934,
    "257": 4.315133317385059,
    "260": 105.81199773363213,
    "272": 2.306083613922451,
    "279": 61.72611325324147,
    "282": 2.9371562946168575,
    "286": 0.0033973402190827784,
    "289": 0.0106783023218045,
    "302": 409.86142652323264,
    "323": 0.003600042604577358,
    "324": 4.611694236729832,
    "328": 0.0106783023218045,
    "350": 6.0312804381260126,
    "356": 24.242606083355025,
    "357": 0.0106783023218045,
    "373": 0.38436075195644614,
    "376": 7.462049223091063,
    "379": 0.639041032666572,
    "382": 97.62334350567603,
    "383": 96.82688336851598,
    "384": 9.200003080674964,
    "389": 1.7235832608401445,
    "395": 0.09895012492675775,
    "405": 3.2992822209607495,
    "411": 1.6973555387734955,
    "417": 0.4852600749546655,
    "423": 3.7084881615850684,
    "424": 0.6479247977971256,
    "426": 3.9609435282049463,
    "437": 5.853473520368513,
    "442": 0.09191303681266422,
    "445": 55.94371979607522,
    "448": 0.6445442802434008,
    "454": 0.3398139753012982,
    "462": 0.5024007139589726,
    "466": 1.9217228619660052,
    "469": 9.906118747883998,
    "470": 0.10184267270368258,
    "472": 0.2576661242599943,
    "473": 0.5178629126230394,
    "474": 2.335910778282483,
    "475": 1.9518415218788778,
    "479": 2.450003143533818,
    "480": 0.0002529375854394278,
    "482": 1.4661449689748183,
    "483": 1.04539990379015,
    "484": 0.38436075195644614,
    "485": 75.79372409350589,
    "486": 2.485666170761574,
    "488": 66.21946678775893,
    "530": 22.889721826848277,
    "534": 2.257146421106399,
    "547": 128.4504458662338,
    "549": 1.0235717210612139,