{
  "id": "1006",
  "name": "Iron Valiant",
  "format_id": "showdown_gen9vgc2026regi-1500",
  "usage_metrics": {
    "raw": 8656,
    "base_weight": 5089.580842476134,
    "percent": 2.1084322675877254
  },
  "roles": [
    {
      "role": "role_sweeper_special",
      "label": "Special Sweeper",
      "category": "OFF"
    },
    {
      "role": "role_wide_guard",
      "label": "Wide Guard",
      "category": "SUP"
    },
    {
      "role": "role_disruptor",
      "label": "Disruptor",
      "category": "SUP"
    }
  ],
  "items": {
    "booster-energy": 3077.925564951168,
    "focus-sash": 1173.9982021303067,
    "leftovers": 16.68532274011029,
    "covert-cloak": 241.19833733728635,
    "sitrus-berry": 11.612353098707299,
    "weakness-policy": 2.0169220535878747,
    "scope-lens": 1.6096213401058792,
    "life-orb": 86.2916856211294,
    "clear-amulet": 24.05480420741842,
    "muscle-band": 9.605335271024298,
    "assault-vest": 24.639449403585427,
    "choice-scarf": 13.30628155772965,
    "electric-seed": 15.489847388432315,
    "mental-herb": 19.84009625221698,
    "aguav-berry": 0.346507456356926,
    "expert-belt": 32.91096046378609,
    "spell-tag": 0.00003175462744769986,
    "cell-battery": 0.21626373082692502,
    "safety-goggles": 11.570696851123346,
    "fist-plate": 0.9610139221201242,
    "choice-band": 15.303860429234623,
    "choice-specs": 16.09651120755209,
    "room-service": 0.0002650083545973625,
    "heavy-duty-boots": 5.357741409548079,
    "eject-button": 1.873370809761918,
    "rocky-helmet": 4.9385936268289035,
    "kings-rock": 0.7187416065876594,
    "lum-berry": 264.6098568294042,
    "pixie-plate": 1.6334119104195501,
    "air-balloon": 0.000010156284122930792,
    "salac-berry": 6.668931654232455,
    "fairy-feather": 1.199012680637143,
    "wide-lens": 2.913090603901807,
    "light-clay": 3.645461803996425,
    "nothing": 0.3426852077379157
  },
  "abilities": {
    "quark-drive": 5089.580842476134
  },
  "moves": {
    "spirit-break": 2739.8642401784223,
    "taunt": 698.2394839099566,
    "coaching": 2078.371220903854,
    "wide-guard": 3676.891564756768,
    "moonblast": 1521.919214568968,
    "icy-wind": 837.095995075522,
    "quick-guard": 352.130198431115,
    "destiny-bond": 395.4684961964422,
    "thunder-wave": 126.20953109098049,
    "protect": 1129.5244077999373,
    "knock-off": 573.2549744962392,
    "close-combat": 1234.9951918415682,
    "encore": 1541.6512863664,
    "feint": 359.12043294799844,
    "aura-sphere": 331.7810956091678,
    "stored-power": 75.00577218002063,
    "skill-swap": 70.7126682615877,
    "psych-up": 75.41418850834636,
    "dazzling-gleam": 247.2914861473819,
    "shadow-ball": 54.60158493981301,
    "hypnosis": 482.0381533557391,
    "expanding-force": 40.34131112825908,
    "drain-punch": 123.56273004270547,
    "reflect": 38.320194981840864,
    "focus-blast": 10.47354624615723,
    "thunderbolt": 42.38123038927764,
    "energy-ball": 8.356658268309872,
    "throat-chop": 9.8157774423066,
    "trick-room": 215.1284336303787,
    "psycho-cut": 29.814488714269576,
    "leaf-blade": 94.85794648824918,
    "shadow-claw": 31.247196456899943,
    "agility": 0.35282629208661287,
    "imprison": 47.278152595511074,
    "psychic": 43.02441531524637,
    "disable": 394.44354509637424,
    "shadow-sneak": 63.55958109484377,
    "helping-hand": 57.85015415073823,
    "electric-terrain": 3.8127717219299075,
    "swords-dance": 38.40799804450554,
    "poison-jab": 7.554509112597157,
    "misty-terrain": 7.590229085465815,
    "brick-break": 241.2037198069814,
    "light-screen": 19.37076119491511,
    "trick": 4.09295190247197,
    "fire-punch": 7.636513993393354,
    "thunder-punch": 1.9966962526471939,
    "liquidation": 14.12446511704893,
    "x-scissor": 3.7767059908210134,
    "calm-mind": 25.412256658198178,
    "psychic-terrain": 5.501076466172135,
    "night-slash": 5.340475147146953,
    "vacuum-wave": 35.4297683476111,
    "psyshock": 1.7440237296876338,
    "low-kick": 34.8207988469914,
    "tera-blast": 11.669160311095274,
    "ice-punch": 13.800062414040875,
    "future-sight": 0.6472031215036865,
    "hyper-voice": 2.407971511202766,
    "zen-headbutt": 4.169201296699706,
    "fling": 4.541149649092638,
    "endure": 0.6304732106066264,
    "fury-cutter": 0.002428562718586935,
    "magical-leaf": 0.01215212419698869,
    "metronome": 2.2747640736840626,
    "": 7.824292221052187,
    "false-swipe": 0.1394140903853941
  },
  "teras": {
    "ghost": 1835.9133918132707,
    "fairy": 1244.8755599374788,
    "steel": 473.8855755478988,
    "poison": 159.80792311515265,
    "normal": 82.56270398314794,
    "psychic": 25.607213139626776,
    "dark": 557.3917817238714,
    "water": 118.49153478633013,
    "fighting": 57.15862041684038,
    "fire": 27.390654967040742,
    "flying": 9.731587237209034,
    "stellar": 29.788261893426466,
    "ground": 360.45654308198385,
    "grass": 96.48262144581092,
    "electric": 0.42923216004801246,
    "rock": 8.57535764407855,
    "dragon": 1.0322795829174916
  },
  "spreads": [
    {
      "nature": "timid",
      "usage": "6.3",
      "evs": {
        "hp": 4,
        "atk": 0,
        "def": 0,
        "spa": 252,
        "spd": 0,
        "spe": 252
      }
    },
    {
      "nature": "jolly",
      "usage": "6.0",
      "evs": {
        "hp": 0,
        "atk": 252,
        "def": 0,
        "spa": 0,
        "spd": 4,
        "spe": 252
      }
    },
    {
      "nature": "careful",
      "usage": "5.2",
      "evs": {
        "hp": 4,
        "atk": 4,
        "def": 124,
        "spa": 0,
        "spd": 252,
        "spe": 124
      }
    },
    {
      "nature": "jolly",
      "usage": "5.1",
      "evs": {
        "hp": 4,
        "atk": 252,
        "def": 0,
        "spa": 0,
        "spd": 0,
        "spe": 252
      }
    },
    {
      "nature": "jolly",
      "usage": "4.1",
      "evs": {
        "hp": 4,
        "atk": 0,
        "def": 0,
        "spa": 0,
        "spd": 0,
        "spe": 252
      }
    },
    {
      "nature": "jolly",
      "usage": "4.1",
      "evs": {
        "hp": 204,
        "atk": 4,
        "def": 100,
        "spa": 0,
        "spd": 28,
        "spe": 172
      }
    },
    {
      "nature": "jolly",
      "usage": "3.3",
      "evs": {
        "hp": 252,
        "atk": 4,
        "def": 0,
        "spa": 0,
        "spd": 0,
        "spe": 252
      }
    },
    {
      "nature": "jolly",
      "usage": "3.2",
      "evs": {
        "hp": 60,
        "atk": 196,
        "def": 0,
        "spa": 0,
        "spd": 0,
        "spe": 252
      }
    },
    {
      "nature": "jolly",
      "usage": "3.1",
      "evs": {
        "hp": 0,
        "atk": 252,
        "def": 4,
        "spa": 0,
        "spd": 0,
        "spe": 252
      }
    },
    {
      "nature": "jolly",
      "usage": "2.6",
      "evs": {
        "hp": 252,
        "atk": 4,
        "def": 52,
        "spa": 0,
        "spd": 132,
        "spe": 68
      }
    }
  ],
  "teammates": {
    "3": 69.87198659755101,
    "6": 253.70463160288148,
    "25": 3.0830234470621254,
    "26": 138.78322670478872,
    "35": 109.71890351325445,
    "36": 1.7801161771915193,
    "38": 0.9569276417713257,
    "49": 0.6147959792159745,
    "51": 0.000046047260421122616,
    "55": 1.1814214665222775,
    "59": 2.7609112351212226,
    "87": 0.000046047260421122616,
    "91": 0.08924990435290825,
    "94": 22.27268720612784,
    "110": 9.543690184229941,
    "112": 0.9593170223967367,
    "130": 2.98055147938862,
    "132": 174.18846685914752,
    "134": 0.1325026846732404,
    "143": 0.9796022574259599,
    "145": 5.71268311099017,
    "149": 67.22702420693984,
    "150": 37.48150045268388,
    "154": 4.9542316559962325,
    "157": 2.5327291163516774,
    "186": 0.6005892214195531,
    "189": 128.79076756133196,
    "195": 0.000046047260421122616,
    "196": 3.8053478338493747,
    "197": 9.5569241311847,
    "198": 4.601212596975306,