{
  "id": "641",
  "name": "Tornadus Incarnate",
  "format_id": "showdown_gen9vgc2026regi-1500",
  "usage_metrics": {
    "raw": 70852,
    "base_weight": 44132.26309452946,
    "percent": 17.25816116256071
  },
  "items": {
    "covert-cloak": 24080.39898770382,
    "mental-herb": 4619.364654705659,
    "focus-sash": 7598.773310906755,
    "sky-plate": 1120.4334634901734,
    "expert-belt": 90.07108986803114,
    "leftovers": 245.13003988190815,
    "rocky-helmet": 824.2670296213845,
    "sharp-beak": 3630.752110282137,
    "sitrus-berry": 438.0791759595368,
    "electric-seed": 60.036185548997025,
    "eject-button": 73.91054794368512,
    "safety-goggles": 226.26843745937208,
    "damp-rock": 122.08681436401969,
    "life-orb": 283.77828924447505,
    "choice-scarf": 10.18379567853717,
    "nothing": 81.54901598382185,
    "clear-amulet": 109.3122708426604,
    "salac-berry": 0.3718771984604321,
    "ability-shield": 287.0291386663053,
    "blunder-policy": 0.6952494343974684,
    "heavy-duty-boots": 17.607089869910528,
    "air-balloon": 0.8615684868991365,
    "wide-lens": 36.437459612251075,
    "heat-rock": 31.35507182908578,
    "iapapa-berry": 0.3718771984604321,
    "focus-band": 1.087327871998988,
    "quick-claw": 0.14378742831043617,
    "icy-rock": 4.683655603080539,
    "mirror-herb": 0.26694937841927713,
    "metronome": 0.9417801103801817,
    "charti-berry": 0.32189428662830744,
    "weakness-policy": 11.26834665551485,
    "yache-berry": 1.0162680148980456,
    "jaboca-berry": 0.4562583133644052,
    "eject-pack": 15.549298918545759,
    "liechi-berry": 0.10051269119954598,
    "kings-rock": 1.5281331751148364,
    "grassy-seed": 0.033977674436811156,
    "charcoal": 16.999999615993573,
    "assault-vest": 10.23456479951098,
    "wacan-berry": 2.568807789138196,
    "utility-umbrella": 18.22989198084142,
    "chesto-berry": 1.511403945782544,
    "lagging-tail": 0.8777883454237816,
    "shell-bell": 0.10181150587502191,
    "red-card": 0.8332883922553833,
    "lum-berry": 0.15159351390020975,
    "cornerstone-mask": 0.7791776972031119,
    "bright-powder": 2.3786774513486497,
    "petaya-berry": 36.49613180721322,
    "zoom-lens": 0.000006189396528522018,
    "aguav-berry": 0.8087455412420175,
    "choice-specs": 0.9807880408533947,
    "adrenaline-orb": 10.624331258330788,
    "white-herb": 2.1630543948330607,
    "miracle-seed": 0.00029035766517926387
  },
  "abilities": {
    "prankster": 44059.29741909701,
    "defiant": 72.9656754324433
  },
  "moves": {
    "bleakwind-storm": 41700.42488973057,
    "tailwind": 43956.388223495116,
    "protect": 20582.325331044198,
    "rain-dance": 24386.696024380122,
    "taunt": 27941.57844909101,
    "icy-wind": 3146.697859419846,
    "snowscape": 1153.7012330385323,
    "hurricane": 1517.1052049612447,
    "foul-play": 521.2952497103913,
    "weather-ball": 670.2391390437232,
    "u-turn": 462.0626233107545,
    "sunny-day": 5261.848822248287,
    "scary-face": 720.8843281123497,
    "sludge-bomb": 160.95176054936442,
    "air-slash": 155.1333471359305,
    "lash-out": 6.528788285869664,
    "hyper-beam": 4.353539497618083,
    "dark-pulse": 1792.9520596263962,
    "chilling-water": 113.09769017556621,
    "nasty-plot": 147.0286440135332,
    "heat-wave": 369.7464029434402,
    "knock-off": 428.8689480924576,
    "swagger": 101.33900362895344,
    "sludge-wave": 13.080149505694024,
    "grass-knot": 48.57779160705206,
    "sandstorm": 42.6643699105876,
    "acrobatics": 81.52265146630114,
    "brick-break": 129.27766341231674,
    "tera-blast": 205.63356379471026,
    "leer": 377.76387565961323,
    "endure": 29.66767462003053,
    "facade": 0.7766056608300839,
    "substitute": 173.96224371005079,
    "focus-blast": 20.533575309680035,
    "hammer-arm": 3.1393527948820004,
    "air-cutter": 0.0030876411874769527,
    "uproar": 2.9418470684858065,
    "extrasensory": 3.792268573507756,
    "psychic": 20.12200340944421,
    "metronome": 8.19632079597248,
    "": 29.882410398334947,
    "rest": 4.748692710752525,
    "agility": 0.6815167990103049,
    "reversal": 2.6949929951753155,
    "fling": 0.10051269119954598,
    "body-slam": 4.667354763286145,
    "sleep-talk": 1.876329797636553,
    "take-down": 0.3861894512449397,
    "crunch": 20.524916941934638,
    "thief": 0.5804809173762377,
    "giga-impact": 0.0040168785023948494,
    "astonish": 0.0023572977867035716
  },
  "teras": {
    "flying": 5424.527436580044,
    "dark": 19160.677303537628,
    "ghost": 4509.758665742557,
    "water": 1838.11618588048,
    "steel": 4657.7282567023785,
    "normal": 1680.369623539979,
    "ground": 3669.5318844084068,
    "dragon": 1911.6090462574923,
    "poison": 112.79341903864419,
    "bug": 8.580815756356458,
    "psychic": 6.40980582723759,
    "electric": 122.79572105588048,
    "grass": 805.1262347536514,
    "stellar": 16.313328389657347,
    "fire": 140.74298370221206,
    "rock": 3.900928006924518,
    "fighting": 12.663862005024681,
    "ice": 16.058743534474896,
    "fairy": 34.55884980998451
  },
  "spreads": [
    {
      "nature": "Timid",
      "usage": "14.3",
      "evs": {
        "hp": 4,
        "atk": 0,
        "def": 0,
        "spa": 252,
        "spd": 0,
        "spe": 252
      }
    },
    {
      "nature": "Modest",
      "usage": "4.7",
      "evs": {
        "hp": 244,
        "atk": 0,
        "def": 116,
        "spa": 44,
        "spd": 92,
        "spe": 12
      }
    },
    {
      "nature": "Calm",
      "usage": "4.6",
      "evs": {
        "hp": 252,
        "atk": 0,
        "def": 0,
        "spa": 4,
        "spd": 252,
        "spe": 0
      }
    },
    {
      "nature": "Timid",
      "usage": "4.3",
      "evs": {
        "hp": 252,
        "atk": 0,
        "def": 0,
        "spa": 4,
        "spd": 0,
        "spe": 252
      }
    },
    {
      "nature": "Timid",
      "usage": "4.0",
      "evs": {
        "hp": 212,
        "atk": 0,
        "def": 188,
        "spa": 4,
        "spd": 12,
        "spe": 92
      }
    },
    {
      "nature": "Timid",
      "usage": "3.9",
      "evs": {
        "hp": 0,
        "atk": 0,
        "def": 0,
        "spa": 252,
        "spd": 4,
        "spe": 252
      }
    },
    {
      "nature": "Timid",
      "usage": "2.3",
      "evs": {
        "hp": 228,
        "atk": 0,
        "def": 164,
        "spa": 4,
        "spd": 44,
        "spe": 68
      }
    },
    {
      "nature": "Modest",
      "usage": "2.0",
      "evs": {
        "hp": 4,
        "atk": 0,
        "def": 0,
        "spa": 252,
        "spd": 0,
        "spe": 252
      }
    },
    {
      "nature": "Modest",
      "usage": "1.9",
      "evs": {
        "hp": 212,
        "atk": 0,
        "def": 188,
        "spa": 4,
        "spd": 12,
        "spe": 92
      }
    },
    {
      "nature": "Timid",
      "usage": "1.2",
      "evs": {
        "hp": 0,
        "atk": 0,
        "def": 4,
        "spa": 252,
        "spd": 0,
        "spe": 252
      }
    }
  ],
  "teammates": {
    "3": 131.45786418042937,
    "6": 368.081860678582,
    "8": 0.009406447955390806,
    "9": 8.973685302784144,
    "25": 5.503854660360386,
    "26": 931.1931279928372,
    "35": 2710.9071867592393,
    "36": 8.875666894674135,
    "38": 5.665132777084159,
    "40": 1.8757718599322477,
    "45": 1.1941326712307474,
    "49": 0.3718771984604321,
    "50": 26.98640918622737,
    "51": 1.857630864223499,
    "53": 2.61126113835949,
    "54": 0.6281228015395679,
    "55": 14.425670270848729,
    "59": 2.893912934365873,
    "61": 7.056692739363466,
    "62": 0.13079107148731617,
    "71": 1.7281514503793882,
    "73": 7.93765762985454,
    "76": 1.8382664315923358,
    "80": 0.9654972579580441,
    "87": 9.541519964579013,
    "89": 0.3841682679276202,
    "91": 0.0681034356686892,
    "94": 3.960264256022362,
    "103": 95.83712101824624,
    "106": 12.153893206005893,
    "110": 41.402445718284966,
    "112": 243.17801819600675,