{
  "id": "184",
  "name": "Azumarill",
  "format_id": "showdown_gen9uu-1500",
  "usage_metrics": {
    "raw": 11416,
    "base_weight": 6538.972248452342,
    "percent": 7.6020510088566295
  },
  "items": {
    "life-orb": 102.86259225821294,
    "choice-band": 1208.7145465570409,
    "sitrus-berry": 3370.6697758698815,
    "assault-vest": 1223.1341203432921,
    "rocky-helmet": 80.35922753283171,
    "shell-bell": 2.4975369182758853,
    "leftovers": 306.5955057432205,
    "damp-rock": 21.0108436445503,
    "splash-plate": 4.504039717801198,
    "focus-sash": 8.672966331066052,
    "flame-orb": 1.4860257605755476,
    "choice-scarf": 6.027874529806575,
    "quick-claw": 1.5083698049609153,
    "heavy-duty-boots": 26.196523702443766,
    "wide-lens": 1.0021975685826898,
    "white-herb": 2.9973205665364753,
    "muscle-band": 9.95884625896301,
    "mystic-water": 51.62611533759398,
    "expert-belt": 29.958643206197582,
    "aguav-berry": 9.294667475842235,
    "grip-claw": 13.539698067527096,
    "salac-berry": 10.314742644396485,
    "nothing": 5.912495926432833,
    "lum-berry": 7.9732809849032495,
    "air-balloon": 0.5806234910814974,
    "chesto-berry": 6.517084837127163,
    "red-card": 0.01538436613639882,
    "choice-specs": 4.121437867611785,
    "figy-berry": 10.24379584971714,
    "metronome": 0.04375792654944166,
    "weakness-policy": 1.626863723348448,
    "liechi-berry": 1.7469519545063388,
    "mago-berry": 0.014876116532469508,
    "binding-band": 5.643488275233559,
    "blunder-policy": 0.1517139709259938,
    "mental-herb": 0.23113644304446201,
    "rawst-berry": 0.06347691446764969,
    "babiri-berry": 0.0013155816440105772,
    "pretty-feather": 0.5362976965088704,
    "light-clay": 0.24420948848124224,
    "pixie-plate": 0.3718771984604321
  },
  "abilities": {
    "huge-power": 6156.441922323233,
    "sap-sipper": 298.04606660758014,
    "thick-fat": 84.48425952152834
  },
  "moves": {
    "aqua-jet": 6210.93537765543,
    "play-rough": 6097.212329311638,
    "knock-off": 3274.8672453926456,
    "ice-spinner": 1363.9395307902016,
    "liquidation": 3418.786176733678,
    "belly-drum": 3570.403135964376,
    "whirlpool": 205.44417741874764,
    "encore": 203.21454835528036,
    "protect": 279.50700664595473,
    "substitute": 24.457515029133486,
    "tera-blast": 93.84135061553773,
    "ice-punch": 35.08841024552771,
    "trailblaze": 151.51086314848976,
    "aqua-tail": 123.51278643972879,
    "draining-kiss": 87.83672787509664,
    "waterfall": 243.9481331244149,
    "light-screen": 2.3391244272011384,
    "rain-dance": 2.079403826334698,
    "double-edge": 35.62219389653395,
    "aqua-ring": 7.218842203080828,
    "perish-song": 109.38681162031259,
    "brick-break": 54.21382532118658,
    "facade": 20.974211499749043,
    "bounce": 4.887733590625173,
    "body-slam": 49.10495231142905,
    "superpower": 191.12988194081856,
    "bulldoze": 70.67146837798045,
    "grass-knot": 5.840577166794608,
    "focus-punch": 47.62111314912029,
    "dig": 0.32725201706162754,
    "blizzard": 8.162231157028746,
    "ice-beam": 23.686284340362914,
    "chilling-water": 5.991769095425,
    "amnesia": 0.9599958514726067,
    "alluring-voice": 23.852709691653654,
    "hydro-pump": 5.300397545133857,
    "rest": 37.77657416082097,
    "": 6.141424485374142,
    "sleep-talk": 8.371010118900934,
    "icy-wind": 0.057150067146661154,
    "focus-blast": 3.9521742520769223,
    "surf": 4.870399010593551,
    "rollout": 2.340490624959911,
    "copycat": 14.207003691572943,
    "hyper-beam": 1,
    "misty-explosion": 0.3759176219754957,
    "hyper-voice": 0.34735537288238744,
    "bubble-beam": 1.0322155477812003,
    "charm": 3.474033663605852,
    "snowscape": 0.6370989738806306,
    "giga-impact": 15.999585378567236,
    "endure": 0.1256160390700523,
    "muddy-water": 0.932973826454234,
    "defense-curl": 0.3718771984604321
  },
  "teras": {
    "ice": 60.69365458155729,
    "water": 3687.8899657943475,
    "ground": 228.19843385302156,
    "poison": 33.446729421899846,
    "steel": 1718.8266455662042,
    "fire": 249.55340945619756,
    "fairy": 104.412657866207,
    "grass": 163.03325748227044,
    "dragon": 124.8828523418097,
    "ghost": 35.43211862594973,
    "dark": 43.20547438835561,
    "fighting": 26.736910759419807,
    "electric": 11.370055162634026,
    "stellar": 4.410128452892486,
    "normal": 28.97829148490777,
    "psychic": 2.0181808787532027,
    "flying": 0.48873992605315003,
    "bug": 15.341234720751553,
    "rock": 0.053507689079198395
  },
  "spreads": [
    {
      "nature": "Adamant",
      "usage": "27.0",
      "evs": {
        "hp": 252,
        "atk": 252,
        "def": 0,
        "spa": 0,
        "spd": 4,
        "spe": 0
      }
    },
    {
      "nature": "Adamant",
      "usage": "20.9",
      "evs": {
        "hp": 4,
        "atk": 252,
        "def": 0,
        "spa": 0,
        "spd": 0,
        "spe": 252
      }
    },
    {
      "nature": "Adamant",
      "usage": "7.6",
      "evs": {
        "hp": 252,
        "atk": 252,
        "def": 4,
        "spa": 0,
        "spd": 0,
        "spe": 0
      }
    },
    {
      "nature": "Adamant",
      "usage": "6.0",
      "evs": {
        "hp": 252,
        "atk": 252,
        "def": 0,
        "spa": 0,
        "spd": 0,
        "spe": 4
      }
    },
    {
      "nature": "Jolly",
      "usage": "3.4",
      "evs": {
        "hp": 4,
        "atk": 252,
        "def": 0,
        "spa": 0,
        "spd": 0,
        "spe": 252
      }
    },
    {
      "nature": "Adamant",
      "usage": "2.8",
      "evs": {
        "hp": 0,
        "atk": 252,
        "def": 0,
        "spa": 0,
        "spd": 4,
        "spe": 252
      }
    },
    {
      "nature": "Adamant",
      "usage": "2.2",
      "evs": {
        "hp": 224,
        "atk": 252,
        "def": 0,
        "spa": 0,
        "spd": 32,
        "spe": 0
      }
    },
    {
      "nature": "Adamant",
      "usage": "2.2",
      "evs": {
        "hp": 248,
        "atk": 252,
        "def": 0,
        "spa": 0,
        "spd": 8,
        "spe": 0
      }
    },
    {
      "nature": "Adamant",
      "usage": "2.1",
      "evs": {
        "hp": 0,
        "atk": 252,
        "def": 0,
        "spa": 0,
        "spd": 0,
        "spe": 252
      }
    },
    {
      "nature": "Adamant",
      "usage": "1.7",
      "evs": {
        "hp": 4,
        "atk": 252,
        "def": 252,
        "spa": 0,
        "spd": 0,
        "spe": 0
      }
    }
  ],
  "teammates": {
    "3": 22.072946034516676,
    "6": 8.895369032945963,
    "9": 82.14289819408681,
    "25": 6.736801534361432,
    "26": 3.204042556422962,
    "28": 3.3052680815115036,
    "38": 2.7987120494709887,
    "40": 0.10688766942172895,
    "45": 4.037416925362648,
    "49": 4.106623362495644,
    "51": 3.2184278130565205,
    "53": 1.1412669339640922,
    "55": 3.2366584271822703,
    "57": 2.4721774656640667,
    "59": 6.94311920857498,
    "62": 1.8622624437767277,
    "73": 34.272809862331464,
    "76": 5.8958998466131325,
    "80": 14.6795873785999,
    "82": 3.098364494564524,
    "91": 25.91589603100161,
    "94": 271.21273069379276,
    "101": 0.7665356768577563,
    "103": 4.985020282670391,
    "106": 14.279648591455103,
    "107": 3.21400925480811,
    "110": 1.6344374447983223,
    "112": 1.515235684986442,
    "113": 11.723173584302819,
    "123": 9.384550993839115,
    "126": 0.24420948848124224,
    "128": 1.769200962108365,
    "129": 1.683153339721179,
    "130": 87.56219368298821,
    "131": 4.677980606625523,
    "132": 17.62719097512116,
    "133": 2.314388904888843,
    "134": 7.112541783135397,
    "135": 14.690206932199507,
    "143": 1.4334459242929933,
    "144": 0.01628059446306729,
    "151": 263.94589891945924,
    "154": 0.03417813851609469,
    "157": 21.96343236001421,
    "160": 13.524871867643682,
    "164": 0.9123161731057429,
    "168": 0.4379375774489321,
    "181": 10.970808020123583,