{
  "id": "900",
  "name": "Kleavor",
  "format_id": "showdown_gen9uu-1500",
  "usage_metrics": {
    "raw": 3694,
    "base_weight": 2219.574921688847,
    "percent": 2.4598788040221082
  },
  "roles": [
    {
      "role": "role_sweeper_physical",
      "label": "Physical Sweeper",
      "category": "OFF"
    },
    {
      "role": "role_setup",
      "label": "Setup Sweeper",
      "category": "OFF"
    }
  ],
  "items": {
    "assault-vest": 51.875250159404054,
    "focus-sash": 905.7412640513487,
    "choice-scarf": 746.0755768629039,
    "heavy-duty-boots": 181.31746764018106,
    "metronome": 134.11954248076313,
    "life-orb": 30.88817718209823,
    "muscle-band": 5.999668992560869,
    "choice-band": 48.6427571230022,
    "eject-pack": 0.04980503918502599,
    "hard-stone": 0.21031285022313334,
    "expert-belt": 3.2792543532284606,
    "rocky-helmet": 32.50433171560824,
    "leftovers": 18.55288691986101,
    "focus-band": 3.6090780092560313,
    "stone-plate": 2.661719877598637,
    "wide-lens": 10.835211632770543,
    "lum-berry": 10.047936372710033,
    "loaded-dice": 22.566253077192183,
    "black-belt": 0.3340391624439573,
    "shell-bell": 0.6473691440530235,
    "salac-berry": 0.16818430374849302,
    "clear-amulet": 0.2935944531583195,
    "sitrus-berry": 1.6811146441701088,
    "iron-ball": 1.3559425417047692,
    "air-balloon": 0.07792025869318459,
    "nothing": 2.2663359935637395,
    "blunder-policy": 0.48002523216867155,
    "mental-herb": 0.0645402813929869,
    "zoom-lens": 0.3718771984604321,
    "scope-lens": 2.468496425361768,
    "rindo-berry": 0.3889877100295403
  },
  "abilities": {
    "sharpness": 2177.0530187653017,
    "sheer-force": 5.587748217764901,
    "swarm": 36.934154705780635
  },
  "moves": {
    "u-turn": 1012.6226410165714,
    "x-scissor": 1722.6354533569624,
    "trailblaze": 247.0536094520677,
    "night-slash": 464.8714626862455,
    "stone-axe": 2198.0318633140846,
    "swords-dance": 624.1263644412861,
    "close-combat": 1381.5814138159462,
    "defog": 274.5481963892146,
    "aerial-ace": 31.113820497326717,
    "fury-cutter": 232.09364081242688,
    "agility": 212.23233257342676,
    "lunge": 24.653286254467012,
    "rock-slide": 5.017104544588674,
    "tailwind": 21.272990082540733,
    "wing-attack": 1.2512354169461029,
    "protect": 10.301739774754333,
    "quick-attack": 73.92652945253926,
    "dual-wingbeat": 67.99677037989949,
    "air-slash": 3.0786303787032394,
    "acrobatics": 21.866046752140917,
    "double-edge": 8.76392396676356,
    "tera-blast": 2.726150569562756,
    "stone-edge": 6.421995964502726,
    "rock-blast": 3.2836336591978483,
    "substitute": 26.09183299103277,
    "brick-break": 156.37129951779002,
    "vacuum-wave": 8.43607791091544,
    "facade": 0.5682723795796925,
    "reversal": 0.9401495780401246,
    "stealth-rock": 1.2306130601341148,
    "light-screen": 1.017396653658281,
    "sandstorm": 0.37542881717856624,
    "counter": 3.452769147173119,
    "pounce": 0.019631023631546063,
    "": 3.803667957893044,
    "slash": 4.628609209543556,
    "bug-buzz": 0.6464199398322819,
    "feint": 16.778186591450424,
    "focus-energy": 2.468496425361768
  },
  "teras": {
    "grass": 18.339512358978553,
    "ghost": 533.6792125884554,
    "bug": 936.2875691786177,
    "water": 124.37093032840197,
    "fighting": 334.6982494238187,
    "ground": 61.82905717817499,
    "rock": 109.90685468105895,
    "flying": 10.225132192987495,
    "dragon": 24.90578069856455,
    "electric": 0.45829001942520153,
    "dark": 26.860684745543853,
    "steel": 36.802925635373725,
    "normal": 0.8388454609823823,
    "stellar": 0.3718771984604321
  },
  "spreads": [
    {
      "nature": "jolly",
      "usage": "31.3",
      "evs": {
        "hp": 0,
        "atk": 252,
        "def": 0,
        "spa": 0,
        "spd": 4,
        "spe": 252
      }
    },
    {
      "nature": "jolly",
      "usage": "16.3",
      "evs": {
        "hp": 0,
        "atk": 252,
        "def": 4,
        "spa": 0,
        "spd": 0,
        "spe": 252
      }
    },
    {
      "nature": "adamant",
      "usage": "13.5",
      "evs": {
        "hp": 0,
        "atk": 252,
        "def": 0,
        "spa": 0,
        "spd": 4,
        "spe": 252
      }
    },
    {
      "nature": "jolly",
      "usage": "8.3",
      "evs": {
        "hp": 4,
        "atk": 252,
        "def": 0,
        "spa": 0,
        "spd": 0,
        "spe": 252
      }
    },
    {
      "nature": "adamant",
      "usage": "6.4",
      "evs": {
        "hp": 0,
        "atk": 252,
        "def": 0,
        "spa": 0,
        "spd": 0,
        "spe": 252
      }
    },
    {
      "nature": "adamant",
      "usage": "4.3",
      "evs": {
        "hp": 0,
        "atk": 252,
        "def": 4,
        "spa": 0,
        "spd": 0,
        "spe": 252
      }
    },
    {
      "nature": "adamant",
      "usage": "3.2",
      "evs": {
        "hp": 4,
        "atk": 252,
        "def": 0,
        "spa": 0,
        "spd": 0,
        "spe": 252
      }
    },
    {
      "nature": "adamant",
      "usage": "2.4",
      "evs": {
        "hp": 4,
        "atk": 252,
        "def": 252,
        "spa": 0,
        "spd": 0,
        "spe": 0
      }
    },
    {
      "nature": "adamant",
      "usage": "2.1",
      "evs": {
        "hp": 24,
        "atk": 252,
        "def": 0,
        "spa": 0,
        "spd": 0,
        "spe": 232
      }
    },
    {
      "nature": "jolly",
      "usage": "2.0",
      "evs": {
        "hp": 0,
        "atk": 252,
        "def": 0,
        "spa": 0,
        "spd": 0,
        "spe": 252
      }
    }
  ],
  "teammates": {
    "3": 1.391318577869662,
    "6": 2.823176807188611,
    "9": 45.288924358939916,
    "38": 0.000008093415158838546,
    "45": 6.671342820589614,
    "53": 1.507538092009627,
    "57": 0.22599648082366464,
    "59": 70.2162565031522,
    "62": 0.4781745745336591,
    "73": 29.515235647758548,
    "79": 1.6231886011149235,
    "80": 2.1200576649750493,
    "82": 5.102173221241777,
    "85": 0.3718771984604321,
    "87": 0.4381001042079605,
    "91": 38.77893468227996,
    "94": 23.15783652399656,
    "103": 0.007080044963710785,
    "106": 21.110144106311168,
    "109": 0.9409523389234005,
    "113": 11.986795087779985,
    "123": 121.43808328374824,
    "128": 0.39269855815960003,
    "130": 61.86501600539132,
    "131": 0.39964389116181537,
    "132": 9.798074791074452,
    "134": 0.8926778625723002,
    "135": 4.748025350118934,
    "136": 2.6850656480404074,
    "151": 25.626897958072078,
    "160": 51.7082555800438,
    "162": 0.009575232518708676,
    "168": 6.723925979626067,
    "184": 197.42822545228606,
    "186": 17.158258700545467,
    "189": 1.7322349614126034,
    "192": 0.5017915955038308,
    "195": 4.4402298061759105,
    "196": 35.08750081803608,
    "197": 17.06464766411287,
    "199": 121.31725548737525,
    "204": 1.3102211531042172,
    "205": 282.59670651298813,
    "212": 460.4675660553433,
    "214": 6.253583056923152,
    "217": 0.34542824423134855,
    "219": 1.0050456387971158,
    "221": 0.5740279337971181,
    "225": 0.4381001042079605,
    "227": 84.29169378102105,
    "230": 5.915762297153734,
    "232": 69.20404471301447,
    "233": 18.21668167844557,
    "235": 0.37542881717856624,
    "237": 39.499029295251866,
    "242": 23.198577054833393,
    "243": 8.225935360174198,
    "244": 93.75371473038187,
    "245": 11.469234710411909,
    "254": 3.253232592906297,
    "260": 24.185477984646802,
    "275": 2.125443840191042,
    "282": 10.009860382026337,
    "284": 0.34236375563292676,
    "286": 2.847180879264227,
    "289": 1.1114091918249633,
    "297": 1.580088647070876,
    "302": 1.2777824785694194,
    "313": 1.8804547275387744,
    "317": 12.809467176718911,
    "324": 9.935238345816321,
    "330": 1.5984727898846125,
    "340": 1.1848473923282492,
    "342": 15.894494135260988,
    "350": 25.721814092329982,
    "357": 0.17113275930983757,