{
  "id": "730",
  "name": "Primarina",
  "format_id": "showdown_gen9doublesubers-1760",
  "usage_metrics": {
    "raw": 4991,
    "base_weight": 7.980476715293466,
    "percent": 2.4181435866626617
  },
  "roles": [
    {
      "role": "role_setup",
      "label": "Setup Sweeper",
      "category": "OFF"
    },
    {
      "role": "role_sweeper_special",
      "label": "Special Sweeper",
      "category": "OFF"
    },
    {
      "role": "role_wall_special",
      "label": "Special Wall",
      "category": "DEF"
    }
  ],
  "items": {
    "assault-vest": 0.24210142588606964,
    "sitrus-berry": 0.20954449317701607,
    "throat-spray": 2.9381015913092456,
    "focus-sash": 0.014039706960288445,
    "leftovers": 3.020161611937703,
    "choice-specs": 0.08788338075581043,
    "mystic-water": 0.27432134592881424,
    "heavy-duty-boots": 6.513679373654213e-9,
    "life-orb": 0.2790016835638957,
    "nothing": 0,
    "choice-scarf": 0.004897824970328368,
    "splash-plate": 0.0000050258394828639474,
    "covert-cloak": 0.0003880597856596446,
    "never-melt-ice": 0.00004686455700475545,
    "pixie-plate": 5.335332176059637e-11,
    "salac-berry": 0.025251101388540365,
    "weakness-policy": 0.0458875585330753,
    "clear-amulet": 0.00007306244516708249,
    "fairy-feather": 0.0005678748244086762,
    "damp-rock": 0.00917141030333296,
    "choice-band": 0.000018210271671148526,
    "safety-goggles": 0.7915225045656951,
    "zoom-lens": 0,
    "expert-belt": 0.0023132377776740043,
    "absorb-bulb": 1.559863349598345e-14,
    "quick-claw": 0,
    "rocky-helmet": 5.101296516873965e-7,
    "wise-glasses": 0.013887320047499208,
    "mago-berry": 0.000005491443440308608,
    "room-service": 0.0008665428711027157,
    "aguav-berry": 5.570518605280128e-7,
    "power-herb": 0.002662262638662094,
    "mental-herb": 9.638108291465386e-7,
    "light-clay": 0.016247610026411008,
    "wiki-berry": 0.0010539800679308375,
    "big-root": 0,
    "bright-powder": 0.0004534958581495774,
    "iapapa-berry": 0,
    "toxic-orb": 0,
    "air-balloon": 0
  },
  "abilities": {
    "torrent": 0.12609601281142668,
    "liquid-voice": 7.854380702482039
  },
  "moves": {
    "psychic": 0.05693252428121798,
    "ice-beam": 1.9673060808071665,
    "moonblast": 4.476274092362439,
    "sparkling-aria": 0.11958435010243262,
    "hyper-voice": 6.600216687140109,
    "haze": 1.5686126458469247,
    "protect": 2.386395560663594,
    "dazzling-gleam": 3.1030095439199217,
    "energy-ball": 1.1304723527660072,
    "blizzard": 0.10524126691059249,
    "calm-mind": 2.5472862680499833,
    "draining-kiss": 0.22988720186303818,
    "perish-song": 0.11058613294136488,
    "psych-up": 3.184182772453248e-7,
    "alluring-voice": 0.12995451502374,
    "hydro-pump": 0.04991781445239313,
    "shadow-ball": 0.0004202659043882617,
    "life-dew": 0.6232818662976407,
    "aqua-jet": 0.019439260101629885,
    "encore": 0.019286351742667573,
    "psychic-noise": 0.3531717880084874,
    "icy-wind": 0.11328811840001263,
    "disarming-voice": 6.8792283536289744e-9,
    "surf": 0.009592981300164283,
    "helping-hand": 0.4238925365096635,
    "liquidation": 0,
    "light-screen": 1.2033429533342241,
    "substitute": 0.030501920070937494,
    "triple-axel": 3.11611383918553e-8,
    "weather-ball": 0.10547305647212207,
    "chilling-water": 0.0011357522142506626,
    "ice-spinner": 0.013474081544557481,
    "flip-turn": 0.6891084649966119,
    "water-pledge": 0.17966711302086252,
    "sing": 1.3270989862590454e-10,
    "acrobatics": 0.0023927292223797636,
    "misty-explosion": 2.3869795029440866e-15,
    "misty-terrain": 0.0006321324922979321,
    "rain-dance": 0.7326548065860168,
    "snowscape": 6.579185156674328e-7,
    "hydro-cannon": 0.02704898998275518,
    "play-rough": 0.012534836212461264,
    "tera-blast": 0.5180005355735644,
    "amnesia": 5.077139986209289e-8,
    "uproar": 4.105174378210563e-8,
    "whirlpool": 0.0000028977178290756633,
    "hyper-beam": 0.0003649010626866067,
    "body-slam": 0,
    "sleep-talk": 1.0402336897419318e-7,
    "reflect": 1.1474493570516258,
    "baby-doll-eyes": 0.000006692752471004759,
    "aqua-ring": 4.2764680685536405e-11,
    "growl": 1.1096348293488965,
    "waterfall": 0,
    "stored-power": 0.004429395648197665,
    "": 0,
    "facade": 0,
    "charm": 7.438916149737906e-11
  },
  "teras": {
    "electric": 0.0006020304970488222,
    "grass": 0.5126869824408197,
    "water": 3.8966542428906052,
    "dragon": 0.8141543982765809,
    "flying": 0.01799539481487683,
    "poison": 0.32652403112950085,
    "fairy": 1.2642163470739818,
    "steel": 0.6194061522870571,
    "stellar": 0.009497620118352923,
    "psychic": 0.00443128640974344,
    "normal": 0.007228168921161071,
    "ghost": 0.0010141081820594922,
    "ice": 0,
    "fire": 0.025344610840167148,
    "fighting": 0.00868461347932259,
    "ground": 0.472014863237647,
    "rock": 0.000021864412812877543,
    "dark": 0,
    "bug": 2.8172991717312357e-10
  },
  "spreads": [
    {
      "nature": "modest",
      "usage": "26.9",
      "evs": {
        "hp": 252,
        "atk": 0,
        "def": 0,
        "spa": 252,
        "spd": 4,
        "spe": 0
      }
    },
    {
      "nature": "quiet",
      "usage": "13.9",
      "evs": {
        "hp": 252,
        "atk": 0,
        "def": 48,
        "spa": 100,
        "spd": 108,
        "spe": 0
      }
    },
    {
      "nature": "modest",
      "usage": "11.8",
      "evs": {
        "hp": 252,
        "atk": 0,
        "def": 0,
        "spa": 252,
        "spd": 0,
        "spe": 4
      }
    },
    {
      "nature": "bold",
      "usage": "11.7",
      "evs": {
        "hp": 252,
        "atk": 0,
        "def": 252,
        "spa": 0,
        "spd": 4,
        "spe": 0
      }
    },
    {
      "nature": "bold",
      "usage": "5.1",
      "evs": {
        "hp": 252,
        "atk": 0,
        "def": 0,
        "spa": 252,
        "spd": 4,
        "spe": 0
      }
    },
    {
      "nature": "relaxed",
      "usage": "4.1",
      "evs": {
        "hp": 252,
        "atk": 0,
        "def": 252,
        "spa": 4,
        "spd": 0,
        "spe": 0
      }
    },
    {
      "nature": "calm",
      "usage": "3.6",
      "evs": {
        "hp": 252,
        "atk": 0,
        "def": 0,
        "spa": 4,
        "spd": 252,
        "spe": 0
      }
    },
    {
      "nature": "calm",
      "usage": "2.5",
      "evs": {
        "hp": 252,
        "atk": 0,
        "def": 4,
        "spa": 0,
        "spd": 252,
        "spe": 0
      }
    },
    {
      "nature": "quiet",
      "usage": "2.1",
      "evs": {
        "hp": 120,
        "atk": 0,
        "def": 140,
        "spa": 148,
        "spd": 100,
        "spe": 0
      }
    },
    {
      "nature": "modest",
      "usage": "1.8",
      "evs": {
        "hp": 252,
        "atk": 0,
        "def": 4,
        "spa": 252,
        "spd": 0,
        "spe": 0
      }
    }
  ],
  "teammates": {
    "3": 0.0007884921212724105,
    "6": 0,
    "9": 0.0016046378711300213,
    "25": 0.00013919904075715417,
    "26": 0.0010917961113169894,
    "35": 0.02023924138318095,
    "36": 0.00807027660988957,
    "38": 1.3270989862590454e-10,
    "40": 0,
    "45": 0,
    "48": 0,
    "51": 5.748044829001486e-8,
    "52": 0,
    "59": 5.778415383961288e-7,
    "62": 0,
    "71": 0.00012296449631182815,
    "73": 0.0004534958581495774,
    "80": 0.0002958301999110846,
    "82": 0.042761863871626005,
    "91": 0.000022946991343475442,
    "94": 0.0000071780539013244216,
    "97": 0,
    "101": 0.000003394752108976107,
    "103": 0,
    "112": 2.1094237467877974e-15,
    "113": 0,
    "126": 0.11919120421292434,
    "130": 0.009385680636428306,
    "131": 0,
    "132": 0.0000035911062682969508,
    "133": 0,
    "134": 0.0007813669489023511,
    "135": 0,
    "136": 0,
    "137": 0,
    "143": 0.0029491669411698673,
    "144": 0,
    "145": 0.0009903943005336036,
    "149": 0.6184990977381717,