{
  "id": "765",
  "name": "Oranguru",
  "format_id": "showdown_gen9doublesubers-1760",
  "usage_metrics": {
    "raw": 4715,
    "base_weight": 22.321661037102608,
    "percent": 2.2844213606720993
  },
  "roles": [
    {
      "role": "role_tr_setter",
      "label": "Trick Room Setter",
      "category": "SUP"
    },
    {
      "role": "role_disruptor",
      "label": "Disruptor",
      "category": "SUP"
    },
    {
      "role": "role_wall_physical",
      "label": "Physical Wall",
      "category": "DEF"
    }
  ],
  "items": {
    "leftovers": 9.110247622458635,
    "mental-herb": 10.407987925762697,
    "psychic-seed": 0,
    "focus-sash": 0.3733494598935744,
    "covert-cloak": 0.25915035854930946,
    "clear-amulet": 0.0013686498441551342,
    "room-service": 0.0000708657325660389,
    "electric-seed": 0.02187402866353627,
    "safety-goggles": 0.06597144765002022,
    "choice-scarf": 0.0011937930864647228,
    "sitrus-berry": 1.0219798606627613,
    "weakness-policy": 0.0000020267312039745633,
    "rocky-helmet": 0.01345565978496932,
    "choice-band": 0.002252795549085418,
    "icicle-plate": 0,
    "aguav-berry": 0.08421773678244282,
    "poke-ball": 0.000018952551413042862,
    "assault-vest": 0.0038483139261516475,
    "life-orb": 0.1592977011827813,
    "nothing": 9.706994925084977e-7,
    "ability-shield": 0.0003001794600714369,
    "never-melt-ice": 0.2967989270856956,
    "eviolite": 0.000017808115356787724,
    "colbur-berry": 0.020736578362454072,
    "iron-ball": 0.05676167567260265,
    "damp-rock": 0,
    "throat-spray": 0.03795734872577028,
    "lum-berry": 0,
    "wiki-berry": 0,
    "eject-pack": 0.001397647562115023,
    "white-herb": 3.885780586188048e-16,
    "wise-glasses": 0,
    "terrain-extender": 0.009373965263403117,
    "red-card": 1.5642487305456143e-11,
    "power-herb": 0.000005650264836509766,
    "chesto-berry": 7.635272647465996e-8,
    "heat-rock": 0.0000037522373607101756,
    "light-clay": 0.19639578432964672,
    "magnet": 9.992007221626409e-16,
    "grassy-seed": 0.000001200060835426786,
    "kee-berry": 0,
    "normal-gem": 2.2059515247807582e-7,
    "quick-claw": 0.15082539544896573,
    "choice-specs": 0.024796658038687802,
    "mirror-herb": 0
  },
  "abilities": {
    "telepathy": 12.070528499509368,
    "inner-focus": 6.957395349472807,
    "symbiosis": 3.2937371881204305
  },
  "moves": {
    "instruct": 22.29149579745539,
    "rock-slide": 5.274480852079932e-10,
    "expanding-force": 0.18845609686638476,
    "protect": 7.239235535740841,
    "trick-room": 21.771766287720855,
    "encore": 3.375085819157229,
    "foul-play": 10.148785082487855,
    "knock-off": 1.110504290683374,
    "endeavor": 0.007623655390965434,
    "psychic": 1.0099390292716166,
    "yawn": 0.27325790502332836,
    "calm-mind": 0.3208174289317375,
    "brick-break": 0.0004547012765916403,
    "chilling-water": 3.0426653104675863,
    "hyper-voice": 1.283997440349678,
    "thunderbolt": 0.00007453846787797147,
    "reflect": 0.3216972430788097,
    "bulldoze": 1.6515957313784901,
    "psyshock": 0.0024720987888885437,
    "taunt": 8.739786001467207,
    "pain-split": 1.0235965402408984,
    "light-screen": 1.1979275291672886,
    "trick": 0.000029096780179371784,
    "future-sight": 0.005610871193792055,
    "skill-swap": 1.0968186702241116,
    "": 0.0000375416759466618,
    "last-resort": 1.1652783737936545e-9,
    "focus-blast": 0.00531511725156858,
    "thunder": 0.0000012299359244405395,
    "psychic-terrain": 0.022867969004843558,
    "rain-dance": 3.704650597402548e-8,
    "psychic-noise": 0.6005111757388941,
    "zen-headbutt": 2.305575008687555e-9,
    "after-you": 1.0902450590189403,
    "psych-up": 0.000008553598725646872,
    "sunny-day": 0.0005771756890285973,
    "dream-eater": 0.0004499739380508516,
    "substitute": 0.0018756311971225292,
    "stored-power": 0.31592869272714885,
    "shadow-ball": 0.0004621868550263586,
    "extrasensory": 0.057080840525319254,
    "scary-face": 3.885780586188048e-16,
    "earthquake": 1.1064343657940512e-7,
    "rest": 0.003855894020654782,
    "imprison": 0.0018355055147271648,
    "body-slam": 0.000054943245670679985,
    "gravity": 0.04032088364825437,
    "nasty-plot": 0.005315124233080337,
    "trailblaze": 0,
    "charge-beam": 0,
    "endure": 6.661338147750939e-16,
    "hyper-beam": 0.0000450944963737987,
    "energy-ball": 1.0343272467252087,
    "sleep-talk": 0.0000023029431676646617,
    "quash": 8.056410344403631e-7,
    "swift": 0.0018319271511468282,
    "tera-blast": 4.2033535646579523e-7,
    "fling": 1.5210055437364645e-14
  },
  "teras": {
    "normal": 6.793547915146391,
    "fairy": 3.6516819053250833,
    "grass": 0.3329155479372461,
    "steel": 0.02827541071921663,
    "dark": 6.819009302978827,
    "ghost": 3.3824488696646626,
    "dragon": 0.0006588786646179456,
    "ground": 0.0036495008833055675,
    "bug": 2.9350285701834622e-8,
    "psychic": 0.0031601838673475102,
    "flying": 0.043523312905211664,
    "stellar": 0.0000554165438166887,
    "water": 0.9167732686178164,
    "fighting": 0.05099747401910659,
    "rock": 2.4474866577861576e-13,
    "fire": 0.05050245488129418,
    "ice": 0.0013645233731867101,
    "poison": 0.24309704222494194
  },
  "spreads": [
    {
      "nature": "bold",
      "usage": "19.1",
      "evs": {
        "hp": 252,
        "atk": 0,
        "def": 152,
        "spa": 0,
        "spd": 104,
        "spe": 0
      }
    },
    {
      "nature": "calm",
      "usage": "13.7",
      "evs": {
        "hp": 252,
        "atk": 0,
        "def": 252,
        "spa": 0,
        "spd": 0,
        "spe": 0
      }
    },
    {
      "nature": "calm",
      "usage": "13.2",
      "evs": {
        "hp": 252,
        "atk": 0,
        "def": 252,
        "spa": 0,
        "spd": 4,
        "spe": 0
      }
    },
    {
      "nature": "relaxed",
      "usage": "10.0",
      "evs": {
        "hp": 244,
        "atk": 0,
        "def": 188,
        "spa": 0,
        "spd": 78,
        "spe": 0
      }
    },
    {
      "nature": "bold",
      "usage": "7.3",
      "evs": {
        "hp": 252,
        "atk": 0,
        "def": 252,
        "spa": 0,
        "spd": 4,
        "spe": 0
      }
    },
    {
      "nature": "sassy",
      "usage": "4.9",
      "evs": {
        "hp": 252,
        "atk": 0,
        "def": 24,
        "spa": 0,
        "spd": 232,
        "spe": 0
      }
    },
    {
      "nature": "sassy",
      "usage": "4.7",
      "evs": {
        "hp": 248,
        "atk": 0,
        "def": 8,
        "spa": 0,
        "spd": 252,
        "spe": 0
      }
    },
    {
      "nature": "calm",
      "usage": "4.7",
      "evs": {
        "hp": 252,
        "atk": 0,
        "def": 140,
        "spa": 0,
        "spd": 116,
        "spe": 0
      }
    },
    {
      "nature": "sassy",
      "usage": "4.5",
      "evs": {
        "hp": 64,
        "atk": 0,
        "def": 188,
        "spa": 4,
        "spd": 252,
        "spe": 0
      }
    },
    {
      "nature": "relaxed",
      "usage": "2.9",
      "evs": {
        "hp": 0,
        "atk": 0,
        "def": 252,
        "spa": 0,
        "spd": 252,
        "spe": 0
      }
    }
  ],
  "teammates": {
    "3": 0,
    "6": 0,
    "9": 0,
    "24": 1.3855786834549022e-7,
    "25": 3.12462833385041e-10,
    "35": 0.05961890719800794,
    "36": 0.45520359821023754,
    "38": 0.0006312988177484269,
    "49": 0.000015307312584145194,
    "59": 0.0010963505908134774,
    "80": 0,
    "91": 3.0615802115718793e-9,
    "101": 0.000055231046148795926,
    "106": 0.0000450944963737987,
    "107": 0.000020654338278192075,
    "113": 2.446931546273845e-13,
    "126": 2.565170298396424e-10,
    "129": 0.024428175830159604,
    "130": 4.0190073491430667e-14,
    "132": 0.04588114605636967,
    "136": 0.000020654338278192075,
    "143": 5.2735593669694936e-15,
    "145": 6.121948609161265e-8,
    "149": 3.109420165792187e-9,
    "150": 0.0007929685928352859,