{
  "id": "887",
  "name": "Dragapult",
  "format_id": "showdown_gen9doublesubers-1760",
  "usage_metrics": {
    "raw": 4523,
    "base_weight": 6.037151559780619,
    "percent": 2.191397203461274
  },
  "roles": [
    {
      "role": "role_sweeper_physical",
      "label": "Physical Sweeper",
      "category": "OFF"
    },
    {
      "role": "role_setup",
      "label": "Setup Sweeper",
      "category": "OFF"
    }
  ],
  "items": {
    "choice-band": 1.4597252849448763,
    "choice-specs": 0.09841203552459232,
    "focus-sash": 0.2145736768111055,
    "clear-amulet": 0.059252270878565605,
    "leftovers": 0.09125602334571808,
    "life-orb": 2.049637963371403,
    "loaded-dice": 0.016414088117560066,
    "weakness-policy": 0.04201486907945945,
    "rocky-helmet": 4.128144645010323e-7,
    "choice-scarf": 0.847370353577605,
    "draco-plate": 1.8183707539698446e-8,
    "assault-vest": 0.010819892630548666,
    "dragon-fang": 0.0012776062154982726,
    "covert-cloak": 0.0036904046187676287,
    "colbur-berry": 0,
    "red-card": 2.1797366622777758e-7,
    "sitrus-berry": 0.00013781933320122786,
    "expert-belt": 0.000051926374075417225,
    "spell-tag": 0,
    "air-balloon": 0.0003075394322666347,
    "wise-glasses": 0.0000336965401729894,
    "muscle-band": 3.622102617839573e-13,
    "heavy-duty-boots": 0.029671622749753712,
    "eject-pack": 6.300515664747763e-14,
    "nothing": 0.092419111782853,
    "eject-button": 0.000007497929157940231,
    "scope-lens": 0.0003272628012968015,
    "wide-lens": 0.00019170859235806414,
    "safety-goggles": 0.1408602212264382,
    "lum-berry": 2.842988868212437e-7,
    "quick-claw": 3.448152874341304e-11,
    "binding-band": 0,
    "kings-rock": 0,
    "psychic-seed": 0.000006457990559260995,
    "power-herb": 0.8563340866816826,
    "persim-berry": 0,
    "mirror-herb": 0.01610142188940278,
    "grip-claw": 0.0006389675320481736,
    "adrenaline-orb": 0.000008646261040912151,
    "metronome": 0.0012076681621555618,
    "aguav-berry": 0.004140527571471264,
    "razor-claw": 0.0000012900858643027924,
    "bright-powder": 1.5394640423549433e-7,
    "haban-berry": 0.00024912435598462013,
    "flame-plate": 0,
    "mental-herb": 0.0000035201811646179415,
    "light-clay": 0,
    "chesto-berry": 0,
    "salac-berry": 0.000005802639777507945,
    "white-herb": 8.330016210145175e-8,
    "float-stone": 0,
    "spooky-plate": 0
  },
  "abilities": {
    "clear-body": 4.955059592202586,
    "infiltrator": 0.8808295151835576,
    "cursed-body": 0.20126245239447532
  },
  "moves": {
    "dragon-darts": 5.258765124924747,
    "phantom-force": 4.248060574813515,
    "u-turn": 1.9789751052310085,
    "sucker-punch": 1.3355094881662306,
    "dragon-claw": 0.062008293003285975,
    "psychic-fangs": 0.13622291476153064,
    "tera-blast": 0.44052775887823703,
    "shadow-ball": 0.6363023796745271,
    "protect": 0.48910354969457737,
    "will-o-wisp": 0.18681465180283263,
    "outrage": 0.14327333570901402,
    "dragon-dance": 2.701014987041092,
    "fire-blast": 0.003246947348858553,
    "dragon-tail": 0.017103423208096435,
    "acrobatics": 0.025931948746888978,
    "thunderbolt": 0.1654356474740752,
    "helping-hand": 0.003690549848951119,
    "draco-meteor": 1.22310560743077,
    "baton-pass": 0.000014157693040028896,
    "agility": 0.003889962179907336,
    "bite": 0,
    "dragon-cheer": 0.23044941679050324,
    "thunder-wave": 1.0104126779354985,
    "light-screen": 0.011211543569523863,
    "double-edge": 0.10863644299731157,
    "facade": 0.0006109360736238911,
    "body-slam": 0.0010550547936317156,
    "dragon-rush": 0.00231179637947182,
    "substitute": 0.4286837096498432,
    "disable": 0.00781580616012817,
    "dragon-breath": 0.00003514782739155731,
    "sunny-day": 4.045545131670103e-7,
    "flamethrower": 0.41823427309983535,
    "hex": 0.09747326951766205,
    "infestation": 0.0007193136336782757,
    "breaking-swipe": 0.00689121933161474,
    "curse": 0.8204383099394921,
    "surf": 0.004306323982105231,
    "hydro-pump": 0.003886066467076843,
    "reflect": 0.03975523417526977,
    "quick-attack": 0.000006237541547216008,
    "dragon-pulse": 0.2145758437876426,
    "solar-beam": 0.00010475819724586888,
    "thunder": 0.10726892263145082,
    "assurance": 0,
    "last-resort": 0.01121133600457741,
    "lock-on": 0.00008253287551801547,
    "confuse-ray": 0.05464776791985859,
    "": 0,
    "double-hit": 0,
    "night-shade": 0.0012354123426777663,
    "rest": 0.0006389675320481736,
    "fly": 0.004540017622039261,
    "astonish": 0.004554261457886677,
    "hyper-beam": 5.399841684905482e-11,
    "pounce": 1.4977907231009473,
    "thief": 0.000026103491684137392,
    "giga-impact": 5.399841684905482e-11
  },
  "teras": {
    "dragon": 4.009981549105589,
    "steel": 0.49555844453461806,
    "ghost": 0.13572819145853504,
    "ice": 0.0030290573717745573,
    "flying": 0.000020220790594438487,
    "normal": 1.0910647786698204,
    "water": 0.0731255488037682,
    "fairy": 0.13777236346335753,
    "dark": 0.043064194370117825,
    "fire": 0.02665640942576708,
    "electric": 4.46691160782553e-7,
    "poison": 0.00011585571614280976,
    "ground": 0.0028511379420282368,
    "fighting": 0.006892539209043924,
    "stellar": 0.010411528802374725,
    "grass": 0.0008792929556242224,
    "bug": 4.703004652384379e-10
  },
  "spreads": [
    {
      "nature": "jolly",
      "usage": "24.5",
      "evs": {
        "hp": 4,
        "atk": 252,
        "def": 0,
        "spa": 0,
        "spd": 0,
        "spe": 252
      }
    },
    {
      "nature": "jolly",
      "usage": "23.9",
      "evs": {
        "hp": 0,
        "atk": 252,
        "def": 0,
        "spa": 0,
        "spd": 4,
        "spe": 252
      }
    },
    {
      "nature": "hasty",
      "usage": "15.9",
      "evs": {
        "hp": 0,
        "atk": 252,
        "def": 0,
        "spa": 4,
        "spd": 0,
        "spe": 252
      }
    },
    {
      "nature": "jolly",
      "usage": "8.3",
      "evs": {
        "hp": 0,
        "atk": 252,
        "def": 0,
        "spa": 0,
        "spd": 0,
        "spe": 252
      }
    },
    {
      "nature": "hasty",
      "usage": "5.2",
      "evs": {
        "hp": 0,
        "atk": 252,
        "def": 0,
        "spa": 0,
        "spd": 0,
        "spe": 252
      }
    },
    {
      "nature": "timid",
      "usage": "3.2",
      "evs": {
        "hp": 4,
        "atk": 0,
        "def": 0,
        "spa": 252,
        "spd": 0,
        "spe": 252
      }
    },
    {
      "nature": "timid",
      "usage": "2.8",
      "evs": {
        "hp": 0,
        "atk": 0,
        "def": 0,
        "spa": 252,
        "spd": 4,
        "spe": 252
      }
    },
    {
      "nature": "jolly",
      "usage": "2.0",
      "evs": {
        "hp": 0,
        "atk": 252,
        "def": 4,
        "spa": 0,
        "spd": 0,
        "spe": 252
      }
    },
    {
      "nature": "lonely",
      "usage": "1.5",
      "evs": {
        "hp": 0,
        "atk": 4,
        "def": 0,
        "spa": 252,
        "spd": 0,
        "spe": 252
      }
    },
    {
      "nature": "hardy",
      "usage": "1.5",
      "evs": {
        "hp": 4,
        "atk": 0,
        "def": 0,
        "spa": 252,
        "spd": 0,
        "spe": 252
      }
    }
  ],
  "teammates": {
    "3": 0.019527363501813777,
    "6": 0.06328747006885127,
    "9": 0.0010786182226121266,
    "25": 3.5057511504899e-8,
    "26": 0.00009957392726345216,
    "35": 0.0001978359678833641,
    "36": 0.00010517557216588314,
    "38": 0,
    "49": 0,
    "51": 5.748044829001486e-8,
    "55": 2.5124902158779605e-12,
    "59": 0.015271190012875413,
    "62": 0,
    "79": 0,
    "80": 0.000005756768941211909,
    "82": 2.0539125955565396e-15,
    "91": 2.66336053211802e-9,
    "94": 7.624419651186543e-9,
    "101": 5.468452357604292e-10,
    "102": 2.0539125955565396e-15,
    "110": 0.9999999858480482,
    "112": 3.5613887955365797e-7,
    "113": 0.00008640405380549998,