{
  "id": "10020",
  "name": "Thundurus therian",
  "format_id": "showdown_gen9ou-1500",
  "usage_metrics": {
    "raw": 26345,
    "base_weight": 12451.81503135134,
    "percent": 1.2736233072340064
  },
  "roles": [
    {
      "role": "role_sweeper_special",
      "label": "Special Sweeper",
      "category": "OFF"
    },
    {
      "role": "role_setup",
      "label": "Setup Sweeper",
      "category": "OFF"
    }
  ],
  "items": {
    "choice-specs": 3301.0887809445594,
    "leftovers": 737.4678628985798,
    "expert-belt": 138.92847944233273,
    "heavy-duty-boots": 4122.807458937717,
    "choice-scarf": 2454.561122637657,
    "magnet": 83.84756320401256,
    "life-orb": 711.0563715686413,
    "sitrus-berry": 171.59998184285644,
    "aguav-berry": 0.4111761756226164,
    "razor-claw": 0.5521284371257362,
    "wide-lens": 9.591193385576851,
    "focus-sash": 84.48761051806872,
    "nothing": 13.648271942942724,
    "assault-vest": 306.42293388247094,
    "choice-band": 14.867430693807604,
    "mirror-herb": 0.023410181875297476,
    "rocky-helmet": 4.2717245686450624,
    "air-balloon": 9.924440036786732,
    "zap-plate": 62.107878533367895,
    "salac-berry": 18.512477113511274,
    "muscle-band": 0.7508911548046893,
    "eject-button": 3.7891000446215344,
    "damp-rock": 6.2971456854367025,
    "earth-plate": 1.0779105877224224,
    "covert-cloak": 0.3449086465744879,
    "grassy-seed": 0.02662016330087047,
    "terrain-extender": 5.617728504603292e-14,
    "wiki-berry": 1.8575481049429126,
    "wise-glasses": 11.905193556379148,
    "kee-berry": 1.1157895901846675,
    "yache-berry": 19.192666221377046,
    "eject-pack": 0.041734894354061414,
    "blunder-policy": 20.51237140207783,
    "spell-tag": 0.24654615821900583,
    "red-card": 1.2713916633588926,
    "miracle-seed": 8.582808999370517,
    "mental-herb": 1.1634752634265562,
    "heat-rock": 0.9621174952715257,
    "electric-seed": 0.0033641583222522864,
    "meadow-plate": 5.845134938206295,
    "loaded-dice": 0.001184489459848892,
    "lum-berry": 110.9635343473379,
    "scope-lens": 0.9577302291815994,
    "jaboca-berry": 0.25715687255374003,
    "sharp-beak": 4.8349321268379155,
    "weakness-policy": 0.5270280558226793,
    "booster-energy": 0.0000017637110176216275,
    "normal-gem": 0.5305712337331496,
    "absorb-bulb": 0.3718771984604321,
    "charti-berry": 1.6799573118774145,
    "clear-amulet": 0.0015171679418679584,
    "safety-goggles": 0.5245248803346637
  },
  "abilities": {
    "volt-absorb": 12451.81503135134
  },
  "moves": {
    "volt-switch": 7626.44574997515,
    "thunderbolt": 8025.907089856135,
    "sludge-wave": 1518.9148475785503,
    "psychic": 843.2020436105809,
    "agility": 1275.931210431239,
    "discharge": 457.55981601707776,
    "tera-blast": 7869.314156176397,
    "weather-ball": 2169.8775443128875,
    "thunder": 1700.264098869286,
    "grass-knot": 5298.198872928373,
    "knock-off": 1331.6183696469836,
    "dark-pulse": 1164.6045988027272,
    "focus-blast": 2884.013001364105,
    "wildbolt-storm": 538.2942195765305,
    "nasty-plot": 3871.429014684898,
    "sludge-bomb": 1228.0523970611698,
    "hyper-beam": 4.069041810979317,
    "u-turn": 696.4837996031821,
    "substitute": 138.76755452063782,
    "hammer-arm": 52.51727074914476,
    "flash-cannon": 463.9266602686888,
    "protect": 27.389988911528388,
    "rain-dance": 46.4804980801773,
    "electric-terrain": 3.7121327769990193,
    "thunder-wave": 205.78275981127243,
    "fly": 8.84326275628587,
    "electroweb": 5.095040466913985,
    "supercell-slam": 29.396570025346854,
    "thunder-punch": 4.232172242455526,
    "acrobatics": 30.796181890737323,
    "taunt": 191.47656457278455,
    "zen-headbutt": 13.065907157674003,
    "": 11.35460116770674,
    "charge-beam": 10.853280720345147,
    "crunch": 1.9926551245278277,
    "electro-ball": 6.526532577776182,
    "bulk-up": 2.3757876217418095,
    "rest": 8.27968593502523,
    "sleep-talk": 7.829351150240115,
    "foul-play": 14.537671916750677,
    "eerie-impulse": 1.6106968232903727,
    "body-slam": 1.3754523090366657,
    "brick-break": 2.2958560938141908,
    "sunny-day": 2.2278344021615393,
    "scary-face": 0.2782915759780552,
    "thrash": 0.5145993537344248,
    "endure": 3.445990645250031,
    "facade": 2.0345113010219915,
    "lash-out": 0.33278397873228016,
    "snarl": 2.1964154019134092,
    "shock-wave": 0.3718771984604321,
    "swagger": 0.047865164717880715,
    "charge": 0.488181433446983,
    "bite": 0.488187090869402,
    "smack-down": 0.13957988196578175
  },
  "teras": {
    "electric": 2002.2018095345352,
    "fire": 36.841958699248664,
    "poison": 326.09906897004464,
    "fairy": 4210.902954165139,
    "ice": 2203.5798835827604,
    "flying": 2072.920152889465,
    "stellar": 8.856265431583196,
    "water": 563.5103379852114,
    "dragon": 5.037743261095578,
    "rock": 35.13815892949023,
    "grass": 124.0838385458769,
    "fighting": 279.58774618252073,
    "steel": 385.63695033341,
    "ground": 46.05026841116348,
    "normal": 3.8732674938415474,
    "psychic": 18.88799661978306,
    "dark": 90.03014587977212,
    "bug": 0.9703829524902005,
    "ghost": 37.606101483948805
  },
  "spreads": [
    {
      "nature": "timid",
      "usage": "51.6",
      "evs": {
        "hp": 0,
        "atk": 0,
        "def": 0,
        "spa": 252,
        "spd": 4,
        "spe": 252
      }
    },
    {
      "nature": "modest",
      "usage": "11.2",
      "evs": {
        "hp": 0,
        "atk": 0,
        "def": 0,
        "spa": 252,
        "spd": 4,
        "spe": 252
      }
    },
    {
      "nature": "timid",
      "usage": "7.4",
      "evs": {
        "hp": 0,
        "atk": 0,
        "def": 4,
        "spa": 252,
        "spd": 0,
        "spe": 252
      }
    },
    {
      "nature": "timid",
      "usage": "6.8",
      "evs": {
        "hp": 4,
        "atk": 0,
        "def": 0,
        "spa": 252,
        "spd": 0,
        "spe": 252
      }
    },
    {
      "nature": "modest",
      "usage": "5.0",
      "evs": {
        "hp": 4,
        "atk": 0,
        "def": 0,
        "spa": 252,
        "spd": 0,
        "spe": 252
      }
    },
    {
      "nature": "modest",
      "usage": "3.4",
      "evs": {
        "hp": 0,
        "atk": 0,
        "def": 4,
        "spa": 252,
        "spd": 0,
        "spe": 252
      }
    },
    {
      "nature": "hasty",
      "usage": "2.0",
      "evs": {
        "hp": 0,
        "atk": 4,
        "def": 0,
        "spa": 252,
        "spd": 0,
        "spe": 252
      }
    },
    {
      "nature": "timid",
      "usage": "1.8",
      "evs": {
        "hp": 0,
        "atk": 0,
        "def": 0,
        "spa": 252,
        "spd": 0,
        "spe": 252
      }
    },
    {
      "nature": "modest",
      "usage": "1.7",
      "evs": {
        "hp": 88,
        "atk": 0,
        "def": 0,
        "spa": 164,
        "spd": 4,
        "spe": 252
      }
    },
    {
      "nature": "modest",
      "usage": "1.5",
      "evs": {
        "hp": 0,
        "atk": 0,
        "def": 0,
        "spa": 252,
        "spd": 0,
        "spe": 252
      }
    }
  ],
  "teammates": {
    "3": 98.22141357682489,
    "6": 7.176938266143171,
    "9": 106.42620446363713,
    "25": 8.387550569922189,
    "26": 0.16263500894549143,
    "35": 0.03627633794508789,
    "36": 469.4280714690097,
    "38": 23.465497529450136,
    "45": 47.18844421752621,
    "49": 4.233247874481187,
    "51": 0.00004421932632892034,
    "53": 0.00028785492054472783,
    "55": 1.149491074862984,
    "59": 29.997047000795455,
    "62": 56.55024996994097,
    "72": 0.8213688146811855,
    "73": 76.44946714833863,
    "76": 5.220115846086848,
    "80": 17.37539712649941,
    "82": 0.059349426362707736,
    "85": 2.7681719564357348,
    "87": 0.030294701205609065,
    "89": 2.6532484935838454,
    "91": 92.78137584499842,
    "94": 46.858157472463624,
    "103": 0.16765650390686843,
    "106": 16.34585716692314,