{
  "id": "376",
  "name": "Metagross",
  "format_id": "showdown_gen9bssregi-1760",
  "usage_metrics": {
    "raw": 344,
    "base_weight": 0.19857314204292836,
    "percent": 0.6112078462030489
  },
  "roles": [
    {
      "role": "role_sweeper_physical",
      "label": "Physical Sweeper",
      "category": "OFF"
    },
    {
      "role": "role_wall_physical",
      "label": "Physical Wall",
      "category": "DEF"
    }
  ],
  "items": {
    "metal-coat": 0,
    "life-orb": 0.0007587435874671922,
    "expert-belt": 0.008290517224492089,
    "choice-band": 0.05020103914414009,
    "choice-scarf": 0.003559412017753505,
    "assault-vest": 0.06295112495319699,
    "normal-gem": 0.054025872462368285,
    "weakness-policy": 0.000007802391856048807,
    "leftovers": 0.0000014342633042896402,
    "focus-sash": 2.930988785010413e-14,
    "nothing": 0,
    "air-balloon": 0.0006455993315932496,
    "rocky-helmet": 0.00011159535074867222,
    "power-herb": 0.0032923138842119726,
    "sitrus-berry": 0.014727687431766667,
    "heavy-duty-boots": 0
  },
  "abilities": {
    "clear-body": 0.19857314204292836
  },
  "moves": {
    "flash-cannon": 0,
    "zen-headbutt": 0.010450758529087056,
    "hammer-arm": 0,
    "thunder-punch": 0,
    "bullet-punch": 0.16498115116138273,
    "earthquake": 0.18806176275619024,
    "meteor-mash": 0.12624810889931298,
    "psychic-fangs": 0.004768329244466907,
    "rock-slide": 0,
    "explosion": 0.12130511642110253,
    "body-press": 0.0029587360956456754,
    "iron-head": 0.006841166208857552,
    "knock-off": 0.050754252225275964,
    "heavy-slam": 0.0012089172244975077,
    "brick-break": 0.0019061329047200815,
    "shadow-claw": 0,
    "psychic": 0,
    "agility": 0,
    "body-slam": 0,
    "trailblaze": 0.0013950410830066429,
    "ice-punch": 0.07124942198220341,
    "iron-defense": 0.0001107812839142297,
    "rest": 0.0001107812839142297,
    "reflect": 0.0001107812839142297,
    "endure": 0,
    "stomping-tantrum": 0,
    "meteor-beam": 0.0032923138842119726,
    "grass-knot": 0.0032923138842119726,
    "light-screen": 0.014727687431766667,
    "stealth-rock": 0.01472850149860111,
    "trick": 0.004768329242002878,
    "": 0,
    "protect": 0.0005110918217134386,
    "double-edge": 0.0005110918217134386,
    "bulldoze": 0
  },
  "teras": {
    "steel": 0.056068018821564036,
    "normal": 0.10986974287597484,
    "ground": 0.022506786003117396,
    "flying": 0.0000014342633042896402,
    "fairy": 0.0013950410830066429,
    "dark": 0.0004337993796130202,
    "water": 0.008298319616348138
  },
  "spreads": [
    {
      "nature": "adamant",
      "usage": "32.1",
      "evs": {
        "hp": 252,
        "atk": 252,
        "def": 0,
        "spa": 0,
        "spd": 4,
        "spe": 0
      }
    },
    {
      "nature": "adamant",
      "usage": "31.5",
      "evs": {
        "hp": 252,
        "atk": 0,
        "def": 128,
        "spa": 0,
        "spd": 124,
        "spe": 0
      }
    },
    {
      "nature": "adamant",
      "usage": "23.0",
      "evs": {
        "hp": 76,
        "atk": 252,
        "def": 0,
        "spa": 0,
        "spd": 0,
        "spe": 180
      }
    },
    {
      "nature": "hardy",
      "usage": "7.4",
      "evs": {
        "hp": 124,
        "atk": 0,
        "def": 200,
        "spa": 0,
        "spd": 184,
        "spe": 0
      }
    },
    {
      "nature": "adamant",
      "usage": "2.1",
      "evs": {
        "hp": 4,
        "atk": 252,
        "def": 0,
        "spa": 0,
        "spd": 0,
        "spe": 252
      }
    },
    {
      "nature": "brave",
      "usage": "1.6",
      "evs": {
        "hp": 252,
        "atk": 60,
        "def": 4,
        "spa": 132,
        "spd": 60,
        "spe": 0
      }
    },
    {
      "nature": "adamant",
      "usage": "1.2",
      "evs": {
        "hp": 0,
        "atk": 252,
        "def": 4,
        "spa": 0,
        "spd": 0,
        "spe": 252
      }
    },
    {
      "nature": "jolly",
      "usage": "0.6",
      "evs": {
        "hp": 4,
        "atk": 252,
        "def": 0,
        "spa": 0,
        "spd": 0,
        "spe": 252
      }
    },
    {
      "nature": "adamant",
      "usage": "0.3",
      "evs": {
        "hp": 0,
        "atk": 252,
        "def": 0,
        "spa": 0,
        "spd": 0,
        "spe": 252
      }
    },
    {
      "nature": "adamant",
      "usage": "0.2",
      "evs": {
        "hp": 252,
        "atk": 252,
        "def": 0,
        "spa": 0,
        "spd": 0,
        "spe": 4
      }
    }
  ],
  "teammates": {
    "6": 0,
    "38": 0,
    "51": 0.08099214676021804,
    "82": 0,
    "94": 0.002568295357269046,
    "132": 0,
    "135": 0,
    "143": 0,
    "149": 0.010279890619486365,
    "184": 0.0025876289671871167,
    "186": 0,
    "195": 2.5848169715736447e-9,
    "227": 0,
    "230": 0,
    "233": 0,
    "235": 4.916472393645677e-7,
    "237": 0,
    "248": 4.440892098500626e-15,
    "249": 0,
    "250": 0.0004337993796130202,
    "254": 0,
    "257": 0.00355941201750537,
    "260": 0,
    "279": 0.0000036620802327247404,
    "286": 0.0035650517708701313,
    "358": 0.0004966469811869545,
    "373": 2.258979031610764e-8,
    "377": 0.025829417007406597,
    "381": 0.00355941201750537,
    "382": 0.05038734610781259,
    "383": 0,
    "384": 0.006016926093316499,
    "395": 0.0000036620802327247404,
    "398": 0.002457514073354816,
    "419": 0.0001107812839142297,
    "423": 0,
    "424": 0.000007436491156476155,
    "437": 0,
    "445": 0.09978705291043327,
    "450": 0,
    "472": 0.0004337993796130202,
    "473": 0,
    "474": 0.0013950410830066429,
    "477": 7.605027718682322e-15,
    "485": 0.000005639753364761191,
    "553": 2.4563129308319276e-12,
    "596": 0.0540431963403169,
    "615": 0.03535907147402034,
    "625": 0.0001107812839142297,
    "637": 0.05415397762423113,
    "638": 0,
    "703": 0.0004966469811869545,
    "715": 0,
    "727": 0,
    "730": 2.4563129308319276e-12,
    "748": 0,
    "752": 0.0012302871542433924,
    "758": 0.000005639753612896037,
    "778": 0.048090589359552516,
    "789": 0.0004966469811869545,
    "812": 0.0000014342633042896402,
    "823": 0,
    "842": 0.00004782039149026085,
    "849": 0,
    "861": 0.05404401962197514,
    "879": 0,
    "884": 0,
    "887": 1.19334411130545e-7,
    "890": 0,
    "900": 0.000005639753364761191,
    "901": 0,
    "902": 0.0005003090614196792,
    "914": 0.0540431963403169,
    "923": 0.00245007758219834,
    "930": 0.000046670315669350426,
    "934": 8.140668344425173e-7,
    "937": 0.010279076552647481,
    "945": 0,
    "954": 0.0004966469811869545,
    "970": 0.008884058059431155,
    "977": 0.012169758519814888,
    "979": 0.000003662080240329768,
    "980": 0.0013950410830066429,
    "983": 2.481348460037225e-13,
    "987": 0.000007802391856048807,
    "988": 0.00008159333580620709,
    "998": 4.440892098500626e-15,
    "1000": 0.000005639753612896037,
    "1002": 0.006282554093249515,
    "1003": 0.006291170551940006,
    "1004": 0,
    "1008": 0.000001434263311894668,
    "1018": 0.0000036620802327247404,
    "1023": 0.00004782039149026085,
    "1024": 2.258979031610764e-8,
    "10007": 7.605027718682322e-15,
    "10008": 2.4563129308319276e-12,
    "10019": 0,
    "10020": 0.0011925878841804738,
    "10104": 2.258979031610764e-8,
    "10111": 7.605027718682322e-15,
    "10113": 0.0004337993796130202,
    "10188": 0.05192343177400771,
    "10189": 2.481348460037225e-13,
    "10191": 0.003486253206034795,
    "10194": 0.015609005401193865,
    "10234": 0,
    "10236": 0.0011925878841804738,
    "10272": 0.0000014342633042896402
  }
}