{
  "id": "547",
  "name": "Whimsicott",
  "format_id": "showdown_gen9bssregi-1760",
  "usage_metrics": {
    "raw": 1014,
    "base_weight": 2.9641952234355324,
    "percent": 1.801641732703173
  },
  "roles": [
    {
      "role": "role_sweeper_special",
      "label": "Special Sweeper",
      "category": "OFF"
    },
    {
      "role": "role_disruptor",
      "label": "Disruptor",
      "category": "SUP"
    },
    {
      "role": "role_staller",
      "label": "Staller",
      "category": "DEF"
    }
  ],
  "items": {
    "lagging-tail": 0.07695111981672481,
    "focus-sash": 2.4316373210886453,
    "nothing": 0.0011486895380463102,
    "mental-herb": 0.018156060440480404,
    "heavy-duty-boots": 0.0000013573031435454297,
    "black-sludge": 0.00007280566076933725,
    "sitrus-berry": 0.26476412919556475,
    "covert-cloak": 0.0031100046610930687,
    "lum-berry": 0,
    "leftovers": 0.1008890517635107,
    "rocky-helmet": 0.06734965038359142,
    "light-clay": 0.00011329014822430983,
    "heat-rock": 0,
    "wide-lens": 0,
    "eject-button": 0.0000017433354138618462,
    "choice-scarf": 1.0032608077636951e-10,
    "safety-goggles": 0
  },
  "abilities": {
    "prankster": 2.9608772704537736,
    "chlorophyll": 0.0033179529817587983,
    "infiltrator": 0
  },
  "moves": {
    "memento": 0.16735335443256838,
    "encore": 1.8921245101064519,
    "moonblast": 2.8252439120069073,
    "switcheroo": 0.07702392557782023,
    "tailwind": 2.234203178603837,
    "endeavor": 1.1501789007548413,
    "energy-ball": 0.00008970492876969605,
    "stun-spore": 0.003316595678620027,
    "u-turn": 0.022621745113480196,
    "trick-room": 0.022997714925017287,
    "taunt": 0.0859846358513498,
    "cotton-guard": 0.002758612669530869,
    "substitute": 0.6532719682630528,
    "leech-seed": 0.6535926244410339,
    "grass-knot": 0.9764780419395439,
    "": 0,
    "helping-hand": 0,
    "protect": 0.09601766403499229,
    "dazzling-gleam": 0.0007375167391857618,
    "worry-seed": 0,
    "beat-up": 0,
    "light-screen": 0.018883484846332566,
    "sunny-day": 0,
    "solar-beam": 0.0033165956786150863,
    "fake-tears": 0.002848895371221627,
    "tera-blast": 0,
    "growth": 0,
    "shadow-ball": 0.9677372687356456,
    "grassy-terrain": 0,
    "misty-terrain": 4.3042508335311425e-8,
    "endure": 8.120171202108395e-13,
    "giga-drain": 0,
    "poison-powder": 0,
    "charm": 0
  },
  "teras": {
    "grass": 0.021266836310948,
    "ghost": 1.8601665977046677,
    "steel": 0.5705213647481047,
    "water": 0.0004450163967071874,
    "fairy": 0.004374484495923425,
    "fire": 0.33362368006561255,
    "poison": 0.00009811882781729508,
    "normal": 0.17017850143044305,
    "dark": 0.0034071317244132593,
    "ground": 0.00011329014822430983,
    "stellar": 2.0158267433068033e-7,
    "rock": 0,
    "dragon": 0
  },
  "spreads": [
    {
      "nature": "modest",
      "usage": "32.6",
      "evs": {
        "hp": 124,
        "atk": 0,
        "def": 4,
        "spa": 252,
        "spd": 124,
        "spe": 4
      }
    },
    {
      "nature": "mild",
      "usage": "26.8",
      "evs": {
        "hp": 0,
        "atk": 0,
        "def": 0,
        "spa": 252,
        "spd": 0,
        "spe": 252
      }
    },
    {
      "nature": "timid",
      "usage": "9.8",
      "evs": {
        "hp": 0,
        "atk": 0,
        "def": 4,
        "spa": 0,
        "spd": 252,
        "spe": 252
      }
    },
    {
      "nature": "bold",
      "usage": "8.9",
      "evs": {
        "hp": 236,
        "atk": 0,
        "def": 252,
        "spa": 0,
        "spd": 20,
        "spe": 0
      }
    },
    {
      "nature": "timid",
      "usage": "6.1",
      "evs": {
        "hp": 0,
        "atk": 0,
        "def": 0,
        "spa": 252,
        "spd": 4,
        "spe": 252
      }
    },
    {
      "nature": "modest",
      "usage": "5.7",
      "evs": {
        "hp": 0,
        "atk": 0,
        "def": 4,
        "spa": 252,
        "spd": 0,
        "spe": 252
      }
    },
    {
      "nature": "bold",
      "usage": "3.2",
      "evs": {
        "hp": 252,
        "atk": 0,
        "def": 252,
        "spa": 0,
        "spd": 4,
        "spe": 0
      }
    },
    {
      "nature": "modest",
      "usage": "2.6",
      "evs": {
        "hp": 252,
        "atk": 0,
        "def": 4,
        "spa": 252,
        "spd": 0,
        "spe": 0
      }
    },
    {
      "nature": "modest",
      "usage": "2.3",
      "evs": {
        "hp": 140,
        "atk": 0,
        "def": 4,
        "spa": 252,
        "spd": 4,
        "spe": 108
      }
    },
    {
      "nature": "jolly",
      "usage": "0.7",
      "evs": {
        "hp": 252,
        "atk": 4,
        "def": 0,
        "spa": 0,
        "spd": 0,
        "spe": 252
      }
    }
  ],
  "teammates": {
    "25": 8.745876245441764e-11,
    "35": 0.0009285616162431065,
    "36": 0,
    "76": 0.00009811882781729508,
    "91": 0,
    "94": 0,
    "96": 0,
    "113": 0.0011486895380463102,
    "123": 0.0007375167391857618,
    "130": 0.003564430991281342,
    "131": 0.00008076686856822723,
    "132": 0.000010864586904746343,
    "133": 8.745876245441764e-11,
    "148": 1.286731832195187e-11,
    "149": 0.000015807392806044263,
    "184": 0.015232090197780712,
    "196": 2.8538050811377502e-8,
    "198": 5.406519676398602e-11,
    "205": 0.0005229374705809642,
    "212": 5.384581669432009e-15,
    "227": 0.0010397606149932792,
    "233": 0.00009811882782345682,
    "235": 0.07600103082604853,
    "242": 0,
    "244": 0.0000012458675833770805,
    "248": 0.005501668849204555,
    "249": 0.000038851327630262666,
    "250": 0.973081193164239,
    "257": 0.0002953430011022329,
    "260": 6.161737786669619e-15,
    "279": 0,
    "313": 0,
    "330": 0,
    "350": 0,
    "356": 0.016331620916150036,
    "381": 0,
    "382": 0.984951536814684,
    "383": 0.003316604998380379,
    "384": 0,
    "389": 0,
    "396": 1.0032608077636951e-10,
    "398": 0,
    "402": 0.00014513042359742823,
    "409": 0.00009811882781729508,
    "424": 0,
    "445": 3.64460367996422e-8,
    "448": 0,
    "464": 6.34492458573277e-14,
    "472": 0.09305399994327129,
    "473": 0.25014746343711664,
    "480": 0,
    "483": 0.0007375167391857618,
    "530": 0,
    "591": 0.0002953158748307261,
    "594": 0.09592286441598319,
    "596": 0,
    "609": 0.16843503898342937,
    "625": 1.235489538453649e-8,
    "635": 0.00011329014822430983,
    "637": 1.9096946246577318e-12,
    "641": 0,
    "642": 0,
    "666": 0,
    "691": 0.0002848927064044715,
    "707": 0.000007057301118884585,
    "724": 0.00007363415467198653,
    "727": 0.16982941034377735,
    "730": 0,
    "741": 0,
    "748": 3.606884517726172e-7,
    "752": 0.000003861841445573777,
    "764": 1.0032608077636951e-10,
    "778": 2.205011451206218e-9,
    "779": 0.0007375167392048576,
    "792": 0.2898759731165075,
    "812": 0.001073691939514454,
    "815": 0.00007363415467198653,
    "823": 0.00011329014822430983,
    "845": 0,
    "855": 0,
    "858": 0.0005244969275296496,
    "861": 0.3433381541456592,
    "869": 0,
    "876": 0,
    "887": 0,
    "890": 0.09457823501326645,
    "892": 1.5543122344752192e-15,
    "894": 0,
    "900": 0,
    "901": 0.05405640390003369,
    "902": 0.9677372687356456,
    "903": 0,
    "905": 0,
    "911": 0,
    "920": 5.405981218231659e-11,
    "925": 0.0002953430030119275,
    "930": 9.492406860545088e-15,
    "931": 1.286731832195187e-11,
    "934": 0.0005242118762151526,
    "937": 0.0033165956786150863,
    "956": 0.07924399229592644,
    "959": 0,
    "964": 0,
    "967": 0,
    "970": 1.5999303621607521,
    "977": 6.724388768031275e-9,
    "979": 0,
    "980": 0.00029530655506543324,
    "981": 0,
    "982": 0,
    "983": 0.0033194397759111482,
    "985": 0.0005244969275296496,
    "987": 0.9758196640156229,
    "989": 5.88418203051333e-15,
    "990": 0.7956995123695575,
    "991": 0.9684747876797795,
    "992": 0.00011329014822430983,