{
  "id": "892",
  "name": "Urshifu Single Strike",
  "format_id": "showdown_gen9bssregi-1760",
  "usage_metrics": {
    "raw": 802,
    "base_weight": 1.403572386627632,
    "percent": 1.4249671298105968
  },
  "roles": [
    {
      "role": "role_sweeper_physical",
      "label": "Physical Sweeper",
      "category": "OFF"
    },
    {
      "role": "role_setup",
      "label": "Setup Sweeper",
      "category": "OFF"
    }
  ],
  "items": {
    "focus-sash": 1.1076649864787378,
    "choice-band": 0.20776010323046784,
    "black-glasses": 8.271161533457416e-15,
    "assault-vest": 0,
    "choice-scarf": 0.08205531880678746,
    "life-orb": 0.000004022602100584027,
    "lum-berry": 4.1863460775726224e-7,
    "punching-glove": 3.7890246495919655e-12,
    "nothing": 0.006087409071558969,
    "covert-cloak": 1.2779957386799268e-7,
    "rocky-helmet": 0
  },
  "abilities": {
    "unseen-fist": 1.403572386627632
  },
  "moves": {
    "wicked-blow": 1.3974849775560731,
    "close-combat": 1.3836941126562812,
    "sucker-punch": 1.3246386091827438,
    "swords-dance": 0.7369985584671959,
    "u-turn": 0.26661447732527044,
    "lash-out": 0,
    "counter": 0.14509674923335825,
    "taunt": 0.13047913928654853,
    "poison-jab": 0.08112685978363227,
    "rock-slide": 0,
    "drain-punch": 0.00008235984187110468,
    "detect": 0.013685453308457052,
    "protect": 0,
    "trailblaze": 0.021513610770233282,
    "tera-blast": 0.07459767119241162,
    "ice-punch": 0.01360878232646312,
    "iron-head": 0.0053875949236451,
    "foul-play": 0.000012688336201271966,
    "acrobatics": 0.006087409071558969,
    "dynamic-punch": 0.006087409071558969,
    "bulk-up": 0.006087409071558969,
    "substitute": 1.2779957386799268e-7,
    "rock-tomb": 0.0010055473058905862
  },
  "teras": {
    "dark": 0.6033764859202158,
    "ghost": 7.017024739042199e-10,
    "fighting": 0.019772862359061782,
    "fire": 0.6783798977978052,
    "poison": 0.024052518202646755,
    "grass": 0.000004022602100584027,
    "stellar": 0.07360442362677028,
    "steel": 0.0033888000521131723,
    "fairy": 0.000993247565641342,
    "flying": 1.2779957386799268e-7,
    "water": 0
  },
  "spreads": [
    {
      "nature": "adamant",
      "usage": "72.9",
      "evs": {
        "hp": 0,
        "atk": 252,
        "def": 4,
        "spa": 0,
        "spd": 0,
        "spe": 252
      }
    },
    {
      "nature": "adamant",
      "usage": "12.4",
      "evs": {
        "hp": 132,
        "atk": 252,
        "def": 0,
        "spa": 0,
        "spd": 0,
        "spe": 124
      }
    },
    {
      "nature": "naughty",
      "usage": "5.2",
      "evs": {
        "hp": 0,
        "atk": 252,
        "def": 0,
        "spa": 4,
        "spd": 0,
        "spe": 252
      }
    },
    {
      "nature": "jolly",
      "usage": "4.9",
      "evs": {
        "hp": 4,
        "atk": 252,
        "def": 0,
        "spa": 0,
        "spd": 0,
        "spe": 252
      }
    },
    {
      "nature": "jolly",
      "usage": "1.7",
      "evs": {
        "hp": 0,
        "atk": 252,
        "def": 0,
        "spa": 0,
        "spd": 4,
        "spe": 252
      }
    },
    {
      "nature": "adamant",
      "usage": "1.3",
      "evs": {
        "hp": 4,
        "atk": 252,
        "def": 0,
        "spa": 0,
        "spd": 0,
        "spe": 252
      }
    },
    {
      "nature": "adamant",
      "usage": "0.6",
      "evs": {
        "hp": 0,
        "atk": 252,
        "def": 0,
        "spa": 0,
        "spd": 0,
        "spe": 252
      }
    },
    {
      "nature": "naive",
      "usage": "0.4",
      "evs": {
        "hp": 0,
        "atk": 252,
        "def": 4,
        "spa": 0,
        "spd": 0,
        "spe": 252
      }
    },
    {
      "nature": "adamant",
      "usage": "0.4",
      "evs": {
        "hp": 0,
        "atk": 252,
        "def": 92,
        "spa": 0,
        "spd": 0,
        "spe": 164
      }
    },
    {
      "nature": "adamant",
      "usage": "0.1",
      "evs": {
        "hp": 0,
        "atk": 252,
        "def": 84,
        "spa": 0,
        "spd": 0,
        "spe": 172
      }
    }
  ],
  "teammates": {
    "3": 0,
    "25": 0.00007667096103969318,
    "94": 0,
    "113": 0,
    "132": 0.007900805841669578,
    "133": 0.00007667096103969318,
    "144": 0.006087409071558969,
    "149": 0.7748275602668149,
    "184": 0.07537843995143134,
    "197": 0.000012792424764762611,
    "198": 2.0954238344472742e-11,
    "212": 0.000017430314179445183,
    "233": 0,
    "235": 0,
    "248": 0.005777395356651005,
    "249": 1.2779957386799268e-7,
    "250": 0.14001657436149978,
    "260": 0.005524119605329114,
    "275": 0.00009959684729105023,
    "279": 0.000004022602100584027,
    "302": 0,
    "324": 0,
    "379": 0,
    "380": 0,
    "382": 0.07773956679429372,
    "383": 0.011083933544942415,
    "417": 0,
    "423": 0,
    "445": 0.06949286855442804,
    "472": 1.278003661786542e-7,
    "485": 0.007900805841669578,
    "488": 0,
    "547": 1.5543122344752192e-15,
    "591": 0.03639928501164302,
    "594": 0.00009458273499773906,
    "612": 0,
    "635": 0.01597121718322475,
    "637": 0,
    "641": 0,
    "645": 2.0954238344472742e-11,
    "658": 0,
    "700": 0.000012792424595675644,
    "702": 0,
    "727": 0.010984336718605603,
    "730": 0,
    "752": 0.0034289728425326294,
    "778": 0.0582539319747481,
    "792": 0.12881671146488843,
    "815": 0.00009959684729105023,
    "818": 0,
    "823": 8.271161533457416e-15,
    "861": 0,
    "877": 0,
    "887": 0,
    "890": 0.005913609844470424,
    "894": 0,
    "895": 0,
    "900": 0,
    "901": 0,
    "902": 0.000004022602100584027,
    "903": 0.000004929662234920418,
    "911": 0,
    "925": 0,
    "934": 0.20181309932526775,
    "937": 0.0006899750582384789,
    "959": 0,
    "967": 0.015239134235413787,
    "968": 0.12354476519888663,
    "970": 0.21020626459869418,
    "977": 0.03876750604198925,
    "979": 0,
    "980": 0.00022732230569028067,
    "983": 0.000012792424764762611,
    "986": 0,
    "987": 0.3202949707830657,
    "990": 0.06789481284026594,
    "991": 0.015971217183393838,
    "992": 0,
    "994": 0.006087409071558969,
    "998": 0,
    "1000": 0,
    "1001": 0.0000013542536899668889,
    "1002": 0.09428332196735567,
    "1003": 0.6641711599507796,
    "1004": 0.12836746642441083,
    "1007": 0.4053881520129187,
    "1008": 0.23698708327298307,
    "1009": 0,
    "1016": 7.180524737027127e-7,
    "1018": 0.000004023227903104942,
    "1021": 0.023971450841148045,
    "1024": 0.04933752180599743,
    "10009": 0.0119190796241736,
    "10019": 0.000012792424764762611,
    "10021": 0.1704061221555374,
    "10022": 0.0010055473058905862,
    "10023": 0,
    "10155": 0.039642017434354304,
    "10167": 0.00010339296402001041,
    "10169": 0,
    "10171": 0,
    "10186": 0,
    "10188": 0.7310392103613235,
    "10189": 0,
    "10193": 0.21140184217636843,
    "10194": 0.6928556228791635,
    "10237": 0,
    "10239": 0,
    "10246": 0,
    "10272": 0.2895351475696551,
    "10273": 0.0041554460713996155,
    "10274": 0.6634024042063177
  }
}