{
  "id": "980",
  "name": "Clodsire",
  "format_id": "showdown_gen9bssregi-1760",
  "usage_metrics": {
    "raw": 4434,
    "base_weight": 33.42452718541856,
    "percent": 7.878184854838137
  },
  "items": {
    "leftovers": 3.7620517589155624,
    "choice-band": 0.008175987611020785,
    "covert-cloak": 0.26376614821877203,
    "black-sludge": 12.080408606905625,
    "sitrus-berry": 17.259811334806745,
    "air-balloon": 0.000009736102360047294,
    "rocky-helmet": 0.0033565502401854963,
    "mental-herb": 0.003516083449478735,
    "bright-powder": 0.014405449967626272,
    "focus-sash": 0.000012987085329319026,
    "heavy-duty-boots": 0.0016903476380720761,
    "scope-lens": 0,
    "nothing": 0.02732219447777201,
    "assault-vest": 0
  },
  "abilities": {
    "poison-point": 0.4324976128513199,
    "water-absorb": 32.87202131852894,
    "unaware": 0.1200082540383014
  },
  "moves": {
    "toxic": 31.655693481273918,
    "substitute": 0.000009283581294206034,
    "earthquake": 27.118992435029483,
    "spikes": 0.016171289411436696,
    "gunk-shot": 0.0021823007057912847,
    "low-kick": 6.409539565765954e-12,
    "liquidation": 0.01667159854266803,
    "curse": 0.00048039908280855803,
    "recover": 33.35708987518821,
    "amnesia": 0.003137624545430262,
    "earth-power": 5.122512680504113,
    "protect": 13.91501727414374,
    "toxic-spikes": 16.07448387657721,
    "stealth-rock": 3.1417961442936626,
    "counter": 0.32615620217935265,
    "haze": 0.000017367111470656393,
    "yawn": 0.02529148321155744,
    "poison-jab": 1.6383599698107338,
    "chilling-water": 0.0312154143882008,
    "sludge-bomb": 0.11095977911934563,
    "sleep-talk": 0.00001618730708569105,
    "bulldoze": 1.0162162645654569,
    "stockpile": 0.005278235763586603,
    "": 0,
    "rock-tomb": 5.014877402231832e-13,
    "high-horsepower": 0.000008842143662979307,
    "body-press": 0.035499145537413845,
    "facade": 0.0014043113099737048,
    "rest": 0.0001584281682761035,
    "body-slam": 0.035498182082168706,
    "double-edge": 0.008175987604611246,
    "mud-shot": 0.00022732230569028067,
    "venoshock": 2.0286801222235695e-7,
    "waterfall": 0,
    "megahorn": 0.01206289464162974,
    "rain-dance": 3.5562923716980777e-9,
    "ancient-power": 0.02732219447755746,
    "sludge-wave": 0.0000018327213530122677,
    "trailblaze": 2.2791409559630438e-7,
    "hydro-pump": 0,
    "iron-head": 0
  },
  "teras": {
    "poison": 2.7191150861331943,
    "fairy": 10.937080499182718,
    "water": 0.07418779767701705,
    "dark": 1.3353287538551397,
    "ghost": 0.5473660189539408,
    "normal": 0.1564956968649171,
    "flying": 0.04538601200765585,
    "steel": 0.33110452902803345,
    "bug": 0,
    "ground": 0.01833351338775191,
    "fire": 2.567258019369612,
    "electric": 14.692637726372041,
    "grass": 0.00023353253101759952,
    "ice": 5.55235302179824e-11
  },
  "spreads": [
    {
      "nature": "Careful",
      "usage": "45.6",
      "evs": {
        "hp": 252,
        "atk": 0,
        "def": 4,
        "spa": 0,
        "spd": 252,
        "spe": 0
      }
    },
    {
      "nature": "Careful",
      "usage": "12.2",
      "evs": {
        "hp": 252,
        "atk": 0,
        "def": 124,
        "spa": 0,
        "spd": 132,
        "spe": 0
      }
    },
    {
      "nature": "Calm",
      "usage": "9.3",
      "evs": {
        "hp": 252,
        "atk": 0,
        "def": 4,
        "spa": 20,
        "spd": 228,
        "spe": 4
      }
    },
    {
      "nature": "Careful",
      "usage": "7.7",
      "evs": {
        "hp": 156,
        "atk": 0,
        "def": 108,
        "spa": 0,
        "spd": 244,
        "spe": 0
      }
    },
    {
      "nature": "Careful",
      "usage": "6.0",
      "evs": {
        "hp": 252,
        "atk": 4,
        "def": 0,
        "spa": 0,
        "spd": 252,
        "spe": 0
      }
    },
    {
      "nature": "Careful",
      "usage": "5.4",
      "evs": {
        "hp": 252,
        "atk": 0,
        "def": 100,
        "spa": 0,
        "spd": 156,
        "spe": 0
      }
    },
    {
      "nature": "Careful",
      "usage": "4.7",
      "evs": {
        "hp": 252,
        "atk": 0,
        "def": 148,
        "spa": 0,
        "spd": 108,
        "spe": 0
      }
    },
    {
      "nature": "Calm",
      "usage": "3.4",
      "evs": {
        "hp": 252,
        "atk": 0,
        "def": 108,
        "spa": 20,
        "spd": 124,
        "spe": 4
      }
    },
    {
      "nature": "Careful",
      "usage": "1.7",
      "evs": {
        "hp": 252,
        "atk": 0,
        "def": 0,
        "spa": 0,
        "spd": 252,
        "spe": 4
      }
    },
    {
      "nature": "Calm",
      "usage": "1.6",
      "evs": {
        "hp": 252,
        "atk": 0,
        "def": 124,
        "spa": 4,
        "spd": 108,
        "spe": 20
      }
    }
  ],
  "teammates": {
    "25": 0.00009302895793766863,
    "59": 0,
    "71": 0.000003368743002218899,
    "91": 0.000009270226967061923,
    "113": 0.00021975188646677912,
    "130": 0,
    "132": 0.130277514218072,
    "134": 0.0006568633924065592,
    "135": 0.0006568633924065592,
    "143": 1.3346723171103747e-9,
    "145": 0,
    "149": 0.07866968119623613,
    "150": 0,
    "184": 0.0013950410830066429,
    "186": 0,
    "195": 2.0194512728721747e-11,
    "196": 0,
    "197": 0.0007874248001954465,
    "205": 0.000027160618083110766,
    "212": 0.0005076943347264717,
    "227": 1.2601031329495527e-13,
    "229": 1.4443285456522403e-10,
    "230": 0,
    "233": 0.11498732069060152,
    "235": 0.003970979131005192,
    "242": 0.000560546191063549,
    "244": 0.00040114951815017896,
    "248": 0.030135678794116327,
    "249": 0.10257926336325707,
    "250": 13.856699498123957,
    "257": 0.0006412324887534737,
    "260": 0.2181636146223641,
    "279": 6.189104784226629e-12,
    "286": 0.0000040858244134689414,
    "324": 7.772832377739292e-11,
    "335": 0,
    "356": 0.0005023486564372792,
    "373": 0,
    "376": 0.0013950410830066429,
    "381": 2.4470078185956368e-9,
    "382": 0.08290762620820008,
    "383": 0.005878692416813214,
    "384": 0.09957413465272702,
    "411": 0.000009270226967061923,
    "423": 2.4470078185956368e-9,
    "445": 0.029373949535098753,
    "448": 0,
    "450": 7.787368740408418e-7,
    "462": 0,
    "472": 18.47719342307665,
    "474": 0.0013950410830066429,
    "485": 1.195377130613906e-12,
    "534": 0,
    "542": 0.5067041631559355,
    "547": 0.00029530655506543324,
    "573": 0.00023342268648507414,
    "577": 0.0006764734200739309,
    "579": 0.5098978475167111,
    "591": 0.0011832292150056323,
    "594": 0.036093276926487894,
    "596": 0.00006284537124495726,
    "625": 0.0021582330651163106,
    "635": 0.000009270226967061923,
    "637": 0.00024765241242191705,
    "641": 0,
    "652": 0.0000032535561203528296,
    "658": 3.3654745656974683e-12,
    "700": 0.0006568633924065592,
    "713": 0.00008896410519415587,
    "715": 7.772832377739292e-11,
    "727": 0.21818119624914856,
    "730": 0.017331796179408443,
    "743": 7.772832377739292e-11,
    "748": 0.0001566776739670428,
    "750": 0.0005605461893943842,
    "752": 0.014732479549034394,
    "758": 0.014426729683131578,
    "778": 0.09898991210703517,
    "792": 14.305499287353951,
    "812": 0.00004091027709657302,
    "823": 0.003032022686259239,
    "841": 0,
    "844": 0,
    "845": 0.0005605461893943842,
    "855": 0,
    "858": 0,
    "861": 3.136808674803567,
    "876": 4.912736883966318e-14,
    "879": 0,
    "887": 0.02273419808294186,
    "890": 1.5399453220282153,
    "895": 0,
    "896": 1.6653345369377348e-15,
    "900": 0,
    "901": 0.09301194835432453,
    "902": 0,
    "903": 0.00269992153367149,
    "904": 0.000003368743002218899,
    "908": 5.551115123125783e-17,
    "911": 1.5399327363068174,
    "914": 5.551115123125783e-17,
    "918": 0,
    "923": 0.0005899414872773678,
    "925": 0.00029530655506543324,
    "930": 0.22110525317223184,