{
  "id": "131",
  "name": "Lapras",
  "format_id": "showdown_gen4ou-1500",
  "usage_metrics": {
    "raw": 715,
    "base_weight": 103.28211859059189,
    "percent": 0.6161880795615154
  },
  "roles": [
    {
      "role": "role_staller",
      "label": "Staller",
      "category": "DEF"
    }
  ],
  "items": {
    "leftovers": 90.25502288430104,
    "sitrus-berry": 1.4502616383758096,
    "nothing": 0.22853323666100755,
    "life-orb": 2.9251284345087756,
    "chesto-berry": 0.9734354537902639,
    "enigma-berry": 0.026229956100764562,
    "choice-specs": 1.9834359902068186,
    "never-melt-ice": 0.0004697224419391577,
    "icy-rock": 0.36517099838566486,
    "damp-rock": 1.631422219539047e-9,
    "choice-scarf": 2.4998581250440255,
    "lum-berry": 0.49820929007990666,
    "metronome": 1.52894036423046,
    "salac-berry": 0.012654820079725682,
    "charcoal": 0.5347676747543357
  },
  "abilities": {
    "water-absorb": 77.34080483517195,
    "shell-armor": 25.941313755419948
  },
  "moves": {
    "rain-dance": 7.623646126866837,
    "hydro-pump": 7.796930393255465,
    "thunder": 7.6084030942484455,
    "ice-beam": 69.38249992737195,
    "dragon-pulse": 4.118919741866942,
    "perish-song": 5.959123610753642,
    "block": 0.5275060385820125,
    "protect": 4.081890503397501,
    "substitute": 0.024352829566460232,
    "blizzard": 5.383683230983968,
    "surf": 52.24075128346443,
    "thunderbolt": 39.40294675174322,
    "heal-bell": 4.126650415449605,
    "confuse-ray": 44.843295665338744,
    "dragon-dance": 7.48895390606387,
    "frustration": 4.951821952481339e-9,
    "curse": 18.61335182844109,
    "ice-shard": 9.438456192502274,
    "waterfall": 21.764106752489603,
    "rest": 20.488035900324057,
    "toxic": 30.087419936332164,
    "zen-headbutt": 0.6189311463037666,
    "psychic": 5.289131121159648,
    "sleep-talk": 17.943219150110963,
    "avalanche": 17.39726710878405,
    "ancient-power": 0.6004104367528619,
    "aqua-tail": 2.8912851411839773,
    "double-edge": 0.21866767946153615,
    "body-slam": 1.1038856285190533,
    "roar": 1.5676004183240506,
    "hail": 2.5608334791306886,
    "brine": 0.864636450740726,
    "dive": 0.06417779512901822,
    "hidden-power-electric": 0.06417779512901822,
    "attract": 0.22069733138136688,
    "headbutt": 0.36517099838566486,
    "outrage": 0.35745854787707426
  },
  "teras": {
    "nothing": 103.28211859059192
  },
  "spreads": [
    {
      "nature": "modest",
      "usage": "25.2",
      "evs": {
        "hp": 252,
        "atk": 0,
        "def": 4,
        "spa": 252,
        "spd": 0,
        "spe": 0
      }
    },
    {
      "nature": "sassy",
      "usage": "16.5",
      "evs": {
        "hp": 4,
        "atk": 0,
        "def": 252,
        "spa": 0,
        "spd": 252,
        "spe": 0
      }
    },
    {
      "nature": "careful",
      "usage": "14.7",
      "evs": {
        "hp": 124,
        "atk": 140,
        "def": 160,
        "spa": 0,
        "spd": 84,
        "spe": 0
      }
    },
    {
      "nature": "modest",
      "usage": "7.1",
      "evs": {
        "hp": 0,
        "atk": 0,
        "def": 252,
        "spa": 252,
        "spd": 4,
        "spe": 0
      }
    },
    {
      "nature": "modest",
      "usage": "6.6",
      "evs": {
        "hp": 252,
        "atk": 0,
        "def": 0,
        "spa": 200,
        "spd": 56,
        "spe": 0
      }
    },
    {
      "nature": "adamant",
      "usage": "3.5",
      "evs": {
        "hp": 60,
        "atk": 216,
        "def": 0,
        "spa": 0,
        "spd": 0,
        "spe": 232
      }
    },
    {
      "nature": "modest",
      "usage": "3.1",
      "evs": {
        "hp": 0,
        "atk": 0,
        "def": 196,
        "spa": 252,
        "spd": 0,
        "spe": 60
      }
    },
    {
      "nature": "timid",
      "usage": "2.4",
      "evs": {
        "hp": 0,
        "atk": 0,
        "def": 0,
        "spa": 252,
        "spd": 4,
        "spe": 252
      }
    },
    {
      "nature": "hasty",
      "usage": "2.3",
      "evs": {
        "hp": 0,
        "atk": 252,
        "def": 0,
        "spa": 4,
        "spd": 0,
        "spe": 252
      }
    },
    {
      "nature": "modest",
      "usage": "2.1",
      "evs": {
        "hp": 72,
        "atk": 0,
        "def": 184,
        "spa": 252,
        "spd": 0,
        "spe": 0
      }
    }
  ],
  "teammates": {
    "3": 3.619288761151067,
    "6": 4.0555726679595026,
    "9": 10.271518850604908,
    "15": 0.21866767946153615,
    "22": 0.36517099838566486,
    "24": 0.21866767946153615,
    "25": 4.597604160247639,
    "26": 0.0004697224419391577,
    "31": 0.2256395699592782,
    "34": 3.1067692843565626,
    "36": 2.334580241954591,
    "38": 0.36517099838566486,
    "45": 0.017789696525146337,
    "47": 1.631422219539047e-9,
    "55": 16.77912886992249,
    "57": 0.2186676844133581,
    "59": 0.3043508253119089,
    "65": 0.9386366095217591,
    "67": 0.3411198411020488,
    "71": 3.622925001742783,
    "73": 1.9762571273612017,
    "78": 0.03099948756039289,
    "80": 0.3718772078398431,
    "82": 0.21866767946153615,
    "87": 0.9497789433786747,
    "91": 1.2398503157712457,
    "94": 5.513200403142489,
    "97": 0.03099948756039289,
    "101": 0.026229956100764562,
    "103": 0.36517099838566486,
    "110": 0.11795373237298068,
    "115": 0.27759348112535326,
    "117": 0.05843506487081579,
    "121": 24.09539143357046,
    "122": 0.031321175901530385,
    "124": 1.260805604397794,
    "126": 0.031321175901530385,
    "127": 0.05660813005750687,
    "128": 0.05660813005750687,
    "130": 16.120936170557083,
    "132": 0,
    "135": 1.306465845878276,
    "139": 0.0004155263547836463,
    "141": 8.201748731286946,
    "142": 4.81864689162135,
    "143": 24.263232927492805,
    "144": 0.8995252830015761,
    "145": 0.49959056257869183,
    "146": 0.03155217507017327,
    "148": 0.05843506487081579,
    "149": 37.91571827234573,
    "157": 3.6539244893031757,
    "160": 6.588052294324821,
    "169": 9.86703516401677,
    "171": 15.206598875983627,
    "184": 8.701928067011977e-13,
    "195": 1.631422219539047e-9,
    "197": 8.310313256957542,
    "205": 0.6880563114501007,
    "212": 29.47137649105307,
    "214": 0.667604594986131,
    "215": 0.09235898155671318,
    "221": 0.4642361800171453,
    "224": 0.03099948756039289,
    "227": 0.041394661762359064,
    "229": 0.1525917901014528,
    "230": 2.610768222712881,
    "232": 1.219221656675278,
    "237": 0.0000037190272741405295,
    "241": 1.711256142783338,
    "242": 0.38014866487005555,
    "243": 0.7421201223261212,
    "245": 0.5176195542829671,
    "247": 0.05843506487081579,
    "248": 6.625777559239693,
    "251": 1.7315627824395254,
    "254": 1.3053687598678434,
    "257": 2.334580241954591,
    "260": 37.28282464331131,
    "269": 0.36517099838566486,
    "272": 0.46803838750851856,
    "275": 2.334580241954591,
    "282": 0.3718771984604321,
    "289": 0.18132833491714972,
    "291": 0.059467651072419636,
    "308": 0.0013574652707103452,
    "330": 1.9845285937708255,
    "342": 4.310150065124888,
    "344": 0.39979444333591796,
    "346": 0.006709918096789003,
    "348": 0.9743093179988281,
    "351": 0,
    "354": 4.951821952481339e-9,
    "362": 0.0067633364908330496,
    "365": 0.007178862845616696,
    "369": 0.11795373237298068,
    "376": 24.24555862511838,
    "378": 0.29007137239257097,
    "380": 18.149768791902506,
    "385": 14.754301750661364,
    "392": 5.709119396873275,
    "395": 0.007178862845616696,
    "398": 0.032375114983776154,
    "400": 1.631422219539047e-9,
    "405": 0.00004828277578761142,
    "407": 1.6346465260309995,
    "411": 0.059467651072419636,
    "419": 1.631422219539047e-9,
    "426": 0.0010539390822457695,
    "429": 8.701928067011977e-13,
    "430": 8.701928067011977e-13,
    "437": 2.5242109546094107,
    "442": 2.486079219800893,
    "448": 2.518006283534773,
    "450": 5.533785312836365,
    "452": 0.5347676747543357,