{
  "id": "142",
  "name": "Aerodactyl",
  "format_id": "showdown_gen4ou-1500",
  "usage_metrics": {
    "raw": 6310,
    "base_weight": 3370.44238207708,
    "percent": 5.437967527319108
  },
  "items": {
    "focus-sash": 2885.4360761841203,
    "leftovers": 52.605997151403336,
    "expert-belt": 6.621139610360554,
    "life-orb": 236.9406982989862,
    "choice-band": 73.69700858061042,
    "sitrus-berry": 1.4278171239037196,
    "wide-lens": 0.4007674028998891,
    "liechi-berry": 4.51877735862315,
    "stone-plate": 0.2256395699592782,
    "hard-stone": 2.8792579576405877,
    "nothing": 2.4439730597714044,
    "wacan-berry": 0.6036824271099435,
    "damp-rock": 26.145728707210047,
    "lum-berry": 12.956442598052071,
    "white-herb": 8.540583557049546,
    "power-herb": 16.19582275114989,
    "muscle-band": 27.97967185463698,
    "rock-incense": 1.3755253866849448,
    "kings-rock": 6.634223538858249,
    "choice-specs": 1.0169437666426098,
    "black-belt": 0.38008220309505836,
    "heat-rock": 0.31754972078876303,
    "choice-scarf": 1.0989732675260127
  },
  "abilities": {
    "pressure": 2805.4776475049603,
    "rock-head": 564.9647345721195
  },
  "moves": {
    "stealth-rock": 2992.327679233799,
    "taunt": 2983.660876962607,
    "earthquake": 2845.928258234677,
    "stone-edge": 2411.046622555441,
    "rock-slide": 786.5472169487239,
    "double-edge": 279.54473704347356,
    "dragon-pulse": 1.6285687761672902,
    "aqua-tail": 23.28441036432201,
    "ice-fang": 115.0347611012911,
    "iron-head": 5.552073872837688,
    "roost": 97.45713320291037,
    "aerial-ace": 38.806266615742146,
    "crunch": 99.7009906559389,
    "defog": 12.622777469461901,
    "pursuit": 186.90476544164892,
    "fire-fang": 205.29519344446138,
    "wing-attack": 34.92501136309518,
    "protect": 7.116956074577716,
    "substitute": 26.907060941898862,
    "dragon-claw": 39.51928881251853,
    "toxic": 47.519454578563696,
    "rain-dance": 28.416543633801027,
    "": 2.8234541803700046,
    "curse": 10.336142729869577,
    "flamethrower": 7.697649297001681,
    "thunder-fang": 27.192002309076845,
    "earth-power": 2.9718445794104493,
    "agility": 1.940323727078856,
    "ancient-power": 3.1298621355315284,
    "sky-attack": 18.750205671016076,
    "fly": 8.576571463069191,
    "bite": 24.452887198917704,
    "sunny-day": 0.45483229543741915,
    "hidden-power-grass": 0.000025780108635187204,
    "rock-tomb": 57.90590297785226,
    "hidden-power-electric": 2.691184742427822,
    "roar": 4.261509737089953,
    "torment": 1.7430102346311416,
    "tailwind": 25.365467623865875,
    "fire-blast": 3.5226599929904814,
    "rock-polish": 1.1302136021352185,
    "whirlwind": 5.332578944538067,
    "facade": 0.5936984589224645,
    "heat-wave": 0.23922502965910641,
    "mimic": 0.6707889494928985,
    "strength": 0.10191625450962588,
    "rock-smash": 0.10191625450962588,
    "hidden-power-fighting": 0.03700681085056168
  },
  "teras": {
    "nothing": 3370.44238207709
  },
  "spreads": [
    {
      "nature": "Jolly",
      "usage": "37.1",
      "evs": {
        "hp": 0,
        "atk": 252,
        "def": 4,
        "spa": 0,
        "spd": 0,
        "spe": 252
      }
    },
    {
      "nature": "Jolly",
      "usage": "32.2",
      "evs": {
        "hp": 0,
        "atk": 252,
        "def": 0,
        "spa": 0,
        "spd": 4,
        "spe": 252
      }
    },
    {
      "nature": "Jolly",
      "usage": "23.7",
      "evs": {
        "hp": 4,
        "atk": 252,
        "def": 0,
        "spa": 0,
        "spd": 0,
        "spe": 252
      }
    },
    {
      "nature": "Jolly",
      "usage": "1.0",
      "evs": {
        "hp": 80,
        "atk": 252,
        "def": 0,
        "spa": 0,
        "spd": 0,
        "spe": 176
      }
    },
    {
      "nature": "Careful",
      "usage": "0.6",
      "evs": {
        "hp": 252,
        "atk": 4,
        "def": 0,
        "spa": 0,
        "spd": 252,
        "spe": 0
      }
    },
    {
      "nature": "Jolly",
      "usage": "0.5",
      "evs": {
        "hp": 0,
        "atk": 252,
        "def": 0,
        "spa": 0,
        "spd": 0,
        "spe": 252
      }
    },
    {
      "nature": "Jolly",
      "usage": "0.5",
      "evs": {
        "hp": 0,
        "atk": 252,
        "def": 6,
        "spa": 0,
        "spd": 0,
        "spe": 252
      }
    },
    {
      "nature": "Adamant",
      "usage": "0.4",
      "evs": {
        "hp": 4,
        "atk": 252,
        "def": 0,
        "spa": 0,
        "spd": 0,
        "spe": 252
      }
    },
    {
      "nature": "Timid",
      "usage": "0.4",
      "evs": {
        "hp": 248,
        "atk": 0,
        "def": 0,
        "spa": 0,
        "spd": 8,
        "spe": 252
      }
    },
    {
      "nature": "Jolly",
      "usage": "0.4",
      "evs": {
        "hp": 0,
        "atk": 252,
        "def": 0,
        "spa": 4,
        "spd": 0,
        "spe": 252
      }
    }
  ],
  "teammates": {
    "3": 101.37731879049596,
    "6": 12.704159954557422,
    "9": 26.18438395461219,
    "18": 0.08874774126943358,
    "25": 0.38405826783529656,
    "26": 1.3046915703113475,
    "31": 8.468392782416,
    "34": 3.009549384052924,
    "36": 43.596175041483896,
    "38": 0.31754972078876303,
    "40": 6.124776981914791,
    "42": 0.7369938564778322,
    "59": 7.152063491199484,
    "62": 0.43026872692412665,
    "65": 14.26993914212728,
    "73": 21.790390402924896,
    "76": 8.927510693989335,
    "78": 2.3751116696689416,
    "80": 0.9320903240164398,
    "82": 90.17088726412754,
    "85": 1.998444624719201,
    "87": 2.4625122330146354e-8,
    "89": 0.07981331001164838,
    "91": 0.06756110578890667,
    "93": 2.9442410916544475,
    "94": 451.45752149930325,
    "95": 9.314493620848907e-12,
    "99": 2.399565842717705,
    "101": 10.20172054973411,
    "103": 3.3687289941104566,
    "106": 19.320825801844283,
    "107": 1.1313119287631659,
    "115": 10.22083807843179,
    "117": 5.036741457242755e-8,
    "121": 822.8708360702872,
    "122": 2.325228275760873,
    "123": 35.1451996094352,
    "124": 0.34529907301541307,
    "127": 0.000023501806152181892,
    "130": 1421.8620478791731,
    "131": 4.81864689162135,
    "132": 0.004272142876511564,
    "134": 30.457447254328038,
    "135": 47.16212539482204,
    "138": 8.988088646028142,
    "139": 21.903144383985293,
    "141": 195.7598824071212,
    "143": 32.16334278303579,
    "145": 179.4809298770606,
    "146": 8.282622237623995,
    "148": 0.165792139477571,
    "149": 1300.335716719578,
    "157": 3.0571679728045984,
    "160": 24.068741163269056,
    "163": 0.7369938564778322,
    "164": 1.3732781578568165e-9,
    "169": 14.118397508155159,
    "171": 1.7661866135071456,
    "184": 0.15013168085077305,
    "189": 2.045149260155952,
    "195": 4.612941789004624,
    "196": 1.085969480198297,
    "197": 10.831504901937084,
    "205": 212.58976095992182,
    "206": 1.7251993510773345,
    "208": 4.245023002661519,
    "210": 5.015439367011846,
    "212": 1284.0250953539141,
    "213": 0.38386495540901117,
    "214": 7.007775198034885,
    "217": 0.9417878999716248,
    "219": 10.99391980234096,
    "222": 0.053624916435511816,
    "224": 0.0007761405298059576,
    "225": 1.0008660566995786e-13,
    "227": 45.16086894033363,
    "229": 4.374343064203186,
    "230": 285.2815793244982,
    "232": 55.16981757093539,
    "235": 5.264713213831256,
    "237": 45.298632971708834,
    "241": 24.029315017970873,
    "242": 83.17674933088028,
    "243": 41.0613621173585,
    "244": 3.65880431095967,
    "245": 464.0313711499664,
    "248": 1331.209734184367,
    "251": 346.4430432855023,
    "254": 41.33969060439907,
    "257": 5.896305888078081,
    "260": 413.70820202581376,
    "264": 5.838087559279935,
    "272": 8.804277212404577,
    "275": 0.0006246399018877691,
    "277": 6.319803477738408,
    "286": 316.4258096672796,
    "289": 10.335575678018625,
    "291": 6.5581245668029275,