{
  "id": "184",
  "name": "Azumarill",
  "format_id": "showdown_gen4ou-1500",
  "usage_metrics": {
    "raw": 510,
    "base_weight": 163.72984477636862,
    "percent": 0.43951877003688505
  },
  "roles": [
    {
      "role": "role_sweeper_physical",
      "label": "Physical Sweeper",
      "category": "OFF"
    }
  ],
  "items": {
    "leftovers": 33.93962950683068,
    "choice-band": 58.91094496436937,
    "sitrus-berry": 4.8714526010522645,
    "damp-rock": 6.808884960218127,
    "life-orb": 46.40772469803831,
    "lum-berry": 4.407367449335643,
    "mystic-water": 5.867086121717539,
    "salac-berry": 2.1694821060579446,
    "choice-scarf": 0.3472723687485401
  },
  "abilities": {
    "thick-fat": 7.253713321715421,
    "huge-power": 156.4761314546532
  },
  "moves": {
    "perish-song": 9.007099912691885,
    "whirlpool": 9.007099912691885,
    "substitute": 3.6142589273406722,
    "protect": 4.629481274284261,
    "waterfall": 144.3130579290617,
    "return": 35.14195523256154,
    "superpower": 129.0367481582801,
    "aqua-jet": 149.4862543316705,
    "ice-punch": 119.24564029406572,
    "belly-drum": 6.465150141196438,
    "body-slam": 1.938652592661213,
    "aqua-tail": 2.01341291230385,
    "brick-break": 6.710144060534613,
    "double-edge": 7.158702732170037,
    "rain-dance": 7.613454278030367,
    "toxic": 5.821513715313919,
    "supersonic": 0.01372972411616441,
    "ice-beam": 1.4679970652728782,
    "hydro-pump": 1.6467088709663358,
    "aqua-ring": 1.445077407877355,
    "focus-blast": 0.33958635179929003,
    "surf": 0.33958635179929003,
    "grass-knot": 0.33958635179929003,
    "blizzard": 0.33958635179929003,
    "knock-off": 2.70505665941875,
    "encore": 0.06776607034139864,
    "facade": 3.347705780623243,
    "rest": 0.8321828574009678,
    "sleep-talk": 0.8321828574009678
  },
  "teras": {
    "nothing": 163.72984477636857
  },
  "spreads": [
    {
      "nature": "brave",
      "usage": "28.0",
      "evs": {
        "hp": 248,
        "atk": 252,
        "def": 4,
        "spa": 0,
        "spd": 4,
        "spe": 0
      }
    },
    {
      "nature": "adamant",
      "usage": "17.1",
      "evs": {
        "hp": 152,
        "atk": 252,
        "def": 0,
        "spa": 0,
        "spd": 0,
        "spe": 104
      }
    },
    {
      "nature": "adamant",
      "usage": "16.6",
      "evs": {
        "hp": 80,
        "atk": 252,
        "def": 0,
        "spa": 0,
        "spd": 0,
        "spe": 176
      }
    },
    {
      "nature": "adamant",
      "usage": "10.1",
      "evs": {
        "hp": 252,
        "atk": 252,
        "def": 0,
        "spa": 0,
        "spd": 4,
        "spe": 0
      }
    },
    {
      "nature": "adamant",
      "usage": "4.2",
      "evs": {
        "hp": 84,
        "atk": 252,
        "def": 0,
        "spa": 0,
        "spd": 0,
        "spe": 172
      }
    },
    {
      "nature": "adamant",
      "usage": "3.7",
      "evs": {
        "hp": 48,
        "atk": 252,
        "def": 0,
        "spa": 0,
        "spd": 0,
        "spe": 208
      }
    },
    {
      "nature": "adamant",
      "usage": "3.5",
      "evs": {
        "hp": 100,
        "atk": 252,
        "def": 16,
        "spa": 0,
        "spd": 16,
        "spe": 124
      }
    },
    {
      "nature": "calm",
      "usage": "3.3",
      "evs": {
        "hp": 252,
        "atk": 0,
        "def": 0,
        "spa": 4,
        "spd": 252,
        "spe": 0
      }
    },
    {
      "nature": "jolly",
      "usage": "2.8",
      "evs": {
        "hp": 0,
        "atk": 252,
        "def": 144,
        "spa": 0,
        "spd": 112,
        "spe": 0
      }
    },
    {
      "nature": "adamant",
      "usage": "2.5",
      "evs": {
        "hp": 252,
        "atk": 252,
        "def": 4,
        "spa": 0,
        "spd": 0,
        "spe": 0
      }
    }
  ],
  "teammates": {
    "3": 0.6221992046524389,
    "6": 2.1694821060579446,
    "12": 1.0801827020979298,
    "18": 0.3460451113418632,
    "20": 1.2763626822120955e-9,
    "25": 1.3807003909797348,
    "26": 1.2763626822120955e-9,
    "36": 1.0724468308554533,
    "59": 4.1319564943348635,
    "65": 1.327692098178153,
    "73": 1.4708343869608684,
    "76": 1.1991567647660766,
    "80": 0.3899880775867741,
    "82": 0.9947988796500145,
    "94": 23.802389498498325,
    "121": 0.3499135594308673,
    "124": 8.701928067011977e-13,
    "130": 2.216600776678753,
    "131": 8.701928067011977e-13,
    "132": 0,
    "134": 0.4952181410075771,
    "135": 9.355732237816351,
    "139": 5.604891955220868,
    "142": 0.15013168085077305,
    "143": 7.943404300329868,
    "145": 5.03230599422208,
    "146": 0.6654055480248376,
    "149": 24.226867626282036,
    "154": 1.0801827020979298,
    "157": 0.12099236928637874,
    "164": 0.3460451113418632,
    "169": 4.30399581929483,
    "171": 0.615946780275838,
    "196": 0.15508108877169785,
    "197": 0.5337926117990522,
    "199": 1.4593053346402338,
    "205": 5.208856613351295,
    "206": 1.2763626822120955e-9,
    "208": 0.2098414390814306,
    "211": 2.0131591044406854,
    "212": 35.83925750257309,
    "227": 11.923206540220567,
    "229": 2.392801618076146,
    "230": 6.917620128826345,
    "232": 24.951271747284846,
    "235": 0.9763569284592115,
    "237": 0.12099236928637874,
    "242": 4.965297325893326,
    "243": 1.4446216664941303,
    "245": 0.027097475304598884,
    "248": 16.17506733856586,
    "254": 27.95320131991905,
    "257": 21.042200091190388,
    "260": 3.9590721729642135,
    "264": 2.169482131430136,
    "272": 2.3981012832681845,
    "277": 0.33958635179929003,
    "286": 5.665154072032856,
    "291": 0.2098414390814306,
    "292": 0.5455401810767763,
    "297": 2.1694821060579446,
    "330": 0.6115798497351013,
    "334": 0.2098414390814306,
    "340": 0.29556232104474184,
    "344": 3.0818056789481094,
    "350": 24.33667794320222,
    "376": 51.84729372767175,
    "380": 2.767861815904287,
    "385": 75.57881773966213,
    "389": 0.5925852511727607,
    "392": 5.751883257397211,
    "395": 4.598666468102977,
    "398": 1.7232555288330036,
    "405": 0.6483660853903983,
    "407": 0.9999672191492096,
    "409": 0.29556234514057056,
    "423": 1.765538852892043,
    "424": 29.316002165623132,
    "426": 1.4884521628130916,
    "429": 8.701928067011977e-13,
    "430": 0.36487195843368725,
    "437": 67.90452146924548,
    "448": 7.1439953398787575,
    "450": 0.29556232104474184,
    "454": 3.5132077108283832,
    "461": 1.245591602551353,
    "462": 12.050924633434061,
    "464": 51.68285333276202,
    "466": 5.401494981074943,
    "468": 4.4654260047538905,
    "469": 3.8686702899690446,
    "470": 1.4447768212816534,
    "472": 25.02522480907848,
    "473": 0.12099236928637874,
    "474": 15.439412354862801,
    "477": 3.317897493481022,
    "480": 5.953770572997485,
    "481": 3.5132077108283832,
    "482": 27.166304886147838,
    "485": 6.836947660293853,
    "488": 47.30555938194526,
    "492": 0.3472723700249028,
    "10008": 0.6221992046524389,
    "10009": 0.48178900348711434
  }
}