{
  "id": "212",
  "name": "Scizor",
  "format_id": "showdown_gen4ou-1500",
  "usage_metrics": {
    "raw": 25866,
    "base_weight": 16737.290248230303,
    "percent": 22.29135785445896
  },
  "items": {
    "leftovers": 4739.924845462483,
    "life-orb": 1343.1016777810398,
    "choice-band": 8041.042409230857,
    "damp-rock": 49.10697389531633,
    "liechi-berry": 4.865314637997482,
    "choice-scarf": 1464.592699512635,
    "occa-berry": 632.2920288803607,
    "focus-sash": 31.311734251553204,
    "rawst-berry": 31.637300215189583,
    "lum-berry": 76.20898798898585,
    "iron-plate": 10.743130791690824,
    "kings-rock": 0.3172506538291672,
    "shell-bell": 8.163511077138216,
    "insect-plate": 3.317611102594525,
    "metal-coat": 139.2530353425137,
    "nothing": 9.938649517423581,
    "expert-belt": 30.208179933869015,
    "shed-shell": 0.000018851155142829423,
    "sitrus-berry": 5.430105529290404,
    "salac-berry": 8.150256608502762,
    "muscle-band": 61.83265366142018,
    "black-glasses": 0.43710438842356064,
    "custap-berry": 1.1446752944021412,
    "scope-lens": 1.1941264555485311,
    "splash-plate": 0.13149720988921393,
    "aspear-berry": 6.999999999683351,
    "light-ball": 30.99978554035529,
    "choice-specs": 0.20721621810599156,
    "metronome": 4.737468197941561
  },
  "abilities": {
    "technician": 16599.787669932226,
    "swarm": 137.50257829807776
  },
  "moves": {
    "bullet-punch": 16445.877949297374,
    "swords-dance": 6918.9378412774995,
    "brick-break": 1282.0786867669744,
    "roost": 4662.682213739975,
    "bug-bite": 2768.9037832378726,
    "quick-attack": 283.8558643193855,
    "u-turn": 11750.33237423178,
    "x-scissor": 67.81883574475158,
    "night-slash": 114.72610202659615,
    "superpower": 11960.423524207232,
    "pursuit": 9586.107910687171,
    "iron-head": 231.04592665458964,
    "rain-dance": 49.10697389531633,
    "aerial-ace": 385.7815555689415,
    "return": 22.88485731568611,
    "knock-off": 92.49906995632344,
    "rock-smash": 102.42779002220078,
    "facade": 25.403416360298575,
    "protect": 1.3021368496325758,
    "agility": 11.754612898137031,
    "defog": 15.10252423576265,
    "reversal": 20.221895811642604,
    "toxic": 0.5022197874676582,
    "fury-cutter": 4.4301201963003,
    "endure": 8.99216362932248,
    "wing-attack": 26.566393013076315,
    "double-edge": 12.870645201422978,
    "bug-buzz": 3.374153629497007,
    "": 1.9590011517795494,
    "hidden-power-electric": 0.34665122667052484,
    "hidden-power-fire": 4.810386818557258,
    "natural-gift": 7.7840947632241155,
    "counter": 5.444101516707654,
    "ominous-wind": 3.933633498406171,
    "sleep-talk": 4.698286841391038,
    "iron-defense": 0.9130371477736053,
    "rest": 0.0012378165993108259,
    "vacuum-wave": 2.6536552539489033,
    "flash-cannon": 0.8524125493779393,
    "substitute": 3.148630115254515,
    "silver-wind": 1.1941264555485311,
    "hidden-power-water": 0.40822171123948986,
    "tailwind": 15.776021595979415,
    "hidden-power-dark": 0.49683063973877506,
    "metal-claw": 0.24389758218606494,
    "thief": 1.1473766541579196,
    "steel-wing": 0.000045143306924122495,
    "razor-wind": 0.000045143306924122495,
    "hyper-beam": 0.000045143306924122495,
    "air-slash": 3.1223246894639987,
    "hidden-power-poison": 0.0012488284805997618,
    "giga-impact": 0.0012488284805997618,
    "fling": 30.99978554035529,
    "hidden-power-bug": 0.000014239766733870063,
    "morning-sun": 0.4779163741391284,
    "hidden-power-fighting": 2.7351750897163436
  },
  "teras": {
    "nothing": 16737.29024823032
  },
  "spreads": [
    {
      "nature": "Adamant",
      "usage": "30.3",
      "evs": {
        "hp": 248,
        "atk": 252,
        "def": 0,
        "spa": 0,
        "spd": 8,
        "spe": 0
      }
    },
    {
      "nature": "Adamant",
      "usage": "9.3",
      "evs": {
        "hp": 248,
        "atk": 252,
        "def": 0,
        "spa": 0,
        "spd": 0,
        "spe": 8
      }
    },
    {
      "nature": "Adamant",
      "usage": "8.1",
      "evs": {
        "hp": 248,
        "atk": 56,
        "def": 0,
        "spa": 0,
        "spd": 204,
        "spe": 0
      }
    },
    {
      "nature": "Adamant",
      "usage": "5.4",
      "evs": {
        "hp": 248,
        "atk": 56,
        "def": 12,
        "spa": 0,
        "spd": 192,
        "spe": 0
      }
    },
    {
      "nature": "Adamant",
      "usage": "5.1",
      "evs": {
        "hp": 32,
        "atk": 252,
        "def": 0,
        "spa": 0,
        "spd": 0,
        "spe": 224
      }
    },
    {
      "nature": "Adamant",
      "usage": "3.2",
      "evs": {
        "hp": 252,
        "atk": 252,
        "def": 0,
        "spa": 0,
        "spd": 4,
        "spe": 0
      }
    },
    {
      "nature": "Sassy",
      "usage": "3.2",
      "evs": {
        "hp": 252,
        "atk": 0,
        "def": 4,
        "spa": 0,
        "spd": 252,
        "spe": 0
      }
    },
    {
      "nature": "Jolly",
      "usage": "3.2",
      "evs": {
        "hp": 12,
        "atk": 252,
        "def": 0,
        "spa": 0,
        "spd": 0,
        "spe": 244
      }
    },
    {
      "nature": "Jolly",
      "usage": "2.5",
      "evs": {
        "hp": 0,
        "atk": 252,
        "def": 0,
        "spa": 0,
        "spd": 4,
        "spe": 252
      }
    },
    {
      "nature": "Jolly",
      "usage": "2.1",
      "evs": {
        "hp": 4,
        "atk": 252,
        "def": 0,
        "spa": 0,
        "spd": 0,
        "spe": 252
      }
    }
  ],
  "teammates": {
    "3": 10.567822541162188,
    "6": 46.895233838889155,
    "9": 18.042108119022203,
    "12": 1.7933743612492514,
    "15": 1.5628191554379476,
    "18": 6.400407981388412e-11,
    "19": 1.0657779110210805,
    "25": 0.224817783470045,
    "26": 4.114151481130569,
    "31": 112.6683629439968,
    "34": 3.0169833602493594,
    "36": 773.5586687897638,
    "38": 9.887314661293516,
    "47": 0.000011560054112957907,
    "49": 4.921451447020698,
    "53": 2.8993102363372714e-10,
    "55": 62.162863678417544,
    "59": 16.68695144440808,
    "62": 28.223812244126158,
    "65": 24.633302297140393,
    "67": 7.818269450348822,
    "71": 5.25377043364707,
    "73": 282.17682867374975,
    "76": 0.00003295897523319935,
    "78": 0.0000016403170820522561,
    "80": 16.830789410197973,
    "82": 476.4019318167659,
    "85": 0.10052920215533445,
    "87": 0.000024434123871042157,
    "89": 0.000230370659570045,
    "91": 58.5599449404715,
    "93": 0.00001874885668440296,
    "94": 2239.3632765399743,
    "99": 1.9117895290924771,
    "101": 11.155120384384299,
    "103": 9.858320038585475,
    "105": 2.544730758151554,
    "106": 0.7006018803174071,
    "107": 3.5032151959185716,
    "110": 4.2665589746149655,
    "112": 0.8476329518696291,
    "113": 37.37797330913412,
    "115": 7.201237898312519,
    "121": 4022.874025909152,
    "123": 5.180274219682333,
    "126": 1.898149273053892,
    "127": 2.6104639004342203,
    "128": 1.194356915436727,
    "130": 3779.8586647749157,
    "131": 29.47137649105307,
    "132": 0.00003306317539297776,
    "134": 117.58565375793341,
    "135": 717.7395842069071,
    "139": 20.909557765747426,
    "141": 576.0414692537342,
    "142": 1284.0250953539141,
    "143": 390.5046776008754,
    "144": 0.37839576879485615,
    "145": 2283.2948851490605,
    "146": 6.999350785183374,
    "148": 2.657283824278859,
    "149": 2903.7432812199286,
    "157": 22.6877940177392,
    "160": 26.24910655222768,
    "164": 0.03604343961402379,
    "168": 5.667668201425613e-8,
    "169": 89.52729833812661,
    "171": 0.6739058549334807,
    "181": 26.19698859421471,
    "184": 35.83925750257309,
    "185": 1.6663912917071864,
    "186": 9.72971847435809,
    "195": 103.7738428367968,
    "196": 24.20797333796126,
    "197": 52.0727160523769,
    "199": 4.097333768382505e-7,
    "205": 130.5726245125776,
    "208": 35.11756721971892,