{
  "id": "448",
  "name": "Lucario",
  "format_id": "showdown_gen4ou-1500",
  "usage_metrics": {
    "raw": 14946,
    "base_weight": 9922.567027610188,
    "percent": 12.880485366610362
  },
  "items": {
    "choice-scarf": 741.4279354216898,
    "focus-sash": 423.6962032393748,
    "expert-belt": 41.95026615021679,
    "life-orb": 7775.465050882947,
    "shuca-berry": 91.49691421707854,
    "leftovers": 85.1439795030087,
    "muscle-band": 25.72097481614971,
    "choice-band": 209.47204214100753,
    "lum-berry": 56.613197845871625,
    "nothing": 2.6183318558609106,
    "choice-specs": 120.2783359188928,
    "fist-plate": 102.99999975792988,
    "salac-berry": 9.420827957725553,
    "sitrus-berry": 4.895651432826289,
    "kings-rock": 182.3579776945927,
    "hard-stone": 0.0000013654000561302837,
    "black-belt": 3.9258963273067162,
    "wise-glasses": 0.8690774943179054,
    "liechi-berry": 0.3003913888130217,
    "metal-coat": 4.5889007936676105,
    "chople-berry": 7.510053697022686,
    "occa-berry": 0.19370021702416818,
    "damp-rock": 0.010175498304077102,
    "rock-incense": 0.28994035174734245,
    "silk-scarf": 30.699846852453803,
    "shed-shell": 9.088640759991051e-7,
    "iron-ball": 0.6213538800888352
  },
  "abilities": {
    "inner-focus": 8820.328017038224,
    "steadfast": 1102.2390105719644
  },
  "moves": {
    "close-combat": 9287.84461730912,
    "ice-punch": 1532.6947614827968,
    "thunder-punch": 947.0809818980686,
    "copycat": 204.77688818297824,
    "aura-sphere": 572.9742459420866,
    "shadow-ball": 125.40297782053068,
    "vacuum-wave": 542.1622658092963,
    "hidden-power-electric": 125.03978432009656,
    "bullet-punch": 4172.802565862594,
    "dark-pulse": 343.4964896923969,
    "extreme-speed": 8327.685725798661,
    "swords-dance": 7884.85874931468,
    "crunch": 3787.894997548043,
    "hidden-power-ice": 77.58254319676115,
    "calm-mind": 313.71930476950126,
    "shadow-claw": 21.79949979213342,
    "flash-cannon": 99.37092136350097,
    "bone-rush": 1.44477684665251,
    "drain-punch": 6.463354214438743,
    "brick-break": 9.641960239912159,
    "earthquake": 51.51560033116121,
    "stone-edge": 361.96056712270274,
    "rest": 0.681702670394926,
    "substitute": 212.38465359617499,
    "hidden-power-fire": 7.590852903467668,
    "iron-tail": 1.6197762594361766,
    "counter": 18.731691030826376,
    "dragon-pulse": 99.02512756442428,
    "blaze-kick": 325.16488067350144,
    "hidden-power-grass": 19.535930936349395,
    "low-kick": 0.19359956885599278,
    "bulk-up": 10.398790055740994,
    "cross-chop": 6.3726513376747285,
    "agility": 49.29129459160995,
    "rock-slide": 0.2854529889840669,
    "poison-jab": 20.597901618066686,
    "focus-blast": 34.677669832475885,
    "psychic": 20.694809992171233,
    "detect": 1.343661619587086,
    "roar": 5.53775252763799,
    "protect": 6.221471746403048,
    "hidden-power-rock": 1.7730101052535723,
    "high-jump-kick": 1.2581529606663628,
    "toxic": 2.1079523417487986,
    "screech": 3.1605895678410434e-9,
    "metal-sound": 3.1605895678410434e-9,
    "reversal": 0.6422753034402517,
    "hyper-beam": 23.851282335450907,
    "focus-punch": 10.805092892603538,
    "facade": 0.5131556386290325,
    "zen-headbutt": 1.8925932739660583,
    "force-palm": 0.04565759434144051,
    "sleep-talk": 0.19370021702416818,
    "metal-claw": 0.8777561475019255,
    "attract": 0.003549147487935611,
    "rain-dance": 0.010175498304077102,
    "water-pulse": 0.01875861908173576,
    "hidden-power-flying": 0.28994035174734245,
    "": 2.819749276851654,
    "giga-impact": 3.4232234259180947,
    "iron-defense": 0.5574810524182005,
    "fling": 0.6213538800888352
  },
  "teras": {
    "nothing": 9922.567027610183
  },
  "spreads": [
    {
      "nature": "Adamant",
      "usage": "44.4",
      "evs": {
        "hp": 0,
        "atk": 252,
        "def": 0,
        "spa": 0,
        "spd": 4,
        "spe": 252
      }
    },
    {
      "nature": "Jolly",
      "usage": "24.6",
      "evs": {
        "hp": 0,
        "atk": 252,
        "def": 0,
        "spa": 0,
        "spd": 4,
        "spe": 252
      }
    },
    {
      "nature": "Adamant",
      "usage": "11.9",
      "evs": {
        "hp": 4,
        "atk": 252,
        "def": 0,
        "spa": 0,
        "spd": 0,
        "spe": 252
      }
    },
    {
      "nature": "Adamant",
      "usage": "5.3",
      "evs": {
        "hp": 0,
        "atk": 252,
        "def": 4,
        "spa": 0,
        "spd": 0,
        "spe": 252
      }
    },
    {
      "nature": "Jolly",
      "usage": "3.8",
      "evs": {
        "hp": 0,
        "atk": 252,
        "def": 4,
        "spa": 0,
        "spd": 0,
        "spe": 252
      }
    },
    {
      "nature": "Modest",
      "usage": "2.4",
      "evs": {
        "hp": 0,
        "atk": 0,
        "def": 0,
        "spa": 252,
        "spd": 4,
        "spe": 252
      }
    },
    {
      "nature": "Timid",
      "usage": "2.2",
      "evs": {
        "hp": 0,
        "atk": 0,
        "def": 0,
        "spa": 252,
        "spd": 4,
        "spe": 252
      }
    },
    {
      "nature": "Jolly",
      "usage": "1.9",
      "evs": {
        "hp": 4,
        "atk": 252,
        "def": 0,
        "spa": 0,
        "spd": 0,
        "spe": 252
      }
    },
    {
      "nature": "Modest",
      "usage": "0.6",
      "evs": {
        "hp": 0,
        "atk": 0,
        "def": 4,
        "spa": 252,
        "spd": 0,
        "spe": 252
      }
    },
    {
      "nature": "Jolly",
      "usage": "0.3",
      "evs": {
        "hp": 0,
        "atk": 252,
        "def": 12,
        "spa": 0,
        "spd": 12,
        "spe": 232
      }
    }
  ],
  "teammates": {
    "3": 0.4194157925286596,
    "6": 3.546048299939042,
    "9": 2.4762360146765703,
    "19": 0.37138905977237047,
    "20": 1.3827679551555363,
    "25": 22.626376607347115,
    "26": 0.0003233192543425911,
    "31": 39.9179599130104,
    "34": 8.135825929506797,
    "36": 413.2657275647487,
    "38": 0.3746374008786746,
    "57": 0.34934626402434343,
    "59": 14.292589420012508,
    "62": 8.597567102697212e-13,
    "65": 9.021346700521121,
    "67": 0.028594832275536664,
    "71": 2.3413144469233993,
    "73": 96.77050293554605,
    "74": 0.7964512319681318,
    "76": 0.8078827200118006,
    "80": 0.7381915807320824,
    "82": 29.97551233844084,
    "83": 3.046684350915818e-7,
    "91": 34.60306715449115,
    "94": 1853.3395256342121,
    "99": 0.015583262851058988,
    "101": 0.02496161008066511,
    "103": 6.618810211732239,
    "106": 0.34934634873757653,
    "107": 3.326581466229919,
    "115": 1.156859907330985,
    "119": 0.010662522886429215,
    "121": 1679.6624909073382,
    "122": 3.046684350915818e-7,
    "128": 1.337584807690419,
    "130": 3303.2774948191222,
    "131": 2.518006283534773,
    "132": 0,
    "134": 89.19249372654357,
    "135": 190.7404497772532,
    "139": 4.090210514705404,
    "141": 74.20752279577503,
    "142": 484.27185742653535,
    "143": 15.415717586014054,
    "145": 486.4249996356261,
    "146": 0.6062133470187352,
    "149": 1536.5629025500575,
    "157": 1.0596585127783522,
    "160": 14.468785566731668,
    "164": 0.6652125831088748,
    "169": 16.570427691767506,
    "171": 1.2434104398928092,
    "181": 23.144114890958704,
    "184": 7.1439953398787575,
    "186": 0.6695102132537681,
    "189": 0.6260167631134148,
    "195": 64.50502515750182,
    "196": 0.15508108877169785,
    "197": 30.617666123137596,
    "199": 0.02024616165198745,
    "204": 0.8533214462880674,
    "205": 138.68902776538533,
    "206": 3.5848661129953827,
    "208": 2.0822909126367612,
    "211": 9.826077823153733,
    "212": 1992.0166024983364,
    "213": 11.258436636448323,
    "214": 20.239245887903973,
    "217": 0.6272982794139961,
    "219": 2.478681879747313e-7,
    "222": 0.28994035174734245,
    "224": 0.00016002774722462254,
    "226": 2.478681879747313e-7,
    "227": 1662.773850515898,