{
  "id": "10104",
  "name": "Ninetales alolan",
  "format_id": "showdown_gen9bssregi-1500",
  "usage_metrics": {
    "raw": 478,
    "base_weight": 135.4889978882239,
    "percent": 0.8492946235030737
  },
  "roles": [
    {
      "role": "role_sweeper_special",
      "label": "Special Sweeper",
      "category": "OFF"
    },
    {
      "role": "role_disruptor",
      "label": "Disruptor",
      "category": "SUP"
    },
    {
      "role": "role_weather",
      "label": "Weather Setter",
      "category": "SUP"
    }
  ],
  "items": {
    "choice-specs": 9.131362426178397,
    "eject-button": 1.61221977173436,
    "light-clay": 71.67277956444819,
    "sitrus-berry": 0.001608296542993659,
    "mental-herb": 0.3724463752125147,
    "focus-sash": 7.7787166142130015,
    "leftovers": 0.803678792859349,
    "rocky-helmet": 2.8423549654431652,
    "bright-powder": 0.793263608450306,
    "icy-rock": 19.816211787788212,
    "ability-shield": 0.6888423423549679,
    "blunder-policy": 3.464028267175818,
    "choice-scarf": 0.7558430969415365,
    "salac-berry": 8.490858553249678,
    "nothing": 4.742747863732553,
    "heavy-duty-boots": 2.522035561898841
  },
  "abilities": {
    "snow-warning": 127.61390700939911,
    "snow-cloak": 7.875090878824792
  },
  "moves": {
    "dark-pulse": 6.674574674845023,
    "moonblast": 109.4775740112051,
    "freeze-dry": 64.13502304465202,
    "blizzard": 79.4351990475149,
    "aurora-veil": 124.29431657581323,
    "tera-blast": 3.7305498623794504,
    "encore": 95.46908013914421,
    "baton-pass": 5.246821739669965,
    "calm-mind": 1.8851507927833269,
    "chilling-water": 2.3107810925709567,
    "icy-wind": 5.451153218728302,
    "protect": 7.778210704638415,
    "psyshock": 0.76568360886126,
    "ice-shard": 1.0959481265558566,
    "disable": 7.098109047104659,
    "pain-split": 2.136286713498156,
    "draining-kiss": 1.3656311122654947,
    "dazzling-gleam": 2.9156560534943097,
    "hypnosis": 0.3718771984604321,
    "misty-terrain": 0.37947414715079586,
    "helping-hand": 1.0713611582415865,
    "roar": 0.3276067613207224,
    "snowscape": 0.23142645399739026,
    "ice-beam": 2.8947827823459655,
    "charm": 1.2308819513846327,
    "": 5.324912881466741,
    "substitute": 0.3354433767228439,
    "agility": 2.3502939778392173,
    "avalanche": 3.365438346854927,
    "zen-headbutt": 0.2847073894869302,
    "nasty-plot": 2.522035561898841
  },
  "teras": {
    "ice": 36.61625529238558,
    "ground": 5.738246868362226,
    "fire": 14.237554492837267,
    "fairy": 12.387829179579327,
    "ghost": 11.932829136435139,
    "water": 24.569383878207088,
    "psychic": 0.76568360886126,
    "dragon": 4.656808709161302,
    "steel": 13.384376069566164,
    "normal": 10.801651370893996,
    "dark": 0.3983792819345209
  },
  "spreads": [
    {
      "nature": "timid",
      "usage": "19.4",
      "evs": {
        "hp": 252,
        "atk": 0,
        "def": 0,
        "spa": 4,
        "spd": 0,
        "spe": 252
      }
    },
    {
      "nature": "timid",
      "usage": "11.5",
      "evs": {
        "hp": 0,
        "atk": 0,
        "def": 0,
        "spa": 252,
        "spd": 0,
        "spe": 252
      }
    },
    {
      "nature": "timid",
      "usage": "8.3",
      "evs": {
        "hp": 4,
        "atk": 0,
        "def": 0,
        "spa": 252,
        "spd": 0,
        "spe": 252
      }
    },
    {
      "nature": "modest",
      "usage": "6.1",
      "evs": {
        "hp": 4,
        "atk": 0,
        "def": 0,
        "spa": 252,
        "spd": 0,
        "spe": 252
      }
    },
    {
      "nature": "timid",
      "usage": "4.0",
      "evs": {
        "hp": 0,
        "atk": 0,
        "def": 4,
        "spa": 252,
        "spd": 0,
        "spe": 252
      }
    },
    {
      "nature": "timid",
      "usage": "3.3",
      "evs": {
        "hp": 84,
        "atk": 0,
        "def": 188,
        "spa": 4,
        "spd": 4,
        "spe": 228
      }
    },
    {
      "nature": "timid",
      "usage": "3.3",
      "evs": {
        "hp": 244,
        "atk": 0,
        "def": 0,
        "spa": 12,
        "spd": 0,
        "spe": 252
      }
    },
    {
      "nature": "timid",
      "usage": "3.2",
      "evs": {
        "hp": 252,
        "atk": 0,
        "def": 180,
        "spa": 0,
        "spd": 0,
        "spe": 76
      }
    },
    {
      "nature": "timid",
      "usage": "2.9",
      "evs": {
        "hp": 6,
        "atk": 0,
        "def": 0,
        "spa": 252,
        "spd": 0,
        "spe": 252
      }
    },
    {
      "nature": "timid",
      "usage": "2.7",
      "evs": {
        "hp": 0,
        "atk": 0,
        "def": 0,
        "spa": 252,
        "spd": 4,
        "spe": 252
      }
    }
  ],
  "teammates": {
    "3": 0.5603578004172713,
    "51": 1.5066589939297859,
    "59": 1.9887036183187168,
    "82": 0.803678792859349,
    "113": 1.6003662215496164,
    "131": 1.545355895813564,
    "132": 8.077066709661914,
    "144": 1.403404159955119,
    "145": 0.3347903416875534,
    "149": 14.086867000478643,
    "182": 0.3593067650650345,
    "184": 1.0021323648028084,
    "186": 1.0021323648028084,
    "198": 0.639041032666572,
    "212": 3.8535465796928867,
    "235": 5.482574742452229,
    "242": 0.7385657169141467,
    "248": 2.3850039798672977,
    "250": 3.259279990124012,
    "257": 1.4804119708826056,
    "260": 0.5682679996950541,
    "279": 0.3347903416875534,
    "286": 0.803678792859349,
    "356": 3.2686863537477238,
    "373": 2.7636905282572384,
    "376": 3.4119324675058524,
    "382": 4.994524642682131,
    "383": 0.03877797395343868,
    "384": 2.9237084843596097,
    "395": 0.639041032666572,
    "417": 3.1375492809565926,
    "423": 0.327134359534197,
    "445": 0.0009672804277983671,
    "448": 0.639041032666572,
    "471": 4.983266649383348,
    "472": 6.967383256106025,
    "473": 2.5110736464947854,
    "478": 14.32722809367693,
    "485": 0.6581478655717623,
    "486": 0.0002997077405310633,
    "542": 0.9998443928414547,
    "547": 5.600366435565468,
    "573": 4.068138716281799,
    "576": 1.0021323648028084,
    "591": 2.7197943215548515,
    "594": 3.023902857457966,
    "637": 0.5959832373291651,
    "641": 2.7988242668677796,
    "645": 0.3718771984604321,
    "663": 0.26716383420613987,
    "666": 0.03461615056273831,
    "678": 0.3593067650650345,
    "707": 0.9998954129773702,
    "713": 1.087253254205377,
    "715": 0.803678792859349,
    "727": 13.954512311163333,
    "730": 8.581151954614928,
    "748": 0.45702695057029846,
    "752": 0.003340591090036038,
    "758": 0.3111186499305667,
    "778": 6.5163576715335125,
    "792": 16.440365268484214,
    "812": 7.988019829245732,
    "847": 0.3347903416875534,
    "855": 0.607068200784823,
    "861": 9.514814652931372,
    "873": 3.7893742549930844,
    "875": 2.4327721251397145,
    "876": 0.5889591277543722,
    "879": 0.607068200784823,
    "887": 3.251576396717999,
    "890": 2.205940439990998,
    "901": 4.428620088238684,
    "903": 7.415622103886119,
    "908": 0.0002692452541615542,
    "911": 8.934050071061774,
    "925": 5.5767229070576105,
    "930": 0.6034550757910088,
    "934": 7.117948890846729,
    "937": 0.803678792859349,
    "941": 1.9887036183187168,
    "956": 7.539071753819974,
    "966": 0.29353277480912443,
    "967": 1.9887036183187168,
    "970": 9.8706151157411,
    "975": 1.9887036183187168,
    "977": 10.404042579796345,
    "980": 1.2105232765758318,
    "983": 14.176933205032645,
    "984": 4.183059682834642,
    "987": 4.961289860219544,
    "991": 14.952925993071412,
    "992": 2.6454976859625035,
    "998": 8.06025318034206,
    "1000": 24.406826130296082,
    "1002": 11.18128227407805,
    "1003": 19.198376060786547,
    "1004": 3.770562999232272,
    "1006": 1.3486146352341586,
    "1007": 12.497442529751824,
    "1008": 11.366621843052902,
    "1018": 6.594613149917249,
    "1021": 4.688066851759794,
    "1024": 6.82031105921787,
    "10021": 7.567654534705046,