{
  "id": "594",
  "name": "Alomomola",
  "format_id": "showdown_gen9bssregi-1500",
  "usage_metrics": {
    "raw": 3282,
    "base_weight": 2074.2716108179357,
    "percent": 5.831349276855833
  },
  "roles": [
    {
      "role": "role_pivot",
      "label": "Pivot",
      "category": "DEF"
    },
    {
      "role": "role_wall_physical",
      "label": "Physical Wall",
      "category": "DEF"
    },
    {
      "role": "role_cleric",
      "label": "Cleric / Heal",
      "category": "SUP"
    }
  ],
  "items": {
    "rocky-helmet": 817.2359481236213,
    "leftovers": 54.85933681242798,
    "assault-vest": 615.8294446674089,
    "covert-cloak": 498.9363925736434,
    "mental-herb": 5.056891296422241,
    "sitrus-berry": 61.343160696453296,
    "red-card": 0.5723346187468032,
    "eject-pack": 0.5871612826219306,
    "heavy-duty-boots": 16.4580745185134,
    "expert-belt": 1.1900747368823223,
    "choice-specs": 0.4222127331734068,
    "salac-berry": 0.8529130488576532,
    "nothing": 0.9276657091678434
  },
  "abilities": {
    "regenerator": 2047.2420211711576,
    "healer": 25.031903815654214,
    "hydration": 1.997685831123825
  },
  "moves": {
    "scald": 201.49369348996805,
    "protect": 892.7758780628429,
    "flip-turn": 2064.4570620744894,
    "wish": 1425.418200943522,
    "mirror-coat": 621.8583167119765,
    "aqua-jet": 805.4867573951587,
    "healing-wish": 932.9175816466436,
    "tera-blast": 69.37290427354165,
    "icy-wind": 421.8577084143862,
    "pain-split": 1.7039624843406804,
    "tickle": 497.0698787298701,
    "chilling-water": 8.555631845952353,
    "calm-mind": 8.925522217711901,
    "baton-pass": 9.132651383410979,
    "substitute": 7.22298321933821,
    "liquidation": 20.096151070718456,
    "play-rough": 212.6589763549154,
    "light-screen": 21.589062593989997,
    "alluring-voice": 34.34423367297292,
    "zen-headbutt": 0.9027423587906661,
    "soak": 0.5723346187468032,
    "whirlpool": 25.121184519619796,
    "acrobatics": 3.0372802686232965,
    "blizzard": 3.8551791411673184,
    "aqua-ring": 0.29067481347244184,
    "hydro-pump": 2.5913272693469733,
    "facade": 0.14618345124576193,
    "waterfall": 0.34300590290330113,
    "ice-beam": 1.1595984206958996,
    "": 0.3710845681552824,
    "body-slam": 1.758691353234465
  },
  "teras": {
    "water": 112.31418381215062,
    "fairy": 571.9316729231035,
    "dark": 71.44041519617471,
    "normal": 756.2523302219556,
    "ground": 140.29605158246707,
    "fire": 2.6541976544918855,
    "poison": 194.76528210585255,
    "grass": 144.21083874306456,
    "electric": 69.91407899134492,
    "flying": 0.5875109202909269,
    "steel": 9.001914180470793,
    "dragon": 0.29067481347244184,
    "ghost": 0.6124596731006408
  },
  "spreads": [
    {
      "nature": "relaxed",
      "usage": "23.6",
      "evs": {
        "hp": 252,
        "atk": 0,
        "def": 156,
        "spa": 0,
        "spd": 100,
        "spe": 0
      }
    },
    {
      "nature": "relaxed",
      "usage": "13.9",
      "evs": {
        "hp": 212,
        "atk": 0,
        "def": 236,
        "spa": 0,
        "spd": 60,
        "spe": 0
      }
    },
    {
      "nature": "sassy",
      "usage": "13.5",
      "evs": {
        "hp": 4,
        "atk": 0,
        "def": 252,
        "spa": 0,
        "spd": 252,
        "spe": 0
      }
    },
    {
      "nature": "relaxed",
      "usage": "10.0",
      "evs": {
        "hp": 252,
        "atk": 0,
        "def": 252,
        "spa": 0,
        "spd": 4,
        "spe": 0
      }
    },
    {
      "nature": "sassy",
      "usage": "5.9",
      "evs": {
        "hp": 132,
        "atk": 0,
        "def": 124,
        "spa": 0,
        "spd": 252,
        "spe": 0
      }
    },
    {
      "nature": "relaxed",
      "usage": "4.0",
      "evs": {
        "hp": 116,
        "atk": 0,
        "def": 252,
        "spa": 0,
        "spd": 140,
        "spe": 0
      }
    },
    {
      "nature": "relaxed",
      "usage": "3.6",
      "evs": {
        "hp": 4,
        "atk": 0,
        "def": 252,
        "spa": 0,
        "spd": 252,
        "spe": 0
      }
    },
    {
      "nature": "relaxed",
      "usage": "3.1",
      "evs": {
        "hp": 252,
        "atk": 4,
        "def": 252,
        "spa": 0,
        "spd": 0,
        "spe": 0
      }
    },
    {
      "nature": "impish",
      "usage": "2.3",
      "evs": {
        "hp": 132,
        "atk": 0,
        "def": 252,
        "spa": 0,
        "spd": 124,
        "spe": 0
      }
    },
    {
      "nature": "relaxed",
      "usage": "1.9",
      "evs": {
        "hp": 132,
        "atk": 0,
        "def": 252,
        "spa": 0,
        "spd": 124,
        "spe": 0
      }
    }
  ],
  "teammates": {
    "9": 0.5986207831601233,
    "25": 0.0000231091887616941,
    "36": 0.21710707309832872,
    "51": 0.9621166980048035,
    "91": 0.8174952893487505,
    "94": 0.9540635442713501,
    "97": 0.3426636748432121,
    "113": 29.276788462644326,
    "123": 0.6446525495887317,
    "132": 7.183740241530607,
    "143": 1.1039724821270136,
    "145": 0.05654212679819853,
    "146": 1.206628558300312,
    "149": 57.17443899212488,
    "182": 0.29067481347244184,
    "212": 11.131357617372972,
    "235": 4.598115929095086,
    "242": 1.1000145474170506,
    "248": 6.685159277284657,
    "249": 26.84293332225508,
    "250": 663.0020019036288,
    "257": 3.5150358571586677,
    "260": 7.5246100124594655,
    "286": 3.794087602818794,
    "332": 1.2406420307842876,
    "382": 40.04890339359126,
    "384": 4.7993221936489405,
    "392": 2.644268926594357,
    "398": 0.5846035566793808,
    "424": 0.5557885107074113,
    "445": 1.0766936425059281,
    "448": 0.21710707309832872,
    "450": 0.6710428373427217,
    "462": 6.411767806923089,
    "464": 1.4585150953655084,
    "472": 289.3641053392711,
    "475": 0.9007058288775905,
    "483": 6.4414791547689525,
    "484": 63.99980315300836,
    "485": 2.9510701664356342,
    "487": 0.29481496727669565,
    "488": 0.7901985153688069,
    "497": 26.94911201476733,
    "503": 0.639039578307121,
    "534": 1.118031917429805,
    "542": 2.1208814234924542,
    "547": 19.99843917721375,
    "553": 17.999977799875715,
    "576": 0.8896308656265159,
    "591": 9.98504308977973,
    "596": 1.035881162497189,
    "609": 26.94911201476733,
    "625": 1.351825927859455,
    "642": 4.959947000870963,
    "646": 0.6124596731006408,
    "663": 0.0000231091887616941,
    "713": 1.047473129294257,
    "727": 42.19636957255178,
    "738": 0.9027423587906661,
    "748": 8.283747524481472,
    "758": 0.3265640356907067,
    "764": 1.351825927859455,
    "774": 0.1372327750933633,
    "778": 14.326196231652045,
    "779": 2.0199803902547284,
    "784": 0.3718771984604321,
    "789": 1.4087015595650647,
    "792": 89.9259143114862,
    "800": 0.6320135367589559,
    "812": 39.654630886489784,
    "823": 31.34780424052939,
    "858": 12.869328335473288,
    "861": 58.111756784645785,
    "873": 0.3718771984604321,
    "887": 0.8353158161415012,
    "890": 16.37756453213102,
    "892": 48.98093074368735,
    "894": 2.5739320784379665,
    "895": 0.5723346187468032,
    "900": 1.838684375304429,
    "901": 64.568149968887,
    "902": 0.0000231091887616941,
    "903": 66.35972790734547,
    "904": 2.9510701664356342,
    "908": 8.841318445365298,
    "911": 2.9433428442104086,
    "918": 0.3265640356907067,
    "923": 1.7246289744968057,
    "930": 23.9387201168597,
    "934": 520.2486333756771,
    "936": 0.24299996202027713,
    "937": 2.2099444375211763,
    "945": 12.869992368981631,
    "949": 0.15913295776643477,
    "964": 0.399376058163783,
    "970": 532.8156734703424,
    "975": 0.3718771984604321,
    "977": 38.73965162858536,
    "979": 8.358088615985274,
    "980": 171.5404017937079,
    "983": 13.617992147014304,
    "984": 4.757157668983278,
    "986": 7.5246100124594655,
    "987": 837.8695210654936,
    "988": 2.941874932560946,
    "990": 376.5422434715994,