{
  "id": "937",
  "name": "Ceruledge",
  "format_id": "showdown_gen9bssregi-1500",
  "usage_metrics": {
    "raw": 689,
    "base_weight": 237.2042448137517,
    "percent": 1.2241924594008742
  },
  "roles": [
    {
      "role": "role_sweeper_physical",
      "label": "Physical Sweeper",
      "category": "OFF"
    },
    {
      "role": "role_setup",
      "label": "Setup Sweeper",
      "category": "OFF"
    },
    {
      "role": "role_disruptor",
      "label": "Disruptor",
      "category": "SUP"
    }
  ],
  "items": {
    "focus-sash": 48.44176703356966,
    "leftovers": 94.97768630519981,
    "air-balloon": 11.05254557690229,
    "life-orb": 16.159035740170218,
    "weakness-policy": 5.689098100095565,
    "choice-band": 3.5571934525436113,
    "sitrus-berry": 16.676455282874798,
    "colbur-berry": 2.5556525438714206,
    "choice-scarf": 10.82436521392327,
    "kings-rock": 1.3212930405340284,
    "aguav-berry": 1.1491960097407476,
    "covert-cloak": 1.8309427587253413,
    "heavy-duty-boots": 19.332388863365093,
    "passho-berry": 0.30867719110224556,
    "shell-bell": 0.3751388678414288,
    "ability-shield": 1.4134791655618981,
    "big-root": 0.41120686619067703,
    "assault-vest": 1.128122801539568
  },
  "abilities": {
    "flash-fire": 204.510981715889,
    "weak-armor": 32.693263097862705
  },
  "moves": {
    "bitter-blade": 236.22473077834763,
    "poltergeist": 57.99375328397986,
    "flame-charge": 7.908459998703647,
    "shadow-sneak": 196.5371789757035,
    "bulk-up": 141.54541157760065,
    "taunt": 131.7486410703233,
    "swords-dance": 59.8157148381698,
    "brick-break": 5.319772916811706,
    "clear-smog": 0.659695268334445,
    "tera-blast": 9.546953080203956,
    "psycho-cut": 0.42725435804957185,
    "endure": 4.998993516774839,
    "close-combat": 39.8474541379047,
    "destiny-bond": 10.157258350273048,
    "protect": 1.2013244631940014,
    "night-slash": 0.520715881138912,
    "fire-blast": 0.520715881138912,
    "shadow-claw": 12.016450798933732,
    "flare-blitz": 1.0715220748402083,
    "dragon-claw": 10.54562560052594,
    "light-screen": 0.973452198370921,
    "solar-blade": 4.569603912115692,
    "phantom-force": 10.254152526210286,
    "x-scissor": 1.4899364430288093,
    "substitute": 0.7472676918884783,
    "ally-switch": 0.42685172905737245,
    "poison-jab": 0.6556066776493408,
    "reflect": 0.3718771984604321,
    "take-down": 0.6076368369436147,
    "throat-chop": 0.11296719032951097
  },
  "teras": {
    "fairy": 140.25185350174053,
    "ghost": 18.35219833331465,
    "fire": 55.0338335292242,
    "water": 3.5946606931670515,
    "fighting": 0.6015749999104889,
    "steel": 7.999978276161321,
    "grass": 5.8872118663584665,
    "dragon": 0.8019905968988013,
    "normal": 0.9031302680731201,
    "dark": 0.41120686619067703,
    "poison": 3.3666058827124434
  },
  "spreads": [
    {
      "nature": "impish",
      "usage": "30.1",
      "evs": {
        "hp": 252,
        "atk": 0,
        "def": 252,
        "spa": 0,
        "spd": 4,
        "spe": 0
      }
    },
    {
      "nature": "jolly",
      "usage": "12.9",
      "evs": {
        "hp": 0,
        "atk": 252,
        "def": 0,
        "spa": 0,
        "spd": 4,
        "spe": 252
      }
    },
    {
      "nature": "adamant",
      "usage": "11.6",
      "evs": {
        "hp": 4,
        "atk": 252,
        "def": 0,
        "spa": 0,
        "spd": 0,
        "spe": 252
      }
    },
    {
      "nature": "adamant",
      "usage": "7.2",
      "evs": {
        "hp": 244,
        "atk": 196,
        "def": 0,
        "spa": 0,
        "spd": 0,
        "spe": 68
      }
    },
    {
      "nature": "impish",
      "usage": "7.2",
      "evs": {
        "hp": 228,
        "atk": 0,
        "def": 252,
        "spa": 0,
        "spd": 0,
        "spe": 28
      }
    },
    {
      "nature": "jolly",
      "usage": "3.5",
      "evs": {
        "hp": 0,
        "atk": 252,
        "def": 0,
        "spa": 0,
        "spd": 0,
        "spe": 252
      }
    },
    {
      "nature": "adamant",
      "usage": "3.4",
      "evs": {
        "hp": 252,
        "atk": 164,
        "def": 4,
        "spa": 0,
        "spd": 4,
        "spe": 84
      }
    },
    {
      "nature": "jolly",
      "usage": "3.2",
      "evs": {
        "hp": 4,
        "atk": 252,
        "def": 0,
        "spa": 0,
        "spd": 0,
        "spe": 252
      }
    },
    {
      "nature": "impish",
      "usage": "2.2",
      "evs": {
        "hp": 212,
        "atk": 0,
        "def": 236,
        "spa": 0,
        "spd": 0,
        "spe": 60
      }
    },
    {
      "nature": "hardy",
      "usage": "1.9",
      "evs": {
        "hp": 44,
        "atk": 212,
        "def": 0,
        "spa": 0,
        "spd": 0,
        "spe": 252
      }
    }
  ],
  "teammates": {
    "3": 1.8921729583796236,
    "9": 0.5986207831601233,
    "25": 6.400280825779171,
    "36": 1.128122801539568,
    "73": 0.051313079208549106,
    "82": 0.803678792859349,
    "106": 1.128122801539568,
    "130": 0.1963503167285655,
    "131": 1.7416451629882586,
    "132": 1.5069077777358384,
    "143": 1.1585419980424856,
    "145": 5.5741667484705895,
    "149": 15.302440367914793,
    "150": 0.2336900814550294,
    "184": 4.006314529630541,
    "199": 0.6281228015395679,
    "205": 7.99999986650689,
    "212": 10.438501418864359,
    "227": 1.7416451629882586,
    "229": 0.6281228015395679,
    "237": 0.6015749999104889,
    "245": 0.2336900814550294,
    "248": 3.2816550301357807,
    "249": 7.99999986650689,
    "250": 0.9129874361381651,
    "254": 17.130493783695957,
    "257": 0.6332749339874497,
    "279": 0.6875100543337676,
    "286": 1.175555991319781,
    "314": 0.3751388678414288,
    "324": 2.525668529779704,
    "332": 0.520715881138912,
    "335": 0.5013326499202447,
    "350": 0.007486254938162185,
    "373": 0.7197180406235395,
    "376": 6.056780274237585,
    "381": 0.5030055415130632,
    "382": 3.152941065187435,
    "383": 16.165820729222872,
    "384": 32.69348741283178,
    "389": 2.1170842164129224,
    "398": 0.6762174723326375,
    "411": 0.0305181888628433,
    "417": 2.13568919619367,
    "423": 0.33592219037721227,
    "424": 0.39764567033465253,
    "426": 0.8456669658267815,
    "445": 4.744471788959416,
    "448": 0.8352650813655182,
    "460": 8.99997730350609,
    "466": 16.431009823914803,
    "472": 5.2712116808506435,
    "474": 1.2641636457011394,
    "475": 0.8293930722411575,
    "478": 0.6076368369436147,
    "483": 0.051313079208549106,
    "485": 7.143635394152083,
    "487": 1.070885610244455,
    "497": 55.13065321303137,
    "530": 0.520715881138912,
    "547": 2.276487077442788,
    "553": 16.9999429630601,
    "576": 0.42685172905737245,
    "591": 0.09884941005602332,
    "594": 2.2099444375211763,
    "625": 0.1732119308195742,
    "635": 0.9977273950629373,
    "637": 0.9031302680731201,
    "643": 13.889333651780083,
    "644": 55.131481115897934,
    "658": 1.702912086992597,
    "663": 0.03779221296529711,
    "691": 0.520715881138912,
    "700": 2.328971409578131,
    "707": 6.003749944568628,
    "715": 1.3744081158418626,
    "727": 1.6351047940378816,
    "730": 71.15297956771524,
    "735": 0.6382353186353489,
    "738": 1.6351047940378816,
    "743": 1.5320970090864052,
    "748": 0.0023639602788309566,
    "752": 1.6988521245220816,
    "770": 0.06480892512365966,
    "778": 16.486386983503944,
    "784": 0.5431358617013474,
    "792": 13.218046850238125,
    "812": 1.2441890764527754,
    "815": 1.5763565795701302,
    "823": 3.6056260277448398,
    "839": 0.30867719110224556,
    "841": 2.4556734867678744,
    "849": 1.9156723935286588,
    "858": 1.4787856546582894,
    "861": 10.354265817294802,
    "869": 0.6382353186353489,
    "870": 2.1170842164129224,
    "873": 0.3718771984604321,
    "887": 0.30867719110224556,
    "890": 2.9984031480372173,
    "892": 3.874452645033668,
    "894": 0.5970326948659408,