{
  "id": "998",
  "name": "Baxcalibur",
  "format_id": "showdown_gen9bssregi-1500",
  "usage_metrics": {
    "raw": 396,
    "base_weight": 178.24898580897948,
    "percent": 0.7035997299314167
  },
  "roles": [
    {
      "role": "role_sweeper_physical",
      "label": "Physical Sweeper",
      "category": "OFF"
    },
    {
      "role": "role_setup",
      "label": "Setup Sweeper",
      "category": "OFF"
    }
  ],
  "items": {
    "assault-vest": 15.14537952566401,
    "loaded-dice": 134.41380027387143,
    "choice-scarf": 2.2483795603168897,
    "focus-sash": 17.5038978591113,
    "leftovers": 1.4302920547008693,
    "choice-band": 1.463923256710172,
    "icy-rock": 0.5729016019584057,
    "air-balloon": 0.0000013990587786616437,
    "sitrus-berry": 0.3718771984604321,
    "life-orb": 3.7634262765683615,
    "shell-bell": 0.35618815155200967,
    "rocky-helmet": 0.3829354136778535,
    "clear-amulet": 0.5959832373291651
  },
  "abilities": {
    "thermal-exchange": 177.28604971863845,
    "ice-body": 0.9629360903410185
  },
  "moves": {
    "earthquake": 118.79448488839385,
    "glaive-rush": 46.79084697430411,
    "icicle-crash": 30.93006509281391,
    "ice-shard": 79.75831410061089,
    "scale-shot": 111.67923233971639,
    "icicle-spear": 134.8232210235482,
    "dragon-dance": 98.54427093515372,
    "swords-dance": 56.58705427622994,
    "high-horsepower": 1.689802090515268,
    "brick-break": 0.028672328843044825,
    "aqua-tail": 1.547443535073963,
    "snowscape": 0.5729016019584057,
    "freeze-dry": 2.604910649790025,
    "breaking-swipe": 0.5729016019584057,
    "crunch": 4.999960453150714,
    "iron-head": 5.7375472355528645,
    "dragon-rush": 0.3718771984604321,
    "avalanche": 4.112904789934114,
    "dragon-pulse": 3.2023195201678214,
    "blizzard": 0.8960081828836979,
    "ice-beam": 2.3934236922725156,
    "dragon-claw": 0.9669617292983352,
    "zen-headbutt": 0.0006296838303538888,
    "protect": 5.390189311457757
  },
  "teras": {
    "ground": 76.64606083074037,
    "steel": 13.704054086417162,
    "ghost": 8.429229066185615,
    "normal": 8.570417650836303,
    "dragon": 31.470610479733843,
    "fairy": 11.906525928233052,
    "ice": 24.500722169821145,
    "fire": 0.8798493743099433,
    "water": 0.9789186510070187,
    "poison": 1.1625975716950858
  },
  "spreads": [
    {
      "nature": "adamant",
      "usage": "30.5",
      "evs": {
        "hp": 0,
        "atk": 252,
        "def": 0,
        "spa": 0,
        "spd": 4,
        "spe": 252
      }
    },
    {
      "nature": "adamant",
      "usage": "28.0",
      "evs": {
        "hp": 4,
        "atk": 252,
        "def": 0,
        "spa": 0,
        "spd": 0,
        "spe": 252
      }
    },
    {
      "nature": "jolly",
      "usage": "12.0",
      "evs": {
        "hp": 4,
        "atk": 252,
        "def": 0,
        "spa": 0,
        "spd": 0,
        "spe": 252
      }
    },
    {
      "nature": "adamant",
      "usage": "6.3",
      "evs": {
        "hp": 148,
        "atk": 100,
        "def": 4,
        "spa": 0,
        "spd": 244,
        "spe": 12
      }
    },
    {
      "nature": "jolly",
      "usage": "4.0",
      "evs": {
        "hp": 0,
        "atk": 252,
        "def": 0,
        "spa": 0,
        "spd": 4,
        "spe": 252
      }
    },
    {
      "nature": "jolly",
      "usage": "3.9",
      "evs": {
        "hp": 20,
        "atk": 228,
        "def": 0,
        "spa": 0,
        "spd": 4,
        "spe": 252
      }
    },
    {
      "nature": "adamant",
      "usage": "3.7",
      "evs": {
        "hp": 156,
        "atk": 252,
        "def": 100,
        "spa": 0,
        "spd": 0,
        "spe": 0
      }
    },
    {
      "nature": "adamant",
      "usage": "2.8",
      "evs": {
        "hp": 132,
        "atk": 196,
        "def": 4,
        "spa": 0,
        "spd": 124,
        "spe": 52
      }
    },
    {
      "nature": "hardy",
      "usage": "1.8",
      "evs": {
        "hp": 4,
        "atk": 252,
        "def": 252,
        "spa": 0,
        "spd": 0,
        "spe": 0
      }
    },
    {
      "nature": "adamant",
      "usage": "1.2",
      "evs": {
        "hp": 180,
        "atk": 204,
        "def": 4,
        "spa": 0,
        "spd": 44,
        "spe": 76
      }
    }
  ],
  "teammates": {
    "26": 0.9890603554021881,
    "91": 3.349441063931974,
    "113": 1.5857289281526938,
    "132": 16.512547935577885,
    "143": 1.2470442755998168,
    "149": 12.646523651692904,
    "150": 3.79257082939011,
    "181": 0.000033636697294281426,
    "182": 1.2470442755998168,
    "184": 2.139281425495125,
    "195": 0.20566720383277692,
    "196": 0.00001288689464939985,
    "197": 1.6233514130641924,
    "212": 13.520641528933472,
    "233": 0.08711235498839193,
    "235": 28.2311294766709,
    "243": 0.9890603554021881,
    "248": 1.790733199456625,
    "250": 23.459565987860042,
    "257": 0.0006296838303538888,
    "260": 0.9558370156362592,
    "279": 1.9636022885177455,
    "286": 1.4446958794437108,
    "334": 0.2116086402935421,
    "342": 1.1979681911639666,
    "356": 1.1979681911639666,
    "373": 0.019238876526636528,
    "376": 1.2178315974982197,
    "380": 1.4128301910264982,
    "382": 1.9550040166942462,
    "395": 2.0879489458948983,
    "405": 0.8401778062584602,
    "419": 0.9890603554021881,
    "423": 0.17897824674337082,
    "437": 1.8132189689878109,
    "445": 1.2178315974982197,
    "450": 3.686455553598536,
    "460": 14.093543130891879,
    "462": 1.6913465048186773,
    "472": 15.532518220645818,
    "473": 0.5729016019584057,
    "475": 2.4422914666581215,
    "480": 0.4670782627027826,
    "485": 1.09204605824974,
    "579": 4.717340981363619,
    "591": 0.8798493743099433,
    "596": 3.79257082939011,
    "635": 0.000001912259552261375,
    "637": 0.5959832373291651,
    "641": 0.39046805071532853,
    "645": 3.79257082939011,
    "658": 1.1979681911639666,
    "687": 0.35618815155200967,
    "700": 1.2231132199363137,
    "706": 0.0016412046938068525,
    "713": 1.5857289281526938,
    "715": 1.4128301910264982,
    "724": 5.533110061514243,
    "727": 0.45902458920489697,
    "730": 12.559786971377056,
    "740": 0.4827137088548037,
    "778": 13.752508343747293,
    "779": 0.00002214886142354322,
    "784": 0.2116086402935421,
    "791": 1.2108548333168478,
    "812": 20.998336801631684,
    "820": 0.4670782627027826,
    "823": 2.4422914666581215,
    "858": 0.9614588593977171,
    "861": 5.372706578031014,
    "875": 3.2729499313981747,
    "887": 18.006826992871254,
    "890": 12.698066023828854,
    "892": 2.254543314759439,
    "901": 2.2595761347921783,
    "902": 0.3056438182134062,
    "903": 6.92150220273866,
    "904": 2.511158623955557,
    "911": 0.37187859751921076,
    "916": 1.4755953642104869,
    "925": 0.0006296838303538888,
    "934": 8.356492431402065,
    "945": 0.23255872392832372,
    "949": 0.7437543969208642,
    "956": 0.3056438182134062,
    "959": 1.815943394073789,
    "964": 1.477236568904294,
    "967": 0.019238876526636528,
    "968": 15.9084561389014,
    "970": 15.793877167968784,
    "977": 11.20052934168316,
    "978": 0.2116086402935421,
    "979": 1.847472562670919,
    "980": 0.08711235498839193,
    "981": 0.08711235498839193,
    "983": 2.4327721251397145,
    "984": 2.4327721251397145,
    "987": 14.598587924989893,
    "990": 11.217083413901143,
    "992": 9.840490192713341,
    "1000": 18.87846288415301,
    "1002": 14.174548389700213,
    "1003": 37.926347874617086,
    "1005": 0.9645171167455271,
    "1007": 11.03828301511799,
    "1008": 44.50967400008598,
    "1017": 0.4893813235946148,
    "1018": 18.49186437755749,
    "1024": 31.530932518977284,
    "10007": 1.4128301910264982,
    "10008": 5.256964486409261,
    "10020": 1.8132189689878109,
    "10021": 23.082898743868014,
    "10023": 0.026962117952247955,
    "10102": 0.5376003924720678,
    "10104": 8.06025318034206,
    "10113": 0.36820224769262605,