{
  "id": "1000",
  "name": "Gholdengo",
  "format_id": "showdown_gen9stabmonsmixandmega-1500",
  "usage_metrics": {
    "raw": 6810,
    "base_weight": 3990.00455442861,
    "percent": 9.367520426971856
  },
  "roles": [
    {
      "role": "role_sweeper_special",
      "label": "Special Sweeper",
      "category": "OFF"
    },
    {
      "role": "role_setup",
      "label": "Setup Sweeper",
      "category": "OFF"
    },
    {
      "role": "role_staller",
      "label": "Staller",
      "category": "DEF"
    }
  ],
  "items": {
    "diancite": 790.6767922630506,
    "victreebelite": 3.1531836220802107,
    "lucarionite": 374.2599294547534,
    "chandelurite": 324.4628509577373,
    "eelektrossite": 256.393950315956,
    "garchompite-z": 96.0738257971717,
    "chimechite": 25.095567503325146,
    "latiasite": 872.7871253461943,
    "air-balloon": 116.40126996638445,
    "dragoninite": 7.133926381656378,
    "garchompite": 2.7829619392890725,
    "choice-specs": 7.1730929999340916,
    "absolite-z": 63.18005881831819,
    "heatranite": 275.02082489734136,
    "slowbronite": 0.3718771984604321,
    "light-clay": 0.520202948564303,
    "audinite": 2.250557654356255,
    "scovillainite": 18.550694301528818,
    "choice-scarf": 24.156624788727505,
    "leftovers": 6.505813708187729,
    "blue-orb": 85.98158444043203,
    "scizorite": 89.03001986999361,
    "magearnite": 55.27950404559342,
    "cameruptite": 13.669942304732333,
    "absolite": 66.28147180660626,
    "sablenite": 36.860674929054326,
    "latiosite": 53.666824535753925,
    "pinsirite": 9.957953071281063,
    "charizardite-y": 0.44023279422171546,
    "manectite": 39.41441466354333,
    "venusaurite": 25.97586820416936,
    "covert-cloak": 26.348991456351403,
    "alakazite": 36.727568564860796,
    "meganiumite": 32.555802539706335,
    "crabominite": 0.3718771984604321,
    "wellspring-mask": 3.5623484493134425,
    "raichunite-y": 16.058722749826718,
    "clefablite": 2.8583969790354455,
    "rocky-helmet": 13.455596027173414,
    "darkranite": 0.5453989851842209,
    "nothing": 1.4985579516472627,
    "aggronite": 12.965970585566998,
    "altarianite": 6.3177618413356615,
    "glimmoranite": 1.7346612988625103,
    "salac-berry": 0.34297576713389655,
    "houndoominite": 2.056226463378887,
    "golisopite": 0.31170653384834,
    "sceptilite": 7.092333446652146,
    "ability-shield": 0.13128118112395504,
    "gardevoirite": 1.8373921382459037,
    "floettite": 0.9370620108159247,
    "delphoxite": 1.9675544743975453,
    "focus-sash": 6.076358758707519,
    "heavy-duty-boots": 5.324145379568387,
    "life-orb": 0.34891211355790175,
    "metagrossite": 0.22102204762379835,
    "banettite": 22.89287121373194,
    "chesnaughtite": 3.2306012076105928,
    "hawluchanite": 0.3718771984604321,
    "shuca-berry": 0.3675821976463681,
    "black-belt": 0.35816772677446546,
    "raichunite-x": 0.23078059052861516,
    "assault-vest": 2.0459844058667866,
    "greninjite": 0.9986907739821705,
    "zeraorite": 28.999728444484578,
    "ampharosite": 2.9418055524082685,
    "lopunnite": 1.4906605668759125,
    "pixie-plate": 4.144588450216702e-9,
    "metal-coat": 0.3352785425313275,
    "swampertite": 0.5822795327754753
  },
  "abilities": {
    "good-as-gold": 3990.00455442861
  },
  "moves": {
    "nasty-plot": 3254.3889300971573,
    "tachyon-cutter": 2284.395877848387,
    "moongeist-beam": 3138.9347795691106,
    "focus-blast": 466.84371784353357,
    "recover": 2452.3954466096206,
    "make-it-rain": 1310.2670475205605,
    "dazzling-gleam": 300.1143908670937,
    "steel-beam": 48.7896996241166,
    "curse": 4.996002302438982,
    "doom-desire": 450.1445503169342,
    "thunder-wave": 416.8810426120097,
    "shadow-ball": 126.75077300572158,
    "thunderbolt": 223.0742269225028,
    "power-gem": 156.57284766590195,
    "bullet-punch": 7.233142568033792,
    "infernal-parade": 470.1978671774717,
    "reflect": 0.8642737513901647,
    "light-screen": 18.979248592877166,
    "trick": 12.57271398300402,
    "protect": 32.1254179549216,
    "substitute": 126.42982453385392,
    "flash-cannon": 83.9815469006963,
    "bitter-malice": 95.11586236556893,
    "poltergeist": 1.0022281362814531,
    "giga-impact": 0.2664093531092542,
    "charge-beam": 0.2664093531092542,
    "hex": 52.3320823956959,
    "destiny-bond": 176.6558754926569,
    "psyshock": 91.73402051819663,
    "psychic": 34.30755470481324,
    "tera-blast": 16.498786634325295,
    "iron-defense": 12.752401194976805,
    "sunsteel-strike": 1.169555005991005,
    "memento": 33.944548643827396,
    "thunder": 24.099004226097772,
    "shelter": 0.3225350514093265,
    "behemoth-bash": 2.063260571013898,
    "focus-punch": 1.3357332524958478,
    "behemoth-blade": 3.0927774393509533,
    "shadow-sneak": 8.321751137643334,
    "hyper-beam": 0.9402942467234943,
    "low-kick": 0.35816772677446546,
    "night-shade": 0.35816772677446546,
    "meteor-mash": 1.7816216126980637,
    "metal-burst": 2.681250445228332,
    "iron-head": 0.2923833993446727,
    "shadow-force": 0.8359257890694392,
    "confuse-ray": 0.8359257890694392,
    "spirit-shackle": 9.720317234839383
  },
  "teras": {
    "nothing": 3990.00455442861
  },
  "spreads": [
    {
      "nature": "timid",
      "usage": "50.2",
      "evs": {
        "hp": 0,
        "atk": 0,
        "def": 0,
        "spa": 252,
        "spd": 4,
        "spe": 252
      }
    },
    {
      "nature": "modest",
      "usage": "15.2",
      "evs": {
        "hp": 252,
        "atk": 0,
        "def": 0,
        "spa": 252,
        "spd": 4,
        "spe": 0
      }
    },
    {
      "nature": "modest",
      "usage": "4.9",
      "evs": {
        "hp": 200,
        "atk": 0,
        "def": 0,
        "spa": 252,
        "spd": 0,
        "spe": 56
      }
    },
    {
      "nature": "modest",
      "usage": "2.1",
      "evs": {
        "hp": 0,
        "atk": 0,
        "def": 0,
        "spa": 252,
        "spd": 4,
        "spe": 252
      }
    },
    {
      "nature": "timid",
      "usage": "1.6",
      "evs": {
        "hp": 4,
        "atk": 0,
        "def": 0,
        "spa": 252,
        "spd": 0,
        "spe": 252
      }
    },
    {
      "nature": "timid",
      "usage": "1.6",
      "evs": {
        "hp": 0,
        "atk": 0,
        "def": 4,
        "spa": 252,
        "spd": 0,
        "spe": 252
      }
    },
    {
      "nature": "modest",
      "usage": "1.3",
      "evs": {
        "hp": 244,
        "atk": 0,
        "def": 0,
        "spa": 252,
        "spd": 0,
        "spe": 12
      }
    },
    {
      "nature": "modest",
      "usage": "1.3",
      "evs": {
        "hp": 188,
        "atk": 0,
        "def": 0,
        "spa": 252,
        "spd": 12,
        "spe": 56
      }
    },
    {
      "nature": "bold",
      "usage": "1.2",
      "evs": {
        "hp": 252,
        "atk": 0,
        "def": 252,
        "spa": 4,
        "spd": 0,
        "spe": 0
      }
    },
    {
      "nature": "bold",
      "usage": "1.2",
      "evs": {
        "hp": 252,
        "atk": 0,
        "def": 252,
        "spa": 0,
        "spd": 4,
        "spe": 0
      }
    }
  ],
  "teammates": {
    "3": 2.4125600839586596,
    "6": 0.3489120149208019,
    "9": 14.573943504493624,
    "28": 0.000002010317084577551,
    "36": 14.255169360009017,
    "38": 45.15156672759467,
    "40": 0.2526959526541066,
    "53": 0.6955099650108088,
    "55": 1.3911296374766695,
    "59": 23.30194519381676,
    "80": 55.34518356685492,
    "85": 1.9309933775519075,
    "87": 4.3802419615952894,
    "91": 21.430099710701302,
    "94": 8.118270099227724,
    "103": 1.4904379084704025,
    "106": 0.2686301003932042,
    "113": 2.144526167757732e-9,
    "128": 10.128363946115934,
    "130": 99.20222295171017,
    "132": 4.658261478059657,
    "134": 14.592477847844291,
    "135": 3.8217767322978533,
    "136": 6.337694784796657,
    "143": 24.355369612938155,
    "144": 7.720607168112043,