{
  "id": "1003",
  "name": "Ting Lu",
  "format_id": "showdown_gen9stabmonsmixandmega-1500",
  "usage_metrics": {
    "raw": 5271,
    "base_weight": 2823.5438506097644,
    "percent": 7.250543343695838
  },
  "roles": [
    {
      "role": "role_pivot",
      "label": "Pivot",
      "category": "DEF"
    },
    {
      "role": "role_disruptor",
      "label": "Disruptor",
      "category": "SUP"
    },
    {
      "role": "role_tr_attacker",
      "label": "Trick Room Attacker",
      "category": "OFF"
    }
  ],
  "items": {
    "tyranitarite": 105.77713104863514,
    "leftovers": 132.23272494401232,
    "sablenite": 1483.6801061010806,
    "gyaradosite": 145.01544237243073,
    "chesnaughtite": 21.300449190725857,
    "aggronite": 59.73907034704856,
    "slowbronite": 19.953603649061105,
    "rocky-helmet": 7.688760623028848,
    "life-orb": 0.3718771984604321,
    "staraptite": 76.1899811136132,
    "scolipite": 91.13377175973508,
    "heavy-duty-boots": 24.497149479622625,
    "pixie-plate": 107.81930358933609,
    "banettite": 238.99269051579302,
    "chimechite": 3.7536204018187913,
    "venusaurite": 18.025235521017553,
    "glimmoranite": 56.29679807544769,
    "wellspring-mask": 3.1749575085086867,
    "heracronite": 24.553249650238115,
    "rusted-shield": 4.425875262391906,
    "steelixite": 4.590766047260666,
    "spooky-plate": 0.15655633317055706,
    "clefablite": 12.769297363163485,
    "excadrite": 8.032523348461778,
    "dragalgite": 11.526700845029618,
    "focus-sash": 0.556846382050729,
    "scraftinite": 1.2803372306137901,
    "absolite-z": 31.769762754049395,
    "darkranite": 18.850786183612858,
    "magearnite": 0.19319242658001623,
    "toxic-plate": 24.332986581896456,
    "audinite": 7.017969657843505,
    "scizorite": 8.093114574240195,
    "crabominite": 2.4983398361975975,
    "manectite": 1.153573446774859,
    "absolite": 0.3840501909285974,
    "flame-plate": 2.9999155439800957,
    "sky-plate": 4.26015721545664,
    "barbaracite": 2.135744814575473,
    "diancite": 0.1370403571705781,
    "altarianite": 9.521168239910926,
    "sitrus-berry": 4.403908620717349,
    "assault-vest": 0.34348857747801836,
    "iron-plate": 0.26832674266782686,
    "blastoisinite": 0.12463121794120308,
    "salac-berry": 0.3718771984604321,
    "mental-herb": 0.0000026105448498459083,
    "heatranite": 18.515218171597052,
    "choice-band": 0.016801627577126055,
    "metagrossite": 0.0000022955960751191995,
    "lucarionite": 0.9023011092046036,
    "nothing": 1.7764945320659278,
    "garchompite": 6.05827249472601,
    "covert-cloak": 10.177009798127603,
    "tatsugirinite": 0.25058240257279896,
    "mewtwonite-x": 0.7380145515777277,
    "hawluchanite": 0.7184589526664891,
    "ampharosite": 1.9958319812651355
  },
  "abilities": {
    "vessel-of-ruin": 2823.5438506097644
  },
  "moves": {
    "earthquake": 984.9013239810696,
    "whirlwind": 746.1687530416345,
    "shore-up": 2561.6671201489394,
    "parting-shot": 1633.920900614234,
    "stealth-rock": 1048.4932596443357,
    "spikes": 580.7082742753521,
    "darkest-lariat": 58.546821976542056,
    "precipice-blades": 542.0248340398209,
    "ruination": 668.0069063581063,
    "topsy-turvy": 241.7033013602039,
    "wicked-torque": 165.66084120421004,
    "knock-off": 279.4546533324267,
    "dark-pulse": 0.3718771984604321,
    "earth-power": 0.3718771984604321,
    "hex": 0.3718771984604321,
    "body-press": 166.5573126014276,
    "foul-play": 284.489488182903,
    "payback": 131.0099840753397,
    "false-surrender": 8.410056814430577,
    "comeuppance": 587.6651667006056,
    "heavy-slam": 59.481645321739336,
    "rest": 5.5999694967234745,
    "sand-attack": 9.175397080630987,
    "sucker-punch": 144.64765528426435,
    "headlong-rush": 39.79056449006305,
    "kowtow-cleave": 59.970442598687455,
    "scorching-sands": 39.10884735810062,
    "bone-rush": 30.01342955312682,
    "jaw-lock": 76.84502491818193,
    "hone-claws": 23.32139000799429,
    "memento": 1.818658413208757,
    "": 3.013282995975851,
    "sand-tomb": 19.66987225654034,
    "taunt": 31.33140613408893,
    "drill-run": 0.43398747241036834,
    "torment": 0.6011223823815237,
    "beat-up": 0.7986117739343188,
    "assurance": 3.1552880163857515,
    "high-horsepower": 1.3059837488321195,
    "stone-edge": 10.271250500366028,
    "switcheroo": 0.3718771984604321,
    "double-edge": 9.549521874912546,
    "protect": 3.9655528258078236,
    "nasty-plot": 0.3718771984604321,
    "rock-tomb": 5.4601799028887115,
    "sandstorm": 0.633306521734507,
    "substitute": 0.000001196892271404515,
    "rock-slide": 2.1917168814626584,
    "sleep-talk": 0.6154435354574972,
    "throat-chop": 11.475909732048748,
    "spite": 6.0226764480791335,
    "body-slam": 0.16695189280268985,
    "crunch": 0.6643960135354813,
    "tera-blast": 0.3492231219534984,
    "dig": 0.3492231219534984,
    "hyperspace-fury": 1.1290852220072933
  },
  "teras": {
    "nothing": 2823.5438506097644
  },
  "spreads": [
    {
      "nature": "impish",
      "usage": "15.7",
      "evs": {
        "hp": 252,
        "atk": 4,
        "def": 252,
        "spa": 0,
        "spd": 0,
        "spe": 0
      }
    },
    {
      "nature": "adamant",
      "usage": "10.9",
      "evs": {
        "hp": 252,
        "atk": 252,
        "def": 0,
        "spa": 0,
        "spd": 4,
        "spe": 0
      }
    },
    {
      "nature": "impish",
      "usage": "8.1",
      "evs": {
        "hp": 252,
        "atk": 0,
        "def": 252,
        "spa": 0,
        "spd": 4,
        "spe": 0
      }
    },
    {
      "nature": "careful",
      "usage": "7.8",
      "evs": {
        "hp": 252,
        "atk": 0,
        "def": 4,
        "spa": 0,
        "spd": 252,
        "spe": 0
      }
    },
    {
      "nature": "relaxed",
      "usage": "6.1",
      "evs": {
        "hp": 252,
        "atk": 4,
        "def": 252,
        "spa": 0,
        "spd": 0,
        "spe": 0
      }
    },
    {
      "nature": "sassy",
      "usage": "4.3",
      "evs": {
        "hp": 252,
        "atk": 0,
        "def": 4,
        "spa": 0,
        "spd": 252,
        "spe": 0
      }
    },
    {
      "nature": "impish",
      "usage": "4.1",
      "evs": {
        "hp": 252,
        "atk": 0,
        "def": 252,
        "spa": 0,
        "spd": 0,
        "spe": 0
      }
    },
    {
      "nature": "sassy",
      "usage": "3.6",
      "evs": {
        "hp": 252,
        "atk": 4,
        "def": 0,
        "spa": 0,
        "spd": 252,
        "spe": 0
      }
    },
    {
      "nature": "careful",
      "usage": "3.4",
      "evs": {
        "hp": 248,
        "atk": 0,
        "def": 8,
        "spa": 0,
        "spd": 252,
        "spe": 0
      }
    },
    {
      "nature": "bold",
      "usage": "3.2",
      "evs": {
        "hp": 252,
        "atk": 0,
        "def": 252,
        "spa": 0,
        "spd": 4,
        "spe": 0
      }
    }
  ],
  "teammates": {
    "6": 1.199548734103844,
    "9": 7.3779641643234815,
    "36": 10.458773637567987,
    "38": 11.475955134964277,
    "40": 0.6100839287471421,
    "51": 0.3185604970570103,
    "59": 69.7225123162172,
    "73": 6.0720900715275015,
    "80": 45.96562003651544,
    "85": 0.9879631351152576,
    "89": 0.7802499415863113,
    "91": 18.165696618311973,
    "93": 0.03402199675356643,
    "94": 7.819767365637564,
    "103": 5.223676824144043,
    "106": 0.2686301003932042,
    "113": 0.7498409351913267,
    "130": 140.02259056383224,
    "132": 0.684202199268156,
    "134": 1.752222319316567,
    "135": 8.85523610122048,
    "143": 31.641979615271072,
    "145": 198.28208134122198,
    "146": 17.946519168602162,
    "149": 366.30573762085334,
    "150": 0.028353635001620858,
    "151": 2.643949257862853,
    "157": 2.3146172865203933,
    "162": 3.8545565063943688,
    "182": 2.8704117431672262,
    "191": 6.33661188084861,
    "195": 1.8699286127183217,
    "196": 7.088579495573588,
    "197": 8.192018990489036,