{
  "id": "130",
  "name": "Gyarados",
  "format_id": "showdown_gen9stabmonsmixandmega-1500",
  "usage_metrics": {
    "raw": 2841,
    "base_weight": 1573.3062914999402,
    "percent": 3.9079479490494924
  },
  "roles": [
    {
      "role": "role_sweeper_physical",
      "label": "Physical Sweeper",
      "category": "OFF"
    },
    {
      "role": "role_setup",
      "label": "Setup Sweeper",
      "category": "OFF"
    }
  ],
  "items": {
    "zeraorite": 797.6497851034445,
    "sceptilite": 39.976970887184855,
    "metagrossite": 61.342319034264015,
    "charizardite-x": 8.124177913396172,
    "leftovers": 1.0002385357575547,
    "aggronite": 184.05637489084182,
    "blue-orb": 19.659495940270652,
    "eelektrossite": 0.36102698273902667,
    "lucarionite": 22.6043793696359,
    "aerodactylite": 15.77347613749571,
    "absolite-z": 7.257757234014039,
    "scizorite": 139.49775620252476,
    "protective-pads": 0.44619717487864585,
    "pinsirite": 9.777788060496533,
    "barbaracite": 10.367280312631156,
    "hearthflame-mask": 0.049697770500088334,
    "swampertite": 117.93967551088168,
    "heracronite": 0.018917881716425333,
    "clefablite": 2.6687005895820093,
    "salamencite": 3.65133070848102,
    "chimechite": 27.687975664505583,
    "baxcalibrite": 1.1469998656537534,
    "excadrite": 1.214408425516373,
    "scolipite": 19.693658500250937,
    "sharpedonite": 1.511465079688152,
    "audinite": 11.012404324181233,
    "banettite": 15.145726770920211,
    "heavy-duty-boots": 0.6543187411549278,
    "sablenite": 2.223215675913261,
    "feraligite": 0.43395218171036654,
    "garchompite-z": 0.4843112870575402,
    "air-balloon": 0.3718771984604321,
    "rusted-sword": 40.07042380954639,
    "diancite": 3.0225602937081737,
    "sky-plate": 0.34241362502317074,
    "golisopite": 0.6609058564463366,
    "raichunite-x": 0.9994846217681532,
    "altarianite": 3.0629870518682143,
    "ampharosite": 0.9658615574081104,
    "nothing": 0.006117529959663581,
    "mirror-herb": 0.3718771984604321
  },
  "abilities": {
    "intimidate": 1501.0882503722867,
    "moxie": 72.21804112765363
  },
  "moves": {
    "crabhammer": 547.2011143702961,
    "crunch": 47.28983374341033,
    "earthquake": 679.5642610556737,
    "dragon-ascent": 1145.2665254899348,
    "outrage": 40.5823734338911,
    "dragon-dance": 1378.8259932242554,
    "waterfall": 26.63166580178224,
    "aqua-step": 561.8725348243852,
    "triple-dive": 180.80103116908646,
    "fire-blast": 3.0354088379537183,
    "ice-beam": 2.4178612199462557,
    "dragon-pulse": 5.952132577305867,
    "aqua-tail": 0.3718771984604321,
    "hurricane": 0.4610554981215092,
    "iron-head": 233.05738903116426,
    "wave-crash": 141.31974961741912,
    "roost": 293.98462816427946,
    "aqua-jet": 242.86174867096568,
    "flip-turn": 124.6661351584693,
    "beak-blast": 83.29554392666333,
    "bite": 0.3718771984604321,
    "dual-wingbeat": 135.47620339032986,
    "brave-bird": 25.388280360047737,
    "double-edge": 9.977194733136827,
    "bulldoze": 77.74767559732952,
    "temper-flare": 40.1189670802248,
    "thunder-wave": 37.532694135522924,
    "defog": 6.409979499268793,
    "scale-shot": 0.05936396159013435,
    "water-shuriken": 0.11421371133716601,
    "drill-peck": 16.351925307205033,
    "razor-shell": 4.647520364475157,
    "taunt": 66.50167205976898,
    "liquidation": 27.89406759414023,
    "body-slam": 5.203685344737242,
    "dragon-tail": 6.5288055803566305,
    "ice-fang": 1.6782936161028945,
    "avalanche": 1.604529433473584,
    "aqua-cutter": 27.608138067376395,
    "substitute": 33.04494660825717,
    "facade": 0.45580703921551646,
    "scald": 7.327000514456669,
    "life-dew": 0.9814622836425799,
    "tera-blast": 2.305823477202203,
    "hydro-steam": 2.305823477202203,
    "aeroblast": 4.485779198491905,
    "steam-eruption": 3.502253897923114,
    "hydro-pump": 0.0891782996610771,
    "thunder": 0.3718771984604321,
    "air-slash": 0.3425880826287813,
    "water-spout": 0.34241362502317074,
    "whirlpool": 4.933075890629326,
    "snipe-shot": 0.3951329873964631,
    "thunderbolt": 1.667989293065728,
    "acrobatics": 0.0000640781519441469
  },
  "teras": {
    "nothing": 1573.306291499939
  },
  "spreads": [
    {
      "nature": "adamant",
      "usage": "45.6",
      "evs": {
        "hp": 0,
        "atk": 252,
        "def": 0,
        "spa": 0,
        "spd": 4,
        "spe": 252
      }
    },
    {
      "nature": "jolly",
      "usage": "22.3",
      "evs": {
        "hp": 0,
        "atk": 252,
        "def": 0,
        "spa": 0,
        "spd": 4,
        "spe": 252
      }
    },
    {
      "nature": "jolly",
      "usage": "8.1",
      "evs": {
        "hp": 0,
        "atk": 252,
        "def": 4,
        "spa": 0,
        "spd": 0,
        "spe": 252
      }
    },
    {
      "nature": "adamant",
      "usage": "6.6",
      "evs": {
        "hp": 4,
        "atk": 252,
        "def": 0,
        "spa": 0,
        "spd": 0,
        "spe": 252
      }
    },
    {
      "nature": "impish",
      "usage": "2.5",
      "evs": {
        "hp": 252,
        "atk": 0,
        "def": 148,
        "spa": 0,
        "spd": 0,
        "spe": 108
      }
    },
    {
      "nature": "jolly",
      "usage": "2.5",
      "evs": {
        "hp": 0,
        "atk": 252,
        "def": 0,
        "spa": 0,
        "spd": 0,
        "spe": 252
      }
    },
    {
      "nature": "impish",
      "usage": "1.7",
      "evs": {
        "hp": 252,
        "atk": 0,
        "def": 252,
        "spa": 0,
        "spd": 4,
        "spe": 0
      }
    },
    {
      "nature": "adamant",
      "usage": "1.5",
      "evs": {
        "hp": 252,
        "atk": 252,
        "def": 0,
        "spa": 0,
        "spd": 4,
        "spe": 0
      }
    },
    {
      "nature": "impish",
      "usage": "1.2",
      "evs": {
        "hp": 252,
        "atk": 0,
        "def": 152,
        "spa": 0,
        "spd": 0,
        "spe": 104
      }
    },
    {
      "nature": "adamant",
      "usage": "1.1",
      "evs": {
        "hp": 0,
        "atk": 252,
        "def": 0,
        "spa": 0,
        "spd": 0,
        "spe": 252
      }
    }
  ],
  "teammates": {
    "6": 3.125087944455504,
    "9": 0.036893985142139374,
    "26": 1.6314081379838066,
    "36": 0.08279856761204285,
    "38": 8.977231850200145,
    "53": 0.6955099650108088,
    "59": 5.213374083651102,
    "62": 2.7254881427737736,
    "73": 0.5940076710787181,
    "80": 1.4695726386166506,
    "85": 0.3373869730244822,
    "91": 11.632435483234445,
    "123": 0.17349603164909488,
    "128": 0.5392784126590352,
    "132": 1.0118792485333241,
    "135": 5.994418439293897,
    "136": 2.458125495498793,
    "143": 58.636004183934574,
    "144": 0.833007593415573,
    "145": 49.119594436966715,
    "146": 2.800369480647972,
    "149": 282.4856063446376,
    "151": 24.695737806566736,
    "160": 1.9550395394402622,
    "186": 26.20910983515952,
    "196": 0.7916353651193238,
    "197": 6.0852251498192995,
    "199": 8.2848165609486,
    "205": 4.349331488146784,
    "210": 2.856769339748465,
    "212": 2.598485025617754,
    "227": 11.037629479828418,
    "230": 17.022501233822346,
    "235": 0.00023853575755472534,
    "242": 76.20044469123654,
    "244": 50.98810341712032,
    "245": 0.166972666097419,
    "248": 130.83263310281308,
    "250": 13.187550847980617,
    "257": 29.523614896037802,
    "260": 14.838121250097785,
    "272": 0.0891782996610771,
    "275": 0.004756716049967469,
    "279": 152.31805776419466,
    "286": 1.644733504129697,
    "314": 10.606968704381135,
    "323": 1.1174292851049972,
    "330": 6.579061227925561,
    "334": 0.3718771984604321,
    "335": 0.003201420161610846,
    "350": 0.5940076710787181,
    "373": 73.18142065688788,
    "376": 9.494121061559031,
    "377": 0.3413907288297405,
    "379": 1.272856305669265,
    "380": 1.1297744764345872,
    "381": 3.7027925702922015,
    "384": 1.227085068006136,