{
  "id": "637",
  "name": "Volcarona",
  "format_id": "showdown_gen9stabmonsmixandmega-1500",
  "usage_metrics": {
    "raw": 1413,
    "base_weight": 673.6107756557137,
    "percent": 1.9436573220721338
  },
  "roles": [
    {
      "role": "role_sweeper_special",
      "label": "Special Sweeper",
      "category": "OFF"
    },
    {
      "role": "role_setup",
      "label": "Setup Sweeper",
      "category": "OFF"
    }
  ],
  "items": {
    "dragoninite": 57.38371681070222,
    "rusted-shield": 19.114571877868894,
    "magearnite": 10.218636687380835,
    "charizardite-y": 102.6001530030216,
    "manectite": 76.0067790524405,
    "heavy-duty-boots": 6.318873456840944,
    "chimechite": 17.469517831983556,
    "chandelurite": 14.265412201979018,
    "lucarionite": 24.598800311460618,
    "froslassite": 3.759688275228492,
    "charcoal": 0.8088855446953984,
    "raichunite-y": 3.8830081254549254,
    "slowbronite": 14.692845044353465,
    "venusaurite": 0.8865450438466509,
    "staraptite": 4.291291536323975,
    "absolite": 90.95004660085341,
    "alakazite": 25.934331056829173,
    "garchompite-z": 33.77171268937606,
    "golurkite": 0.7127183720869577,
    "absolite-z": 0.25867382526352567,
    "hearthflame-mask": 28.14595334658594,
    "cameruptite": 14.210727379285721,
    "diancite": 36.92871323584598,
    "delphoxite": 20.70013895859546,
    "clefablite": 3.9936109104031075,
    "focus-sash": 0.2672466239189185,
    "meganiumite": 0.2588574778183086,
    "audinite": 4.566314707100411,
    "heatranite": 5.395928773723938,
    "meadow-plate": 2.1023965440250563,
    "gardevoirite": 4.524721259345802,
    "victreebelite": 0.9999999374882464,
    "ampharosite": 3.9746847998701034,
    "banettite": 12.266744659345177,
    "aggronite": 13.443079573584983,
    "houndoominite": 1.3404408955398794,
    "gyaradosite": 4.437939249972719,
    "pyroarite": 0.043108026450625725,
    "air-balloon": 0.8629517232844859,
    "expert-belt": 0.3718771984604321,
    "altarianite": 1.4652498221623877,
    "mewtwonite-y": 0.9987521625820421,
    "sablenite": 0.11796947002062097,
    "scovillainite": 0.42916560538613335,
    "scolipite": 0.18017497257373216,
    "dragalgite": 3.4345147367078717,
    "silver-powder": 0.22330625764572742
  },
  "abilities": {
    "flame-body": 664.6274677205797,
    "swarm": 8.983307935134054
  },
  "moves": {
    "tail-glow": 111.11918197083949,
    "bug-buzz": 369.69943296318246,
    "fusion-flare": 116.9698123660843,
    "giga-drain": 303.74909140073174,
    "quiver-dance": 487.5036577430317,
    "fiery-dance": 83.07156437621227,
    "morning-sun": 108.87554089286479,
    "armor-cannon": 260.82386648509294,
    "air-slash": 1.2268820216033074,
    "eruption": 19.148561320540683,
    "blue-flare": 181.1267068319158,
    "solar-beam": 37.52649730951474,
    "psychic": 235.02021417262486,
    "sticky-web": 104.44304953129486,
    "hurricane": 1.9782942554092757,
    "lava-plume": 10.118792541457942,
    "flamethrower": 3.877798715050468,
    "burning-bulwark": 164.02821653656704,
    "pollen-puff": 18.49536033169897,
    "magma-storm": 9.77182468644766,
    "infestation": 0.2989487004049127,
    "u-turn": 51.89511530121486,
    "tera-blast": 7.807246447901246,
    "heat-wave": 0.18895591448794924,
    "substitute": 3.324236145692094,
    "defend-order": 0.0014136224472062198,
    "": 0.255244098841104,
    "calm-mind": 0.3718771984604321,
    "flare-blitz": 0.5951834561061595,
    "fire-blast": 0.42096427461455277,
    "leech-life": 0.22330625764572742,
    "fire-spin": 0.22330625764572742,
    "silk-trap": 0.2629584952299407
  },
  "teras": {
    "nothing": 673.6107756557136
  },
  "spreads": [
    {
      "nature": "timid",
      "usage": "49.4",
      "evs": {
        "hp": 0,
        "atk": 0,
        "def": 0,
        "spa": 252,
        "spd": 4,
        "spe": 252
      }
    },
    {
      "nature": "modest",
      "usage": "21.0",
      "evs": {
        "hp": 0,
        "atk": 0,
        "def": 0,
        "spa": 252,
        "spd": 4,
        "spe": 252
      }
    },
    {
      "nature": "timid",
      "usage": "4.7",
      "evs": {
        "hp": 0,
        "atk": 0,
        "def": 4,
        "spa": 252,
        "spd": 0,
        "spe": 252
      }
    },
    {
      "nature": "bold",
      "usage": "4.0",
      "evs": {
        "hp": 0,
        "atk": 0,
        "def": 252,
        "spa": 220,
        "spd": 0,
        "spe": 36
      }
    },
    {
      "nature": "timid",
      "usage": "3.4",
      "evs": {
        "hp": 252,
        "atk": 0,
        "def": 0,
        "spa": 4,
        "spd": 0,
        "spe": 252
      }
    },
    {
      "nature": "bold",
      "usage": "2.7",
      "evs": {
        "hp": 252,
        "atk": 0,
        "def": 124,
        "spa": 132,
        "spd": 0,
        "spe": 0
      }
    },
    {
      "nature": "timid",
      "usage": "2.4",
      "evs": {
        "hp": 0,
        "atk": 0,
        "def": 0,
        "spa": 252,
        "spd": 0,
        "spe": 252
      }
    },
    {
      "nature": "timid",
      "usage": "2.2",
      "evs": {
        "hp": 4,
        "atk": 0,
        "def": 0,
        "spa": 252,
        "spd": 0,
        "spe": 252
      }
    },
    {
      "nature": "modest",
      "usage": "1.6",
      "evs": {
        "hp": 4,
        "atk": 0,
        "def": 0,
        "spa": 252,
        "spd": 0,
        "spe": 252
      }
    },
    {
      "nature": "bold",
      "usage": "1.1",
      "evs": {
        "hp": 0,
        "atk": 0,
        "def": 252,
        "spa": 252,
        "spd": 4,
        "spe": 0
      }
    }
  ],
  "teammates": {
    "3": 1.2839159978990384,
    "6": 0.3029948045939318,
    "9": 1.4592759766864754,
    "36": 5.635500712079491,
    "38": 0.30204565361794666,
    "80": 0.2671962629616494,
    "113": 0.00001428966940558718,
    "130": 16.76690356986209,
    "131": 0.22330625764572742,
    "132": 1.2806944120020307,
    "136": 1.396343030364628,
    "143": 20.949625599032636,
    "145": 18.685515102885084,
    "146": 0.0709269044056528,
    "149": 150.558337543466,
    "151": 1.399296957859158,
    "184": 2.021538260710808,
    "185": 2.061677666825756,
    "186": 1.0936157667507886,
    "191": 6.33661188084861,
    "199": 3.740841662582516,
    "205": 34.91357844193773,
    "212": 55.46149515757212,
    "219": 1.7769906660772807,
    "232": 1.76001550604099,
    "242": 132.11183162226476,
    "243": 6.516415912808026,
    "244": 0.3718771984604321,
    "245": 1.8152607748053413,
    "248": 1.6098133259380631,
    "250": 22.28985947251461,
    "257": 12.840096071178033,
    "260": 4.023741918565623,
    "279": 0.012051884203334196,
    "308": 0.9188566573738299,
    "323": 0.3718771984604321,
    "324": 3.762792983121804,
    "330": 1.042029596050705,
    "335": 5.026719814933516,
    "350": 2.1180192816078014,
    "376": 4.475919701166998,
    "378": 2.538490557052856,
    "380": 2.1827770092307848,
    "381": 1.0699963202440697,
    "383": 5.384052519267972,
    "384": 2.393434717225663,
    "385": 3.554423931472555,
    "389": 3.03645421302056,
    "395": 11.311390698785534,
    "398": 4.160256004000765,
    "409": 0.5571930615549749,
    "416": 0.8749430169353516,
    "423": 2.3381514683990376,
    "426": 0.683786374152487,
    "429": 0.4540559617549023,
    "437": 1.3841508668111118,
    "442": 0.4540559617549023,
    "445": 23.194033845029345,
    "448": 4.086253701945557,
    "450": 2.5233904601587764,
    "460": 0.6031801119088425,
    "461": 12.163565620013694,
    "462": 2.0685961149335306,
    "464": 9.129592341072042,
    "469": 65.3725323552506,
    "471": 3.889116544688206,
    "472": 1.9971296294639878,
    "473": 1.2971112296531722,
    "474": 2.889294080983806,
    "477": 0.010954872412527794,
    "483": 1.511465079688152,
    "485": 11.828654152122915,
    "488": 1.3404266058704737,
    "490": 1.0535417306257309,
    "491": 37.760838197349,
    "497": 0.4849805696011697,
    "530": 4.506015755005472,