{
  "id": "80",
  "name": "Slowbro",
  "format_id": "showdown_gen9stabmonsmixandmega-1500",
  "usage_metrics": {
    "raw": 1047,
    "base_weight": 702.9334321568199,
    "percent": 1.44020468238466
  },
  "roles": [
    {
      "role": "role_tr_setter",
      "label": "Trick Room Setter",
      "category": "SUP"
    },
    {
      "role": "role_wall_physical",
      "label": "Physical Wall",
      "category": "DEF"
    },
    {
      "role": "role_disruptor",
      "label": "Disruptor",
      "category": "SUP"
    }
  ],
  "items": {
    "sablenite": 383.2576324614197,
    "golisopite": 0.26716383420613987,
    "chimechite": 18.824600266277653,
    "heavy-duty-boots": 0.33088929502949793,
    "leftovers": 0.8437453126878078,
    "aggronite": 8.25961654285482,
    "cameruptite": 38.427778512444974,
    "audinite": 53.70439527267005,
    "rocky-helmet": 18.822252005192748,
    "assault-vest": 24.50293599623532,
    "drampanite": 0.32867649662424536,
    "sceptilite": 0.36134520532028164,
    "heatranite": 0.2671962629616494,
    "gyaradosite": 16.397365914078016,
    "scolipite": 28.10790375002292,
    "staraptite": 5.174574098172026,
    "zeraorite": 2.5911229262490623,
    "blastoisinite": 58.881957260212005,
    "manectite": 26.58353099747962,
    "hearthflame-mask": 0.2458364319213283,
    "banettite": 7.999997632930012,
    "blue-orb": 0.9198272187508068,
    "crabominite": 0.639041032666572,
    "dragalgite": 0.6522476258536355,
    "charizardite-y": 5.983564118601906,
    "ampharosite": 0.5582356859563157
  },
  "abilities": {
    "regenerator": 641.827238001142,
    "oblivious": 60.77751765905368,
    "own-tempo": 0.32867649662424536
  },
  "moves": {
    "take-heart": 339.34979064563777,
    "slack-off": 632.7807576584041,
    "scald": 467.63891889328363,
    "psystrike": 338.3697171793582,
    "mystical-power": 51.94824246510575,
    "flip-turn": 76.04898411465967,
    "foul-play": 16.931786575262322,
    "future-sight": 98.5333623525234,
    "light-screen": 0.33088929502949793,
    "teleport": 136.1476655161687,
    "body-press": 29.299646685683594,
    "stored-power": 7.763516319210907,
    "cosmic-power": 7.763516319210907,
    "trick-room": 110.1721714108706,
    "steam-eruption": 130.34811148578464,
    "luster-purge": 40.14804977385758,
    "nasty-plot": 77.62337480097622,
    "thunder-wave": 52.44181743028004,
    "fire-blast": 0.6284842687713454,
    "psychic-noise": 5.804773795649796,
    "calm-mind": 61.150214239649486,
    "water-shuriken": 0.36134520532028164,
    "iron-defense": 18.396186754954407,
    "ice-beam": 21.889268496353672,
    "origin-pulse": 60.67812972938708,
    "eerie-spell": 1.5273275104246524,
    "heart-swap": 1.7907849227494586,
    "hydro-steam": 6.325009729804704,
    "psycho-boost": 6.999997339634756,
    "flamethrower": 2.0098984216794262,
    "extrasensory": 0.2996441756309912,
    "disable": 0.2996441756309912,
    "surf": 0.2996441756309912,
    "speed-swap": 0.2458364319213283,
    "photon-geyser": 8.341433084802173,
    "healing-wish": 1.0457872479744221
  },
  "teras": {
    "nothing": 702.9334321568199
  },
  "spreads": [
    {
      "nature": "bold",
      "usage": "54.1",
      "evs": {
        "hp": 252,
        "atk": 0,
        "def": 252,
        "spa": 4,
        "spd": 0,
        "spe": 0
      }
    },
    {
      "nature": "relaxed",
      "usage": "10.6",
      "evs": {
        "hp": 252,
        "atk": 0,
        "def": 252,
        "spa": 0,
        "spd": 4,
        "spe": 0
      }
    },
    {
      "nature": "bold",
      "usage": "9.6",
      "evs": {
        "hp": 252,
        "atk": 0,
        "def": 252,
        "spa": 0,
        "spd": 4,
        "spe": 0
      }
    },
    {
      "nature": "relaxed",
      "usage": "6.7",
      "evs": {
        "hp": 252,
        "atk": 0,
        "def": 252,
        "spa": 4,
        "spd": 0,
        "spe": 0
      }
    },
    {
      "nature": "quiet",
      "usage": "5.6",
      "evs": {
        "hp": 252,
        "atk": 0,
        "def": 0,
        "spa": 252,
        "spd": 4,
        "spe": 0
      }
    },
    {
      "nature": "quiet",
      "usage": "5.4",
      "evs": {
        "hp": 252,
        "atk": 0,
        "def": 4,
        "spa": 252,
        "spd": 0,
        "spe": 0
      }
    },
    {
      "nature": "relaxed",
      "usage": "3.2",
      "evs": {
        "hp": 252,
        "atk": 0,
        "def": 252,
        "spa": 0,
        "spd": 0,
        "spe": 0
      }
    },
    {
      "nature": "calm",
      "usage": "0.7",
      "evs": {
        "hp": 252,
        "atk": 0,
        "def": 0,
        "spa": 4,
        "spd": 252,
        "spe": 0
      }
    },
    {
      "nature": "timid",
      "usage": "0.7",
      "evs": {
        "hp": 252,
        "atk": 0,
        "def": 4,
        "spa": 0,
        "spd": 0,
        "spe": 252
      }
    },
    {
      "nature": "bold",
      "usage": "0.6",
      "evs": {
        "hp": 248,
        "atk": 0,
        "def": 252,
        "spa": 8,
        "spd": 0,
        "spe": 0
      }
    }
  ],
  "teammates": {
    "9": 0.2703017844513458,
    "38": 4.496616879533058,
    "40": 0.36134520532028164,
    "59": 0.26716383420613987,
    "113": 3.244502822526565,
    "128": 0.1290268342512585,
    "130": 1.4695726386166506,
    "132": 0,
    "136": 0.9959311654686642,
    "143": 0.9972654647310663,
    "145": 12.701690687351011,
    "149": 3.4174068983164134,
    "199": 4.991051443906672,
    "205": 16.397365914078016,
    "212": 0.2672568269781668,
    "214": 1.7741412750349994,
    "230": 1.168049667635514,
    "242": 63.909209845293,
    "244": 53.631181146577305,
    "248": 9.5997453500927,
    "250": 242.05680259090374,
    "257": 0.9196452090955809,
    "260": 0.24950363767023703,
    "330": 0.527140657498177,
    "342": 3.1774242179721526,
    "376": 0.6677949340701521,
    "380": 2.8293066011348293,
    "392": 0.0554947913041941,
    "395": 21.953784368608922,
    "398": 1.5273173510940135,
    "409": 11.137571451502712,
    "411": 27.68112006121744,
    "424": 1.4010126618078478,
    "426": 0.32867649662424536,
    "437": 0.93350782797968,
    "445": 8.771640195484878,
    "450": 3.290109499396599,
    "461": 2.646182171606794,
    "464": 256.0423933480074,
    "472": 3.122525362048581,
    "473": 0.5582356859563157,
    "474": 2.007581490266644,
    "477": 1.657726561302952,
    "480": 38.427778512444974,
    "488": 2.470937026873745,
    "491": 1.7907849227494586,
    "530": 5.355441317062338,
    "534": 2.470937026873745,
    "571": 0.3073466254983625,
    "579": 0.26716383420613987,
    "594": 0.744932536875635,
    "609": 0.9990928240869641,
    "612": 1.2071607688716104,
    "620": 0.6284842687713454,
    "623": 1.6654926103475463,
    "628": 1.0179580231896477,
    "635": 4.3365128679761815,
    "637": 0.2671962629616494,
    "638": 0.000010159330639192277,
    "639": 1.5273173510940135,
    "642": 4.991051443906672,
    "643": 3.999999993338763,
    "645": 65.06439021019644,
    "646": 1.9999996322362843,
    "647": 56.80529694085833,
    "655": 0.2672568269781668,
    "658": 0.7035684364297481,
    "700": 0.7555419890039237,
    "703": 3.990634683542946,
    "713": 0.13563442876648085,
    "715": 0.7555419890039237,
    "721": 23.669179406478747,
    "727": 8.203464527903026,
    "730": 7.999997632930012,
    "738": 26.908158995006275,
    "743": 5.5118821696411215,
    "748": 210.76138843149752,
    "758": 10.115182769550016,
    "784": 0.2996441756309912,
    "792": 79.0185869886574,
    "801": 298.7585095454162,
    "812": 0.1863570115775099,
    "823": 108.46109200618672,
    "834": 0.6445447342818962,
    "847": 0.29334817412592273,
    "858": 7.056432222000058,
    "861": 3.999999993338763,
    "876": 0.2458364319213283,
    "890": 63.030720439374406,
    "893": 0.14119161844202827,
    "894": 128.42926540448957,
    "896": 1.5380202881762377,
    "897": 56.06161773058536,
    "900": 2.6181573176624555,
    "902": 39.42687133653194,