{
  "id": "717",
  "name": "Yveltal",
  "format_id": "showdown_gen7vgc2019-1760",
  "usage_metrics": {
    "raw": 2115,
    "base_weight": 15.254752388920128,
    "percent": 8.577337983615866
  },
  "items": {
    "assault-vest": 2.9919681122488253,
    "aguav-berry": 2.1779029284940257,
    "darkinium-z": 3.0282802315578436,
    "weakness-policy": 0,
    "black-glasses": 0.10485423014172335,
    "life-orb": 0.00837882451609645,
    "flyinium-z": 0.000025776798594889794,
    "wiki-berry": 0.011083798283114954,
    "choice-band": 1.9206858326015208e-13,
    "sky-plate": 0.04271009597403996,
    "mago-berry": 4.1613734789951184,
    "psychic-seed": 2.696569747973804,
    "leftovers": 0,
    "expert-belt": 0,
    "iapapa-berry": 0.02518390256984432,
    "electric-seed": 0,
    "roseli-berry": 0,
    "sharp-beak": 0.00015363573257154428,
    "choice-specs": 0.0019918541465863138,
    "sitrus-berry": 0.00009297403982788666,
    "dread-plate": 0.004182797447906117,
    "big-root": 7.216449660063518e-15,
    "dark-memory": 0,
    "safety-goggles": 0
  },
  "abilities": {
    "dark-aura": 15.254752388920128
  },
  "moves": {
    "foul-play": 12.220870029440672,
    "knock-off": 1.0869510807855622,
    "snarl": 14.254889983022558,
    "oblivion-wing": 2.131242317843331,
    "sucker-punch": 7.579536659794355,
    "tailwind": 8.278499016784785,
    "protect": 9.500904945550161,
    "dark-pulse": 3.027415341148457,
    "acrobatics": 0,
    "steel-wing": 0,
    "taunt": 0.000340676856441291,
    "hurricane": 0.006364127013513909,
    "sky-drop": 1.9234613901630837e-13,
    "heat-wave": 0.22711659453946303,
    "roost": 2.6965845552010483,
    "u-turn": 0.005880700430024921,
    "dragon-claw": 0,
    "sky-attack": 0,
    "air-slash": 0,
    "focus-blast": 0.0019918541465863138,
    "substitute": 0.0000929551483205282,
    "toxic": 0,
    "shadow-ball": 0.00017122674936248528,
    "psychic": 0,
    "phantom-force": 0,
    "block": 0,
    "embargo": 0.00015749122565944518
  },
  "teras": {
    "nothing": 15.254752388920128
  },
  "spreads": [
    {
      "nature": "Timid",
      "usage": "19.9",
      "evs": {
        "hp": 244,
        "atk": 0,
        "def": 44,
        "spa": 4,
        "spd": 124,
        "spe": 92
      }
    },
    {
      "nature": "Calm",
      "usage": "17.7",
      "evs": {
        "hp": 236,
        "atk": 0,
        "def": 0,
        "spa": 0,
        "spd": 244,
        "spe": 28
      }
    },
    {
      "nature": "Timid",
      "usage": "13.8",
      "evs": {
        "hp": 0,
        "atk": 0,
        "def": 0,
        "spa": 252,
        "spd": 4,
        "spe": 252
      }
    },
    {
      "nature": "Calm",
      "usage": "8.4",
      "evs": {
        "hp": 252,
        "atk": 0,
        "def": 36,
        "spa": 4,
        "spd": 188,
        "spe": 28
      }
    },
    {
      "nature": "Timid",
      "usage": "8.1",
      "evs": {
        "hp": 252,
        "atk": 0,
        "def": 20,
        "spa": 4,
        "spd": 36,
        "spe": 196
      }
    },
    {
      "nature": "Calm",
      "usage": "7.2",
      "evs": {
        "hp": 220,
        "atk": 0,
        "def": 4,
        "spa": 4,
        "spd": 252,
        "spe": 28
      }
    },
    {
      "nature": "Hardy",
      "usage": "7.1",
      "evs": {
        "hp": 244,
        "atk": 0,
        "def": 44,
        "spa": 0,
        "spd": 0,
        "spe": 220
      }
    },
    {
      "nature": "Timid",
      "usage": "3.0",
      "evs": {
        "hp": 0,
        "atk": 0,
        "def": 0,
        "spa": 138,
        "spd": 118,
        "spe": 252
      }
    },
    {
      "nature": "Timid",
      "usage": "2.9",
      "evs": {
        "hp": 172,
        "atk": 0,
        "def": 0,
        "spa": 0,
        "spd": 84,
        "spe": 252
      }
    },
    {
      "nature": "Jolly",
      "usage": "2.6",
      "evs": {
        "hp": 212,
        "atk": 4,
        "def": 20,
        "spa": 0,
        "spd": 28,
        "spe": 244
      }
    }
  ],
  "teammates": {
    "3": 3.042627571550856,
    "26": 0.06677903519779338,
    "34": 0.00017122674936248528,
    "35": 0,
    "55": 0,
    "71": 0.00104580518868852,
    "85": 0,
    "113": 0,
    "132": 0.23557362120231595,
    "169": 0.46275869969782557,
    "185": 0,
    "189": 0.03414264393969457,
    "197": 0,
    "198": 0.000025776798594889794,
    "235": 0,
    "237": 1.8196801390905972,
    "248": 0,
    "249": 0,
    "250": 0,
    "272": 0.004182797447906117,
    "286": 0,
    "292": 1.1733426125341084,
    "302": 0.0015537748737196044,
    "327": 0,
    "346": 0,
    "350": 0.000910666228798207,
    "380": 0,
    "383": 0,
    "384": 0.32656608845558865,
    "395": 5.6536206161084124e-8,
    "398": 0,
    "417": 0.00015749122565944518,
    "423": 0,
    "437": 1.2734752594023035,
    "445": 0.11221418768408564,
    "448": 0,
    "450": 0,
    "457": 0,
    "462": 0,
    "468": 0,
    "472": 0,
    "483": 0,
    "488": 0.02437314091243825,
    "500": 0,
    "530": 0,
    "547": 0.02365152362863515,
    "555": 5.995204332975845e-15,
    "571": 0.00011167743263751362,
    "576": 2.4839518813476835,
    "591": 2.131306187657125,
    "594": 0,
    "598": 0.4073846825205815,
    "623": 5.995204332975845e-15,
    "635": 0,
    "641": 0.0003813936986911681,
    "642": 0.10435574469139747,
    "645": 0,
    "658": 0,
    "663": 0,
    "671": 5.9396931817445875e-15,
    "681": 0.006615276656652513,
    "685": 0.0007911450726765801,
    "691": 5.551115123125783e-17,
    "693": 0,
    "707": 5.995204332975845e-15,
    "716": 2.0350877001247936,
    "718": 1.9206858326015208e-13,
    "724": 0,
    "727": 6.204371640864322,
    "730": 0,
    "740": 0,
    "743": 0,
    "745": 1.9206858326015208e-13,
    "752": 0,
    "758": 2.0350185542494055,
    "760": 0,
    "763": 0.21609500344592253,
    "765": 0,
    "768": 0,
    "773": 0,
    "777": 0.023156642508732506,
    "778": 0.41508740146157574,
    "784": 0,
    "785": 5.736515753336071,
    "786": 2.6204210893296005,
    "787": 0,
    "788": 3.417985050410551,
    "791": 1.0247358517290195e-13,
    "792": 0.00015754776186560626,
    "793": 2.236845654509927,
    "795": 0,
    "796": 0.0020473184050266435,
    "797": 0.009721691546839606,
    "798": 2.605406229804073,
    "804": 0.12298780091107842,
    "805": 1.2652291444582158,
    "806": 0,
    "10009": 5.9396931817445875e-15,
    "10021": 2.102159629714849,
    "10030": 0,
    "10033": 0,
    "10035": 0.003140788568653463,
    "10037": 0,
    "10038": 2.8426493618077644,
    "10039": 1.050749584585516,
    "10042": 0,
    "10044": 0.000006853761701175465,
    "10046": 0,
    "10048": 0.46252364722392675,
    "10049": 0.0010681574546497208,
    "10050": 0,
    "10051": 1.5544993070548685e-10,
    "10052": 2.48562675682851,
    "10055": 0.004390772330335746,
    "10056": 0,
    "10057": 0,
    "10058": 0.000015944222719999068,
    "10059": 0.01315018214788638,
    "10064": 0,
    "10066": 0,
    "10076": 5.733964152651901,
    "10077": 2.73174588893875,
    "10078": 9.7491564152669,
    "10087": 0,
    "10088": 0.12264700380418114,
    "10089": 3.3174744487670207,
    "10090": 0.00011614649472202476,
    "10108": 0.9083037355366061,
    "10113": 0.000910666228798207,
    "10155": 0.00006152252423863303,
    "10156": 0
  }
}