{
  "id": "10243",
  "name": "Avalugg hisui",
  "format_id": "showdown_gen91v1-1500",
  "usage_metrics": {
    "raw": 808,
    "base_weight": 682.6056069271008,
    "percent": 0.9517975780992319
  },
  "roles": [
    {
      "role": "role_sweeper_physical",
      "label": "Physical Sweeper",
      "category": "OFF"
    }
  ],
  "items": {
    "weakness-policy": 47.05626270429305,
    "liechi-berry": 4.625740972747406,
    "choice-band": 538.1946043332322,
    "starf-berry": 0.22874761172848496,
    "micle-berry": 1.0035254967466212,
    "leftovers": 15.21268958052093,
    "muscle-band": 0.49128877729557374,
    "rocky-helmet": 25.37935084936425,
    "safety-goggles": 0.6071748525483116,
    "loaded-dice": 6.619171384189544,
    "ability-shield": 6.239594166433244,
    "kee-berry": 10.281737278099477,
    "assault-vest": 1.386325419637665,
    "choice-specs": 1.4280122283280186,
    "eviolite": 0.09085685236187424,
    "mental-herb": 4.261997590889865,
    "babiri-berry": 1.235652184501921,
    "life-orb": 18.26287464418311
  },
  "abilities": {
    "sturdy": 675.3187650306776,
    "strong-jaw": 7.195985044061341,
    "ice-body": 0.09085685236187424
  },
  "moves": {
    "avalanche": 644.1261396280732,
    "body-press": 164.54663362561328,
    "gyro-ball": 23.2418602473685,
    "mirror-coat": 137.1711060633645,
    "ice-spinner": 7.93784990045049,
    "stone-edge": 488.8012875028424,
    "earthquake": 137.00499012041325,
    "protect": 54.17062885001954,
    "icicle-spear": 425.38733584912353,
    "heavy-slam": 390.1250680627001,
    "rock-blast": 62.54572688067081,
    "iron-head": 0.9186513418517869,
    "body-slam": 2.332191098274736,
    "high-horsepower": 1.1155278653856875,
    "take-down": 0.22874761172848496,
    "mountain-gale": 20.118862060615367,
    "curse": 2.581128762000292,
    "ice-fang": 2.594732263841825,
    "crunch": 93.06433795100315,
    "blizzard": 3.087897720526364,
    "rock-tomb": 1.5129684756423256,
    "aurora-veil": 1.9905856671553004,
    "rest": 3.0793208351012016,
    "tera-blast": 0.6071748525483116,
    "wide-guard": 0.6071748525483116,
    "endure": 0.6071748525483116,
    "recover": 14.263234092700886,
    "stealth-rock": 0.3718771984604321,
    "rapid-spin": 0.3718771984604321,
    "iron-defense": 13.18350993312827,
    "snowscape": 0.09085685236187424,
    "chilling-water": 0.09085685236187424,
    "double-edge": 2.460285987285718,
    "rock-slide": 21.94649741437911,
    "hard-press": 8.138329237855215
  },
  "teras": {
    "nothing": 682.605606927101
  },
  "spreads": [
    {
      "nature": "adamant",
      "usage": "60.0",
      "evs": {
        "hp": 0,
        "atk": 252,
        "def": 4,
        "spa": 0,
        "spd": 0,
        "spe": 252
      }
    },
    {
      "nature": "adamant",
      "usage": "12.9",
      "evs": {
        "hp": 0,
        "atk": 252,
        "def": 0,
        "spa": 0,
        "spd": 4,
        "spe": 252
      }
    },
    {
      "nature": "impish",
      "usage": "9.3",
      "evs": {
        "hp": 252,
        "atk": 4,
        "def": 252,
        "spa": 0,
        "spd": 0,
        "spe": 0
      }
    },
    {
      "nature": "brave",
      "usage": "3.6",
      "evs": {
        "hp": 252,
        "atk": 252,
        "def": 4,
        "spa": 0,
        "spd": 0,
        "spe": 0
      }
    },
    {
      "nature": "adamant",
      "usage": "3.4",
      "evs": {
        "hp": 252,
        "atk": 252,
        "def": 0,
        "spa": 0,
        "spd": 4,
        "spe": 0
      }
    },
    {
      "nature": "adamant",
      "usage": "2.8",
      "evs": {
        "hp": 4,
        "atk": 252,
        "def": 0,
        "spa": 0,
        "spd": 0,
        "spe": 252
      }
    },
    {
      "nature": "adamant",
      "usage": "2.1",
      "evs": {
        "hp": 4,
        "atk": 252,
        "def": 252,
        "spa": 0,
        "spd": 0,
        "spe": 0
      }
    },
    {
      "nature": "adamant",
      "usage": "1.8",
      "evs": {
        "hp": 252,
        "atk": 252,
        "def": 0,
        "spa": 0,
        "spd": 0,
        "spe": 0
      }
    },
    {
      "nature": "brave",
      "usage": "1.2",
      "evs": {
        "hp": 252,
        "atk": 252,
        "def": 0,
        "spa": 0,
        "spd": 4,
        "spe": 0
      }
    },
    {
      "nature": "adamant",
      "usage": "1.0",
      "evs": {
        "hp": 252,
        "atk": 252,
        "def": 4,
        "spa": 0,
        "spd": 0,
        "spe": 0
      }
    }
  ],
  "teammates": {
    "6": 1.4643997962304058,
    "25": 1.235652184501921,
    "94": 4.977700242108442,
    "113": 3.274024624442557,
    "132": 1.3431492901902606,
    "145": 55.28478113778841,
    "185": 41.34615712399028,
    "212": 8.886482801723169,
    "227": 4.1666565213952875,
    "232": 11.469883240848516,
    "242": 1.0035254967466212,
    "279": 0.8926318969527305,
    "289": 6.239594166433244,
    "302": 4.996401670233482,
    "376": 0.22874761172848496,
    "381": 16.999952688131625,
    "411": 0.5859825347943233,
    "424": 5.829560755003128,
    "445": 41.99997257203613,
    "469": 0.6318930992002184,
    "472": 10.46094513274256,
    "474": 2.535265120323915,
    "480": 0.3718771984604321,
    "488": 20.389748315754925,
    "491": 1.5129684756423256,
    "497": 17.47669910506014,
    "612": 0.9776371060190767,
    "625": 0.6318930992002184,
    "637": 142.42913088065424,
    "645": 6.999998871495293,
    "655": 2.999800849744254,
    "700": 17.920818597671033,
    "707": 0.49128877729557374,
    "721": 5.999999527342259,
    "727": 24.99999837670377,
    "750": 12.99996070541922,
    "752": 8.999663081788665,
    "758": 1.2674175707246635,
    "812": 6.999999211852164,
    "823": 12.20130385759024,
    "842": 1.0035254967466212,
    "887": 27.650762518783054,
    "892": 0.8739274429757535,
    "894": 11.298912516860453,
    "897": 56.285267226070694,
    "901": 3.1368529839891086,
    "902": 34.99999862935276,
    "903": 5.268216313223799,
    "934": 0.5859825347943233,
    "936": 18.999858911129756,
    "937": 1.9905856671553004,
    "939": 343.5483289706327,
    "952": 13.999997095141389,
    "977": 10.281737278099477,
    "980": 6.548368704131866,
    "986": 0.3718771984604321,
    "992": 0.9186513418517869,
    "994": 56.25960595342037,
    "1002": 5.56995666489132,
    "1006": 8.903209194351474,
    "1009": 1.4280122283280186,
    "1014": 16.99997462771599,
    "1022": 7.3180539538386435,
    "1023": 48.49639578053507,
    "1025": 14.377923404288458,
    "10020": 3.1368529839891086,
    "10086": 20.518060402347878,
    "10104": 25.970630867767227,
    "10111": 1.4280122283280186,
    "10171": 10.281737278099477,
    "10191": 18.884727637185925,
    "10234": 8.911182575720735,
    "10239": 50.99999982431592,
    "10249": 0.5632873603550641,
    "10273": 9.99999873377795
  }
}