{
  "id": "248",
  "name": "Tyranitar",
  "format_id": "showdown_gen91v1-1500",
  "usage_metrics": {
    "raw": 1111,
    "base_weight": 651.8617261083256,
    "percent": 1.308721669886444
  },
  "roles": [
    {
      "role": "role_sweeper_physical",
      "label": "Physical Sweeper",
      "category": "OFF"
    },
    {
      "role": "role_weather",
      "label": "Weather Setter",
      "category": "SUP"
    }
  ],
  "items": {
    "choice-band": 218.07989881303132,
    "rocky-helmet": 21.20245682583626,
    "leftovers": 27.054143250518493,
    "weakness-policy": 45.91043400643925,
    "iron-ball": 1.0801505099439934,
    "assault-vest": 238.94201451714113,
    "nothing": 10.18454756014058,
    "eject-button": 0.6858011217636018,
    "ultra-ball": 0.24789813544731953,
    "choice-scarf": 2.6922233594943092,
    "salac-berry": 0.6281228015395679,
    "wise-glasses": 0.035231942039066766,
    "loaded-dice": 1.926101074599272,
    "expert-belt": 8.94792449100804,
    "black-glasses": 7.051749513466003,
    "earth-plate": 2.047816029219203,
    "power-herb": 1.799386875833154,
    "chople-berry": 37.071361770046806,
    "heavy-duty-boots": 2.485835408561244,
    "life-orb": 5.481788716545058,
    "smooth-rock": 2.6244641231698376,
    "blunder-policy": 0.8561097809517171,
    "air-balloon": 5.508403953292982,
    "dragon-fang": 0.6281228015395679,
    "choice-specs": 3.2739746256653426,
    "covert-cloak": 0.33417388631501777,
    "safety-goggles": 1.4543336015210908,
    "razor-claw": 0.3718771984604321,
    "master-ball": 0.4025561594681932,
    "ability-shield": 0.6162718047850628,
    "absorb-bulb": 1.128122801539568,
    "power-lens": 1.1084286490021453
  },
  "abilities": {
    "sand-stream": 644.5212290516123,
    "unnerve": 7.34049705671332
  },
  "moves": {
    "stone-edge": 387.9607403076851,
    "crunch": 315.30796795147415,
    "outrage": 190.40570306015124,
    "earthquake": 374.1985000704938,
    "ice-punch": 197.07074058563435,
    "thunder-punch": 143.741113587558,
    "knock-off": 204.61336257747863,
    "rock-slide": 105.42722975600488,
    "heavy-slam": 50.94946913912685,
    "dragon-dance": 35.14561277214356,
    "low-kick": 126.85184361825284,
    "fling": 1.7546109153941514,
    "double-edge": 9.279447369289919,
    "dark-pulse": 12.234314471699205,
    "hydro-pump": 3.0496431709300507,
    "thunder-wave": 5.954706465721496,
    "stealth-rock": 6.678856213311189,
    "rock-tomb": 21.351254116591498,
    "thunder": 1.642646455716453,
    "blizzard": 9.721368783955068,
    "thrash": 1.3294427219564484,
    "avalanche": 53.29604877089675,
    "brick-break": 5.089819453784395,
    "body-slam": 11.340434078267181,
    "facade": 7.007428117324235,
    "tera-blast": 2.6984295654668733,
    "dragon-pulse": 7.243826620101316,
    "flamethrower": 5.79449201305687,
    "rock-blast": 35.814899332776946,
    "iron-head": 39.72021413812701,
    "ice-beam": 12.390705940359972,
    "thunderbolt": 14.891221942296374,
    "body-press": 47.888026621851935,
    "fire-punch": 19.600537484450822,
    "dragon-claw": 24.204150619689322,
    "surf": 0.49235560916882787,
    "payback": 9.16157096970645,
    "dragon-tail": 4.6790233725241395,
    "protect": 7.910702794025,
    "shadow-claw": 3.3286825012171173,
    "aerial-ace": 0.639041032666572,
    "fire-fang": 0.3389245857311476,
    "high-horsepower": 1.5998788233110028,
    "taunt": 14.840118504797589,
    "ice-fang": 1.401911119991936,
    "fire-blast": 8.054930806840844,
    "focus-punch": 3.410670023725676,
    "breaking-swipe": 6.0544187335939625,
    "bulldoze": 4.949338026500477,
    "foul-play": 13.016329385974466,
    "earth-power": 5.008913422535515,
    "hyper-beam": 3.188370696815573,
    "dig": 0.01506412127397172,
    "spite": 0.00999701158468369,
    "iron-defense": 1.0103347068247948,
    "giga-impact": 2.1189950060482596,
    "curse": 1.5320022364337718,
    "sand-tomb": 2.232012595782109,
    "roar": 0.33417388631501777,
    "endure": 0.27309380431334745,
    "substitute": 0.27309380431334745,
    "bite": 1.4735446546304822,
    "lash-out": 3.6025886919503978,
    "smack-down": 8.782384930907636,
    "sandstorm": 0.3277560557169178,
    "focus-blast": 1.073351877330912,
    "sleep-talk": 2.3322609158638565,
    "rest": 2.3322609158638565
  },
  "teras": {
    "nothing": 651.8617261083253
  },
  "spreads": [
    {
      "nature": "adamant",
      "usage": "27.3",
      "evs": {
        "hp": 252,
        "atk": 252,
        "def": 0,
        "spa": 0,
        "spd": 4,
        "spe": 0
      }
    },
    {
      "nature": "adamant",
      "usage": "9.7",
      "evs": {
        "hp": 230,
        "atk": 174,
        "def": 100,
        "spa": 0,
        "spd": 4,
        "spe": 0
      }
    },
    {
      "nature": "impish",
      "usage": "6.9",
      "evs": {
        "hp": 248,
        "atk": 0,
        "def": 236,
        "spa": 0,
        "spd": 0,
        "spe": 24
      }
    },
    {
      "nature": "adamant",
      "usage": "5.9",
      "evs": {
        "hp": 252,
        "atk": 132,
        "def": 120,
        "spa": 0,
        "spd": 4,
        "spe": 0
      }
    },
    {
      "nature": "careful",
      "usage": "4.8",
      "evs": {
        "hp": 252,
        "atk": 4,
        "def": 0,
        "spa": 0,
        "spd": 252,
        "spe": 0
      }
    },
    {
      "nature": "adamant",
      "usage": "2.6",
      "evs": {
        "hp": 80,
        "atk": 248,
        "def": 180,
        "spa": 0,
        "spd": 0,
        "spe": 0
      }
    },
    {
      "nature": "adamant",
      "usage": "2.4",
      "evs": {
        "hp": 236,
        "atk": 240,
        "def": 32,
        "spa": 0,
        "spd": 0,
        "spe": 0
      }
    },
    {
      "nature": "adamant",
      "usage": "2.3",
      "evs": {
        "hp": 248,
        "atk": 24,
        "def": 28,
        "spa": 0,
        "spd": 12,
        "spe": 196
      }
    },
    {
      "nature": "jolly",
      "usage": "2.2",
      "evs": {
        "hp": 0,
        "atk": 252,
        "def": 0,
        "spa": 0,
        "spd": 4,
        "spe": 252
      }
    },
    {
      "nature": "adamant",
      "usage": "1.8",
      "evs": {
        "hp": 230,
        "atk": 252,
        "def": 22,
        "spa": 0,
        "spd": 4,
        "spe": 0
      }
    }
  ],
  "teammates": {
    "3": 4.989508828290075,
    "6": 5.877765369176157,
    "9": 3.35944254635217,
    "25": 0.9717551711558672,
    "28": 0.040927050889910443,
    "36": 45.98675018293352,
    "44": 2.6688518796469722,
    "59": 1.0122469094692537,
    "62": 1.6592214029342034,
    "80": 65.10003298229189,
    "91": 3.8059106804579494,
    "94": 1.8521830459230095,
    "100": 0.24789813544731953,
    "112": 0.43102672107358664,
    "125": 0.9727141422556436,
    "128": 0.10533862107674502,
    "130": 7.523249147524845,
    "132": 0,
    "144": 2.1983994542641647,
    "145": 7.454847850298179,
    "146": 0.3377901895882646,
    "153": 1.346612422859304,
    "181": 10.346796775617259,
    "195": 4.757974772268184,
    "197": 2.8453852831606135,
    "199": 73.54912030831693,
    "210": 1.5971310545931572,
    "212": 13.3532465297929,
    "214": 7.501411492456644,
    "219": 0.9523292967428165,
    "227": 2.343592086154601,
    "242": 6.755080827441529,
    "244": 118.84281940958093,
    "254": 2.0944002033723494,
    "257": 22.054065236624467,
    "260": 2.155617287439163,
    "279": 1.215147380646428,
    "282": 3.8196947178113394,
    "332": 2.6426706884937063,
    "335": 1.6652468480934923,
    "373": 4.615354062856401,
    "376": 13.569061025589882,
    "377": 0.6281228015395679,
    "381": 5.945221741515285,
    "395": 0.8835523390983506,
    "402": 0.27309380431334745,
    "411": 6.1004885312547525,
    "423": 0.3435321114847485,
    "430": 0.9612105331915677,
    "438": 15.472245454513509,
    "445": 24.295556628666812,
    "448": 0.5977382369627867,
    "450": 0.6425174629966901,
    "461": 10.534520609871912,
    "462": 8.087208505935642,