{
  "id": "254",
  "name": "Sceptile",
  "format_id": "showdown_gen3ou-1630",
  "usage_metrics": {
    "raw": 8334,
    "base_weight": 789.9839188446808,
    "percent": 1.946041367973212
  },
  "items": {
    "leftovers": 444.7748299513069,
    "petaya-berry": 342.19786709040454,
    "kings-rock": 0.0001247655641596901,
    "salac-berry": 0.9189588700020119,
    "choice-band": 0.0012975640230662444,
    "black-belt": 0.004142716235891852,
    "lum-berry": 0.5397812337371688,
    "scope-lens": 0.9636983648702346,
    "miracle-seed": 0.2355270207528044,
    "nothing": 0.025561683564275184,
    "never-melt-ice": 0.28384749477485477,
    "lansat-berry": 0.010049435496814085,
    "sitrus-berry": 0.021135475087806777,
    "aguav-berry": 0,
    "leaf-stone": 0,
    "pecha-berry": 0,
    "starf-berry": 0.007097178857865094
  },
  "abilities": {
    "overgrow": 789.9839188446808
  },
  "moves": {
    "substitute": 525.8533865457741,
    "leech-seed": 152.23716670615661,
    "leaf-blade": 773.4985577991747,
    "hidden-power-ice": 680.3876205163006,
    "hidden-power-fire": 73.16002045774033,
    "crunch": 6.700487392541179,
    "dragon-claw": 30.643938657567368,
    "giga-drain": 12.316085433584416,
    "thunder-punch": 133.67482018042207,
    "solar-beam": 0.08392113647426158,
    "protect": 0.0627764761655959,
    "swords-dance": 0.4341507497341802,
    "hidden-power-flying": 0.38656483838709416,
    "brick-break": 4.843849800943921,
    "endure": 0.22353597241401935,
    "agility": 0.001704474670790268,
    "endeavor": 489.18754512538464,
    "toxic": 4.350074118459642,
    "focus-punch": 241.93124380599443,
    "earthquake": 0.12426930336349001,
    "pursuit": 22.24658160485188,
    "seismic-toss": 0.0012934826527312149,
    "bullet-seed": 0.0001253904392174987,
    "quick-attack": 0.021741006214380243,
    "hidden-power-bug": 4.4162446182146,
    "crush-claw": 0.000014598855798353405,
    "sunny-day": 0.10537171949064739,
    "hidden-power-electric": 1.520979054920673,
    "hidden-power-rock": 0.0005457464464052042,
    "rock-tomb": 6.846034852903138e-7,
    "dynamic-punch": 2.3370194668359545e-14,
    "aerial-ace": 0.0316643694731617,
    "": 0,
    "roar": 1.3374581072619058,
    "hidden-power-dark": 0.11687563512495125,
    "dragon-breath": 0,
    "hidden-power-water": 0.006546083443515538,
    "detect": 0.000010373951536357673,
    "hidden-power-dragon": 0.007195257405077982,
    "hidden-power-ghost": 6.404544206639606e-7,
    "body-slam": 0.002616782952863439,
    "hidden-power-psychic": 4.286663801700286e-9,
    "pound": 6.24875051202789e-7,
    "slam": 0,
    "cut": 0,
    "iron-tail": 0.0016495593854449209,
    "fury-cutter": 1.2656542480726785e-14,
    "hyper-beam": 1.942890293094024e-15,
    "hidden-power-ground": 0.012970155444136655,
    "sleep-talk": 0,
    "attract": 0,
    "facade": 0.004070386716790497,
    "counter": 9.781064846947629e-14,
    "hidden-power-grass": 0,
    "return": 0
  },
  "teras": {
    "nothing": 789.9839188446808
  },
  "spreads": [
    {
      "nature": "Timid",
      "usage": "34.3",
      "evs": {
        "hp": 0,
        "atk": 0,
        "def": 0,
        "spa": 252,
        "spd": 4,
        "spe": 252
      }
    },
    {
      "nature": "Hasty",
      "usage": "27.4",
      "evs": {
        "hp": 0,
        "atk": 120,
        "def": 0,
        "spa": 164,
        "spd": 0,
        "spe": 224
      }
    },
    {
      "nature": "Timid",
      "usage": "17.6",
      "evs": {
        "hp": 0,
        "atk": 0,
        "def": 4,
        "spa": 252,
        "spd": 0,
        "spe": 252
      }
    },
    {
      "nature": "Timid",
      "usage": "5.9",
      "evs": {
        "hp": 4,
        "atk": 0,
        "def": 0,
        "spa": 252,
        "spd": 0,
        "spe": 252
      }
    },
    {
      "nature": "Hasty",
      "usage": "4.2",
      "evs": {
        "hp": 0,
        "atk": 4,
        "def": 0,
        "spa": 252,
        "spd": 0,
        "spe": 252
      }
    },
    {
      "nature": "Timid",
      "usage": "1.6",
      "evs": {
        "hp": 0,
        "atk": 0,
        "def": 0,
        "spa": 252,
        "spd": 6,
        "spe": 252
      }
    },
    {
      "nature": "Timid",
      "usage": "1.2",
      "evs": {
        "hp": 28,
        "atk": 0,
        "def": 0,
        "spa": 252,
        "spd": 0,
        "spe": 228
      }
    },
    {
      "nature": "Modest",
      "usage": "1.1",
      "evs": {
        "hp": 0,
        "atk": 0,
        "def": 0,
        "spa": 252,
        "spd": 4,
        "spe": 252
      }
    },
    {
      "nature": "Timid",
      "usage": "1.1",
      "evs": {
        "hp": 160,
        "atk": 0,
        "def": 0,
        "spa": 120,
        "spd": 0,
        "spe": 228
      }
    },
    {
      "nature": "Hasty",
      "usage": "0.9",
      "evs": {
        "hp": 4,
        "atk": 0,
        "def": 0,
        "spa": 252,
        "spd": 0,
        "spe": 252
      }
    }
  ],
  "teammates": {
    "1": 0,
    "3": 0.45584965847008946,
    "6": 58.294694591851496,
    "7": 0,
    "9": 0.2285447541405478,
    "12": 0.017367724487064362,
    "15": 5.355826893094218e-12,
    "22": 1.4804824033376462e-13,
    "24": 0.2724769065237831,
    "25": 0.08263951236142997,
    "26": 0.003765042037772892,
    "31": 0.15523277410179137,
    "34": 0.1135896256688591,
    "36": 0.02118456088856524,
    "38": 0.000134933857073527,
    "45": 1.391455516364104e-7,
    "51": 122.720493461955,
    "53": 0.04733851824949037,
    "55": 0.0000024385652501734967,
    "57": 0.00004099532913881543,
    "59": 25.487764685360418,
    "62": 0.7056128814253559,
    "65": 0.26417446727890004,
    "68": 171.67198732612104,
    "71": 0.005782743900954179,
    "73": 0.249831365240274,
    "76": 2.5077974891152266e-7,
    "77": 0,
    "78": 0.00001984958812289994,
    "80": 0.018878741117025644,
    "82": 25.286761404093916,
    "83": 7.771561172376096e-16,
    "85": 0.09840637640809885,
    "87": 8.326672684688674e-16,
    "89": 0,
    "91": 4.686238652152534,
    "94": 51.386671630893616,
    "97": 0.000015024279104269844,
    "101": 0.15271285965511266,
    "103": 0.22609288256506066,
    "105": 0.005645199107270127,
    "106": 2.5427382754905636e-8,
    "108": 0.0037063888529968447,
    "110": 1.1584485349973916,
    "112": 0.049237899995415,
    "113": 0.00011991643119979578,
    "115": 0.2512161018631731,
    "121": 52.55731474725586,
    "123": 0.009587553960007267,
    "124": 0.17259813512586974,
    "125": 1.4145983556034722,
    "126": 0.010373538604521504,
    "127": 0.24130194806165567,
    "128": 0.16788920101024107,
    "130": 177.0988599094146,
    "131": 3.342573991440857,
    "132": 0,
    "134": 4.843604713619689,
    "135": 15.080880864071954,
    "136": 0.00026091720838372634,
    "139": 0.0014251039072613048,
    "141": 0.0010752239441125244,
    "142": 14.34385661991885,
    "143": 230.61000860306234,
    "144": 0.05026750732379054,
    "145": 163.86329241220773,
    "146": 95.49464930054579,
    "149": 3.6849822696202117,
    "154": 0.000014308201536639142,
    "157": 0.19001445304729292,
    "160": 0,
    "166": 0.000008546196229475278,
    "168": 0.00000411029256203177,
    "169": 8.467325211012726,
    "171": 0.20813849284769376,
    "178": 0.000004649195044448273,
    "181": 0.1710727138112299,
    "184": 0,
    "185": 9.751643936795062e-13,
    "189": 6.752931547282515e-13,
    "190": 1.337829397263235e-7,
    "195": 4.2941206146451805e-12,
    "196": 2.3206057124915933,
    "197": 1.7200070386487991,
    "198": 0,
    "200": 1.569133711853965e-12,
    "205": 16.751756249803858,
    "206": 0.0000059765174366677165,
    "207": 3.339917231670597e-11,
    "208": 11.23035272254429,
    "210": 0.00010920331052222121,
    "212": 3.660871465754721,
    "213": 4.161228583932086e-10,
    "214": 3.9896657094249695,
    "215": 0.0001349338570740266,
    "217": 0.0000024385652501734967,
    "224": 5.355826893094218e-12,
    "226": 9.73371627743802e-9,