{
  "id": "85",
  "name": "Dodrio",
  "format_id": "showdown_gen3ou-1630",
  "usage_metrics": {
    "raw": 1642,
    "base_weight": 34.67777421894523,
    "percent": 0.3834173177600209
  },
  "roles": [
    {
      "role": "role_sweeper_physical",
      "label": "Physical Sweeper",
      "category": "OFF"
    }
  ],
  "items": {
    "choice-band": 31.01191539894805,
    "liechi-berry": 2.3302355655169515,
    "lum-berry": 0.6768748949655579,
    "salac-berry": 0.000003968045484636917,
    "leftovers": 0.20545240019129024,
    "silk-scarf": 0.015454413897272923,
    "nothing": 0.009820664299020176,
    "sharp-beak": 0.0010901335717103944,
    "scope-lens": 0.4269267795099313,
    "kings-rock": 0
  },
  "abilities": {
    "early-bird": 34.54390706975508,
    "run-away": 0.13386714919015008
  },
  "moves": {
    "drill-peck": 34.01965415556171,
    "double-edge": 26.98778900758903,
    "hidden-power-fighting": 6.589093416570979,
    "baton-pass": 3.746615962604435,
    "quick-attack": 5.869171717627565,
    "hidden-power-ground": 24.5337986510607,
    "substitute": 2.818847718858536,
    "flail": 2.1847801484512734,
    "agility": 0.17239217501669385,
    "hidden-power-ghost": 2.214091753097862,
    "endeavor": 1.1174046048579993,
    "endure": 3.7527886032062696e-7,
    "tri-attack": 0.08088732193523662,
    "taunt": 0.0001022131646754576,
    "body-slam": 0.2201847167451883,
    "steel-wing": 0.7762417831913652,
    "hyper-beam": 0.03233642596737124,
    "return": 25.75140355234601,
    "toxic": 0.03981978554965965,
    "haze": 0.562013178377812,
    "hidden-power-bug": 0.39398351333690584,
    "pursuit": 0.00001807788247187858,
    "frustration": 0.015172353427139407,
    "facade": 0.04689173810132352,
    "protect": 7.706767446435947e-9,
    "torment": 0,
    "thief": 3.3774816277087893e-11,
    "fly": 0.00982066426524536,
    "sky-attack": 0.42810744500494374,
    "hidden-power-steel": 0.0002869303589424499,
    "hidden-power-rock": 0.00007077604410776761,
    "fury-attack": 0,
    "hidden-power-grass": 0,
    "aerial-ace": 0,
    "rest": 0.09919780277905971,
    "sleep-talk": 0.000621265235749735,
    "mud-slap": 0.00026485791100971934,
    "uproar": 0,
    "sunny-day": 0.000032779840691943285,
    "hidden-power-electric": 0
  },
  "teras": {
    "nothing": 34.67777421894522
  },
  "spreads": [
    {
      "nature": "jolly",
      "usage": "61.3",
      "evs": {
        "hp": 4,
        "atk": 252,
        "def": 0,
        "spa": 0,
        "spd": 0,
        "spe": 252
      }
    },
    {
      "nature": "adamant",
      "usage": "17.6",
      "evs": {
        "hp": 4,
        "atk": 252,
        "def": 0,
        "spa": 0,
        "spd": 0,
        "spe": 252
      }
    },
    {
      "nature": "jolly",
      "usage": "7.4",
      "evs": {
        "hp": 0,
        "atk": 252,
        "def": 0,
        "spa": 0,
        "spd": 4,
        "spe": 252
      }
    },
    {
      "nature": "jolly",
      "usage": "5.0",
      "evs": {
        "hp": 104,
        "atk": 252,
        "def": 4,
        "spa": 0,
        "spd": 0,
        "spe": 148
      }
    },
    {
      "nature": "adamant",
      "usage": "2.8",
      "evs": {
        "hp": 0,
        "atk": 252,
        "def": 0,
        "spa": 0,
        "spd": 4,
        "spe": 252
      }
    },
    {
      "nature": "jolly",
      "usage": "1.5",
      "evs": {
        "hp": 128,
        "atk": 128,
        "def": 0,
        "spa": 0,
        "spd": 0,
        "spe": 252
      }
    },
    {
      "nature": "adamant",
      "usage": "1.3",
      "evs": {
        "hp": 248,
        "atk": 252,
        "def": 8,
        "spa": 0,
        "spd": 0,
        "spe": 0
      }
    },
    {
      "nature": "adamant",
      "usage": "1.0",
      "evs": {
        "hp": 12,
        "atk": 252,
        "def": 0,
        "spa": 0,
        "spd": 0,
        "spe": 244
      }
    },
    {
      "nature": "adamant",
      "usage": "0.6",
      "evs": {
        "hp": 76,
        "atk": 252,
        "def": 0,
        "spa": 0,
        "spd": 0,
        "spe": 180
      }
    },
    {
      "nature": "jolly",
      "usage": "0.4",
      "evs": {
        "hp": 252,
        "atk": 0,
        "def": 4,
        "spa": 0,
        "spd": 0,
        "spe": 252
      }
    }
  ],
  "teammates": {
    "3": 1.5300861577380398,
    "6": 0.6369494847062358,
    "9": 19.906740220258797,
    "22": 1.1102230246251565e-16,
    "24": 6.328271240363392e-15,
    "25": 7.216449660063518e-16,
    "26": 0,
    "34": 0.01063113888957734,
    "36": 0.021954990989806744,
    "38": 0.00661659216780397,
    "45": 0.0003643694035621037,
    "51": 2.9108016758356183,
    "53": 0.07900217377355373,
    "55": 0,
    "57": 0.00038923994219042246,
    "59": 0.004253794006823353,
    "62": 1.0800168537272725e-9,
    "65": 0.4039777108461014,
    "67": 0.0066071478677853235,
    "68": 0.01787740486006273,
    "71": 0.0013161641764855014,
    "73": 1.0825933371982899e-7,
    "76": 0.00001807788247032427,
    "80": 0.0003032158541763641,
    "82": 3.3755943500757577,
    "83": 0,
    "91": 0.23363807990816565,
    "93": 0.011676346997435305,
    "94": 2.3191726376014103,
    "97": 0.027426593663626264,
    "99": 0.011758685357764864,
    "101": 0,
    "103": 0.04833868542738262,
    "105": 0.0006958159789733354,
    "106": 5.763428191918329e-7,
    "110": 19.980191436625127,
    "112": 0.13544721438267532,
    "114": 0,
    "115": 0.0006405871222158743,
    "121": 0.119400506919493,
    "123": 1.7355352214092512,
    "124": 0,
    "125": 1.784855641062677e-8,
    "126": 0.00030321590500187456,
    "128": 0.7741330503813126,
    "130": 0.49563574539438765,
    "131": 0.005779438838278028,
    "132": 0,
    "134": 0.23719070773665996,
    "135": 0.00452442652868873,
    "136": 1.2833272222678715e-9,
    "142": 2.0295945752710303,
    "143": 3.5918469680026552,
    "144": 0.5182456803863167,
    "145": 3.2133049136939054,
    "146": 0.00018674489347114687,
    "149": 0.017910245923322743,
    "154": 8.902756309936422e-10,
    "160": 3.5290059763326553e-10,
    "166": 0.022300891131734113,
    "169": 1.1186792048256677e-8,
    "171": 0,
    "176": 6.6860954550662655e-9,
    "178": 0.000019485331307078635,
    "181": 1.0825933371982899e-7,
    "184": 8.35298497037229e-12,
    "186": 3.3048669356716687e-10,
    "189": 4.27923807500008e-11,
    "196": 0.00026847566259352584,
    "197": 0.17648545359209838,
    "199": 8.317307953475961e-11,
    "200": 2.5334578237717555,
    "203": 0.0016816321710483861,
    "205": 0.06125135815789284,
    "207": 0.024618951126978927,
    "208": 0.21355586818751476,
    "210": 0.05242414255250749,
    "211": 0.0352649181284207,
    "212": 0.6481536711293687,
    "214": 2.639635725915733,
    "215": 0.0010024478247070978,
    "217": 0.2873497916938492,
    "226": 0.00017296337927058536,
    "227": 1.5704862509399362,
    "229": 0.7588622015102742,
    "230": 2.0978735080121176,
    "232": 0.0016792757883410392,
    "233": 0.7251484609077821,
    "234": 1.0266843841626678,
    "235": 0.7662214269525843,
    "237": 0.11525295317379863,
    "241": 2.624633247706486,
    "242": 0.256441573239171,
    "243": 3.6617462231644926,
    "244": 3.751150355335575e-7,
    "245": 1.6231627014041423,
    "248": 2.255166557655522,
    "251": 21.51301839672507,
    "254": 0.09840637640809885,
    "257": 1.0313492150087247,
    "260": 2.3067093945077812,
    "264": 0.46101470435951697,
    "272": 0.06455302958117887,
    "277": 0.0017314857123958416,
    "282": 0.1256351050217761,
    "284": 0.0003643466443929433,
    "286": 0.04723288872277176,
    "289": 0.6257682063582878,
    "291": 2.5445719674477294,
    "292": 3.057631925429405e-11,
    "297": 0.00026485913091106594,
    "303": 1.1102230246251565e-16,
    "306": 7.750469210865418e-9,
    "308": 0.13767117717001187,
    "310": 0.00025841529740144864,
    "315": 1.1186792048256677e-8,
    "323": 1.9123184702429796e-9,
    "326": 0.000006725271494034679,