{
  "id": "279",
  "name": "Pelipper",
  "format_id": "showdown_gen7doublesou-1500",
  "usage_metrics": {
    "raw": 731,
    "base_weight": 447.7010344151826,
    "percent": 9.770114942528735
  },
  "items": {
    "damp-rock": 298.71616601317345,
    "choice-scarf": 6.449997534706628,
    "leftovers": 26.54574238813082,
    "focus-sash": 59.472002369208234,
    "aguav-berry": 15.977696798346523,
    "sitrus-berry": 6.04550984404685,
    "nothing": 1.5341113040018195,
    "life-orb": 14.15648289670463,
    "eject-button": 2.342693799029757,
    "wacan-berry": 0.9183050854482226,
    "choice-band": 0.369177484646798,
    "wiki-berry": 0.6553251416524122,
    "rocky-helmet": 12.27372728279778,
    "iapapa-berry": 0.46824861108810323,
    "choice-specs": 1.7758478622008071
  },
  "abilities": {
    "drizzle": 445.61129309931937,
    "rain-dish": 1.2029883220803244,
    "keen-eye": 0.8867529937829433
  },
  "moves": {
    "hurricane": 425.75661589062014,
    "hydro-pump": 72.78542423789884,
    "ice-beam": 29.783908106513948,
    "defog": 39.97909488342418,
    "tailwind": 323.22721038274653,
    "icy-wind": 19.60558502387493,
    "scald": 264.4177028058472,
    "u-turn": 99.3562537628271,
    "surf": 72.61245502717264,
    "protect": 189.20393124034487,
    "toxic": 106.17055003711825,
    "blizzard": 2.9085946905395335,
    "wide-guard": 56.58893606139107,
    "roost": 60.8473601886177,
    "air-slash": 2.7428990455709052,
    "soak": 2.8479694255678636,
    "return": 0.7859663991539583,
    "double-edge": 0.6611165743184564,
    "knock-off": 9.834691116600828,
    "rain-dance": 0.5417595618981567,
    "water-sport": 1.506032693331732,
    "aqua-ring": 0.10843052724073632,
    "brine": 5.996779057071564,
    "facade": 1.1093197425453245,
    "liquidation": 0.7348613478097321,
    "water-pulse": 0.3629841493493,
    "hidden-power-fighting": 0.32770568133533295
  },
  "teras": {
    "nothing": 447.7010344151826
  },
  "spreads": [
    {
      "nature": "Bold",
      "usage": "26.8",
      "evs": {
        "hp": 248,
        "atk": 0,
        "def": 252,
        "spa": 8,
        "spd": 0,
        "spe": 0
      }
    },
    {
      "nature": "Modest",
      "usage": "9.6",
      "evs": {
        "hp": 4,
        "atk": 0,
        "def": 0,
        "spa": 252,
        "spd": 0,
        "spe": 252
      }
    },
    {
      "nature": "Modest",
      "usage": "7.2",
      "evs": {
        "hp": 248,
        "atk": 0,
        "def": 0,
        "spa": 252,
        "spd": 8,
        "spe": 0
      }
    },
    {
      "nature": "Modest",
      "usage": "5.7",
      "evs": {
        "hp": 152,
        "atk": 0,
        "def": 4,
        "spa": 84,
        "spd": 120,
        "spe": 148
      }
    },
    {
      "nature": "Bold",
      "usage": "5.4",
      "evs": {
        "hp": 244,
        "atk": 0,
        "def": 252,
        "spa": 8,
        "spd": 0,
        "spe": 4
      }
    },
    {
      "nature": "Modest",
      "usage": "4.4",
      "evs": {
        "hp": 0,
        "atk": 0,
        "def": 0,
        "spa": 252,
        "spd": 0,
        "spe": 252
      }
    },
    {
      "nature": "Modest",
      "usage": "3.1",
      "evs": {
        "hp": 200,
        "atk": 0,
        "def": 0,
        "spa": 176,
        "spd": 4,
        "spe": 128
      }
    },
    {
      "nature": "Modest",
      "usage": "2.4",
      "evs": {
        "hp": 252,
        "atk": 0,
        "def": 4,
        "spa": 252,
        "spd": 0,
        "spe": 0
      }
    },
    {
      "nature": "Bold",
      "usage": "2.2",
      "evs": {
        "hp": 252,
        "atk": 0,
        "def": 252,
        "spa": 4,
        "spd": 0,
        "spe": 0
      }
    },
    {
      "nature": "Timid",
      "usage": "2.1",
      "evs": {
        "hp": 4,
        "atk": 0,
        "def": 0,
        "spa": 252,
        "spd": 0,
        "spe": 252
      }
    }
  ],
  "teammates": {
    "9": 2.406179743546085,
    "26": 9.2518773282072,
    "35": 0.4107696930933208,
    "36": 7.15140398995962,
    "62": 4.356849595883721,
    "94": 2.331625011099291,
    "101": 0.3718771984604321,
    "131": 11.486587652622406,
    "132": 0.7859663991539583,
    "134": 0.7064817566108799,
    "145": 28.354441142247047,
    "149": 0.5417595618981567,
    "151": 21.44258660487853,
    "171": 2.5832613719149897,
    "184": 0.9483721248123158,
    "186": 48.06463586986364,
    "198": 2.8479694255678636,
    "205": 4.084384804961413,
    "211": 4.503568487232853,
    "212": 7.9752727157311885,
    "230": 110.50884016718604,
    "233": 8.027996156019386,
    "235": 1.0942814291010987,
    "260": 0.3718771984604321,
    "264": 0.6611165743184564,
    "272": 180.76903608307924,
    "289": 0.08028113231816131,
    "292": 0.9420564224619798,
    "297": 2.952840586850428,
    "302": 8.098006754126475,
    "304": 0.6281228015395679,
    "310": 0.10843052724073632,
    "319": 1.4878746580978621,
    "324": 1.3640716945845615,
    "342": 4.503568487232853,
    "346": 6.2781890823112185,
    "348": 1.1683523870684445,
    "350": 2.495335875342854,
    "351": 2.612827617228924,
    "352": 0.3974750401261762,
    "376": 1.734129072802237,
    "378": 7.703554618082173,
    "395": 0.893505878211714,
    "417": 0.8995478969195912,
    "419": 1.3835899983679514,
    "423": 23.668646787541217,
    "424": 4.356849595883721,
    "437": 0.17717762714315893,
    "445": 5.068954690650712,
    "448": 0.5278725104566169,
    "454": 0.7064817566108799,
    "457": 2.8479694255678636,
    "460": 0.30831502994714055,
    "462": 5.232157974458896,
    "468": 10.98788652528101,
    "475": 0.19069040587674657,
    "485": 5.582970183164208,
    "486": 1.506032693331732,
    "488": 13.359103390265798,
    "490": 0.21858558344631657,
    "494": 0.4107696930933208,
    "497": 1.2022336757427352,
    "534": 4.419303166378919,
    "537": 0.0433922591835153,
    "547": 21.3909183560115,
    "553": 1.846710653644649,
    "560": 9.525571053097297,
    "565": 0.3718771984604321,
    "576": 14.739136948357604,
    "591": 25.822465893172954,
    "593": 4.419303166378919,
    "596": 0.41673255420061317,
    "598": 84.9931147203584,
    "614": 1.8666772102605385,
    "617": 0.35406762580181006,
    "625": 8.621859703530395,
    "641": 1.7983080829266826,
    "642": 15.027029485570257,
    "645": 6.938925231266123,
    "647": 4.936213416982979,
    "649": 10.772732831693205,
    "658": 16.734247447186338,
    "663": 0.5755680320110569,
    "681": 112.45346037228549,
    "683": 0.6281228015395679,
    "691": 1.6786288122506594,
    "695": 1.085992953729042,
    "700": 2.952840586850428,
    "701": 0.3718771984604321,
    "706": 5.883466416221845,
    "707": 0.6641839749793981,
    "715": 5.906311883850787,
    "718": 8.477404439960935,
    "721": 6.923168492263624,
    "727": 48.52993548166827,
    "730": 10.431245239854142,
    "748": 8.098006754126475,
    "754": 0.5417595618981567,
    "760": 0.8379602896011968,
    "764": 0.8995478969195912,
    "765": 2.188081218470601,
    "768": 1.7967939193914153,
    "771": 0.6281228015395679,
    "777": 0.3718771984604321,
    "778": 3.501308914087022,
    "784": 18.989170321479445,
    "785": 91.00919048269725,
    "786": 121.00632695947608,
    "787": 7.367187559653527,
    "788": 26.57877586562668,
    "796": 11.51907315611773,
    "797": 6.416665118507112,
    "798": 15.918970994501315,
    "804": 0.45473900470824463,
    "805": 5.180369669157523,
    "806": 2.880119531287188,
    "807": 12.319624531041901,
    "10001": 90.5909809807807,
    "10009": 18.26689915429032,
    "10019": 2.338690562597784,
    "10020": 9.514539497026485,
    "10021": 60.22305209442089,
    "10022": 15.359018450163385,
    "10033": 3.8437064254173205,
    "10035": 0.6276778845977217,
    "10036": 1.0472785608448483,
    "10037": 0.7986417833261821,
    "10041": 0.3718771984604321,
    "10046": 11.06959411274418,
    "10047": 3.7788852757905027,
    "10050": 0.6337413925148393,
    "10051": 0.7140225248330005,