{
  "id": "598",
  "name": "Ferrothorn",
  "format_id": "showdown_gen7doublesou-1500",
  "usage_metrics": {
    "raw": 1021,
    "base_weight": 704.0227787637704,
    "percent": 13.646083934776797
  },
  "items": {
    "rocky-helmet": 398.1221485071239,
    "leftovers": 208.01403815656786,
    "big-root": 7.212276397280982,
    "choice-band": 64.7336522095101,
    "wiki-berry": 14.877945950659386,
    "weakness-policy": 0.3643984412837187,
    "occa-berry": 1.9805019086825584,
    "ghostium-z": 0.07534855739046464,
    "quick-claw": 0.2979110169662022,
    "figy-berry": 0.21858558344631657,
    "aguav-berry": 5.318804347224287,
    "focus-sash": 0.3718771984604321,
    "steelium-z": 2.413529072390106,
    "sitrus-berry": 0.02176141678483917
  },
  "abilities": {
    "iron-barbs": 703.2019427079347,
    "anticipation": 0.8208360558356445
  },
  "moves": {
    "leech-seed": 634.4958341671794,
    "toxic": 157.45272094636982,
    "protect": 521.1434899419352,
    "stealth-rock": 261.05839674401204,
    "gyro-ball": 596.07451100401,
    "power-whip": 139.1829570336986,
    "spikes": 62.17210648618501,
    "acid-spray": 7.212276397280982,
    "giga-drain": 8.455001214871137,
    "ingrain": 8.160141162815748,
    "knock-off": 41.251758024714825,
    "iron-head": 32.00250077952273,
    "substitute": 235.92569760021513,
    "seed-bomb": 57.94604636814068,
    "poison-jab": 13.205209026207248,
    "grass-knot": 0.3643984412837187,
    "explosion": 2.1783489940952734,
    "thunder-wave": 18.33782711309682,
    "curse": 8.584016352148877,
    "facade": 0.5417595618981567,
    "iron-defense": 5.896405499516823,
    "worry-seed": 0.35406762580181006,
    "endeavor": 2.8481036771104344,
    "bulldoze": 0.5479580131770709,
    "energy-ball": 0.3718771984604321,
    "hidden-power-ground": 0.32770568133533295
  },
  "teras": {
    "nothing": 704.0227787637704
  },
  "spreads": [
    {
      "nature": "Sassy",
      "usage": "30.8",
      "evs": {
        "hp": 252,
        "atk": 0,
        "def": 76,
        "spa": 0,
        "spd": 180,
        "spe": 0
      }
    },
    {
      "nature": "Bold",
      "usage": "9.7",
      "evs": {
        "hp": 248,
        "atk": 0,
        "def": 252,
        "spa": 0,
        "spd": 8,
        "spe": 0
      }
    },
    {
      "nature": "Relaxed",
      "usage": "8.1",
      "evs": {
        "hp": 248,
        "atk": 8,
        "def": 252,
        "spa": 0,
        "spd": 0,
        "spe": 0
      }
    },
    {
      "nature": "Sassy",
      "usage": "5.1",
      "evs": {
        "hp": 4,
        "atk": 0,
        "def": 252,
        "spa": 0,
        "spd": 252,
        "spe": 0
      }
    },
    {
      "nature": "Brave",
      "usage": "3.8",
      "evs": {
        "hp": 252,
        "atk": 200,
        "def": 4,
        "spa": 0,
        "spd": 52,
        "spe": 0
      }
    },
    {
      "nature": "Brave",
      "usage": "3.3",
      "evs": {
        "hp": 248,
        "atk": 252,
        "def": 0,
        "spa": 0,
        "spd": 8,
        "spe": 0
      }
    },
    {
      "nature": "Brave",
      "usage": "2.9",
      "evs": {
        "hp": 252,
        "atk": 88,
        "def": 88,
        "spa": 0,
        "spd": 80,
        "spe": 0
      }
    },
    {
      "nature": "Relaxed",
      "usage": "2.9",
      "evs": {
        "hp": 252,
        "atk": 0,
        "def": 8,
        "spa": 0,
        "spd": 250,
        "spe": 0
      }
    },
    {
      "nature": "Brave",
      "usage": "2.7",
      "evs": {
        "hp": 252,
        "atk": 96,
        "def": 80,
        "spa": 0,
        "spd": 80,
        "spe": 0
      }
    },
    {
      "nature": "Impish",
      "usage": "2.5",
      "evs": {
        "hp": 248,
        "atk": 0,
        "def": 124,
        "spa": 0,
        "spd": 136,
        "spe": 0
      }
    }
  ],
  "teammates": {
    "35": 5.4204475577002,
    "59": 1.6405283761031835,
    "62": 0.032622696873345125,
    "65": 0.3718771984604321,
    "71": 0.3643984412837187,
    "85": 0.5350647240676053,
    "94": 1.3863083017517082,
    "113": 15.103547971777084,
    "121": 0.09329123954416024,
    "122": 2.6362189040938397,
    "126": 0.007220606298466492,
    "130": 4.293167153330136,
    "131": 0.5264858547779575,
    "132": 0,
    "135": 3.071888535839207,
    "145": 15.207658250094148,
    "149": 0.5417595618981567,
    "151": 35.20677562489738,
    "157": 13.620855460183465,
    "160": 4.535936527179645,
    "169": 3.7051122481824588,
    "171": 1.4486407315162042,
    "176": 0.12029377093817767,
    "184": 1.0686658957504933,
    "186": 36.021094368251575,
    "196": 0.039887332119536545,
    "198": 6.545662806624991,
    "199": 1.2686511776427514,
    "202": 0.3718771984604321,
    "212": 0.45684150236662036,
    "230": 49.35932682376624,
    "233": 64.43132436970966,
    "235": 5.549516784909478,
    "237": 1.7562827836124524,
    "242": 1.2686511776427514,
    "245": 68.22120167460807,
    "248": 51.71357850287459,
    "254": 0.5206308086092449,
    "257": 3.746621763330144,
    "272": 16.908359423391836,
    "279": 84.9931147203584,
    "289": 0.46613014243767753,
    "292": 0.5350647240676053,
    "297": 0.6281228015395679,
    "302": 8.098006754126475,
    "324": 2.897601474116687,
    "327": 0.02176141678483917,
    "330": 0.5350647240676053,
    "342": 2.351078148701462,
    "346": 0.9778114757241012,
    "350": 19.189468668171056,
    "352": 0.3132923615057872,
    "376": 0.946038479997235,
    "392": 0.40346731045456397,
    "411": 0.3718771984604321,
    "423": 18.614305250547545,
    "426": 0.039887332119536545,
    "437": 0.17717762714315893,
    "445": 52.287070622363515,
    "454": 3.071888535839207,
    "461": 0.9778114757241012,
    "464": 0.039887332119536545,
    "466": 0.3718771984604321,
    "468": 8.928829583271568,
    "472": 0.850284847228286,
    "482": 0.596242811400788,
    "485": 7.841996536060592,
    "486": 2.6362189040938397,
    "488": 6.216744569437992,
    "490": 0.21858558344631657,
    "494": 0.02176141678483917,
    "526": 0.3132923615057872,
    "530": 6.2140683427503,
    "545": 0.025402090574878633,
    "547": 4.723791054326943,
    "553": 1.4486407315162042,
    "558": 0.3643984412837187,
    "560": 1.345866261419927,
    "563": 0.46613014243767753,
    "569": 0.639041032666572,
    "576": 1.1291117181482175,
    "579": 0.6133399512402735,
    "591": 10.177039987035824,
    "609": 6.545662806624991,
    "614": 0.9483721248123158,
    "617": 0.35406762580181006,
    "625": 0.3643984412837187,
    "637": 203.49876822057885,
    "639": 6.545662806624991,
    "641": 0.9774409682801113,
    "642": 12.3184624260785,
    "645": 0.9774409682801113,
    "649": 0.20515383513083035,
    "658": 56.222750707169766,
    "663": 2.1262719166443005,
    "681": 80.16769737076459,
    "687": 0.26716383420613987,
    "689": 0.9478647655347664,
    "695": 1.9840425064493534,
    "697": 1.4420733543511224,
    "700": 5.277735835993804,
    "706": 1.4128778436079688,
    "707": 5.456225545365318,
    "709": 8.78287128411084,
    "718": 66.04267510396559,
    "719": 54.60568485174105,
    "721": 2.086637088187981,
    "727": 162.6065396680623,
    "730": 4.853853752999516,
    "743": 8.330622945326216,
    "748": 41.60950433635681,
    "750": 0.6133399512402735,
    "752": 2.6362189040938397,
    "754": 0.5417595618981567,
    "758": 0.09329123954416024,
    "760": 0.6764325869941842,
    "764": 0.3132923615057872,
    "765": 8.580338850523702,
    "768": 0.6133399512402735,
    "773": 4.100264519363891,
    "778": 0.7034713589300325,
    "780": 1.667644410789116,
    "784": 1.221204119587923,
    "785": 63.47806424285151,
    "786": 12.345591591382162,
    "788": 287.43706623931376,
    "793": 3.088011930036884,
    "794": 19.486715164312216,
    "796": 2.4741726049532775,
    "797": 16.250945057264644,
    "798": 14.727403064735899,
    "804": 7.25293070934153,
    "805": 3.1538891818129113,
    "806": 6.340008659784504,
    "807": 272.9384562732101,