{
  "id": "350",
  "name": "Milotic",
  "format_id": "showdown_gen3ou",
  "usage_metrics": {
    "raw": 19811,
    "base_weight": 143.76254156967923,
    "percent": 4.625992985471239
  },
  "items": {
    "leftovers": 143.7503366751224,
    "nothing": 0.008937944101785777,
    "mystic-water": 1.0230748848094606e-7,
    "petaya-berry": 0,
    "lum-berry": 0.0007707417227685864,
    "kings-rock": 0.000019629095040607503,
    "apicot-berry": 0,
    "scope-lens": 1.5423218258092675e-12,
    "salac-berry": 0.000004711847564953242,
    "shell-bell": 0.00047324974577866996,
    "quick-claw": 7.216449660063518e-15,
    "chesto-berry": 0.00199851573494203,
    "pecha-berry": 0,
    "choice-band": 0
  },
  "abilities": {
    "marvel-scale": 143.76254156967923
  },
  "moves": {
    "ice-beam": 54.760137128011216,
    "hydro-pump": 9.21748606989211,
    "toxic": 111.4599227510346,
    "recover": 141.9388014263798,
    "surf": 134.50399625800912,
    "refresh": 106.71417836205718,
    "mirror-coat": 1.6443611109146152,
    "dragon-breath": 1.1381274589439272e-8,
    "hypnosis": 11.893012271874243,
    "dive": 0.0019467219773826594,
    "iron-tail": 1.1328155080647662e-10,
    "rain-dance": 0.00017747085485864122,
    "substitute": 0.00011598015094255176,
    "protect": 0.004466326045227509,
    "light-screen": 0.7123298045369408,
    "confuse-ray": 0.0009987323460786124,
    "hiddenpowerelectric": 0.018226082415858436,
    "rest": 1.8430104068908586,
    "sleep-talk": 0.00567285632368103,
    "icy-wind": 0.00000220436963599413,
    "hiddenpowerfire": 0.25725878423874626,
    "hiddenpowerdragon": 3.477773624638303e-13,
    "water-pulse": 0,
    "hiddenpowergrass": 0.0736166280451041,
    "blizzard": 0.0002601207299054997,
    "psych-up": 4.455925683988227e-9,
    "attract": 0.00013437953077560794,
    "mud-slap": 3.35009797680641e-12,
    "safeguard": 0,
    "body-slam": 5.396886104680476e-9,
    "facade": 0,
    "hail": 0.00005179375771424688,
    "hiddenpowerground": 1.2212453270876722e-14,
    "double-edge": 0,
    "wrap": 0,
    "": 0,
    "mud-sport": 0,
    "hiddenpowerdark": 5.152089865845255e-11,
    "hiddenpowerfighting": 0,
    "mimic": 0.000002484740330988,
    "waterfall": 1.0218835394537606e-7
  },
  "teras": {
    "nothing": 143.76254156967923
  },
  "spreads": [
    {
      "nature": "Bold",
      "usage": "33.7",
      "evs": {
        "hp": 252,
        "atk": 0,
        "def": 252,
        "spa": 4,
        "spd": 0,
        "spe": 0
      }
    },
    {
      "nature": "Bold",
      "usage": "16.7",
      "evs": {
        "hp": 252,
        "atk": 0,
        "def": 252,
        "spa": 0,
        "spd": 0,
        "spe": 4
      }
    },
    {
      "nature": "Bold",
      "usage": "14.4",
      "evs": {
        "hp": 248,
        "atk": 0,
        "def": 212,
        "spa": 0,
        "spd": 0,
        "spe": 48
      }
    },
    {
      "nature": "Bold",
      "usage": "13.7",
      "evs": {
        "hp": 252,
        "atk": 0,
        "def": 252,
        "spa": 0,
        "spd": 4,
        "spe": 0
      }
    },
    {
      "nature": "Bold",
      "usage": "4.0",
      "evs": {
        "hp": 248,
        "atk": 0,
        "def": 252,
        "spa": 0,
        "spd": 0,
        "spe": 8
      }
    },
    {
      "nature": "Modest",
      "usage": "3.8",
      "evs": {
        "hp": 0,
        "atk": 0,
        "def": 68,
        "spa": 252,
        "spd": 0,
        "spe": 188
      }
    },
    {
      "nature": "Bold",
      "usage": "2.8",
      "evs": {
        "hp": 252,
        "atk": 0,
        "def": 248,
        "spa": 0,
        "spd": 0,
        "spe": 8
      }
    },
    {
      "nature": "Bold",
      "usage": "2.7",
      "evs": {
        "hp": 252,
        "atk": 0,
        "def": 244,
        "spa": 0,
        "spd": 0,
        "spe": 12
      }
    },
    {
      "nature": "Modest",
      "usage": "1.3",
      "evs": {
        "hp": 44,
        "atk": 0,
        "def": 80,
        "spa": 176,
        "spd": 0,
        "spe": 208
      }
    },
    {
      "nature": "Modest",
      "usage": "1.3",
      "evs": {
        "hp": 192,
        "atk": 0,
        "def": 64,
        "spa": 252,
        "spd": 0,
        "spe": 0
      }
    }
  ],
  "teammates": {
    "3": 0.43081483830880013,
    "6": 1.1837567126225688,
    "9": 0.0010119976577441236,
    "12": 3.9249474798053186e-7,
    "18": 0.005199940434657269,
    "19": 1.1713263521760022,
    "20": 0.0008596315055410253,
    "25": 0.0016821659816085854,
    "26": 0,
    "31": 0.0000736523610617712,
    "34": 0.0000048128251142753875,
    "36": 6.414019981804131e-9,
    "38": 0.08044721997205306,
    "45": 0,
    "49": 2.3092638912203256e-14,
    "51": 48.587556644664645,
    "53": 1.3464312997868433e-10,
    "55": 0,
    "57": 7.968373738620471e-10,
    "59": 0.004322400700449536,
    "62": 0.0011184719058655035,
    "65": 0.19904485403701777,
    "68": 0.0059626705154217086,
    "71": 0,
    "73": 0.16996960704089004,
    "76": 0.000021133475258172663,
    "78": 0,
    "80": 0.0011000151880500297,
    "82": 11.891225859400041,
    "85": 0.044568972439478716,
    "89": 4.655420493548945e-11,
    "91": 0.34496525816992607,
    "93": 0.0000016662028027858433,
    "94": 19.12757832727024,
    "97": 2.7896962517814927e-10,
    "99": 0.00012966764527827523,
    "101": 0.004594234000036945,
    "103": 0.0002133018845117407,
    "105": 0.0783128193502205,
    "106": 0.000005520256377455901,
    "108": 8.253183845230438e-7,
    "110": 4.195817873226372,
    "112": 7.93493560802272e-7,
    "113": 0.0004202146112364247,
    "115": 0.022250169400767794,
    "121": 1.5529334060855242,
    "123": 1.6364687382974807e-13,
    "124": 0.0003978762196937824,
    "125": 1.077493649859207e-11,
    "126": 0,
    "127": 0,
    "128": 0.0005807831301398725,
    "130": 1.3407232335633388,
    "131": 0.05908862469162052,
    "132": 0,
    "134": 0.00005854182301079369,
    "135": 15.907673520420984,
    "136": 2.036396051785516e-9,
    "139": 0.021415132054072583,
    "141": 3.9516405203610105e-8,
    "142": 14.534117091062274,
    "143": 12.112021882971645,
    "144": 0.0004932836207667268,
    "145": 3.3100082044770587,
    "146": 0.17971671683535884,
    "149": 0.0006321932937234376,
    "154": 1.4776633805446693e-9,
    "157": 3.7175817979573367e-13,
    "166": 0,
    "169": 0.00434366200759867,
    "171": 0.20963931587618917,
    "176": 0,
    "178": 0,
    "181": 0.00001962920208703478,
    "184": 0,
    "186": 0.000004711847564953242,
    "189": 0,
    "195": 0.2672578655538118,
    "196": 0.0001606363912960429,
    "197": 1.830950985758967,
    "198": 0,
    "199": 0.000004828791771105401,
    "200": 0.04096082169775306,
    "203": 1.2876211208379118e-10,
    "205": 24.382408888752646,
    "206": 5.291745486246668e-9,
    "207": 5.12414555231544e-11,
    "208": 2.0844434285939166,
    "211": 0.0029958993095659525,
    "212": 6.424409030945015,
    "213": 3.1925773136265434e-10,
    "214": 7.328538484634602,
    "215": 1.7145582342781296e-8,
    "217": 0.000002402020483960321,
    "221": 6.493817798997234,
    "224": 3.6522112922821037e-7,
    "226": 0.2447639185836823,
    "227": 83.46679019057854,
    "229": 0.06460567464748979,
    "230": 0.2667724838068665,
    "232": 0.01839294305898015,
    "233": 0.31943821354293456,
    "235": 0.00045619305490474105,
    "237": 0.00007968880554598545,
    "241": 0.04603133175472668,
    "242": 72.21168473560024,
    "243": 0.406345412447056,
    "244": 0.00003508505420651842,
    "245": 5.698021477859444,
    "248": 112.71654787616045,
    "251": 22.141381852133254,
    "254": 0.00024880840221469525,
    "257": 1.880273362973255,
    "260": 0.8126694949992943,
    "262": 0,
    "264": 0.010129148298656743,
    "272": 0.05146963483560152,
    "275": 0.002793467227126478,
    "277": 0.000008003457551308824,
    "281": 0,
    "282": 0.003004377025579763,
    "284": 2.4871249504343496e-10,
    "286": 13.626725415515965,
    "289": 0.06601392727671812,