{
  "id": "10021",
  "name": "Landorus therian",
  "format_id": "showdown_gen9stabmonsmixandmega-1760",
  "usage_metrics": {
    "raw": 6971,
    "base_weight": 80.9455162424327,
    "percent": 9.58898456628793
  },
  "roles": [
    {
      "role": "role_sweeper_physical",
      "label": "Physical Sweeper",
      "category": "OFF"
    },
    {
      "role": "role_pivot",
      "label": "Pivot",
      "category": "DEF"
    },
    {
      "role": "role_staller",
      "label": "Staller",
      "category": "DEF"
    }
  ],
  "items": {
    "aerodactylite": 0.29940197525395296,
    "absolite": 0.014005780305979376,
    "gyaradosite": 1.6757576426856375,
    "leftovers": 0.0043198732846680965,
    "skarmorite": 0.0021850530182602745,
    "lucarionite": 13.363013853488024,
    "staraptite": 0,
    "glimmoranite": 1.2192944251714724,
    "raichunite-x": 2.3161600961439275,
    "excadrite": 6.913115479418978,
    "charizardite-x": 0.0932572204361905,
    "rocky-helmet": 0.025885798179111685,
    "metagrossite": 19.20136395188232,
    "choice-band": 0.00022679773460160257,
    "salamencite": 0.015588745318956598,
    "golurkite": 0.05621147248985087,
    "mewtwonite-x": 0.00005216898372956136,
    "pinsirite": 0.05653514495644896,
    "rusted-shield": 0.004367316757701467,
    "banettite": 0.19809611287778095,
    "tyranitarite": 0.2890015380590662,
    "absolite-z": 0.3117139856664377,
    "glalitite": 0.045682017430899946,
    "sablenite": 8.361653789969386,
    "rusted-sword": 0.005634668528069708,
    "diancite": 3.274731525028825,
    "garchompite-z": 0.0564455569148159,
    "scolipite": 16.02895414159245,
    "altarianite": 0.04137405280856815,
    "aggronite": 1.983941015115404,
    "nothing": 0.010166628493972985,
    "manectite": 0.17814020549530096,
    "cameruptite": 0.0613474242799964,
    "venusaurite": 0.38057139838221965,
    "choice-scarf": 0.30428975660902297,
    "chimechite": 2.5879596518392383,
    "dragalgite": 0,
    "barbaracite": 0.015064851998337292,
    "wellspring-mask": 0.21896016674947505,
    "iron-plate": 0,
    "floettite": 4.524860697241451e-8,
    "golisopite": 0.00003929133955848929,
    "steelixite": 0.4458416992305978,
    "swampertite": 0.22567376615420132,
    "audinite": 0.009769806441504103,
    "heavy-duty-boots": 0.008184731185158,
    "charizardite-y": 0.25345379206330115,
    "focus-sash": 0,
    "heracronite": 0.00034289452573887935,
    "garchompite": 0.0014677166224396632,
    "slowbronite": 0.08299235177913467,
    "dragoninite": 0,
    "heatranite": 0,
    "scovillainite": 0.00012725963287368858,
    "hearthflame-mask": 0.0007930454903526396,
    "crabominite": 0.22692340533217858,
    "assault-vest": 0,
    "blue-orb": 0.05269179033089655,
    "victreebelite": 0.000014059091070661722,
    "feraligite": 0,
    "life-orb": 0,
    "chesnaughtite": 0.0000032755650757332333,
    "lopunnite": 8.842225972527373e-7,
    "expert-belt": 0,
    "hawluchanite": 0.022725144828696475
  },
  "abilities": {
    "intimidate": 80.9455162424327
  },
  "moves": {
    "shore-up": 59.22275940767203,
    "headlong-rush": 33.280975153391395,
    "dragon-ascent": 46.64714456821594,
    "smack-down": 2.0698851586046803,
    "earth-power": 0.771429080066328,
    "stealth-rock": 9.71464362608193,
    "u-turn": 46.30399686374397,
    "aeroblast": 0.322661307928801,
    "beak-blast": 32.7790763113909,
    "earthquake": 8.88870989524806,
    "rock-slide": 0.08043477061378679,
    "swords-dance": 15.449973641296204,
    "gravity": 15.23924390887131,
    "precipice-blades": 30.413382683222746,
    "roost": 4.106175429301985,
    "defog": 4.641964826029537,
    "": 0.017809251081146338,
    "stone-edge": 3.55328915409323,
    "body-slam": 0.06610683314978355,
    "drill-peck": 1.6653345369377348e-16,
    "sandsear-storm": 0.0800529391594973,
    "calm-mind": 0.002572742205271039,
    "spikes": 0.7944329451897065,
    "taunt": 3.0017883178745937,
    "nasty-plot": 0.2582242024720512,
    "brave-bird": 0.176989971044885,
    "tera-blast": 0.045682017430899946,
    "tailwind": 1.2133540560233549,
    "sludge-bomb": 0,
    "outrage": 0.09342976591740604,
    "crunch": 0.49297788022801603,
    "bulk-up": 0.08079982999319218,
    "brick-break": 0.0029749042092314104,
    "high-horsepower": 0.10479587908416954,
    "focus-blast": 0.03354163965945722,
    "dual-wingbeat": 0.00003187786153274752,
    "grass-knot": 0.4886235825059073,
    "weather-ball": 0.3533003923600963,
    "hammer-arm": 0.06886267999298828,
    "substitute": 0.0377692536323036,
    "scorching-sands": 2.312870024840851,
    "hurricane": 0.0024475186126129422,
    "feather-dance": 0.4968269520049552,
    "facade": 0.020779579425658612,
    "protect": 0.000012967674778652238,
    "drill-run": 2.0838886172214188e-13,
    "psychic": 0.002489887492262033,
    "sludge-wave": 0.002489887492262033,
    "sunny-day": 1.4106132928404236e-9,
    "rock-tomb": 9.35167494442446e-7,
    "bleakwind-storm": 5.834634997370358e-10,
    "air-slash": 1.1474154959500993e-13,
    "scary-face": 0.0004538352613697727,
    "giga-impact": 0.04161237944746604,
    "bone-rush": 0.00034289452573887935,
    "rain-dance": 0.0018713589441579082
  },
  "teras": {
    "nothing": 80.9455162424327
  },
  "spreads": [
    {
      "nature": "jolly",
      "usage": "45.5",
      "evs": {
        "hp": 0,
        "atk": 252,
        "def": 0,
        "spa": 0,
        "spd": 4,
        "spe": 252
      }
    },
    {
      "nature": "relaxed",
      "usage": "19.6",
      "evs": {
        "hp": 252,
        "atk": 4,
        "def": 252,
        "spa": 0,
        "spd": 0,
        "spe": 0
      }
    },
    {
      "nature": "relaxed",
      "usage": "8.1",
      "evs": {
        "hp": 252,
        "atk": 0,
        "def": 252,
        "spa": 0,
        "spd": 4,
        "spe": 0
      }
    },
    {
      "nature": "adamant",
      "usage": "4.6",
      "evs": {
        "hp": 248,
        "atk": 252,
        "def": 0,
        "spa": 0,
        "spd": 0,
        "spe": 8
      }
    },
    {
      "nature": "careful",
      "usage": "2.9",
      "evs": {
        "hp": 252,
        "atk": 0,
        "def": 4,
        "spa": 0,
        "spd": 252,
        "spe": 0
      }
    },
    {
      "nature": "impish",
      "usage": "2.7",
      "evs": {
        "hp": 252,
        "atk": 12,
        "def": 232,
        "spa": 0,
        "spd": 0,
        "spe": 0
      }
    },
    {
      "nature": "jolly",
      "usage": "1.9",
      "evs": {
        "hp": 4,
        "atk": 252,
        "def": 0,
        "spa": 0,
        "spd": 0,
        "spe": 252
      }
    },
    {
      "nature": "impish",
      "usage": "1.8",
      "evs": {
        "hp": 252,
        "atk": 0,
        "def": 252,
        "spa": 0,
        "spd": 4,
        "spe": 0
      }
    },
    {
      "nature": "jolly",
      "usage": "1.6",
      "evs": {
        "hp": 0,
        "atk": 252,
        "def": 4,
        "spa": 0,
        "spd": 0,
        "spe": 252
      }
    },
    {
      "nature": "adamant",
      "usage": "1.3",
      "evs": {
        "hp": 0,
        "atk": 252,
        "def": 0,
        "spa": 0,
        "spd": 4,
        "spe": 252
      }
    }
  ],
  "teammates": {
    "3": 0,
    "6": 0.0004208632107606247,
    "9": 0.027033309643564873,
    "36": 0.05379943228407069,
    "38": 1.8148107810164724,
    "49": 0,
    "51": 0.042938524817459744,
    "59": 1.2363527636843812,
    "62": 0.00004866617699456066,
    "73": 0,
    "80": 12.372806591930248,
    "85": 0.002857354986933569,
    "91": 3.0742464129929203e-11,
    "94": 0,
    "113": 0.08107845134760788,
    "123": 0,
    "128": 0.08585066148921172,
    "130": 0.7477317444240064,
    "131": 0.006256683602660018,
    "132": 5.3760274010272724e-11,
    "134": 0.20462885089066246,
    "135": 0.004905793004272796,
    "136": 0,
    "143": 0.19435957015392807,
    "144": 0.008852108174606688,
    "145": 0.25169005025078905,
    "146": 0.0016043977788580133,
    "149": 17.741550139989187,