{
  "id": "1017",
  "name": "Ogerpon",
  "format_id": "showdown_gen9stabmonsmixandmega-1760",
  "usage_metrics": {
    "raw": 2394,
    "base_weight": 18.288884189674086,
    "percent": 3.293075462873807
  },
  "roles": [
    {
      "role": "role_sweeper_physical",
      "label": "Physical Sweeper",
      "category": "OFF"
    },
    {
      "role": "role_setup",
      "label": "Setup Sweeper",
      "category": "OFF"
    },
    {
      "role": "role_staller",
      "label": "Staller",
      "category": "DEF"
    }
  ],
  "items": {
    "metagrossite": 9.153274009102464,
    "lopunnite": 0.055238045844841654,
    "rusted-sword": 0.2917592754210921,
    "nothing": 0.0000010098088189525178,
    "floettite": 0.08574879166162308,
    "absolite-z": 1.8225581078442654,
    "barbaracite": 0.20421330650557346,
    "charizardite-x": 0.0000034778501908916404,
    "galladite": 1.7497114868092467e-13,
    "golisopite": 0.0000035014033971103586,
    "baxcalibrite": 1.729914450576686e-8,
    "blue-orb": 0.032169420957132655,
    "greninjite": 1.8524071165870737e-13,
    "aerodactylite": 0.12423167475918434,
    "chesnaughtite": 0.033938844432701676,
    "scizorite": 0.08809425291971085,
    "diancite": 0.00013678646090720115,
    "falinksite": 2.9560037095865965e-7,
    "altarianite": 0.0005933296421332668,
    "gyaradosite": 0.00003399209180099394,
    "lucarionite": 0.02679417164971748,
    "aggronite": 6.052532355848905,
    "starminite": 0,
    "chandelurite": 0.000006923379016976483,
    "heatranite": 0.0000016110664627366766,
    "skarmorite": 2.0641821585343223e-12,
    "banettite": 0.004128123621379154,
    "heracronite": 0.021989388036165125,
    "sablenite": 0,
    "absolite": 0.005722776489379189,
    "scovillainite": 0.070108873445627,
    "pinsirite": 0.00016475907789242905,
    "scolipite": 9.530752154152111e-8,
    "ampharosite": 0,
    "scope-lens": 0.0009560730968296016,
    "feraligite": 0.0008542163381100032,
    "audinite": 3.581579477440755e-13,
    "charizardite-y": 0.000011410984318227513,
    "mewtwonite-x": 0.00000544862824541914,
    "glimmoranite": 0.00017525585859023973,
    "staraptite": 0.003192085646134657,
    "scraftinite": 0.014604681919048512,
    "venusaurite": 0.19388174082628312,
    "burn-drive": 0,
    "life-orb": 0,
    "zeraorite": 0.000016343499151305618,
    "white-herb": 0.001739715347162829
  },
  "abilities": {
    "defiant": 18.288884189674086
  },
  "moves": {
    "swords-dance": 11.725361975897245,
    "ivy-cudgel": 2.684301077097415,
    "stone-axe": 8.854842794753852,
    "crabhammer": 1.8562098508135338,
    "superpower": 0.20678216461922672,
    "diamond-storm": 1.764084345961711,
    "aqua-step": 0.2818327020479661,
    "bitter-blade": 7.775761872505608,
    "horn-leech": 0.14905799364461825,
    "accelerock": 0.0035423064468061982,
    "power-whip": 0.8148840574918039,
    "pyro-ball": 0.7951831648814193,
    "stomping-tantrum": 0.13500895155304893,
    "u-turn": 0.300551097067952,
    "strength-sap": 0.6261419579690168,
    "burning-bulwark": 1.7747526303478502,
    "fire-lash": 0.017115132833990743,
    "triple-dive": 0.030062106530310162,
    "flower-trick": 2.520987224295231,
    "low-kick": 0.04110114372285073,
    "mighty-cleave": 6.4156933786356225,
    "wave-crash": 0.04470516358732396,
    "flip-turn": 0.6647280652829658,
    "encore": 0.297255316503021,
    "soak": 0.07194523712509487,
    "grassy-glide": 0.08809425291971085,
    "rock-polish": 5.149251136593591e-9,
    "leaf-blade": 0.07164263560915834,
    "sacred-fire": 4.6596464856996604,
    "play-rough": 0.11826769801069947,
    "knock-off": 0.0023572534917057353,
    "quick-attack": 0.00018467285767576058,
    "throat-chop": 0.00002898008792800999,
    "salt-cure": 1.6617732972944959,
    "wood-hammer": 6.380912569570372,
    "head-smash": 0.010001439605784757,
    "aqua-jet": 0.014196379158463723,
    "solar-blade": 0.00007205704671547908,
    "trailblaze": 0.0011210222284159244,
    "grav-apple": 4.451108467721906,
    "synthesis": 5.0408414448715915,
    "brick-break": 2.0461410343841635e-13,
    "spikes": 0.16302201853480985,
    "leech-seed": 0.011395337255099225,
    "substitute": 0.46122320105707765,
    "flare-blitz": 0.06519755402941041,
    "bullet-seed": 0.021989388036165125,
    "rock-blast": 0.021380370388317693,
    "blazing-torque": 0,
    "taunt": 0.008265817982890444,
    "zen-headbutt": 5.546636581699182e-7,
    "eruption": 0,
    "water-spout": 0,
    "giga-drain": 0,
    "facade": 0.00018056109965330913,
    "matcha-gotcha": 0,
    "stealth-rock": 0,
    "apple-acid": 0,
    "aqua-cutter": 0.00013841158714544832,
    "cotton-guard": 0,
    "blaze-kick": 0.0009560725976508477,
    "spiky-shield": 0.00008284389571150408,
    "drum-beating": 0.01522475470608059,
    "stone-edge": 0.0008176615098591244,
    "": 0,
    "waterfall": 0,
    "will-o-wisp": 0.0024904192669008007,
    "flame-charge": 0.0033526143802074526,
    "growth": 0,
    "water-shuriken": 0,
    "razor-shell": 0.000002133799962000804,
    "whirlpool": 0.0010133058631246472,
    "reversal": 0.013331682551670776,
    "endure": 0.013331682551670776
  },
  "teras": {
    "nothing": 18.288884189674086
  },
  "spreads": [
    {
      "nature": "jolly",
      "usage": "59.2",
      "evs": {
        "hp": 0,
        "atk": 252,
        "def": 0,
        "spa": 0,
        "spd": 4,
        "spe": 252
      }
    },
    {
      "nature": "impish",
      "usage": "26.9",
      "evs": {
        "hp": 252,
        "atk": 4,
        "def": 252,
        "spa": 0,
        "spd": 0,
        "spe": 0
      }
    },
    {
      "nature": "hasty",
      "usage": "9.3",
      "evs": {
        "hp": 0,
        "atk": 252,
        "def": 0,
        "spa": 4,
        "spd": 0,
        "spe": 252
      }
    },
    {
      "nature": "impish",
      "usage": "2.3",
      "evs": {
        "hp": 252,
        "atk": 0,
        "def": 252,
        "spa": 0,
        "spd": 4,
        "spe": 0
      }
    },
    {
      "nature": "jolly",
      "usage": "1.2",
      "evs": {
        "hp": 252,
        "atk": 0,
        "def": 0,
        "spa": 0,
        "spd": 4,
        "spe": 252
      }
    },
    {
      "nature": "adamant",
      "usage": "0.5",
      "evs": {
        "hp": 0,
        "atk": 252,
        "def": 0,
        "spa": 0,
        "spd": 4,
        "spe": 252
      }
    },
    {
      "nature": "impish",
      "usage": "0.2",
      "evs": {
        "hp": 248,
        "atk": 0,
        "def": 252,
        "spa": 0,
        "spd": 8,
        "spe": 0
      }
    },
    {
      "nature": "jolly",
      "usage": "0.2",
      "evs": {
        "hp": 144,
        "atk": 112,
        "def": 0,
        "spa": 0,
        "spd": 0,
        "spe": 252
      }
    },
    {
      "nature": "jolly",
      "usage": "0.1",
      "evs": {
        "hp": 252,
        "atk": 0,
        "def": 4,
        "spa": 0,
        "spd": 0,
        "spe": 252
      }
    },
    {
      "nature": "careful",
      "usage": "0.1",
      "evs": {
        "hp": 252,
        "atk": 0,
        "def": 4,
        "spa": 0,
        "spd": 252,
        "spe": 0
      }
    }
  ],
  "teammates": {
    "3": 2.481048699820576e-10,
    "9": 0,
    "36": 0,
    "38": 0,
    "40": 0.0002225167318458121,
    "73": 0.0000028878970866341724,
    "80": 0.7139535295122426,
    "85": 0,
    "87": 0,
    "91": 0.4619124254718165,
    "93": 9.415317153704805e-8,
    "130": 0.011461213311093232,
    "132": 0,
    "134": 5.445831313677374e-8,
    "135": 0.16714471516670015,
    "136": 0.0017692214424677166,
    "143": 0.454819146878297,
    "145": 0.021695578619690847,
    "146": 0.0000014730323977252269,
    "149": 6.5628355339486575,
    "151": 0.29609354212670885,
    "154": 0.0000011983525352587954,
    "184": 0.007139161831174856,
    "197": 0.000015198015060780001,
    "199": 0,
    "205": 0.0021481355086925835,
    "212": 0.046504236361726736,
    "227": 0.011349870416151597,
    "230": 0,