{
  "id": "279",
  "name": "Pelipper",
  "format_id": "showdown_gen9stabmonsmixandmega-1760",
  "usage_metrics": {
    "raw": 2417,
    "base_weight": 18.585606184994123,
    "percent": 3.3247131970618176
  },
  "roles": [
    {
      "role": "role_pivot",
      "label": "Pivot",
      "category": "DEF"
    },
    {
      "role": "role_wall_physical",
      "label": "Physical Wall",
      "category": "DEF"
    },
    {
      "role": "role_weather",
      "label": "Weather Setter",
      "category": "SUP"
    }
  ],
  "items": {
    "swampertite": 0.00817569720819633,
    "damp-rock": 18.315063174823603,
    "focus-sash": 0.0030376447214506275,
    "heavy-duty-boots": 0.008605036566184887,
    "cameruptite": 0.004021575259867349,
    "sablenite": 0.00000879231985090323,
    "scizorite": 0.0034841776815357495,
    "sceptilite": 0.06261922557305699,
    "zeraorite": 0.002420331608637305,
    "choice-scarf": 3.206727827720357e-9,
    "wellspring-mask": 0,
    "apicot-berry": 0,
    "magearnite": 8.526919366702579e-7,
    "golisopite": 0.0000702277055475431,
    "banettite": 0.00044503871174927934,
    "cell-battery": 0,
    "diancite": 0.0053381178820541275,
    "rocky-helmet": 0.000044609676508933216,
    "tatsugirinite": 2.4740004489487433e-10,
    "leftovers": 0.00000392587470116057,
    "raichunite-y": 0.028488721935751915,
    "air-balloon": 0,
    "choice-specs": 0.00006241111593585646,
    "manectite": 2.7755575615628914e-16,
    "staraptite": 0,
    "blastoisinite": 0.143716620183427,
    "blue-orb": 0,
    "drampanite": 0,
    "dragalgite": 0,
    "quick-claw": 0,
    "life-orb": 0
  },
  "abilities": {
    "drizzle": 18.584290912401546,
    "keen-eye": 0.0013152725925766329,
    "rain-dish": 0
  },
  "moves": {
    "water-spout": 0.03860877255617867,
    "steam-eruption": 14.332494037665228,
    "flip-turn": 2.137998715814832,
    "hurricane": 9.57152146048309,
    "beak-blast": 0.9126968665284427,
    "roost": 17.709199581568914,
    "u-turn": 16.445890005748982,
    "water-shuriken": 0.382128998983437,
    "defog": 8.701551908114212,
    "bleakwind-storm": 0.6461862044073013,
    "ice-beam": 0.06265073630418111,
    "origin-pulse": 0.14435138411365556,
    "scald": 1.080129240554859,
    "tailwind": 0.21583743561600927,
    "feather-dance": 1.1692152044766373,
    "knock-off": 0.27640843896246714,
    "hydro-cannon": 0.2717616127400921,
    "hydro-pump": 0.0006507196830022322,
    "weather-ball": 0.07535179886343796,
    "aeroblast": 0.06261445316368996,
    "rain-dance": 0.010350737222893036,
    "air-cutter": 0.0034841776815357495,
    "icy-wind": 0.0034841776815357495,
    "hydro-steam": 0.000007712187327091335,
    "blizzard": 0.000003679094933983773,
    "wide-guard": 0,
    "surf": 0.08778226634053071,
    "aqua-ring": 0,
    "chilling-water": 0.0000011495479698697686,
    "protect": 0,
    "aqua-step": 8.526919366702579e-7,
    "air-slash": 0,
    "substitute": 0,
    "razor-shell": 0,
    "acrobatics": 0,
    "agility": 0,
    "aqua-cutter": 0,
    "quick-attack": 0.00006241111593585646,
    "brave-bird": 0,
    "stockpile": 0,
    "dragon-ascent": 0,
    "snipe-shot": 0,
    "whirlpool": 6.317463219218666e-11
  },
  "teras": {
    "nothing": 18.585606184994116
  },
  "spreads": [
    {
      "nature": "relaxed",
      "usage": "31.8",
      "evs": {
        "hp": 248,
        "atk": 0,
        "def": 252,
        "spa": 8,
        "spd": 0,
        "spe": 0
      }
    },
    {
      "nature": "relaxed",
      "usage": "30.0",
      "evs": {
        "hp": 248,
        "atk": 0,
        "def": 252,
        "spa": 0,
        "spd": 8,
        "spe": 0
      }
    },
    {
      "nature": "bold",
      "usage": "27.5",
      "evs": {
        "hp": 248,
        "atk": 0,
        "def": 252,
        "spa": 8,
        "spd": 0,
        "spe": 0
      }
    },
    {
      "nature": "bold",
      "usage": "2.7",
      "evs": {
        "hp": 248,
        "atk": 0,
        "def": 252,
        "spa": 0,
        "spd": 8,
        "spe": 0
      }
    },
    {
      "nature": "bold",
      "usage": "1.2",
      "evs": {
        "hp": 248,
        "atk": 0,
        "def": 248,
        "spa": 12,
        "spd": 0,
        "spe": 0
      }
    },
    {
      "nature": "relaxed",
      "usage": "0.9",
      "evs": {
        "hp": 248,
        "atk": 8,
        "def": 252,
        "spa": 0,
        "spd": 0,
        "spe": 0
      }
    },
    {
      "nature": "quiet",
      "usage": "0.9",
      "evs": {
        "hp": 248,
        "atk": 0,
        "def": 0,
        "spa": 252,
        "spd": 8,
        "spe": 0
      }
    },
    {
      "nature": "relaxed",
      "usage": "0.8",
      "evs": {
        "hp": 252,
        "atk": 0,
        "def": 252,
        "spa": 0,
        "spd": 4,
        "spe": 0
      }
    },
    {
      "nature": "modest",
      "usage": "0.8",
      "evs": {
        "hp": 248,
        "atk": 0,
        "def": 0,
        "spa": 252,
        "spd": 0,
        "spe": 0
      }
    },
    {
      "nature": "bold",
      "usage": "0.7",
      "evs": {
        "hp": 252,
        "atk": 0,
        "def": 120,
        "spa": 108,
        "spd": 28,
        "spe": 0
      }
    }
  ],
  "teammates": {
    "6": 0,
    "9": 0,
    "36": 5.551115123125783e-17,
    "38": 0.0000028026448832818573,
    "59": 0.005338117696487954,
    "62": 0,
    "74": 0,
    "85": 0,
    "91": 0.040212976523746446,
    "113": 0.00018311855338531968,
    "128": 0,
    "130": 0.5986911405962521,
    "132": 0,
    "134": 0.0011270623627306908,
    "135": 0.08844582834381232,
    "136": 0.0000027953661512203354,
    "143": 0.00008012778084171002,
    "144": 0,
    "145": 0.6671002618230997,
    "149": 2.1175144519170224,
    "151": 0.42231125955974685,
    "184": 0,
    "186": 0.008918839810629076,
    "205": 0.013977757250401512,
    "212": 0.03729901054321039,
    "227": 0,
    "230": 1.1606309920196314,
    "232": 7.3336129946532935e-9,
    "242": 0.30197398379593715,
    "243": 0,
    "244": 0.13289354794188402,
    "248": 0.0000019742212906126433,
    "249": 0,
    "250": 0.4060486263519587,
    "254": 0.143716620183427,
    "257": 0.0008427721338689631,
    "260": 0.3350658719063028,
    "272": 9.829035363395633e-10,
    "282": 0,
    "286": 0,
    "324": 0.000017716664905853552,
    "330": 4.3616071865315575e-10,
    "335": 6.317429912527928e-11,
    "342": 1.0701994845874196e-12,
    "350": 0.013978484845466876,
    "357": 4.32711733111546e-9,
    "373": 0.0004450389977787572,
    "376": 0.02849265543335172,
    "377": 0.0003831872049879781,
    "381": 0.00035178450416883944,
    "385": 0.008438661342879128,
    "389": 0,
    "395": 0.01697054168055151,
    "398": 1.3069330451198624e-8,
    "409": 0.11902687518877436,
    "416": 0,
    "426": 0.00006241111593585646,
    "429": 1.752591383130664e-8,
    "445": 0.004308977618030785,
    "448": 0.08192022633808738,
    "454": 1.2369549828861182e-11,
    "460": 4.802215625154815e-9,
    "461": 0,
    "462": 0.0005227990616618605,
    "464": 3.2842987008338387,
    "469": 0.0008187993628608337,
    "470": 0.000030495692819709763,
    "472": 0.44140041324727597,
    "473": 1.0701994845874196e-12,
    "474": 0.22451192388197594,
    "475": 0.0013794830291904425,
    "476": 0,
    "484": 0.0005187554103427972,
    "485": 0.327656536323927,
    "487": 0,
    "488": 2.614283740043355e-7,
    "491": 0.00041610669898778374,
    "497": 1.612160405173313e-8,
    "530": 0.012288008482187751,
    "534": 0,
    "542": 0,
    "547": 0,
    "550": 0.9764327750877169,
    "570": 0,
    "571": 0,
    "581": 9.829035363395633e-10,
    "591": 0.00000392587470116057,
    "594": 0,
    "596": 0,
    "612": 5.616063170066354e-13,
    "614": 0,
    "623": 0.007667717240467886,
    "625": 0,
    "628": 0.011406201346719547,
    "630": 0.16213416684499848,
    "637": 0,
    "639": 0,
    "640": 0,
    "641": 0.08191938548903965,
    "642": 0.026474766518089665,
    "644": 0.05492101398667504,
    "645": 0.026670585157954507,