{
  "id": "823",
  "name": "Corviknight",
  "format_id": "showdown_gen9stabmonsmixandmega-1760",
  "usage_metrics": {
    "raw": 8351,
    "base_weight": 59.38068418467915,
    "percent": 11.487248617568572
  },
  "roles": [
    {
      "role": "role_pivot",
      "label": "Pivot",
      "category": "DEF"
    },
    {
      "role": "role_wall_physical",
      "label": "Physical Wall",
      "category": "DEF"
    },
    {
      "role": "role_disruptor",
      "label": "Disruptor",
      "category": "SUP"
    }
  ],
  "items": {
    "sablenite": 21.867609263588434,
    "venusaurite": 14.43231658522554,
    "scolipite": 6.072161689708974,
    "chandelurite": 11.344571438570206,
    "heatranite": 0.7326722899067757,
    "clefablite": 0,
    "rocky-helmet": 0.0023743822461748665,
    "aggronite": 0.8761570360242577,
    "tyranitarite": 0.1917475747234464,
    "absolite-z": 0,
    "leftovers": 0.016843589238302037,
    "blue-orb": 1.1002590134794332,
    "dragalgite": 0,
    "staraptite": 0.5022290774396905,
    "steelixite": 0.0034553252553485847,
    "air-balloon": 0,
    "banettite": 0.1248187630429306,
    "glimmoranite": 0.6653321305277478,
    "falinksite": 0.0024587399116615116,
    "darkranite": 0.021175450131742823,
    "golisopite": 0.0031961241753678538,
    "skarmorite": 0.00015454543241916197,
    "zeraorite": 1.0868211762698579,
    "diancite": 0.004179560584685271,
    "light-clay": 0,
    "slowbronite": 0.14314270760801168,
    "expert-belt": 0,
    "manectite": 0.02929783927878299,
    "garchompite-z": 0,
    "raichunite-y": 0,
    "life-orb": 0,
    "sceptilite": 0.04704383985166588,
    "insect-plate": 0.000002552786823428743,
    "swampertite": 0,
    "feraligite": 1.3873224791183247e-10,
    "assault-vest": 0,
    "scraftinite": 0.003059854406943008,
    "charizardite-x": 0,
    "raichunite-x": 0.001729044171981331,
    "lopunnite": 0.00024480788749448035,
    "barbaracite": 0.00001383136908039706,
    "starminite": 0,
    "chimechite": 0,
    "scizorite": 5.443016204420559e-9,
    "salamencite": 4.348521542851813e-12,
    "gyaradosite": 3.508187734757584e-8,
    "focus-sash": 0,
    "rusted-shield": 0.007049848566639927,
    "absolite": 0.0001847018637027853,
    "charizardite-y": 0.00001982614840223551,
    "audinite": 0.001676923325168389,
    "choice-scarf": 0,
    "pinsirite": 7.43341593834046e-9,
    "crabominite": 0.000002945534642639913,
    "heavy-duty-boots": 3.708221950615709e-7,
    "razor-claw": 0,
    "fist-plate": 0,
    "salac-berry": 0,
    "hawluchanite": 0,
    "covert-cloak": 0.0055480690820639,
    "chesnaughtite": 0.09111059594031512,
    "latiasite": 0,
    "nothing": 6.329450852327057e-10,
    "wellspring-mask": 0.000022621818074664013,
    "sitrus-berry": 0,
    "metal-coat": 0
  },
  "abilities": {
    "pressure": 46.14526465076149,
    "mirror-armor": 12.95685409146569,
    "unnerve": 0.27856544245197085
  },
  "moves": {
    "beak-blast": 53.33347463504083,
    "roost": 59.1561536553776,
    "u-turn": 46.93946043187783,
    "defog": 51.1093703809595,
    "power-trip": 0.711769101578792,
    "bulk-up": 1.6477682328097454,
    "iron-head": 0.10031667086396578,
    "dragon-ascent": 0.38787442604791517,
    "body-press": 6.984970056929481,
    "gyro-ball": 1.3976661186445452,
    "behemoth-blade": 0.11669602721589833,
    "sunsteel-strike": 0.3511797438862805,
    "agility": 0.1036709502120145,
    "meteor-mash": 0.06695511706790797,
    "dual-wingbeat": 5.443016204420559e-9,
    "hard-press": 0,
    "body-slam": 1.4056017461072656e-10,
    "bleakwind-storm": 0,
    "substitute": 0,
    "spin-out": 0.05311746559273811,
    "iron-defense": 9.59200539299047,
    "metal-burst": 1.8280505483436809,
    "air-slash": 1.3873224791183247e-10,
    "doom-desire": 0.1369525211170986,
    "shelter": 0,
    "tailwind": 0.01244768846301414,
    "bullet-punch": 0.027422833391070434,
    "curse": 1.4781794282272929,
    "brave-bird": 1.0298402883160707,
    "hurricane": 0,
    "sunny-day": 0,
    "steel-wing": 0,
    "behemoth-bash": 0.2512035773673803,
    "drill-peck": 0.005559258213418239,
    "reflect": 0.061963801078897485,
    "light-screen": 0.06197798889474404,
    "taunt": 0.06123319618772938,
    "heavy-slam": 0,
    "nasty-plot": 0.004296322019266774,
    "flash-cannon": 0,
    "aeroblast": 0,
    "make-it-rain": 0.0063025249442547615,
    "protect": 0.028802297861784842,
    "tachyon-cutter": 0,
    "double-edge": 0,
    "aerial-ace": 0,
    "hone-claws": 5.443016204420559e-9,
    "acrobatics": 1.3873224791183247e-10,
    "": 9.943657008903983e-12,
    "steel-roller": 0.006018947625838822,
    "feather-dance": 0.058397323716965766,
    "spite": 0.23940242981983567,
    "steel-beam": 0,
    "rain-dance": 0.015978070839489322,
    "screech": 0.15625927387931116,
    "rest": 0,
    "sleep-talk": 0,
    "air-cutter": 0,
    "thief": 0
  },
  "teras": {
    "nothing": 59.380684184679176
  },
  "spreads": [
    {
      "nature": "impish",
      "usage": "31.5",
      "evs": {
        "hp": 248,
        "atk": 8,
        "def": 252,
        "spa": 0,
        "spd": 0,
        "spe": 0
      }
    },
    {
      "nature": "impish",
      "usage": "18.2",
      "evs": {
        "hp": 248,
        "atk": 0,
        "def": 252,
        "spa": 0,
        "spd": 8,
        "spe": 0
      }
    },
    {
      "nature": "relaxed",
      "usage": "13.4",
      "evs": {
        "hp": 248,
        "atk": 24,
        "def": 16,
        "spa": 0,
        "spd": 220,
        "spe": 0
      }
    },
    {
      "nature": "relaxed",
      "usage": "8.5",
      "evs": {
        "hp": 248,
        "atk": 8,
        "def": 252,
        "spa": 0,
        "spd": 0,
        "spe": 0
      }
    },
    {
      "nature": "impish",
      "usage": "4.5",
      "evs": {
        "hp": 248,
        "atk": 0,
        "def": 252,
        "spa": 0,
        "spd": 0,
        "spe": 8
      }
    },
    {
      "nature": "impish",
      "usage": "2.9",
      "evs": {
        "hp": 252,
        "atk": 4,
        "def": 252,
        "spa": 0,
        "spd": 0,
        "spe": 0
      }
    },
    {
      "nature": "sassy",
      "usage": "2.4",
      "evs": {
        "hp": 252,
        "atk": 0,
        "def": 4,
        "spa": 0,
        "spd": 252,
        "spe": 0
      }
    },
    {
      "nature": "relaxed",
      "usage": "2.1",
      "evs": {
        "hp": 252,
        "atk": 52,
        "def": 108,
        "spa": 0,
        "spd": 96,
        "spe": 0
      }
    },
    {
      "nature": "impish",
      "usage": "2.1",
      "evs": {
        "hp": 252,
        "atk": 0,
        "def": 252,
        "spa": 0,
        "spd": 4,
        "spe": 0
      }
    },
    {
      "nature": "relaxed",
      "usage": "1.7",
      "evs": {
        "hp": 248,
        "atk": 0,
        "def": 252,
        "spa": 0,
        "spd": 8,
        "spe": 0
      }
    }
  ],
  "teammates": {
    "3": 0,
    "6": 0.0006476360372413836,
    "9": 0.020439588480964332,
    "25": 0,
    "36": 0.25013271845211155,
    "38": 0.0056466754704364575,
    "40": 0.0850601645916581,
    "45": 0,
    "51": 8.656929950667802e-9,
    "53": 0.0000063485092441917246,
    "55": 0.0002342971154532525,
    "57": 0,
    "59": 3.7137424094969935,
    "73": 0.000003276939445517879,
    "80": 13.817452952544073,
    "85": 0.00011741868167813863,
    "91": 0.017087048006121708,
    "94": 0,
    "103": 0.21493411144890123,
    "113": 0.001941854724638592,
    "128": 0.007852987464157357,
    "130": 0.10360089610924711,
    "131": 0.000005827200426244961,
    "132": 0.00015602992129559734,
    "134": 0.0026637956603323687,
    "135": 0.22551689342363662,
    "136": 0.00015434817244391885,
    "143": 0.06532655069403087,
    "144": 5.443016204420559e-9,
    "145": 3.516944301325082,
    "146": 0.3700646122781176,
    "149": 3.85799201199029,
    "150": 0.004933295079629918,
    "151": 0.0008048686166763352,
    "160": 0.0008287469407965431,
    "184": 0.609430964672582,