{
  "id": "242",
  "name": "Blissey",
  "format_id": "showdown_gen8nationaldex-1630",
  "usage_metrics": {
    "raw": 2820,
    "base_weight": 797.690381127382,
    "percent": 7.4694072151295225
  },
  "items": {
    "leftovers": 213.46676966769314,
    "rocky-helmet": 0.011144993899244227,
    "heavy-duty-boots": 567.7912931385052,
    "mental-herb": 0.07753933717981593,
    "nothing": 1.9415576826531047,
    "life-orb": 0.9397233741097073,
    "choice-specs": 0.3246023250874216,
    "blunder-policy": 0,
    "aguav-berry": 0,
    "charcoal": 0,
    "ganlon-berry": 0.0003240247623390591,
    "assault-vest": 0.18072012301196844,
    "sitrus-berry": 0,
    "normal-gem": 0,
    "light-clay": 0.00031190394658453524,
    "fightinium-z": 0.19863007387842568,
    "focus-sash": 1.9315000278539318,
    "firium-z": 0.09767240754565287,
    "apicot-berry": 0.8303450137819446,
    "chople-berry": 9.702536671266943,
    "air-balloon": 0.000982700336032094,
    "eviolite": 0.0995837115847521,
    "chesto-berry": 0.0006714242103388335,
    "choice-scarf": 0.02950469295826741,
    "shed-shell": 0.06496783311552629
  },
  "abilities": {
    "serene-grace": 0.4031831855531829,
    "natural-cure": 795.4075444551655,
    "healer": 1.8796534866632528
  },
  "moves": {
    "ice-beam": 1.4354479545193883,
    "reflect": 5.489781781808003,
    "light-screen": 9.190122654020469,
    "soft-boiled": 741.8013446197265,
    "wish": 21.843045413897993,
    "protect": 11.393684009495681,
    "teleport": 636.9972917353931,
    "seismic-toss": 776.200932110401,
    "toxic": 572.0706678592874,
    "heal-bell": 32.1737958167261,
    "healing-wish": 1.5658392171953937,
    "aromatherapy": 42.02234165834076,
    "stealth-rock": 197.10415155105022,
    "metronome": 0.15917737759664918,
    "flamethrower": 4.117897730081926,
    "focus-blast": 0.2761694110582416,
    "blizzard": 1.8327500065990305,
    "calm-mind": 0.08860397985212215,
    "thunder": 1.0328775554573197,
    "stored-power": 0.0003159036367746393,
    "facade": 0,
    "charm": 1.6757384599648917,
    "tri-attack": 0.2160879159985542,
    "dazzling-gleam": 0.3353508441043241,
    "shadow-ball": 1.1586212203410247,
    "grass-knot": 0,
    "psychic": 0.010124849411896009,
    "rest": 0.010796273622234842,
    "substitute": 0.016468114118459554,
    "hyper-beam": 0.09763683269497642,
    "thunder-wave": 121.49007772888498,
    "copycat": 0,
    "attract": 0,
    "dream-eater": 0,
    "zap-cannon": 0,
    "avalanche": 0.021017826294277397,
    "body-slam": 0,
    "rock-slide": 5.871904777065247,
    "double-edge": 0.010363568362331987,
    "curse": 0,
    "drain-punch": 0.08636566281942915,
    "fire-blast": 0.5684611795207292,
    "brick-break": 0,
    "heal-pulse": 0,
    "helping-hand": 0,
    "thunderbolt": 0.07513296037703376,
    "last-resort": 0,
    "stomping-tantrum": 0,
    "hyper-voice": 0.0003643627869260868,
    "echoed-voice": 0,
    "power-up-punch": 0.09333329242335531,
    "counter": 0.04317231568374569,
    "endeavor": 0.0005849638429223369,
    "earthquake": 0.8187858529386893,
    "giga-impact": 0,
    "life-dew": 0.0005692379448015705,
    "sleep-talk": 0,
    "headbutt": 0,
    "": 0.19955285019077101,
    "icy-wind": 0.08538296248339705,
    "egg-bomb": 0,
    "return": 0.0005849638429223369,
    "block": 0.48557596120084895,
    "fire-punch": 0.5928668236749087,
    "sunny-day": 0.0003643627869260868
  },
  "teras": {
    "nothing": 797.690381127382
  },
  "spreads": [
    {
      "nature": "Bold",
      "usage": "68.2",
      "evs": {
        "hp": 252,
        "atk": 0,
        "def": 252,
        "spa": 0,
        "spd": 4,
        "spe": 0
      }
    },
    {
      "nature": "Bold",
      "usage": "6.1",
      "evs": {
        "hp": 20,
        "atk": 0,
        "def": 252,
        "spa": 0,
        "spd": 236,
        "spe": 0
      }
    },
    {
      "nature": "Calm",
      "usage": "4.9",
      "evs": {
        "hp": 252,
        "atk": 0,
        "def": 0,
        "spa": 0,
        "spd": 252,
        "spe": 0
      }
    },
    {
      "nature": "Calm",
      "usage": "3.4",
      "evs": {
        "hp": 252,
        "atk": 0,
        "def": 4,
        "spa": 0,
        "spd": 252,
        "spe": 0
      }
    },
    {
      "nature": "Calm",
      "usage": "2.7",
      "evs": {
        "hp": 252,
        "atk": 0,
        "def": 24,
        "spa": 0,
        "spd": 232,
        "spe": 0
      }
    },
    {
      "nature": "Bold",
      "usage": "1.9",
      "evs": {
        "hp": 252,
        "atk": 0,
        "def": 252,
        "spa": 0,
        "spd": 0,
        "spe": 0
      }
    },
    {
      "nature": "Calm",
      "usage": "1.8",
      "evs": {
        "hp": 212,
        "atk": 0,
        "def": 44,
        "spa": 0,
        "spd": 252,
        "spe": 0
      }
    },
    {
      "nature": "Calm",
      "usage": "1.8",
      "evs": {
        "hp": 4,
        "atk": 0,
        "def": 252,
        "spa": 0,
        "spd": 252,
        "spe": 0
      }
    },
    {
      "nature": "Impish",
      "usage": "1.3",
      "evs": {
        "hp": 252,
        "atk": 0,
        "def": 252,
        "spa": 0,
        "spd": 4,
        "spe": 0
      }
    },
    {
      "nature": "Bold",
      "usage": "1.1",
      "evs": {
        "hp": 0,
        "atk": 0,
        "def": 252,
        "spa": 0,
        "spd": 252,
        "spe": 0
      }
    }
  ],
  "teammates": {
    "3": 2.2030965248920884,
    "6": 0,
    "9": 0,
    "25": 0.010962446564108053,
    "34": 1.9706530912438933,
    "36": 58.68308661145282,
    "38": 0.07303157866914833,
    "44": 0,
    "45": 0.001388301977385653,
    "57": 0,
    "59": 0.0784232168184405,
    "65": 2.563059305999726,
    "68": 2.433506932229173,
    "80": 52.2756286220578,
    "81": 0.0056233448559768195,
    "91": 0.12113490097428803,
    "94": 0.021039896487851373,
    "95": 0,
    "103": 3.180455898643686e-12,
    "106": 0.00031190394658453524,
    "112": 1.8073320617872923e-12,
    "113": 0.04499867905172572,
    "121": 0,
    "127": 0,
    "130": 0.8710298341746285,
    "132": 2.127464935305495,
    "133": 0.0003159036367746393,
    "134": 0.8785505990754787,
    "143": 0.000982700336032094,
    "145": 7.720398898604914,
    "146": 0.699114592328712,
    "149": 0.009380367647822296,
    "151": 0.24947217757954265,
    "160": 0.11781137330697089,
    "169": 2.0342231825850763,
    "181": 0.5611618335905155,
    "184": 0.017535950499430297,
    "185": 0,
    "195": 37.19163257203705,
    "196": 0.0005692379448015705,
    "197": 0,
    "199": 22.590160197372743,
    "202": 0.07136741651088896,
    "205": 0.07136741651088896,
    "208": 0,
    "210": 0,
    "212": 0.7513672714179969,
    "213": 2.1791370177862652,
    "214": 0,
    "217": 0.010124849411896009,
    "227": 27.28815894739361,
    "230": 0,
    "232": 0.23887227136312233,
    "233": 0.01761419113217433,
    "235": 0.00970796995871126,
    "241": 0,
    "243": 0,
    "248": 6.610756698209951,
    "251": 0.00016912235987731616,
    "257": 2.8317941758261096,
    "259": 0,
    "260": 0.19875903905320275,
    "272": 0,
    "279": 1.658443770958151,
    "282": 0,
    "286": 1.723108028793735,
    "289": 0.0393753341957489,
    "291": 1.0613405154735744e-9,
    "292": 3.763137628752376,
    "295": 0.0393753341957489,
    "297": 0,
    "302": 0,
    "303": 0,
    "304": 0.005257171453868115,
    "324": 0.02781836154243994,
    "330": 0,
    "336": 2.845348389895367,
    "342": 0,
    "344": 0,
    "351": 0,
    "356": 0.21104446202123972,
    "368": 0,
    "373": 0.07145263763528092,
    "376": 0,
    "378": 1.0656528437458235e-9,
    "379": 0,
    "380": 0.04644395679608193,
    "381": 0.7505283688141179,
    "385": 1.0979275224783285,
    "389": 0,
    "392": 0.007801355467325077,
    "398": 0.040358034531780995,
    "400": 0,
    "405": 0,
    "423": 2.341233677619608,
    "435": 0,
    "437": 0.0625112139132965,
    "445": 326.5780146264968,
    "448": 0.0282958445350468,