{
  "id": "786",
  "name": "Tapu Lele",
  "format_id": "showdown_gen8nationaldex-1630",
  "usage_metrics": {
    "raw": 2974,
    "base_weight": 1318.7220230817393,
    "percent": 7.8773110134025535
  },
  "items": {
    "choice-scarf": 433.8074046264207,
    "fightinium-z": 158.23999062684922,
    "terrain-extender": 89.3753830365997,
    "assault-vest": 140.30853663822174,
    "choice-specs": 405.85790983922743,
    "focus-sash": 2.8317552205935663,
    "tapunium-z": 1.044337771541679,
    "leftovers": 29.768618540712026,
    "psychium-z": 14.562415524298663,
    "life-orb": 17.1513829914852,
    "fairium-z": 11.188552188932848,
    "salac-berry": 0.915647200133539,
    "psychic-seed": 0,
    "mind-plate": 0,
    "expert-belt": 0,
    "aguav-berry": 0,
    "twisted-spoon": 3.6123914494766263,
    "wise-glasses": 0.2231584427915781,
    "metronome": 8.993809104137727,
    "heavy-duty-boots": 0,
    "nothing": 0.8407298803174785
  },
  "abilities": {
    "psychic-surge": 1318.1720629631977,
    "telepathy": 0.5499601185414384
  },
  "moves": {
    "psychic": 556.2121650312619,
    "moonblast": 1279.3447025036737,
    "hidden-power-fire": 183.13200521412557,
    "focus-blast": 997.7121571360713,
    "psyshock": 1130.0669348491695,
    "thunderbolt": 401.34465913617834,
    "calm-mind": 220.84130292790175,
    "future-sight": 227.71518959943572,
    "energy-ball": 20.98681911557207,
    "dazzling-gleam": 0.8774632064661482,
    "draining-kiss": 39.457406668078164,
    "reflect": 0,
    "natures-madness": 5.138412042899251,
    "shadow-ball": 69.91324752153551,
    "psycho-cut": 0,
    "thunder": 66.48813317981833,
    "taunt": 36.19278503146251,
    "toxic": 0.3057445309710613,
    "extrasensory": 0.21884988894109114,
    "magic-coat": 0.9922952745357098,
    "nature-power": 0,
    "substitute": 17.99999953436157,
    "stored-power": 6.992988670798385,
    "iron-defense": 6.302711929890185,
    "aromatherapy": 5.659707519446354,
    "grass-knot": 0.39304046376681584,
    "hidden-power-ice": 0.000003222040362349521,
    "hidden-power-grass": 0.2959635642142899,
    "gravity": 0.25581367584868003,
    "light-screen": 0.03242752821416728,
    "protect": 0.00027397199189510557,
    "mean-look": 0.014889388283546967
  },
  "teras": {
    "nothing": 1318.722023081739
  },
  "spreads": [
    {
      "nature": "Timid",
      "usage": "51.5",
      "evs": {
        "hp": 0,
        "atk": 0,
        "def": 0,
        "spa": 252,
        "spd": 4,
        "spe": 252
      }
    },
    {
      "nature": "Modest",
      "usage": "10.0",
      "evs": {
        "hp": 4,
        "atk": 0,
        "def": 0,
        "spa": 252,
        "spd": 0,
        "spe": 252
      }
    },
    {
      "nature": "Timid",
      "usage": "9.1",
      "evs": {
        "hp": 4,
        "atk": 0,
        "def": 0,
        "spa": 252,
        "spd": 0,
        "spe": 252
      }
    },
    {
      "nature": "Modest",
      "usage": "8.5",
      "evs": {
        "hp": 0,
        "atk": 0,
        "def": 0,
        "spa": 252,
        "spd": 4,
        "spe": 252
      }
    },
    {
      "nature": "Modest",
      "usage": "4.0",
      "evs": {
        "hp": 80,
        "atk": 0,
        "def": 0,
        "spa": 216,
        "spd": 0,
        "spe": 212
      }
    },
    {
      "nature": "Modest",
      "usage": "3.0",
      "evs": {
        "hp": 80,
        "atk": 0,
        "def": 0,
        "spa": 252,
        "spd": 0,
        "spe": 176
      }
    },
    {
      "nature": "Timid",
      "usage": "2.1",
      "evs": {
        "hp": 0,
        "atk": 0,
        "def": 4,
        "spa": 252,
        "spd": 0,
        "spe": 252
      }
    },
    {
      "nature": "Modest",
      "usage": "1.5",
      "evs": {
        "hp": 116,
        "atk": 0,
        "def": 240,
        "spa": 92,
        "spd": 0,
        "spe": 60
      }
    },
    {
      "nature": "Modest",
      "usage": "1.4",
      "evs": {
        "hp": 0,
        "atk": 0,
        "def": 56,
        "spa": 200,
        "spd": 0,
        "spe": 252
      }
    },
    {
      "nature": "Timid",
      "usage": "1.2",
      "evs": {
        "hp": 0,
        "atk": 0,
        "def": 0,
        "spa": 252,
        "spd": 0,
        "spe": 252
      }
    }
  ],
  "teammates": {
    "1": 0,
    "3": 14.842771257437168,
    "6": 0,
    "9": 20.2592364770887,
    "25": 0.0421181107950197,
    "34": 1.984751992642694,
    "36": 10.855141600739868,
    "59": 4.333142618678292,
    "65": 80.40515701134906,
    "80": 47.22493304935013,
    "91": 25.063586082969202,
    "94": 1.3782574462798094,
    "113": 116.1129750154812,
    "115": 0.0034932787459585057,
    "121": 0.6656477662394162,
    "130": 26.835223389129123,
    "132": 5.58271830421829,
    "134": 0.00023415484963268396,
    "145": 241.48747685497685,
    "146": 0.6889798598305061,
    "149": 16.775005835616547,
    "151": 9.008698492421274,
    "157": 0.20831611161518865,
    "169": 12.002849829167536,
    "178": 1.2459510743883064,
    "184": 0.5823147750851362,
    "195": 0.01599980084524466,
    "197": 0.023604650437489993,
    "198": 0,
    "199": 0.008840018940379224,
    "205": 0.00011745798096157722,
    "212": 0.032369795198415374,
    "213": 1.357936477095492,
    "222": 0,
    "227": 87.80395500857509,
    "233": 1.0311185099882483,
    "235": 3.8302807517234427,
    "237": 1.0055266526378095,
    "242": 49.411666804791146,
    "248": 59.52298157289867,
    "254": 0.867389409296349,
    "257": 85.74940744191106,
    "260": 30.246731265636527,
    "264": 0.0287417493499037,
    "279": 57.63854897176201,
    "282": 0.0287417493499037,
    "283": 0,
    "289": 1.2459510743883064,
    "293": 0,
    "297": 0,
    "308": 0,
    "324": 18.37817420863038,
    "330": 1.3303850973961642,
    "373": 3.194342925334432,
    "376": 0,
    "380": 6.3801517896046755,
    "381": 1.4435763700367645,
    "385": 12.069516769103558,
    "392": 0.9854319613827538,
    "405": 0.10973739396507876,
    "407": 0.022670298809597367,
    "423": 6.013212384946642,
    "436": 0,
    "437": 0,
    "445": 53.831263481019036,
    "448": 1.3782574462798094,
    "450": 13.507099014230628,
    "461": 92.19549273548883,
    "462": 17.464353692155846,
    "463": 0.0012320625913664895,
    "464": 0.20831611161518865,
    "465": 33.70754478243937,
    "466": 0.011311495403275418,
    "472": 140.92976836099473,
    "474": 3.9718067732051647,
    "478": 0,
    "482": 29.638960078612723,
    "485": 140.53634605984192,
    "488": 0.7127994368730567,
    "494": 182.04958771917637,
    "497": 139.21201062745644,
    "518": 0.023604650437489993,
    "521": 0.0012320625913664895,
    "526": 0.40906119373913763,
    "530": 82.34593867771618,
    "531": 0.0012320625913664895,
    "534": 0,
    "537": 1.6309882362679573,
    "539": 23.369079298281374,
    "553": 0.6656477662394162,
    "558": 0.9854319613827538,
    "567": 1.9999643303421355,
    "569": 0.9854319613827538,
    "579": 0.6656477662394162,
    "591": 12.944822405228786,
    "594": 9.035975674287823,
    "596": 3.5601147549925183,
    "598": 156.04517934081053,
    "612": 1.8706322871229788,
    "613": 0,
    "617": 4.3596313159909785,
    "620": 0.21286071974239362,
    "625": 34.20746456692771,
    "630": 1.7673030301378319,
    "635": 0,
    "637": 131.5296783963287,
    "642": 0.8414147288236258,
    "646": 28.54820605617268,
    "647": 7.484844113249598,
    "658": 140.6718480938967,
    "660": 0.16976822606597758,
    "666": 0.00011745798096157722,
    "678": 0.022670298809597367,
    "681": 20.958995009980626,
    "685": 0.7552018159829872,
    "693": 0,
    "701": 111.83575598958275,
    "706": 0.015644589679800647,
    "707": 0.5882616287377883,
    "713": 0.5020464929929679,
    "721": 0.439057198223149,
    "727": 25.950910283022935,
    "730": 1.902243441748705,
    "737": 0,
    "738": 0,
    "743": 20.60812016931557,
    "745": 20.2592364770887,
    "748": 159.6345093268926,
    "752": 5.3031604008743525,