{
  "id": "130",
  "name": "Gyarados",
  "format_id": "showdown_gen8ou-1630",
  "usage_metrics": {
    "raw": 847,
    "base_weight": 80.96895867800738,
    "percent": 1.0594386351128233
  },
  "roles": [
    {
      "role": "role_sweeper_physical",
      "label": "Physical Sweeper",
      "category": "OFF"
    },
    {
      "role": "role_setup",
      "label": "Setup Sweeper",
      "category": "OFF"
    }
  ],
  "items": {
    "leftovers": 57.67231722101067,
    "quick-claw": 0.004169068245428786,
    "life-orb": 0.4594934270363193,
    "wacan-berry": 0.535231125881706,
    "heavy-duty-boots": 7.275479262257382,
    "expert-belt": 0.03093119976983666,
    "damp-rock": 0,
    "lum-berry": 3.4785620810962605,
    "power-herb": 10.449802367242153,
    "choice-band": 0,
    "cell-battery": 0,
    "weakness-policy": 0,
    "focus-sash": 0.0038026724863249317,
    "assault-vest": 0,
    "razor-claw": 0.003002454666341914,
    "nothing": 0.004727221564717665,
    "mental-herb": 0.3463662066784529,
    "aguav-berry": 3.1577724324272083e-9,
    "rocky-helmet": 0.001159355983914978,
    "choice-scarf": 1.8041124150158794e-14,
    "lansat-berry": 0,
    "mystic-water": 0.7039150109300828,
    "charti-berry": 0
  },
  "abilities": {
    "intimidate": 5.1739185717532505,
    "moxie": 75.79504010625413
  },
  "moves": {
    "dragon-dance": 79.20176308600489,
    "ice-fang": 11.996915443543172,
    "crunch": 9.057988945663224,
    "waterfall": 80.60983481241567,
    "earthquake": 34.96362836738405,
    "iron-head": 0.42853921356550034,
    "dragon-tail": 0.07051897588723782,
    "giga-impact": 0.001429196689579748,
    "substitute": 46.771916926662634,
    "thunder-wave": 1.5488763860353436,
    "surf": 0.0014063641016190398,
    "fire-blast": 0.00002972842559112454,
    "outrage": 0.000029728425609165665,
    "aqua-tail": 0.35436691560140876,
    "power-whip": 4.255073993572933,
    "hydro-pump": 0.03494430801828502,
    "hurricane": 0.03093119976983666,
    "bounce": 43.40758473151742,
    "bulldoze": 0,
    "rain-dance": 0,
    "thunder": 0,
    "taunt": 3.1087724914431676,
    "endure": 0,
    "blizzard": 0.006241334887961192,
    "avalanche": 0.007144802346207568,
    "dragon-pulse": 0.34971679256714266,
    "flamethrower": 1.3851412355638666,
    "stone-edge": 4.188613036580337,
    "double-edge": 0.0007141133162693047,
    "scald": 0.00209074899229722,
    "scale-shot": 0.4213883861111922,
    "hyper-beam": 0.3463662066784529,
    "mimic": 3.1576877779215806e-9,
    "reflect": 1.3186879289386289,
    "body-slam": 0.0038026724863420847,
    "protect": 0,
    "dive": 0.0013766356760279153,
    "thunderbolt": 0,
    "dark-pulse": 0
  },
  "teras": {
    "nothing": 80.9689586780074
  },
  "spreads": [
    {
      "nature": "jolly",
      "usage": "35.3",
      "evs": {
        "hp": 24,
        "atk": 128,
        "def": 116,
        "spa": 0,
        "spd": 0,
        "spe": 240
      }
    },
    {
      "nature": "adamant",
      "usage": "25.8",
      "evs": {
        "hp": 0,
        "atk": 252,
        "def": 0,
        "spa": 0,
        "spd": 4,
        "spe": 252
      }
    },
    {
      "nature": "jolly",
      "usage": "22.3",
      "evs": {
        "hp": 0,
        "atk": 252,
        "def": 0,
        "spa": 0,
        "spd": 4,
        "spe": 252
      }
    },
    {
      "nature": "jolly",
      "usage": "8.9",
      "evs": {
        "hp": 4,
        "atk": 252,
        "def": 0,
        "spa": 0,
        "spd": 0,
        "spe": 252
      }
    },
    {
      "nature": "adamant",
      "usage": "1.8",
      "evs": {
        "hp": 4,
        "atk": 252,
        "def": 0,
        "spa": 0,
        "spd": 0,
        "spe": 252
      }
    },
    {
      "nature": "impish",
      "usage": "1.6",
      "evs": {
        "hp": 252,
        "atk": 0,
        "def": 252,
        "spa": 0,
        "spd": 0,
        "spe": 0
      }
    },
    {
      "nature": "careful",
      "usage": "1.1",
      "evs": {
        "hp": 224,
        "atk": 0,
        "def": 0,
        "spa": 0,
        "spd": 140,
        "spe": 144
      }
    },
    {
      "nature": "jolly",
      "usage": "1.0",
      "evs": {
        "hp": 0,
        "atk": 252,
        "def": 28,
        "spa": 0,
        "spd": 0,
        "spe": 228
      }
    },
    {
      "nature": "jolly",
      "usage": "0.7",
      "evs": {
        "hp": 0,
        "atk": 252,
        "def": 4,
        "spa": 0,
        "spd": 0,
        "spe": 252
      }
    },
    {
      "nature": "adamant",
      "usage": "0.5",
      "evs": {
        "hp": 0,
        "atk": 252,
        "def": 0,
        "spa": 0,
        "spd": 0,
        "spe": 252
      }
    }
  ],
  "teammates": {
    "3": 0.003350610747423155,
    "6": 0.0029917018843241827,
    "9": 1.465095241873506,
    "25": 0.001376635676129223,
    "26": 0.004509941872604728,
    "34": 0.021869909951763744,
    "36": 7.244546549884863,
    "51": 0,
    "59": 0.02018878128678453,
    "62": 0,
    "65": 1.6102452430094356,
    "68": 0.0011593564111977428,
    "80": 0.43010169224939737,
    "91": 26.37337818744136,
    "94": 1.6122632104049048,
    "113": 0,
    "115": 0.001159355983914978,
    "121": 0.008400070531411896,
    "122": 0.005395392171871294,
    "123": 0.005395392171871294,
    "131": 0.00335058588868975,
    "132": 0.001159355983914978,
    "134": 0.05713149174078347,
    "135": 0.020188781651294563,
    "142": 1.6289219901866139,
    "143": 0.007849328880546957,
    "145": 2.528380235211569,
    "149": 25.030050316066323,
    "151": 31.315544761678773,
    "171": 0.05713149174078347,
    "184": 0.43010169224939737,
    "196": 0.0011874218147328586,
    "197": 0.005529736138494168,
    "199": 0.05713149174078347,
    "208": 0,
    "212": 0.03837396722859715,
    "213": 8.124153334852414,
    "214": 0.0038026724863249317,
    "227": 13.773342190962627,
    "242": 1.3620535814980506,
    "248": 0.43005309907008576,
    "257": 0.030848189087753775,
    "260": 0,
    "264": 0,
    "282": 0.3262536277728139,
    "295": 0,
    "302": 0.0000015978406387451294,
    "306": 0.1286034841519645,
    "319": 0.05713149174078347,
    "324": 2.528601023010779e-8,
    "330": 0.08608392892432915,
    "337": 0,
    "346": 0.019174177780310553,
    "350": 5.828670879282072e-13,
    "359": 9.421669105447172e-7,
    "373": 0.0038026724863249317,
    "376": 0,
    "380": 0.4467623326925287,
    "381": 0.0009490034642444245,
    "405": 0,
    "423": 0.41975193570084257,
    "445": 32.02615507728946,
    "448": 0.08820584959217326,
    "450": 0.7039150109300828,
    "452": 0.1286034841519645,
    "454": 0,
    "461": 39.45844940381424,
    "462": 0,
    "465": 9.421669105447172e-7,
    "466": 0.1286034841519645,
    "467": 0.1286034841519645,
    "468": 0.010448387985211638,
    "473": 0.0021219206678441127,
    "474": 1.1336279873478423,
    "475": 0,
    "478": 0.001763224272792685,
    "480": 0.00023579097657461245,
    "485": 4.121330860554743,
    "494": 4.221379281038915,
    "508": 0.001429196689579748,
    "530": 12.625695300862592,
    "545": 9.421669105447172e-7,
    "553": 0.00523186917590468,
    "555": 0.0009490034642444245,
    "571": 0,
    "591": 0.7039150109300828,
    "598": 2.969297646028782,
    "609": 0.001429196689579748,
    "620": 0,
    "623": 0.00003186292480261699,
    "625": 13.14572466650917,
    "630": 0.0009490034642444245,
    "637": 18.33978684930513,
    "642": 3.6424027916037716e-7,
    "660": 1.1943589844331028,
    "663": 0,
    "681": 0.7039447393556739,
    "687": 0,
    "689": 1.4639358858895908,
    "697": 0.0030046783595406024,
    "700": 0.02018878128678453,
    "701": 1.6533203974751056,
    "706": 0.06281192199847119,
    "715": 0,
    "721": 0,
    "727": 0.03239012512878803,
    "729": 0,
    "743": 1.2878562259769426,
    "748": 0.36116093907387287,
    "750": 0,
    "760": 0,
    "776": 7.231911120941452,
    "778": 0.00006606245726581417,
    "781": 0.892241271744051,
    "784": 7.234661494737203,