{
  "id": "257",
  "name": "Blaziken",
  "format_id": "showdown_gen8ou-1630",
  "usage_metrics": {
    "raw": 6010,
    "base_weight": 2535.651167350522,
    "percent": 7.517386301095712
  },
  "items": {
    "air-balloon": 202.04691615667048,
    "leftovers": 1026.5315044329589,
    "life-orb": 1176.2077642556596,
    "focus-sash": 12.192695843721813,
    "nothing": 2.4491694409763896,
    "protective-pads": 14.335830839955626,
    "grassy-seed": 0.14085440536188737,
    "expert-belt": 2.8368396280979282,
    "choice-band": 16.725967713876294,
    "muscle-band": 52.47443021851127,
    "heavy-duty-boots": 2.125783084987023,
    "charcoal": 1.9074790476795092,
    "assault-vest": 18.779980159866565,
    "heat-rock": 0,
    "shell-bell": 3.933808564674355,
    "figy-berry": 0,
    "scope-lens": 2.2920587454376333,
    "choice-scarf": 0.02010397621309623,
    "lum-berry": 1.9997298694729437e-7,
    "power-herb": 0.6497411124792639,
    "focus-band": 0,
    "starf-berry": 0.00023952342603078547,
    "weakness-policy": 0,
    "wide-lens": 0,
    "eject-button": 0,
    "mental-herb": 0
  },
  "abilities": {
    "speed-boost": 2532.5342290391663,
    "blaze": 3.1169383113555456
  },
  "moves": {
    "swords-dance": 2494.090859009207,
    "flare-blitz": 2516.970439971613,
    "close-combat": 2503.513270138991,
    "knock-off": 300.38145516335345,
    "protect": 736.6178130861825,
    "high-jump-kick": 2.8990026590879596,
    "defog": 0.20393118615350037,
    "thunder-punch": 1341.093850996914,
    "earthquake": 174.82367246209955,
    "blaze-kick": 3.896195599672258,
    "flamethrower": 0.047564027059763814,
    "fire-pledge": 0.000007724192437164046,
    "fire-blast": 0.6596958146306056,
    "fire-spin": 0.03924899124206449,
    "aura-sphere": 0.0014874711408618957,
    "u-turn": 16.065357676457808,
    "scorching-sands": 0.07325017866775646,
    "substitute": 1.144493738059008,
    "brave-bird": 0.03476904132202052,
    "agility": 3.689227123238048e-7,
    "fire-punch": 1.757222123707438,
    "stone-edge": 46.15639165934011,
    "bulk-up": 0.4252637818383534,
    "sunny-day": 0,
    "attract": 0,
    "power-up-punch": 0.003961609937908894,
    "acrobatics": 0,
    "poison-jab": 0.000019349901710430384,
    "quick-attack": 0,
    "brick-break": 0,
    "focus-energy": 0.07176270752689456,
    "overheat": 0.07176270752689456,
    "focus-blast": 0.07176270752689456,
    "vacuum-wave": 0.6497411124792639,
    "rock-slide": 0.007314396864810058,
    "reversal": 0,
    "counter": 0,
    "low-kick": 0,
    "mega-punch": 0,
    "solar-beam": 0.6497411124792639,
    "role-play": 0.13169498291506093,
    "heat-crash": 0.05166584324530926,
    "detect": 1.8294632475601702e-9,
    "endure": 0,
    "blast-burn": 0
  },
  "teras": {
    "nothing": 2535.6511673505224
  },
  "spreads": [
    {
      "nature": "Adamant",
      "usage": "43.8",
      "evs": {
        "hp": 0,
        "atk": 252,
        "def": 0,
        "spa": 0,
        "spd": 4,
        "spe": 252
      }
    },
    {
      "nature": "Jolly",
      "usage": "15.8",
      "evs": {
        "hp": 0,
        "atk": 252,
        "def": 0,
        "spa": 0,
        "spd": 4,
        "spe": 252
      }
    },
    {
      "nature": "Adamant",
      "usage": "11.3",
      "evs": {
        "hp": 144,
        "atk": 252,
        "def": 0,
        "spa": 0,
        "spd": 0,
        "spe": 112
      }
    },
    {
      "nature": "Jolly",
      "usage": "5.2",
      "evs": {
        "hp": 0,
        "atk": 252,
        "def": 4,
        "spa": 0,
        "spd": 0,
        "spe": 252
      }
    },
    {
      "nature": "Adamant",
      "usage": "4.1",
      "evs": {
        "hp": 68,
        "atk": 240,
        "def": 32,
        "spa": 0,
        "spd": 64,
        "spe": 104
      }
    },
    {
      "nature": "Adamant",
      "usage": "3.4",
      "evs": {
        "hp": 148,
        "atk": 252,
        "def": 0,
        "spa": 0,
        "spd": 0,
        "spe": 108
      }
    },
    {
      "nature": "Adamant",
      "usage": "2.8",
      "evs": {
        "hp": 140,
        "atk": 240,
        "def": 0,
        "spa": 0,
        "spd": 0,
        "spe": 128
      }
    },
    {
      "nature": "Adamant",
      "usage": "2.6",
      "evs": {
        "hp": 0,
        "atk": 252,
        "def": 4,
        "spa": 0,
        "spd": 0,
        "spe": 252
      }
    },
    {
      "nature": "Adamant",
      "usage": "1.6",
      "evs": {
        "hp": 4,
        "atk": 252,
        "def": 0,
        "spa": 0,
        "spd": 0,
        "spe": 252
      }
    },
    {
      "nature": "Adamant",
      "usage": "1.5",
      "evs": {
        "hp": 128,
        "atk": 252,
        "def": 0,
        "spa": 0,
        "spd": 60,
        "spe": 68
      }
    }
  ],
  "teammates": {
    "3": 45.67418977886681,
    "6": 0.29414418751165267,
    "9": 0.0035110609528097303,
    "26": 0,
    "34": 3.5221712566872436,
    "36": 61.11959805305631,
    "38": 8.081105229429397e-10,
    "40": 0,
    "62": 0,
    "65": 0.10349723271155498,
    "68": 0.0037804316858193743,
    "73": 0,
    "80": 166.66713250294762,
    "91": 35.60722596393897,
    "94": 6.28691251960241,
    "99": 0.8110415408300382,
    "106": 0,
    "113": 2.725022642055084,
    "121": 1.332252066016952,
    "123": 0,
    "130": 0.030848189087753775,
    "131": 0.765391537857421,
    "132": 2.3869406451382247e-11,
    "134": 0.0028589523978483355,
    "135": 0,
    "136": 0.0004123287677412768,
    "139": 0.000011102622633318848,
    "142": 0,
    "143": 0.005945247060172687,
    "145": 129.57000455326323,
    "146": 0.005669125302698752,
    "149": 162.90715226033672,
    "151": 194.48019583835637,
    "169": 0,
    "171": 0,
    "178": 5.800006498461227,
    "184": 28.162924160991057,
    "186": 0,
    "195": 0.22131216070221538,
    "196": 0.2319942801260047,
    "197": 0.035861394075876296,
    "199": 6.571888926207481,
    "208": 0,
    "212": 120.4176164226627,
    "213": 5.846717575497136,
    "214": 0,
    "226": 0.07575447791966289,
    "227": 23.1314036135863,
    "230": 6.445842323465999,
    "242": 6.059970954356956,
    "245": 0.07575447791966289,
    "248": 16.196074569926502,
    "252": 0,
    "254": 3.1386215848527854e-10,
    "260": 1.318339532883019,
    "275": 15.163108342563538,
    "279": 1.059929921609637e-12,
    "282": 0.0028582794819297375,
    "291": 0.020184346158385158,
    "292": 0,
    "304": 0,
    "318": 0,
    "319": 1.6230151177401893,
    "324": 46.851086227737625,
    "330": 0,
    "342": 12.69815979498744,
    "344": 0,
    "350": 0,
    "359": 0,
    "373": 2.7014187206458202,
    "376": 0.0002693089354132705,
    "380": 7.029179488753862,
    "381": 9.860335363438848,
    "385": 36.297524189998285,
    "405": 0,
    "407": 0,
    "423": 0.15740963608896447,
    "426": 2.169001811491711e-9,
    "445": 909.8681032195389,
    "448": 0.0000518885754325904,
    "450": 7.6538558528614775,
    "460": 0,
    "461": 628.7535751139334,
    "462": 14.369148948800248,
    "464": 0,
    "465": 3.8090022316003034,
    "468": 22.46449280245899,
    "470": 0,
    "473": 14.86938637430947,
    "474": 3.7107925032753286e-7,
    "475": 0.2662005960739797,
    "482": 0.16712274275916805,
    "485": 772.7172240449836,
    "486": 1.6397831020216536,
    "488": 3.875839056941953,
    "494": 1.2266099142403322,
    "510": 2.278791741971986e-7,
    "526": 0,
    "530": 3.6997546313396588,
    "534": 1.059929921609637e-12,
    "537": 0.7952607936241525,
    "538": 0.0035110609528097303,
    "539": 0,
    "545": 0.9179934818992166,
    "547": 0.3783502369969502,
    "553": 0,
    "555": 0.1262746249832704,
    "560": 0.0000518885754325904,
    "571": 0,
    "579": 0,
    "591": 0.0005608191981156252,
    "596": 6.701036447953612e-9,
    "598": 41.95004598662658,
    "609": 0.0004123287677412768,
    "612": 0,
    "620": 0.0000518885754325904,
    "625": 139.77985566308263,
    "630": 4.005731971796131,
    "635": 11.92488621757871,