{
  "id": "80",
  "name": "Slowbro",
  "format_id": "showdown_gen8ou-1630",
  "usage_metrics": {
    "raw": 6851,
    "base_weight": 2677.0467660517834,
    "percent": 8.569320058037725
  },
  "items": {
    "heavy-duty-boots": 1271.9682446207369,
    "rocky-helmet": 629.180408705403,
    "leftovers": 7.377308079364745,
    "colbur-berry": 321.7103603118235,
    "eject-button": 396.82367644235615,
    "life-orb": 0.003693893602068621,
    "shed-shell": 5.577988503796105,
    "assault-vest": 44.32336816618387,
    "choice-specs": 0.014665065108924291,
    "terrain-extender": 0.01677253415341573,
    "red-card": 0.027824827114090123,
    "choice-band": 0,
    "kasib-berry": 0.0222783808510143,
    "light-clay": 0,
    "quick-claw": 0.00017652128680661905,
    "expert-belt": 0,
    "focus-sash": 0
  },
  "abilities": {
    "regenerator": 2677.014285777461,
    "oblivious": 0.032257231923818075,
    "own-tempo": 0.0002230423989202368
  },
  "moves": {
    "future-sight": 2379.7830454263235,
    "scald": 2019.0162578683392,
    "slack-off": 2091.2685362179864,
    "teleport": 2607.8130325138127,
    "ice-beam": 797.0358517287368,
    "calm-mind": 6.693015675947886,
    "body-press": 326.12301357813044,
    "thunder-wave": 76.10229179875434,
    "flamethrower": 55.73859447092013,
    "toxic": 247.341662907086,
    "trick-room": 17.483290240659038,
    "nasty-plot": 2.5333492126299113,
    "surf": 0.00387041488887524,
    "psyshock": 46.99174951723033,
    "fire-blast": 20.275719359608537,
    "yawn": 1.5586036337342195,
    "protect": 4.001160497089925,
    "light-screen": 0.000011415470651088278,
    "reflect": 0.02592886927224025,
    "hydro-pump": 1.7970369551417353,
    "counter": 0.8319047896578812,
    "psychic": 2.423117890712373,
    "psychic-terrain": 0.01677253415341573,
    "trick": 0,
    "seismic-toss": 0.27394723622947165,
    "disable": 0.10876651160437056,
    "expanding-force": 0.004631546236405326,
    "hail": 0,
    "blizzard": 0,
    "zen-headbutt": 0,
    "iron-defense": 0.03689899311082834,
    "substitute": 0.125571617580212,
    "grass-knot": 0.00023715212212249703,
    "foul-play": 0,
    "focus-blast": 0.014665065108924291,
    "earthquake": 2.764528568837242,
    "aqua-tail": 0,
    "drain-punch": 0,
    "double-edge": 0,
    "stored-power": 0,
    "sleep-talk": 0
  },
  "teras": {
    "nothing": 2677.0467660517843
  },
  "spreads": [
    {
      "nature": "Relaxed",
      "usage": "21.4",
      "evs": {
        "hp": 248,
        "atk": 0,
        "def": 252,
        "spa": 0,
        "spd": 8,
        "spe": 0
      }
    },
    {
      "nature": "Relaxed",
      "usage": "16.0",
      "evs": {
        "hp": 252,
        "atk": 0,
        "def": 252,
        "spa": 0,
        "spd": 4,
        "spe": 0
      }
    },
    {
      "nature": "Relaxed",
      "usage": "8.7",
      "evs": {
        "hp": 248,
        "atk": 0,
        "def": 136,
        "spa": 0,
        "spd": 124,
        "spe": 0
      }
    },
    {
      "nature": "Sassy",
      "usage": "4.4",
      "evs": {
        "hp": 248,
        "atk": 0,
        "def": 8,
        "spa": 0,
        "spd": 252,
        "spe": 0
      }
    },
    {
      "nature": "Bold",
      "usage": "3.8",
      "evs": {
        "hp": 252,
        "atk": 0,
        "def": 252,
        "spa": 4,
        "spd": 0,
        "spe": 0
      }
    },
    {
      "nature": "Relaxed",
      "usage": "3.8",
      "evs": {
        "hp": 248,
        "atk": 0,
        "def": 252,
        "spa": 8,
        "spd": 0,
        "spe": 0
      }
    },
    {
      "nature": "Relaxed",
      "usage": "3.5",
      "evs": {
        "hp": 248,
        "atk": 0,
        "def": 176,
        "spa": 0,
        "spd": 84,
        "spe": 0
      }
    },
    {
      "nature": "Relaxed",
      "usage": "2.8",
      "evs": {
        "hp": 252,
        "atk": 0,
        "def": 252,
        "spa": 4,
        "spd": 0,
        "spe": 0
      }
    },
    {
      "nature": "Relaxed",
      "usage": "2.7",
      "evs": {
        "hp": 252,
        "atk": 0,
        "def": 192,
        "spa": 0,
        "spd": 64,
        "spe": 0
      }
    },
    {
      "nature": "Relaxed",
      "usage": "1.9",
      "evs": {
        "hp": 252,
        "atk": 0,
        "def": 184,
        "spa": 0,
        "spd": 72,
        "spe": 0
      }
    }
  ],
  "teammates": {
    "3": 0.000014970315206030982,
    "9": 0.09158877364917506,
    "34": 353.68147682508817,
    "36": 376.62401033183284,
    "40": 0.1051194898006716,
    "45": 0.015674292222005892,
    "65": 2.6897356341565155,
    "68": 0.00024773492065599534,
    "73": 0,
    "91": 0.10335974792291192,
    "94": 8.076932343121909,
    "110": 0.30543965868386264,
    "113": 1.0815109843137676,
    "119": 0,
    "121": 0,
    "123": 0.0017723790977101639,
    "124": 0,
    "130": 0.43010169224939737,
    "132": 0.9158379182453098,
    "139": 12.334727913825471,
    "142": 0,
    "143": 0.02215840724178697,
    "145": 338.0534765035785,
    "146": 0.23708131632729695,
    "149": 25.78551396173859,
    "151": 1.0059556466131123,
    "184": 0.8548634793273151,
    "186": 0,
    "195": 0.7877506118788415,
    "197": 0.15637330516101805,
    "199": 0.4203919772421497,
    "212": 47.5288328839415,
    "213": 0,
    "214": 0.025286479603821632,
    "222": 0.000030050489436106442,
    "226": 0.1940159132801701,
    "227": 24.82389670719456,
    "230": 0.027489352305718473,
    "233": 8.530316548028308,
    "237": 0.035426642134207986,
    "242": 341.4192126742378,
    "243": 1.9828973867845405,
    "245": 0,
    "248": 572.5885010269798,
    "254": 0.014101484624370386,
    "257": 166.66713250294762,
    "260": 1.477179664265196,
    "264": 0,
    "279": 16.011440421841474,
    "295": 1.0982737577565695,
    "302": 4.1664764774257765,
    "306": 0.10113178030730191,
    "319": 0,
    "324": 0.004038291891134693,
    "330": 0.0038691619051296477,
    "334": 0.00000781980786235259,
    "342": 14.615989833755986,
    "344": 0,
    "356": 0.04961114892656249,
    "369": 0.00006964669962722381,
    "373": 0.9541687769928272,
    "376": 0.0031896438001770555,
    "379": 0.8265194813569149,
    "380": 15.055437537840698,
    "381": 35.60486366092423,
    "385": 5.860662676775019,
    "405": 0.00023715212212249703,
    "407": 0,
    "423": 19.669483354640057,
    "442": 0.579909760815507,
    "445": 485.75511687308193,
    "448": 5.240620997102834,
    "450": 69.73130066537783,
    "454": 0,
    "460": 0,
    "461": 581.8606004839177,
    "462": 54.89169667018248,
    "464": 1.9995292376752616,
    "465": 8.726107099991278,
    "466": 0,
    "468": 0.01677253415341573,
    "473": 4.395424983067696,
    "474": 0.8650576312146961,
    "475": 0,
    "482": 2.058972456501703,
    "485": 1011.616495515941,
    "486": 0,
    "488": 0.004843146747924576,
    "494": 126.1549414102814,
    "510": 1.8529412648682353e-7,
    "526": 0.5960710590057486,
    "530": 523.5250938742647,
    "531": 0.6350087037654714,
    "534": 1.3191404087195806,
    "537": 13.246102397218129,
    "553": 0.01677253415341573,
    "555": 0.06053187864242532,
    "558": 0.17994331702399152,
    "561": 0.11754971146965387,
    "563": 0.05184191852663461,
    "567": 7.641351428217767,
    "571": 0.5246671770763957,
    "579": 1.79014980725641,
    "584": 0,
    "589": 0.10145105598764204,
    "591": 0.5611246215193174,
    "596": 0.021542578644585142,
    "598": 932.8298384212893,
    "609": 0.013644027575527795,
    "612": 2.00371023602623,
    "615": 0,
    "620": 6.549633217494519,
    "621": 0.0000019448135700761426,
    "623": 0.41523725633061054,
    "625": 125.49657496226929,
    "630": 14.272517370130407,
    "632": 0,
    "635": 46.814601366440975,
    "637": 50.40785780343643,
    "638": 0.000059715406022176065,
    "639": 13.020099840608113,
    "647": 0.3853300671868623,
    "660": 3.2214111403060697,
    "663": 3.593264062294841,
    "681": 40.02371750232449,
    "691": 0.0038691619051296477,