{
  "id": "752",
  "name": "Araquanid",
  "format_id": "showdown_gen9monotype-1760",
  "usage_metrics": {
    "raw": 15432,
    "base_weight": 266.81062605804385,
    "percent": 6.692746055564712
  },
  "roles": [
    {
      "role": "role_tr_attacker",
      "label": "Trick Room Attacker",
      "category": "OFF"
    },
    {
      "role": "role_wall_physical",
      "label": "Physical Wall",
      "category": "DEF"
    }
  ],
  "items": {
    "leftovers": 13.131641590910103,
    "heavy-duty-boots": 190.4576357462583,
    "assault-vest": 4.137436413069769,
    "rocky-helmet": 0.9432346857772782,
    "custap-berry": 30.413613040258138,
    "choice-band": 6.070281493064745,
    "mystic-water": 0.11945227099714195,
    "maranga-berry": 0,
    "weakness-policy": 0.007592030835810282,
    "choice-specs": 19.296712155382938,
    "sitrus-berry": 0.03007640961738428,
    "focus-sash": 1.626831571064645,
    "splash-plate": 0.14954285522094246,
    "life-orb": 0.034907803313184604,
    "light-clay": 0.1189367490103761,
    "chesto-berry": 0.0011122861701627351,
    "red-card": 0.0003787342189587317,
    "nothing": 0.005452861769303874,
    "cell-battery": 4.224299819388655e-7,
    "shell-bell": 9.979228554612973e-11,
    "black-glasses": 0,
    "figy-berry": 5.551115123125783e-17,
    "kee-berry": 0,
    "iapapa-berry": 1.5400184322222898e-7,
    "expert-belt": 0.0014429279219981272,
    "wide-lens": 1.659783421814609e-14,
    "muscle-band": 0.12508609556783845,
    "charti-berry": 5.183918058704329e-7,
    "choice-scarf": 0.08477746761604599,
    "ability-shield": 0.017209599307630608,
    "clear-amulet": 0.004695247997846819,
    "covert-cloak": 8.362199821476679e-13,
    "adrenaline-orb": 0,
    "lum-berry": 0.000007542362473689224,
    "mirror-herb": 0.022165448965234535,
    "mental-herb": 0.0006201484866386608,
    "grip-claw": 0.000009268158892350442,
    "big-root": 0.00015483414118661054,
    "air-balloon": 0,
    "wacan-berry": 0.005832920182912538,
    "aguav-berry": 0.0037847654727362068
  },
  "abilities": {
    "water-bubble": 265.1059480864545,
    "water-absorb": 1.7046779715893807
  },
  "moves": {
    "waterfall": 0.026365477509726787,
    "sticky-web": 253.4550401412998,
    "leech-life": 169.12898135002575,
    "protect": 2.374680282768936,
    "liquidation": 203.86389591753618,
    "mirror-coat": 141.7425012475745,
    "stockpile": 4.992472250655484,
    "crunch": 6.774028700073383,
    "poison-jab": 7.101001847455298,
    "infestation": 28.602452681063326,
    "lunge": 6.240606647681938,
    "icy-wind": 1.2804395702041425,
    "blizzard": 0.3645963663913907,
    "endeavor": 29.33300434383817,
    "endure": 21.39129899350539,
    "": 0.009083153064443739,
    "reflect": 2.1875302342343335,
    "surf": 100.17372031662327,
    "soak": 0.014881948010468493,
    "x-scissor": 0.2583778776358281,
    "iron-defense": 0.9326783109577967,
    "skitter-smack": 0.16314801462791972,
    "ice-beam": 22.685736564958372,
    "giga-drain": 23.228290291851515,
    "body-slam": 0.4709251171397874,
    "rest": 9.750974287450717,
    "sleep-talk": 9.678582149709612,
    "trailblaze": 5.090469264244844,
    "chilling-water": 1.9687192426808084,
    "power-split": 0.295593868625308,
    "rain-dance": 0.120258556362761,
    "bug-buzz": 1.7609293880452004,
    "aqua-ring": 1.8912657387541794,
    "substitute": 0.4723763269196581,
    "hydro-pump": 1.556399317668791,
    "facade": 0.28896899770743556,
    "pounce": 0.006467172784087927,
    "scary-face": 7.554012269294064,
    "bug-bite": 0,
    "bubble-beam": 0,
    "wide-guard": 0.0024071022943187304,
    "entrainment": 5.369790749831793e-7,
    "tera-blast": 0.009294222582205858,
    "water-pulse": 0.000048143388632737594,
    "hyper-beam": 1.1046719095020308e-14,
    "giga-impact": 0
  },
  "teras": {
    "nothing": 266.8106260580439
  },
  "spreads": [
    {
      "nature": "careful",
      "usage": "16.1",
      "evs": {
        "hp": 252,
        "atk": 96,
        "def": 80,
        "spa": 0,
        "spd": 80,
        "spe": 0
      }
    },
    {
      "nature": "impish",
      "usage": "13.5",
      "evs": {
        "hp": 248,
        "atk": 64,
        "def": 168,
        "spa": 0,
        "spd": 0,
        "spe": 28
      }
    },
    {
      "nature": "brave",
      "usage": "11.0",
      "evs": {
        "hp": 248,
        "atk": 196,
        "def": 0,
        "spa": 64,
        "spd": 0,
        "spe": 0
      }
    },
    {
      "nature": "modest",
      "usage": "6.9",
      "evs": {
        "hp": 248,
        "atk": 0,
        "def": 0,
        "spa": 252,
        "spd": 8,
        "spe": 0
      }
    },
    {
      "nature": "modest",
      "usage": "6.2",
      "evs": {
        "hp": 0,
        "atk": 0,
        "def": 4,
        "spa": 252,
        "spd": 0,
        "spe": 252
      }
    },
    {
      "nature": "impish",
      "usage": "5.7",
      "evs": {
        "hp": 248,
        "atk": 0,
        "def": 252,
        "spa": 0,
        "spd": 8,
        "spe": 0
      }
    },
    {
      "nature": "careful",
      "usage": "2.9",
      "evs": {
        "hp": 252,
        "atk": 56,
        "def": 80,
        "spa": 0,
        "spd": 120,
        "spe": 0
      }
    },
    {
      "nature": "impish",
      "usage": "2.8",
      "evs": {
        "hp": 252,
        "atk": 0,
        "def": 176,
        "spa": 0,
        "spd": 0,
        "spe": 80
      }
    },
    {
      "nature": "impish",
      "usage": "2.6",
      "evs": {
        "hp": 248,
        "atk": 56,
        "def": 176,
        "spa": 0,
        "spd": 0,
        "spe": 28
      }
    },
    {
      "nature": "bold",
      "usage": "2.6",
      "evs": {
        "hp": 248,
        "atk": 0,
        "def": 252,
        "spa": 0,
        "spd": 8,
        "spe": 0
      }
    }
  ],
  "teammates": {
    "9": 0.15944785708877812,
    "48": 0.007771336069546719,
    "49": 0.4543994889170805,
    "62": 0.0002780175837368559,
    "73": 0.4461885150056385,
    "80": 9.43689570931383e-16,
    "91": 16.20566731250297,
    "123": 0.16270025358817586,
    "130": 2.0711997226216656,
    "131": 0.015095834478270342,
    "132": 0,
    "134": 0.012730148010689224,
    "160": 0.000589904615526271,
    "167": 0.014193149923714843,
    "168": 0.018637319057168977,
    "171": 0.013673940255861328,
    "184": 3.478657801771562,
    "186": 2.7429197659637374,
    "193": 0,
    "195": 1.19890526153638,
    "199": 0.04085932141814935,
    "204": 0.00004996377517674233,
    "205": 172.0957615027153,
    "211": 0.0038905250753652476,
    "212": 218.5280463946011,
    "214": 12.710090004569658,
    "230": 0.017662864460104344,
    "245": 0.0000026877244078682416,
    "260": 10.275374078272602,
    "272": 0.002509071402687413,
    "279": 1.029339838642121,
    "284": 0.024553519659730294,
    "313": 0.24653698420600317,
    "314": 1.0898208424040061,
    "340": 0,
    "342": 0.004991072116540818,
    "350": 2.8935729963095334,
    "370": 0.000001669701761131126,
    "395": 0.8690027733747636,
    "402": 0.0023551432194407473,
    "416": 0.06795642825346382,
    "419": 1.8760148434715518e-9,
    "423": 0.14965635768695162,
    "469": 15.811083489112871,
    "490": 0.2724563644974177,
    "541": 0.00008278638124381565,
    "542": 0.06776493517658982,
    "581": 0.6325331612800998,
    "594": 2.436691059329191,
    "596": 6.826080052157821,
    "636": 6.0285110237146e-14,
    "637": 218.29480046909492,
    "647": 0.45975539125018017,
    "658": 22.677050665682177,
    "666": 1.1966009017302834,
    "693": 0.02617093437106277,
    "721": 5.0579721346072555,
    "730": 3.495415570876304,
    "737": 0.004695247997846819,
    "738": 1.6476098800751051,
    "743": 12.32918785547185,
    "748": 1.172263632403069,
    "779": 4.548100007717437e-9,
    "818": 0.07303591608596943,
    "834": 0.0000024350007191142886,
    "845": 0.0007935039408184519,
    "847": 0.3315992700222468,
    "873": 7.551291581848923,
    "900": 218.0197569355856,