{
  "id": "257",
  "name": "Blaziken",
  "format_id": "showdown_gen9legendszaou-1760",
  "usage_metrics": {
    "raw": 30926,
    "base_weight": 104.52184983921784,
    "percent": 11.111190951812942
  },
  "roles": [
    {
      "role": "role_sweeper_physical",
      "label": "Physical Sweeper",
      "category": "OFF"
    },
    {
      "role": "role_setup",
      "label": "Setup Sweeper",
      "category": "OFF"
    }
  ],
  "items": {
    "choice-band": 9.467254373517466,
    "scope-lens": 1.0871401845431206,
    "sitrus-berry": 0.04386885017235742,
    "life-orb": 59.17452136162499,
    "air-balloon": 8.30470246007959,
    "focus-sash": 16.897439531098893,
    "heavy-duty-boots": 3.139714928012583,
    "leftovers": 5.654954214411749,
    "weakness-policy": 0.0008751810540247873,
    "clear-amulet": 0.04391202977917308,
    "protective-pads": 0.09117343510807513,
    "black-belt": 0.000011121021533833098,
    "muscle-band": 0.0010819822215022978,
    "expert-belt": 0.21716249007343552,
    "razor-claw": 0.00008962155413871908,
    "liechi-berry": 0.024010274382195274,
    "nothing": 0.00037475577212098266,
    "shuca-berry": 0,
    "shed-shell": 0.00009720328105838894,
    "shell-bell": 0.0007196166105861157,
    "assault-vest": 0.0045240137129735625,
    "custap-berry": 9.354308656006616e-7,
    "white-herb": 0.000025867391458933575,
    "throat-spray": 0.01695236567642555,
    "choice-specs": 0.0021991386510981092,
    "choice-scarf": 0.17738505844444435,
    "chesto-berry": 0,
    "punching-glove": 0.00003279455342453108,
    "charcoal": 0.00002044115494492793,
    "loaded-dice": 4.362293859472288e-11,
    "safety-goggles": 0,
    "rocky-helmet": 0.020283958914991074,
    "blunder-policy": 1.8640928112212407e-7,
    "lum-berry": 4.299337719171348e-8,
    "salac-berry": 9.425492374370847e-7,
    "figy-berry": 0.0000010076508034084775,
    "heat-rock": 0,
    "metronome": 0.0024367236268059145,
    "galladite": 0.000005598313255639198,
    "silk-scarf": 2.9339167711972536e-7,
    "eject-pack": 0.14222413786703325,
    "grassy-seed": 0.006652718124206425,
    "mental-herb": 0
  },
  "abilities": {
    "speed-boost": 104.29996175561918,
    "blaze": 0.22188808359866247
  },
  "moves": {
    "close-combat": 97.3865577483322,
    "drain-punch": 3.841979921765173,
    "high-jump-kick": 1.7632925219081854,
    "blaze-kick": 6.250097818969194,
    "focus-energy": 1.026019271801679,
    "overheat": 1.3129377700404268,
    "focus-blast": 0.7858669252415597,
    "protect": 60.59748889937928,
    "acrobatics": 0.16105453050739132,
    "flare-blitz": 62.08081572867756,
    "knock-off": 67.6098437939986,
    "fire-punch": 0.9626740530547886,
    "brick-break": 0.0002469386436071419,
    "brave-bird": 0.47232900712413506,
    "swords-dance": 40.31571226887697,
    "stone-edge": 7.828063018472393,
    "flamethrower": 0.23131913995973513,
    "aura-sphere": 0.12140981614450252,
    "defog": 2.3955766615061926,
    "earthquake": 8.043157329825855,
    "bulldoze": 0,
    "endure": 0.09736298577979702,
    "upper-hand": 1.042437403842065,
    "thunder-punch": 10.386928378099727,
    "shadow-claw": 0.06047965287645457,
    "rock-slide": 0.19106008405094538,
    "bulk-up": 0.14007513445230096,
    "u-turn": 9.525942320640747,
    "power-up-punch": 0.17888822135926535,
    "hone-claws": 0.4200567001209482,
    "will-o-wisp": 0.005501383957565553,
    "quick-attack": 0.021303273335816775,
    "scorching-sands": 0.4548423890693037,
    "poison-jab": 0.7874214238075319,
    "circle-throw": 0.0015139878772777449,
    "vacuum-wave": 0.38215736370733944,
    "focus-punch": 0.04031284657122175,
    "superpower": 0.0930247977140099,
    "fire-blast": 29.741050150014843,
    "reversal": 0.3456670215523869,
    "detect": 0.397926867107563,
    "flame-charge": 0.0005877856710974072,
    "agility": 0.0005628024485032079,
    "solar-beam": 1.295425011704765e-7,
    "substitute": 0.14628376834553042,
    "temper-flare": 0.2699812511956408,
    "return": 0,
    "sky-uppercut": 0.033914745492563736,
    "counter": 0.04733717452654185,
    "curse": 0.000009606858179245226,
    "night-slash": 4.985378776467542e-11,
    "roar": 0.01712557420256966,
    "dual-chop": 0.005253057726539223,
    "sleep-talk": 0,
    "rest": 0,
    "seismic-toss": 1.5386580898280044e-12,
    "work-up": 0.00006213751420786062,
    "fire-spin": 0,
    "heat-wave": 0.000017721645317991808,
    "confide": 1.4533420578111134e-9,
    "tera-blast": 0.0001550764934619142,
    "blast-burn": 1.6653345369377348e-16,
    "body-slam": 0.052545401811820436,
    "aerial-ace": 1.6225592774921083e-7,
    "low-kick": 0.007888715249791622,
    "giga-impact": 0,
    "uproar": 0.0021952501725390206,
    "sunny-day": 2.9531932455029164e-14,
    "double-edge": 0,
    "dig": 0,
    "laser-focus": 9.44525624380077e-10,
    "crush-claw": 0.000035274126094775315,
    "double-kick": 0,
    "": 0.00003271899726781102,
    "mirror-move": 0,
    "mimic": 0,
    "sand-attack": 0,
    "fire-pledge": 0,
    "echoed-voice": 0.00260691150343606,
    "rock-tomb": 0.00040853706776855514,
    "coaching": 0,
    "dynamic-punch": 3.1152858070981893e-12,
    "last-resort": 0,
    "hyper-beam": 1.4073948673143377e-9,
    "bounce": 0,
    "comet-punch": 0
  },
  "teras": {
    "nothing": 104.52184983921781
  },
  "spreads": [
    {
      "nature": "adamant",
      "usage": "30.8",
      "evs": {
        "hp": 0,
        "atk": 252,
        "def": 0,
        "spa": 0,
        "spd": 4,
        "spe": 252
      }
    },
    {
      "nature": "naughty",
      "usage": "28.4",
      "evs": {
        "hp": 0,
        "atk": 252,
        "def": 0,
        "spa": 4,
        "spd": 0,
        "spe": 252
      }
    },
    {
      "nature": "jolly",
      "usage": "9.3",
      "evs": {
        "hp": 0,
        "atk": 252,
        "def": 4,
        "spa": 0,
        "spd": 0,
        "spe": 252
      }
    },
    {
      "nature": "jolly",
      "usage": "9.2",
      "evs": {
        "hp": 0,
        "atk": 252,
        "def": 0,
        "spa": 0,
        "spd": 4,
        "spe": 252
      }
    },
    {
      "nature": "adamant",
      "usage": "8.1",
      "evs": {
        "hp": 4,
        "atk": 252,
        "def": 0,
        "spa": 0,
        "spd": 0,
        "spe": 252
      }
    },
    {
      "nature": "jolly",
      "usage": "3.2",
      "evs": {
        "hp": 0,
        "atk": 252,
        "def": 0,
        "spa": 0,
        "spd": 0,
        "spe": 252
      }
    },
    {
      "nature": "jolly",
      "usage": "3.0",
      "evs": {
        "hp": 4,
        "atk": 252,
        "def": 0,
        "spa": 0,
        "spd": 0,
        "spe": 252
      }
    },
    {
      "nature": "adamant",
      "usage": "1.8",
      "evs": {
        "hp": 0,
        "atk": 252,
        "def": 4,
        "spa": 0,
        "spd": 0,
        "spe": 252
      }
    },
    {
      "nature": "jolly",
      "usage": "1.7",
      "evs": {
        "hp": 252,
        "atk": 4,
        "def": 0,
        "spa": 0,
        "spd": 0,
        "spe": 252
      }
    },
    {
      "nature": "adamant",
      "usage": "1.2",
      "evs": {
        "hp": 0,
        "atk": 252,
        "def": 0,
        "spa": 0,
        "spd": 0,
        "spe": 252
      }
    }
  ],
  "teammates": {
    "3": 0.037578403266905314,
    "6": 5.0280651586742664e-8,
    "9": 0.20246407559908053,
    "15": 8.14875006915905e-8,
    "24": 0.000002575558674722256,
    "25": 1.993376019804316e-10,
    "26": 0.04948107563764259,
    "36": 9.149364433702385,
    "40": 0.02250822885814241,
    "53": 0.0000010003650333656466,
    "57": 0.000013910974901776285,
    "65": 0.3740720085854073,
    "68": 0.005656500455784197,
    "71": 0.00018938935766632525,
    "80": 8.481198374604958,
    "94": 0.06799344499088122,
    "105": 0.000013593159915115116,
    "115": 0.000024240975564859824,
    "121": 0.2422736001779337,
    "122": 0.0007716079877229665,
    "123": 0.00007701655470887525,
    "130": 0.9437636951193187,