{
  "id": "823",
  "name": "Corviknight",
  "format_id": "showdown_gen9legendszaou-1760",
  "usage_metrics": {
    "raw": 41609,
    "base_weight": 255.6193418216715,
    "percent": 14.949412931319431
  },
  "roles": [
    {
      "role": "role_pivot",
      "label": "Pivot",
      "category": "DEF"
    },
    {
      "role": "role_wall_physical",
      "label": "Physical Wall",
      "category": "DEF"
    },
    {
      "role": "role_disruptor",
      "label": "Disruptor",
      "category": "SUP"
    }
  ],
  "items": {
    "rocky-helmet": 210.91098422141906,
    "leftovers": 32.762935288696426,
    "heavy-duty-boots": 3.848820146538571,
    "covert-cloak": 0.019850232236956977,
    "weakness-policy": 0.0036931859187502303,
    "air-balloon": 0,
    "lum-berry": 1.9553191288324e-9,
    "choice-band": 0.0004819716515561123,
    "wacan-berry": 0,
    "nothing": 0.8442975202889238,
    "sitrus-berry": 0.030567114516658334,
    "muscle-band": 3.243516566442395e-13,
    "psychic-seed": 0.03660674169381345,
    "focus-sash": 0,
    "eject-button": 1.709742819544502e-8,
    "heat-rock": 0.00003947857886388295,
    "assault-vest": 0.0006430474579050549,
    "sharp-beak": 0.000042044074065328285,
    "razor-claw": 0.000005894883137846918,
    "chesto-berry": 0.0011055891347484526,
    "life-orb": 0.0007691878642415717,
    "room-service": 4.372613382486179e-13,
    "red-card": 0.000017446244717722603,
    "maranga-berry": 7.1553006514578295,
    "aguav-berry": 0.00005822173805858366,
    "damp-rock": 0.002777788195040043,
    "figy-berry": 5.277734638209353e-9,
    "power-herb": 0.00003296130274443865,
    "mirror-herb": 0.0000012309555648681858,
    "black-glasses": 0,
    "occa-berry": 0,
    "choice-scarf": 5.551115123125783e-17,
    "mental-herb": 5.812281045347589e-9,
    "ability-shield": 0.00003835053773326713,
    "expert-belt": 4.1511238890734603e-13,
    "metal-coat": 0,
    "black-belt": 2.4424906541753444e-15,
    "grassy-seed": 0.0002700121560669788,
    "loaded-dice": 0,
    "iapapa-berry": 0.000003463985509100098
  },
  "abilities": {
    "mirror-armor": 15.723344733189066,
    "pressure": 239.61195892056102,
    "unnerve": 0.28403816792141023
  },
  "moves": {
    "body-press": 103.14635889369119,
    "iron-defense": 61.86024704379066,
    "defog": 199.43664520689936,
    "roost": 254.90246600957047,
    "u-turn": 192.72517556417193,
    "brave-bird": 173.57677152014836,
    "iron-head": 4.5949555024262265,
    "bulk-up": 11.39301618827267,
    "agility": 7.6881072560119135,
    "power-trip": 9.782672833414198,
    "tailwind": 0.5521968312831866,
    "curse": 0.0005863984989605275,
    "flash-cannon": 0.095007715650052,
    "drill-peck": 0.1493037888562126,
    "substitute": 0.1606660977202955,
    "spite": 0.00022722396181651394,
    "rain-dance": 0.002777789933141206,
    "taunt": 1.5048444959499685,
    "dual-wingbeat": 0.0019041531098581421,
    "heavy-slam": 0.0007582147699864428,
    "protect": 0.26445515536803227,
    "feather-dance": 0.0027815673911713024,
    "air-slash": 0.09551219665448551,
    "air-cutter": 0,
    "aerial-ace": 4.140127130014548e-11,
    "hone-claws": 0.000009564945482265497,
    "reflect": 0.10186087100324809,
    "steel-wing": 0.0007036782375188788,
    "assurance": 0.0000029260931299623927,
    "light-screen": 0.0029436421501398136,
    "payback": 0.17457157102815685,
    "hurricane": 0.09477277580975013,
    "nasty-plot": 0.09473867378172068,
    "sunny-day": 0.00003948088993360743,
    "reversal": 0.00008002143268920348,
    "fly": 0.0004971216867907802,
    "screech": 0.00004563675256108457,
    "giga-impact": 0.000006074293317059887,
    "fake-tears": 0,
    "double-edge": 0.0000776747668143063,
    "rest": 0.00383215006916382,
    "body-slam": 0.021657299370808347,
    "sleep-talk": 0.0003975708828254376,
    "steel-beam": 0.00001141952232336374,
    "attract": 0.04277524601999938,
    "": 4.143989762450673e-9,
    "swagger": 0,
    "magnet-bomb": 0,
    "sky-attack": 0.0006109097067996672,
    "tera-blast": 0,
    "facade": 0.0002953265094766677,
    "metal-claw": 0,
    "pluck": 4.030109579389318e-14
  },
  "teras": {
    "nothing": 255.61934182166954
  },
  "spreads": [
    {
      "nature": "relaxed",
      "usage": "22.9",
      "evs": {
        "hp": 252,
        "atk": 0,
        "def": 216,
        "spa": 0,
        "spd": 40,
        "spe": 0
      }
    },
    {
      "nature": "impish",
      "usage": "13.4",
      "evs": {
        "hp": 248,
        "atk": 8,
        "def": 252,
        "spa": 0,
        "spd": 0,
        "spe": 0
      }
    },
    {
      "nature": "relaxed",
      "usage": "10.4",
      "evs": {
        "hp": 252,
        "atk": 0,
        "def": 252,
        "spa": 0,
        "spd": 4,
        "spe": 0
      }
    },
    {
      "nature": "impish",
      "usage": "9.3",
      "evs": {
        "hp": 248,
        "atk": 0,
        "def": 252,
        "spa": 0,
        "spd": 8,
        "spe": 0
      }
    },
    {
      "nature": "impish",
      "usage": "8.5",
      "evs": {
        "hp": 252,
        "atk": 0,
        "def": 252,
        "spa": 0,
        "spd": 4,
        "spe": 0
      }
    },
    {
      "nature": "careful",
      "usage": "6.3",
      "evs": {
        "hp": 252,
        "atk": 0,
        "def": 252,
        "spa": 0,
        "spd": 4,
        "spe": 0
      }
    },
    {
      "nature": "relaxed",
      "usage": "3.7",
      "evs": {
        "hp": 248,
        "atk": 0,
        "def": 252,
        "spa": 0,
        "spd": 8,
        "spe": 0
      }
    },
    {
      "nature": "careful",
      "usage": "3.6",
      "evs": {
        "hp": 248,
        "atk": 8,
        "def": 0,
        "spa": 0,
        "spd": 252,
        "spe": 0
      }
    },
    {
      "nature": "careful",
      "usage": "2.4",
      "evs": {
        "hp": 252,
        "atk": 0,
        "def": 4,
        "spa": 0,
        "spd": 252,
        "spe": 0
      }
    },
    {
      "nature": "careful",
      "usage": "2.3",
      "evs": {
        "hp": 248,
        "atk": 0,
        "def": 8,
        "spa": 0,
        "spd": 252,
        "spe": 0
      }
    }
  ],
  "teammates": {
    "3": 0.02072132011450628,
    "6": 0.000006099808148973818,
    "9": 0.032372350317816545,
    "15": 9.494405261989414e-12,
    "18": 3.263069814352093e-10,
    "24": 0.07964645624990163,
    "25": 0.21152445837140688,
    "26": 0.00001593209458705669,
    "35": 0,
    "36": 37.23992638855908,
    "40": 0.0046686649599053665,
    "53": 9.968080053046613e-7,
    "57": 0.0002545220879160981,
    "65": 0.03417827078979285,
    "68": 0.015556161460722862,
    "71": 6.808456687323883e-9,
    "80": 13.997642704411401,
    "94": 0.13045654883730745,
    "105": 1.2889689315898067e-13,
    "115": 0,
    "121": 0.2783644524350422,
    "122": 9.10131831011185e-9,
    "123": 0.00009316955832788798,
    "127": 0,
    "130": 3.592226997149719,
    "132": 0,
    "133": 5.7292726118873816e-11,
    "134": 6.02813552779772,
    "135": 0.01168126989136542,
    "142": 0.00009232934762676281,
    "149": 10.073230757409382,
    "154": 0.0016761759115301866,
    "160": 0.012898144322145144,
    "167": 0.15038913561253126,
    "168": 0.0021078683735811787,
    "169": 0.0011232471455837056,
    "181": 6.017223941334748e-10,
    "196": 0.19901464188725532,
    "197": 13.525586851740712,
    "199": 14.599004211694247,
    "208": 0.04253922801771948,
    "211": 0.0038955790453225614,
    "212": 9.133080055427348,
    "214": 4.440892098500626e-16,
    "225": 7.937263118984461e-8,
    "227": 0.0014605591968295806,
    "229": 0,
    "233": 1.004961447184255,
    "248": 30.88112832059452,
    "254": 0.056011527561794006,
    "257": 18.174476601079576,
    "259": 0.00020324693179862852,
    "260": 1.7758946429906608,
    "282": 0.24328446882020233,
    "302": 0.8439263317911294,
    "304": 2.7977620220553945e-14,
    "306": 0.0014453456516185237,
    "308": 0.00009632355404753934,
    "310": 1.0965561791920209e-11,