{
  "id": "10065",
  "name": "Sceptile mega",
  "format_id": "showdown_gen9nationaldexdoubles-1630",
  "usage_metrics": {
    "raw": 4723,
    "base_weight": 443.4529341447594,
    "percent": 2.2667933728810303
  },
  "roles": [
    {
      "role": "role_sweeper_special",
      "label": "Special Sweeper",
      "category": "OFF"
    }
  ],
  "items": {
    "sceptilite": 443.4529341447594
  },
  "abilities": {
    "lightning-rod": 443.4529341447594
  },
  "moves": {
    "dragon-pulse": 438.4113219847739,
    "giga-drain": 108.66063703706594,
    "hidden-power-electric": 2.730112200901362,
    "protect": 288.1800407370022,
    "focus-blast": 265.5703751046876,
    "leaf-storm": 307.13284744844026,
    "energy-ball": 84.92402439817296,
    "helping-hand": 4.283658688935677,
    "quick-guard": 0.0008604545362838611,
    "dragon-dance": 1.3987255695574585,
    "leech-seed": 0.18169773306156728,
    "vacuum-wave": 46.67246464047308,
    "hidden-power-fire": 23.02774418105407,
    "shed-tail": 23.250537086712118,
    "detect": 79.88240006234892,
    "solar-beam": 3.832583215133501,
    "trailblaze": 1.9429748703572502,
    "nature-power": 22.525251062755032,
    "dragon-cheer": 0.6451985397154352,
    "worry-seed": 0.27794719969430354,
    "toxic": 0.47300743646352866,
    "thunder-punch": 0.38117078983599517,
    "earthquake": 0.7310140523924148,
    "grass-knot": 0.0050856426133833454,
    "synthesis": 0.14946159132750325,
    "hidden-power-water": 0.7103218883058007,
    "hidden-power-ice": 29.13205618375121,
    "dragon-tail": 0.10526917229225896,
    "substitute": 6.8990233950776965,
    "dragon-breath": 4.8489129211848336e-8,
    "work-up": 0.05274972032057168,
    "hidden-power-fighting": 0.9525874803851302,
    "mud-slap": 0,
    "safeguard": 3.9997823564531987,
    "quick-attack": 0.004700796676454899,
    "leaf-blade": 3.7098993006308367,
    "outrage": 2.0275145954996194,
    "rock-slide": 3.9634680714821005,
    "drain-punch": 2.008493695051051,
    "grass-pledge": 5.583461013309293,
    "low-kick": 0.9380816975187973,
    "swords-dance": 0.2871024326236427,
    "breaking-swipe": 0.09640426306231142,
    "x-scissor": 0.09640426306231142,
    "sunny-day": 0.0037489946501798044,
    "agility": 1.2496067131273307,
    "dragon-claw": 0.2232707252306833,
    "brick-break": 0.00950367504911842,
    "hidden-power-steel": 0.2163165102846934,
    "counter": 0,
    "iron-tail": 0.00022790110662690433,
    "hyper-beam": 0,
    "frenzy-plant": 0.21438705166040878,
    "hidden-power-rock": 0.04452551185679271,
    "solar-blade": 0.0000010139422945698584,
    "tera-blast": 1.0527504367597438,
    "hidden-power-poison": 0.0020878053639685756,
    "crunch": 0.0018709466180111822,
    "hidden-power-dark": 2.1068735645002334e-10,
    "roar": 1.1455121909465154,
    "endeavor": 0.0027142166640021226,
    "grassy-glide": 1.0504120680229017,
    "hidden-power-ground": 2.742903188970275,
    "scale-shot": 0.000003236716227261738,
    "grassy-terrain": 0.0036858185464811455,
    "mimic": 0.0000026654327068831307,
    "hidden-power-flying": 0,
    "bullet-seed": 0.0000022838092076926664,
    "mega-drain": 4.720352954068474e-7,
    "seismic-toss": 2.3945581711926067e-7,
    "acrobatics": 0,
    "razor-wind": 0.000009119297339987842,
    "endure": 0.00000753951631682348,
    "dual-chop": 0.009716217866342525,
    "body-slam": 0.00000606206795511488,
    "power-up-punch": 0.0000018718280230256568
  },
  "teras": {
    "nothing": 443.4529341447594
  },
  "spreads": [
    {
      "nature": "timid",
      "usage": "76.8",
      "evs": {
        "hp": 0,
        "atk": 0,
        "def": 0,
        "spa": 252,
        "spd": 4,
        "spe": 252
      }
    },
    {
      "nature": "timid",
      "usage": "7.9",
      "evs": {
        "hp": 4,
        "atk": 0,
        "def": 0,
        "spa": 252,
        "spd": 0,
        "spe": 252
      }
    },
    {
      "nature": "modest",
      "usage": "5.7",
      "evs": {
        "hp": 4,
        "atk": 0,
        "def": 0,
        "spa": 252,
        "spd": 0,
        "spe": 252
      }
    },
    {
      "nature": "hasty",
      "usage": "1.7",
      "evs": {
        "hp": 0,
        "atk": 4,
        "def": 0,
        "spa": 252,
        "spd": 0,
        "spe": 252
      }
    },
    {
      "nature": "modest",
      "usage": "1.4",
      "evs": {
        "hp": 0,
        "atk": 0,
        "def": 0,
        "spa": 252,
        "spd": 4,
        "spe": 252
      }
    },
    {
      "nature": "timid",
      "usage": "0.8",
      "evs": {
        "hp": 0,
        "atk": 0,
        "def": 4,
        "spa": 252,
        "spd": 0,
        "spe": 252
      }
    },
    {
      "nature": "timid",
      "usage": "0.6",
      "evs": {
        "hp": 80,
        "atk": 0,
        "def": 0,
        "spa": 252,
        "spd": 0,
        "spe": 176
      }
    },
    {
      "nature": "modest",
      "usage": "0.6",
      "evs": {
        "hp": 64,
        "atk": 0,
        "def": 108,
        "spa": 252,
        "spd": 60,
        "spe": 24
      }
    },
    {
      "nature": "timid",
      "usage": "0.6",
      "evs": {
        "hp": 128,
        "atk": 0,
        "def": 0,
        "spa": 252,
        "spd": 0,
        "spe": 128
      }
    },
    {
      "nature": "timid",
      "usage": "0.5",
      "evs": {
        "hp": 72,
        "atk": 0,
        "def": 4,
        "spa": 252,
        "spd": 0,
        "spe": 180
      }
    }
  ],
  "teammates": {
    "3": 0.09689020445939506,
    "6": 0.32886112584990856,
    "9": 0.6938674833763986,
    "12": 0,
    "25": 1.2349283213431441,
    "26": 1.6474169592296075,
    "27": 9.525877003868644e-8,
    "34": 15.133684897126898,
    "35": 0.7252038358701169,
    "36": 0.7314181366892849,
    "38": 0.6669995331265928,
    "44": 0.00029417663331732236,
    "51": 0.0004535328078447143,
    "57": 0.23581425273429635,
    "59": 0.07836294650689773,
    "61": 0.009460420188469487,
    "62": 0.031738068266813135,
    "63": 0.000012026073453630381,
    "73": 0.00018285592862338218,
    "80": 0.00018864331722334704,
    "91": 0.00018285199725315282,
    "94": 1.1523112083093898,
    "101": 0.0009967642002967625,
    "103": 0.0000033410766248631596,
    "105": 0.0308378620149386,
    "106": 0.0000032803512109991217,
    "110": 0.04430690973305884,
    "113": 0.026300066775612918,
    "119": 0.7570014057304298,
    "121": 1.0798583612314636,
    "122": 0.04938638319622379,
    "123": 0,
    "125": 0.6220148067865033,
    "126": 0.13170053317617036,
    "130": 18.168534577208998,
    "131": 2.6064466918107598e-8,
    "132": 0,
    "134": 0.00000417450410411524,
    "135": 1.2028617963993875,
    "141": 0.3270371770313747,
    "142": 0,
    "143": 0.1998808697736389,
    "144": 0.00042524497631374336,
    "145": 4.684125076445213,
    "146": 3.034864227032238,
    "149": 2.651730205293504,
    "151": 0.16990148612736833,
    "157": 0.5269066886568705,
    "160": 0.000033855061768783834,
    "166": 0.48418275810836753,
    "169": 0.0002777445788936239,
    "171": 1.3968803445491516,
    "176": 0.8993310430878293,
    "181": 1.5124375527730847,
    "183": 0,
    "184": 0.018710565100046983,
    "185": 0.04938638319622379,
    "186": 0.19182631065535627,
    "189": 0.008595931879675278,
    "190": 0.33484661202914984,
    "195": 0.035348339517221605,
    "196": 0.07836294650689773,
    "197": 4.539880778961282,
    "198": 4.104737384930551,
    "199": 2.4205501086838055e-7,
    "200": 0.0031321789195594696,
    "208": 0.08979410720120062,
    "212": 3.4829283444963144,
    "213": 0.4621187083299586,
    "214": 0,
    "226": 0.04938638319622379,
    "230": 0.11082540972697225,
    "232": 1.5124361121424288,
    "233": 17.274799372428983,
    "235": 0.016723347883901563,
    "237": 0.00007539965089753409,
    "243": 6.138901820778649,
    "245": 7.217408332094166e-8,
    "248": 36.582271744252324,
    "257": 3.1602147642281437,
    "260": 0.1098487479684902,
    "262": 9.525877003868644e-8,