{
  "id": "10237",
  "name": "Lilligant hisuian",
  "format_id": "showdown_gen9ou-1825",
  "usage_metrics": {
    "raw": 23847,
    "base_weight": 21.42457374082482,
    "percent": 1.1528599357604612
  },
  "roles": [
    {
      "role": "role_sweeper_physical",
      "label": "Physical Sweeper",
      "category": "OFF"
    },
    {
      "role": "role_setup",
      "label": "Setup Sweeper",
      "category": "OFF"
    }
  ],
  "items": {
    "heavy-duty-boots": 0.5870368332283294,
    "life-orb": 11.654052012511775,
    "choice-band": 0.08334363841724668,
    "blunder-policy": 0.00019458902772112596,
    "wide-lens": 0.5804838637287659,
    "expert-belt": 0.3224221776344823,
    "focus-sash": 0.5144697177915797,
    "grassy-seed": 0.000012956995708690577,
    "black-belt": 0.0000851071748329546,
    "lum-berry": 0.005522964645211292,
    "clear-amulet": 0.07107369445389433,
    "zoom-lens": 0.000006215107064611036,
    "big-root": 0.000007850380820795255,
    "assault-vest": 0.00000919283013350869,
    "choice-scarf": 0.00002161202918909977,
    "leftovers": 0.219343378654977,
    "loaded-dice": 7.34706665653678,
    "eject-pack": 0.0018946980712647998,
    "weakness-policy": 1.824690776253135e-8,
    "covert-cloak": 0.001555408701155503,
    "muscle-band": 0.003642556278749376,
    "power-herb": 6.4663608356774205e-9,
    "protective-pads": 0.010985703530974555,
    "rocky-helmet": 0.00005092686440183458,
    "focus-band": 0,
    "mirror-herb": 0.0000011757854990190886,
    "razor-claw": 0.0014706971993518336,
    "liechi-berry": 9.056203009727426e-10,
    "meadow-plate": 7.509987076659286e-11,
    "nothing": 0.011325126010731601,
    "metronome": 0,
    "white-herb": 0.005934443375447573,
    "shell-bell": 1.226190639025404e-7,
    "roseli-berry": 0,
    "kebia-berry": 0,
    "sitrus-berry": 0.00003902071426958864,
    "air-balloon": 0,
    "mental-herb": 3.8277662189889483e-7,
    "miracle-seed": 2.5892732402610363e-11,
    "scope-lens": 2.1920021353594166e-11,
    "salac-berry": 1.1058191223822789e-7,
    "coba-berry": 0,
    "heat-rock": 1.3295369916122013e-8,
    "ability-shield": 0,
    "aguav-berry": 0.0001140437332188271,
    "quick-claw": 0.0013318302646363467,
    "psychic-seed": 0,
    "micle-berry": 4.440892098500626e-16,
    "mago-berry": 0.0010398143965843487,
    "safety-goggles": 0,
    "choice-specs": 0,
    "iapapa-berry": 0.000034297647617143046,
    "red-card": 8.820877531179327e-7
  },
  "abilities": {
    "chlorophyll": 20.700187040145522,
    "hustle": 0.7069486029676106,
    "leaf-guard": 0.017438097711686362
  },
  "moves": {
    "victory-dance": 9.297590730137443,
    "axe-kick": 0.15091830429540148,
    "stun-spore": 0.0029242345802932834,
    "leaf-blade": 0.9536921955898133,
    "close-combat": 20.056077898522872,
    "solar-blade": 12.536225005128646,
    "triple-axel": 16.95058260033738,
    "tera-blast": 4.332369448311226,
    "ice-spinner": 2.7208268157564235,
    "poison-jab": 0.20678477873676704,
    "petal-blizzard": 0.3842183936522758,
    "acrobatics": 0.040838225486764745,
    "swords-dance": 7.406491037182423,
    "low-kick": 0.003060204988165116,
    "giga-drain": 0.00009857874807800426,
    "leech-seed": 0.0004208076593976151,
    "substitute": 0.1558722502493154,
    "protect": 0.00042106081121229266,
    "defog": 0.23122494568263097,
    "trailblaze": 0.00002806308155528514,
    "vacuum-wave": 0.00003906007665199773,
    "upper-hand": 0.005862821879324132,
    "bullet-seed": 7.345412696774316,
    "healing-wish": 1.4092817238101953,
    "sunny-day": 0.0651212584976611,
    "brick-break": 0.008470321120334245,
    "seed-bomb": 0.00014477923466571507,
    "giga-impact": 3.4417446670431673e-9,
    "synthesis": 0.024079862601760593,
    "encore": 1.2854818105324708,
    "grassy-glide": 0.0024975350932874285,
    "metronome": 0.000029839622153027268,
    "": 0.0000947280889614377,
    "aerial-ace": 0.0001542654969343138,
    "mega-kick": 1.828154870819887e-7,
    "worry-seed": 0,
    "growth": 0.11931112936371452,
    "weather-ball": 0.0003984973156315186,
    "sweet-scent": 0.0000016534042655003134,
    "leaf-storm": 0.00008597615838873418,
    "hurricane": 3.82776476237634e-7,
    "energy-ball": 0.00006309019948086414,
    "air-slash": 0.0007888144082461301,
    "after-you": 0.0002263215604593194,
    "endure": 1.4830636718698997e-11,
    "solar-beam": 6.643241456938398e-9,
    "low-sweep": 0.000026452515314301372,
    "charm": 0,
    "facade": 0.00005613795657499754,
    "rest": 5.051592477656186e-11,
    "grass-knot": 0,
    "coaching": 3.290838634928406e-8,
    "helping-hand": 0,
    "teeter-dance": 0
  },
  "teras": {
    "fighting": 1.5976554030664685,
    "fire": 3.0269385514185,
    "grass": 0.9739382735320878,
    "poison": 0.005457943426445122,
    "ghost": 10.747347510837495,
    "ice": 4.307525378808779,
    "flying": 0.05240818934199637,
    "ground": 0.04069988746294678,
    "dark": 0.0002436638562723914,
    "rock": 0.17702411145183328,
    "electric": 0.1449149403110836,
    "steel": 0.32548777677024954,
    "dragon": 0.000005724239558191346,
    "stellar": 0.0009819737783818283,
    "water": 0.013261405442290208,
    "fairy": 0.009445306474497372,
    "psychic": 1.694472340219022e-11,
    "bug": 0.0012377005891147097,
    "normal": 0
  },
  "spreads": [
    {
      "nature": "adamant",
      "usage": "37.2",
      "evs": {
        "hp": 0,
        "atk": 252,
        "def": 4,
        "spa": 0,
        "spd": 0,
        "spe": 252
      }
    },
    {
      "nature": "adamant",
      "usage": "24.8",
      "evs": {
        "hp": 0,
        "atk": 252,
        "def": 0,
        "spa": 0,
        "spd": 4,
        "spe": 252
      }
    },
    {
      "nature": "adamant",
      "usage": "18.0",
      "evs": {
        "hp": 136,
        "atk": 252,
        "def": 0,
        "spa": 0,
        "spd": 0,
        "spe": 120
      }
    },
    {
      "nature": "adamant",
      "usage": "7.1",
      "evs": {
        "hp": 4,
        "atk": 252,
        "def": 0,
        "spa": 0,
        "spd": 0,
        "spe": 252
      }
    },
    {
      "nature": "lonely",
      "usage": "5.3",
      "evs": {
        "hp": 0,
        "atk": 252,
        "def": 0,
        "spa": 4,
        "spd": 0,
        "spe": 252
      }
    },
    {
      "nature": "jolly",
      "usage": "3.1",
      "evs": {
        "hp": 0,
        "atk": 252,
        "def": 0,
        "spa": 0,
        "spd": 4,
        "spe": 252
      }
    },
    {
      "nature": "jolly",
      "usage": "0.9",
      "evs": {
        "hp": 0,
        "atk": 252,
        "def": 4,
        "spa": 0,
        "spd": 0,
        "spe": 252
      }
    },
    {
      "nature": "adamant",
      "usage": "0.6",
      "evs": {
        "hp": 0,
        "atk": 252,
        "def": 0,
        "spa": 0,
        "spd": 0,
        "spe": 252
      }
    },
    {
      "nature": "jolly",
      "usage": "0.5",
      "evs": {
        "hp": 252,
        "atk": 0,
        "def": 60,
        "spa": 0,
        "spd": 72,
        "spe": 124
      }
    },
    {
      "nature": "adamant",
      "usage": "0.4",
      "evs": {
        "hp": 32,
        "atk": 252,
        "def": 0,
        "spa": 0,
        "spd": 0,
        "spe": 224
      }
    }
  ],
  "teammates": {
    "3": 0.2660277187281842,
    "6": 0.400738802396841,
    "9": 0.000003071541022747759,
    "24": 0,
    "25": 0,
    "26": 8.021361352916756e-14,
    "27": 1.1102230246251565e-16,
    "35": 0,
    "36": 0.05091005454884201,
    "37": 0.000007567640300520928,
    "38": 8.291548784669938,
    "40": 0.0000019767737954312636,
    "44": 4.440892098500626e-16,
    "45": 0.6675844776566318,
    "49": 1.2403356119961018e-11,
    "51": 0,
    "52": 5.3281101752844506e-11,
    "53": 1.0537934413967776e-9,
    "55": 1.017519402068956e-13,
    "57": 0,
    "59": 0.0011952028465673226,
    "61": 1.4978402906873356e-7,
    "62": 5.594403065245501e-7,
    "71": 4.028485878215804e-9,
    "73": 1.2283618566755194e-11,