{
  "id": "847",
  "name": "Barraskewda",
  "format_id": "showdown_gen9ou-1825",
  "usage_metrics": {
    "raw": 59487,
    "base_weight": 187.34491915175659,
    "percent": 2.875840944294148
  },
  "roles": [
    {
      "role": "role_sweeper_physical",
      "label": "Physical Sweeper",
      "category": "OFF"
    }
  ],
  "items": {
    "choice-band": 109.73839021032327,
    "life-orb": 2.0119804930830325,
    "expert-belt": 0.017782711560509146,
    "mystic-water": 75.45396971183321,
    "heavy-duty-boots": 0.11206256658542046,
    "assault-vest": 0.00029649405235765425,
    "salac-berry": 0,
    "focus-sash": 0.005313107414935292,
    "muscle-band": 0.00018529311965237438,
    "scope-lens": 0.00034456426114887195,
    "splash-plate": 0.0011451197990159923,
    "choice-scarf": 0.00004639697751307459,
    "nothing": 0.00015021151141370037,
    "leftovers": 0.0012101256776358982,
    "ability-shield": 1.465841337200402e-10,
    "choice-specs": 0,
    "metronome": 5.443423489737143e-13,
    "damp-rock": 2.1861623622498882e-10,
    "black-belt": 0.001648582520133668,
    "rocky-helmet": 1.87733439904747e-10,
    "loaded-dice": 3.4425578721020145e-8,
    "protective-pads": 0.0002112005098937053,
    "wide-lens": 8.326672684688674e-16,
    "fist-plate": 0,
    "razor-claw": 0.00018232755023317448,
    "mental-herb": 0,
    "air-balloon": 1.432187701766452e-13,
    "wacan-berry": 1.0547118733938987e-15,
    "aguav-berry": 0
  },
  "abilities": {
    "swift-swim": 187.29356413408533,
    "propeller-tail": 0.05135501767126166
  },
  "moves": {
    "liquidation": 186.7886214351425,
    "flip-turn": 186.6165309864815,
    "aqua-jet": 113.03213476182202,
    "close-combat": 179.30926515691567,
    "psychic-fangs": 2.9744386287936875,
    "brick-break": 0.010392972749870999,
    "throat-chop": 0.3648298682470791,
    "poison-jab": 76.71965952746629,
    "waterfall": 0.4250175289825818,
    "crunch": 1.108121120561842,
    "drill-run": 0.07294263748870145,
    "ice-fang": 1.0189090081481524,
    "slash": 0,
    "tera-blast": 0.895271225954226,
    "substitute": 0.001827940939331918,
    "protect": 0.00006308450311948155,
    "scale-shot": 0.00003357954474053626,
    "night-slash": 0.0045734889386128685,
    "": 0.00001009045888811233,
    "focus-energy": 0.0005267958147306961,
    "blizzard": 0.0013393254239889574,
    "double-edge": 0.02375776302529925,
    "fury-attack": 5.422168003477168e-8,
    "peck": 5.422168003477168e-8,
    "rain-dance": 0.0013050614618345113,
    "facade": 0.0023197406073989235,
    "ice-beam": 0.00002791378555211388,
    "dive": 1.4322154573420676e-11,
    "thrash": 0.000009733787499410784,
    "whirlpool": 0,
    "agility": 0.0000092526287756578,
    "sleep-talk": 0,
    "rest": 0,
    "hydro-pump": 0.007574123963914381,
    "bite": 0.00011736074343787761,
    "endure": 0,
    "giga-impact": 2.3276956279127958e-7,
    "chilling-water": 0.000021954284624869924,
    "surf": 0.000024197137471482222
  },
  "teras": {
    "grass": 0.01370507675192939,
    "water": 117.52085008257734,
    "ground": 0.04373482978251303,
    "ghost": 19.0281237909073,
    "fighting": 0.6671879826237138,
    "poison": 48.98485224292581,
    "dragon": 0.00023200961701891343,
    "steel": 0.17851481863295493,
    "fairy": 0.12167925995076756,
    "electric": 0.00007188987574935357,
    "psychic": 0.0011268345237215316,
    "normal": 0.0020685253752366073,
    "dark": 0.009521076549547647,
    "ice": 0.00037127248239837707,
    "flying": 0.7712262417278917,
    "stellar": 4.107883045390004e-7,
    "bug": 1.051327902512611e-8,
    "fire": 0.0016527961100563648,
    "rock": 4.287137311820288e-11
  },
  "spreads": [
    {
      "nature": "adamant",
      "usage": "54.4",
      "evs": {
        "hp": 0,
        "atk": 252,
        "def": 0,
        "spa": 0,
        "spd": 4,
        "spe": 252
      }
    },
    {
      "nature": "adamant",
      "usage": "27.3",
      "evs": {
        "hp": 4,
        "atk": 252,
        "def": 0,
        "spa": 0,
        "spd": 0,
        "spe": 252
      }
    },
    {
      "nature": "adamant",
      "usage": "17.1",
      "evs": {
        "hp": 0,
        "atk": 252,
        "def": 4,
        "spa": 0,
        "spd": 0,
        "spe": 252
      }
    },
    {
      "nature": "jolly",
      "usage": "0.4",
      "evs": {
        "hp": 0,
        "atk": 252,
        "def": 0,
        "spa": 0,
        "spd": 4,
        "spe": 252
      }
    },
    {
      "nature": "adamant",
      "usage": "0.3",
      "evs": {
        "hp": 0,
        "atk": 252,
        "def": 0,
        "spa": 0,
        "spd": 0,
        "spe": 252
      }
    },
    {
      "nature": "adamant",
      "usage": "0.2",
      "evs": {
        "hp": 0,
        "atk": 252,
        "def": 84,
        "spa": 0,
        "spd": 0,
        "spe": 172
      }
    },
    {
      "nature": "adamant",
      "usage": "0.1",
      "evs": {
        "hp": 80,
        "atk": 252,
        "def": 4,
        "spa": 0,
        "spd": 0,
        "spe": 172
      }
    },
    {
      "nature": "adamant",
      "usage": "0.0",
      "evs": {
        "hp": 224,
        "atk": 252,
        "def": 0,
        "spa": 0,
        "spd": 0,
        "spe": 32
      }
    },
    {
      "nature": "jolly",
      "usage": "0.0",
      "evs": {
        "hp": 4,
        "atk": 252,
        "def": 0,
        "spa": 0,
        "spd": 0,
        "spe": 252
      }
    },
    {
      "nature": "adamant",
      "usage": "0.0",
      "evs": {
        "hp": 208,
        "atk": 252,
        "def": 0,
        "spa": 0,
        "spd": 0,
        "spe": 48
      }
    }
  ],
  "teammates": {
    "3": 1.878605937477573e-9,
    "6": 0.00003383172971155313,
    "8": 0.00005248769282129029,
    "9": 0.04369350516708409,
    "24": 0,
    "25": 0.00010794798763119617,
    "26": 2.3285514683113462e-8,
    "35": 2.5036583917170674e-11,
    "36": 0.02670056489948197,
    "38": 3.8927507711727927e-7,
    "45": 7.094880238867063e-13,
    "51": 0.00012802145716306335,
    "54": 0.0000021653112475261693,
    "55": 51.4788731604634,
    "57": 0,
    "59": 0.002135828731760603,
    "62": 0.1264740168802299,
    "70": 0,
    "73": 49.11122270202212,
    "80": 6.088141490945276e-9,
    "82": 0,
    "85": 0,
    "87": 0.0003108366496302195,
    "91": 0.00010841700772579177,
    "92": 1.14303011500283e-12,
    "93": 1.14303011500283e-12,
    "94": 0.000010901606064039893,
    "97": 0,
    "101": 8.820600606584961e-7,
    "106": 0.008507619199963679,
    "107": 0,
    "110": 0,
    "113": 0.0010130238708966344,
    "123": 6.052000528500301e-7,
    "128": 0,
    "129": 1.7708057242771247e-14,
    "130": 0.0015722870906244024,
    "131": 0.00020408903734681072,
    "132": 0.0016241364063389607,
    "134": 0.0000036012624632930645,
    "135": 0.1714573887120015,
    "143": 0.00024802455696870673,
    "144": 0.0071659177775447724,
    "145": 18.509843601683027,
    "146": 0.8942396435257743,
    "148": 4.6136500175819606e-10,
    "149": 5.941725666727582,
    "151": 0.00004238438057457827,
    "156": 0,
    "157": 7.450033924771837e-7,
    "160": 0.00017581203923544564,
    "162": 0,
    "164": 0.0020378420311465972,
    "168": 0,
    "170": 0,
    "171": 0.0025604280225489107,
    "181": 1.051327902512611e-8,
    "184": 1.026965531356184,
    "186": 0.607419487693531,
    "195": 0.0006076115348409572,
    "196": 0.3319536680279661,
    "197": 0.09733500054719618,
    "198": 0.000017068525738350715,
    "199": 0.00014060246247427077,
    "205": 1.919296544837924,
    "207": 0,
    "211": 0.004669417988214575,
    "212": 5.886758273071928,
    "214": 0.000014868179911364798,
    "217": 0,
    "219": 0.026164506845514135,
    "225": 0,
    "227": 0.000039171105361168745,
    "229": 0,
    "230": 18.29719755963546,
    "232": 0.00213362832811681,
    "233": 7.014803349303378e-9,
    "235": 0,
    "237": 0.0000018515656639017664,
    "242": 0.0015192811881183932,
    "243": 0.0014450754402751675,