{
  "id": "233",
  "name": "Porygon2",
  "format_id": "showdown_gen9pu-1500",
  "usage_metrics": {
    "raw": 2493,
    "base_weight": 1585.8035690501051,
    "percent": 6.663993584603048
  },
  "items": {
    "eviolite": 1545.3135667008669,
    "flame-orb": 21.06029753759637,
    "leftovers": 0.8708571307456092,
    "mental-herb": 0.5141456686235959,
    "choice-specs": 6.778041099675063,
    "life-orb": 0.06358326697020572,
    "expert-belt": 11.20307764562742
  },
  "abilities": {
    "analytic": 386.99012865690594,
    "download": 1032.540599921793,
    "trace": 166.2728404714063
  },
  "moves": {
    "tera-blast": 422.69784054150114,
    "ice-beam": 832.8863230478607,
    "charge-beam": 199.7469526604951,
    "recover": 1525.5392110672249,
    "rest": 6.840287166783325,
    "sleep-talk": 6.840287166783325,
    "shadow-ball": 678.4570657887889,
    "trick-room": 578.3718397032015,
    "agility": 47.04684965313003,
    "facade": 21.06029753759637,
    "psyshock": 22.108997753199283,
    "thunderbolt": 364.9727519581688,
    "tri-attack": 1040.4567584833808,
    "discharge": 69.29802383628333,
    "thunder-wave": 306.6696937663998,
    "psychic": 20.837586545825815,
    "foul-play": 103.41503366975556,
    "substitute": 14.336049548983954,
    "trick": 0.5141456686235959,
    "hyper-beam": 25.518213600766263,
    "eerie-impulse": 6.826232354057653,
    "zap-cannon": 0.024322932218367732,
    "lock-on": 0.024322556950649443,
    "electroweb": 0.975246942991794,
    "conversion": 0.7633096671271717,
    "icy-wind": 1.1166442000007901,
    "blizzard": 13.187237163344546,
    "gravity": 2.004603978849394,
    "protect": 7.6421421613451095,
    "double-edge": 20.28197954721933,
    "": 1.9058829725225825,
    "take-down": 0.8481425590436202
  },
  "teras": {
    "fairy": 198.34839359165022,
    "grass": 2.7105974169614564,
    "water": 47.53573807430065,
    "flying": 37.58346073376656,
    "ghost": 838.6658851779945,
    "fighting": 71.4169255786845,
    "normal": 153.61981620593446,
    "poison": 136.54268184594528,
    "ground": 43.14643669268846,
    "stellar": 0.6096439255767068,
    "fire": 1.0668321458630525,
    "electric": 28.19958763112372,
    "steel": 4.53254692918089,
    "psychic": 3.0572412413894634,
    "dark": 10.206436440864135,
    "ice": 8.473683537132914,
    "dragon": 0.0876618810491161
  },
  "spreads": [
    {
      "nature": "Modest",
      "usage": "21.6",
      "evs": {
        "hp": 252,
        "atk": 0,
        "def": 0,
        "spa": 252,
        "spd": 4,
        "spe": 0
      }
    },
    {
      "nature": "Quiet",
      "usage": "15.3",
      "evs": {
        "hp": 232,
        "atk": 0,
        "def": 24,
        "spa": 252,
        "spd": 0,
        "spe": 0
      }
    },
    {
      "nature": "Calm",
      "usage": "10.5",
      "evs": {
        "hp": 252,
        "atk": 0,
        "def": 0,
        "spa": 4,
        "spd": 252,
        "spe": 0
      }
    },
    {
      "nature": "Quiet",
      "usage": "5.8",
      "evs": {
        "hp": 248,
        "atk": 0,
        "def": 8,
        "spa": 252,
        "spd": 0,
        "spe": 0
      }
    },
    {
      "nature": "Quiet",
      "usage": "4.9",
      "evs": {
        "hp": 252,
        "atk": 0,
        "def": 0,
        "spa": 252,
        "spd": 0,
        "spe": 0
      }
    },
    {
      "nature": "Sassy",
      "usage": "4.6",
      "evs": {
        "hp": 252,
        "atk": 0,
        "def": 180,
        "spa": 4,
        "spd": 72,
        "spe": 0
      }
    },
    {
      "nature": "Quiet",
      "usage": "3.0",
      "evs": {
        "hp": 252,
        "atk": 0,
        "def": 4,
        "spa": 252,
        "spd": 0,
        "spe": 0
      }
    },
    {
      "nature": "Quiet",
      "usage": "2.6",
      "evs": {
        "hp": 252,
        "atk": 0,
        "def": 0,
        "spa": 252,
        "spd": 4,
        "spe": 0
      }
    },
    {
      "nature": "Calm",
      "usage": "2.6",
      "evs": {
        "hp": 252,
        "atk": 0,
        "def": 4,
        "spa": 0,
        "spd": 252,
        "spe": 0
      }
    },
    {
      "nature": "Relaxed",
      "usage": "2.5",
      "evs": {
        "hp": 252,
        "atk": 0,
        "def": 216,
        "spa": 0,
        "spd": 40,
        "spe": 0
      }
    }
  ],
  "teammates": {
    "3": 74.10180291268004,
    "6": 10.938892598385266,
    "24": 2.184195372668151,
    "25": 0.9900410450984499,
    "28": 8.73664718330531,
    "38": 3.495089093810616,
    "40": 6.776983213122589,
    "49": 32.80420137351744,
    "51": 1.0228695606636933,
    "53": 5.358298717772801,
    "57": 4.686553844559058,
    "59": 269.36719191195306,
    "61": 0.023941808733641823,
    "62": 15.410351238956581,
    "76": 1.701665695571811,
    "79": 4.629796266781561,
    "82": 11.621231277316722,
    "85": 1.007217918227946,
    "89": 4.473463331153563,
    "93": 0.22933653498112394,
    "101": 2.9511807320526495,
    "106": 103.64768486715583,
    "107": 2.5335220088278096,
    "110": 10.05734315425394,
    "112": 136.75977771105826,
    "125": 0.7411554364918519,
    "126": 0.7411554364918519,
    "128": 1.3248793942847636,
    "131": 0.5186967473875508,
    "132": 20.140839445190572,
    "135": 11.898633330114825,
    "136": 2.1011696279445147,
    "143": 22.46547449604581,
    "144": 3.981488084701001,
    "148": 0.7411554364918519,
    "157": 3.851438866186418,
    "162": 0.34054430951052606,
    "164": 0.4950557659890932,
    "168": 0.02479677029500521,
    "171": 16.096230614794358,
    "181": 3.3006794296209265,
    "182": 15.260297875878326,
    "189": 0.23680399354880527,
    "210": 0.8539485945520437,
    "211": 10.087440673098587,
    "215": 0.31762646631762115,
    "217": 50.68876883367425,
    "219": 0.07256143002843457,
    "221": 3.999676083527927,
    "225": 0.12809234756477367,
    "229": 0.1814040117943289,
    "230": 105.15089523109793,
    "235": 5.565707768232336,
    "237": 44.89489420766152,
    "254": 7.119451292039186,
    "272": 0.8636237229253826,
    "275": 4.364337034126715,
    "289": 5.8963893902367275,
    "297": 148.09162088927442,
    "302": 6.896435507641553,
    "308": 30.369760720966408,
    "311": 0.09587398089487209,
    "313": 1.0807649727340674,
    "314": 8.704304062972636,
    "317": 2.819555151261776,
    "323": 2.2905848419909223,
    "324": 3.770838670535235,
    "332": 6.5837986833558,
    "335": 5.061958436857414,
    "336": 0.034509707589821415,
    "340": 5.843082535171129,
    "350": 177.5897738212039,
    "354": 5.158789382897281,
    "356": 91.22281244051626,
    "358": 1.2556273056727516,
    "377": 21.688045120093175,
    "378": 0.720143421371777,
    "405": 13.767461661094206,
    "409": 58.49059654658218,
    "411": 0.6076964324118299,
    "419": 45.33793295969316,
    "424": 202.02430263626556,
    "426": 25.118740486959656,
    "429": 66.80092704823225,
    "430": 228.18171472561158,
    "435": 81.87916211092026,
    "442": 11.452546973535359,
    "449": 0.2094914894267273,
    "454": 232.59102042314512,
    "460": 1.5072737755706433,
    "466": 0.46386260203899565,
    "467": 1.634506020035262,
    "470": 2.681397526967341,
    "471": 3.097551420028471,
    "476": 11.336496614143497,
    "477": 1.5358588213331066,
    "478": 9.307007511685175,
    "479": 14.566242468485497,
    "480": 197.32035157904366,
    "481": 14.243746459876098,
    "486": 3.1802361025466874,
    "489": 0.5905392623749439,
    "492": 9.960062731140418,
    "496": 0.3159423918310173,
    "500": 29.53170754615678,
    "533": 13.70937286351092,
    "542": 0.17876558164078454,
    "547": 84.73954063105035,
    "549": 0.5413325875275886,
    "550": 3.0571901087545257,
    "571": 70.72872367316926,
    "576": 1.7381709785726138,
    "578": 5.138266841063514,
    "581": 3.6586804205990204,
    "586": 0.751704577727859,
    "591": 144.53060545121733,
    "596": 96.22396467619502,
    "604": 14.272950118382246,
    "614": 4.57509872734396,
    "615": 17.21310243524108,