{
  "id": "435",
  "name": "Skuntank",
  "format_id": "showdown_gen9pu-1500",
  "usage_metrics": {
    "raw": 2032,
    "base_weight": 1057.4687582709803,
    "percent": 5.431702753274525
  },
  "items": {
    "rocky-helmet": 270.3895792175663,
    "black-sludge": 206.02006533076414,
    "nothing": 0.2843175285574078,
    "black-glasses": 126.26069055317149,
    "assault-vest": 136.63972986819908,
    "custap-berry": 0.9045880884078938,
    "air-balloon": 49.51043566497959,
    "heavy-duty-boots": 57.825073030038396,
    "choice-band": 14.045839898477961,
    "lum-berry": 20.81394462844525,
    "life-orb": 66.02853508565687,
    "leftovers": 46.20971496956269,
    "loaded-dice": 0.7214517511771601,
    "flame-orb": 0.5087513900165748,
    "normal-gem": 0.0011799309921421974,
    "focus-sash": 5.618088934409678,
    "expert-belt": 1.852800201394886,
    "red-card": 3.977073760580546,
    "choice-scarf": 32.669431159292955,
    "muscle-band": 17.099994889370862,
    "blunder-policy": 0.08747238991922834
  },
  "abilities": {
    "aftermath": 926.3735042969777,
    "stench": 129.49587257199022,
    "keen-eye": 1.5993814020124173
  },
  "moves": {
    "super-fang": 110.7456352425902,
    "knock-off": 853.231505961491,
    "toxic-spikes": 248.84531776793384,
    "haze": 21.11160172754346,
    "toxic": 143.40807639751907,
    "roar": 62.68371689238409,
    "foul-play": 14.481374348415798,
    "poison-jab": 171.66740258947073,
    "sucker-punch": 820.2335269289762,
    "taunt": 341.21607398000367,
    "gunk-shot": 639.021949979267,
    "trailblaze": 71.14450208336604,
    "protect": 60.0129582295284,
    "fire-blast": 45.14507679489896,
    "temper-flare": 264.93897834936337,
    "dark-pulse": 35.44678695142353,
    "nasty-plot": 30.782934427555414,
    "flamethrower": 5.353185917701351,
    "sludge-wave": 0.8706345967024907,
    "endure": 25.68877973309742,
    "play-rough": 29.256595579055563,
    "explosion": 52.815937009337325,
    "sludge-bomb": 33.04170193685544,
    "fury-swipes": 0.7214517511771601,
    "crunch": 56.643886732957654,
    "fire-spin": 12.652787979842813,
    "hex": 0.7369173066215672,
    "endeavor": 22.737060128965737,
    "rest": 2.9870251391721,
    "sleep-talk": 2.9870251391721,
    "substitute": 0.12122732203205033,
    "acid-spray": 0.0005766456724874969,
    "dig": 6.35340261257668,
    "body-slam": 18.094677699400123,
    "shadow-ball": 0.0233757684960898,
    "lash-out": 0.7805884995558234,
    "venoshock": 0.12184854863896116,
    "tera-blast": 0.12184854863896116,
    "memento": 20.85996059600953,
    "": 2.7871192405132543
  },
  "teras": {
    "poison": 354.84342059093444,
    "ghost": 144.55303001948528,
    "dark": 337.34588845654423,
    "fairy": 10.663969440713702,
    "steel": 71.09799047917635,
    "grass": 16.965631886049152,
    "flying": 106.98164788078756,
    "normal": 1.7611235030579107,
    "fire": 6.5860135556998864,
    "bug": 1.7746408237669553,
    "psychic": 0.7710238342540534,
    "stellar": 0.08299081059134178,
    "ground": 3.6173549477501807,
    "water": 0.4240320421709297
  },
  "spreads": [
    {
      "nature": "Jolly",
      "usage": "22.9",
      "evs": {
        "hp": 0,
        "atk": 252,
        "def": 0,
        "spa": 0,
        "spd": 4,
        "spe": 252
      }
    },
    {
      "nature": "Jolly",
      "usage": "16.8",
      "evs": {
        "hp": 0,
        "atk": 252,
        "def": 4,
        "spa": 0,
        "spd": 0,
        "spe": 252
      }
    },
    {
      "nature": "Adamant",
      "usage": "10.1",
      "evs": {
        "hp": 252,
        "atk": 128,
        "def": 0,
        "spa": 0,
        "spd": 128,
        "spe": 0
      }
    },
    {
      "nature": "Jolly",
      "usage": "7.2",
      "evs": {
        "hp": 252,
        "atk": 112,
        "def": 0,
        "spa": 0,
        "spd": 0,
        "spe": 144
      }
    },
    {
      "nature": "Jolly",
      "usage": "6.1",
      "evs": {
        "hp": 4,
        "atk": 252,
        "def": 0,
        "spa": 0,
        "spd": 0,
        "spe": 252
      }
    },
    {
      "nature": "Impish",
      "usage": "4.4",
      "evs": {
        "hp": 252,
        "atk": 4,
        "def": 252,
        "spa": 0,
        "spd": 0,
        "spe": 0
      }
    },
    {
      "nature": "Adamant",
      "usage": "3.7",
      "evs": {
        "hp": 4,
        "atk": 252,
        "def": 0,
        "spa": 0,
        "spd": 0,
        "spe": 252
      }
    },
    {
      "nature": "Adamant",
      "usage": "3.4",
      "evs": {
        "hp": 0,
        "atk": 252,
        "def": 0,
        "spa": 0,
        "spd": 4,
        "spe": 252
      }
    },
    {
      "nature": "Timid",
      "usage": "2.6",
      "evs": {
        "hp": 0,
        "atk": 0,
        "def": 0,
        "spa": 252,
        "spd": 4,
        "spe": 252
      }
    },
    {
      "nature": "Jolly",
      "usage": "2.5",
      "evs": {
        "hp": 252,
        "atk": 4,
        "def": 0,
        "spa": 0,
        "spd": 0,
        "spe": 252
      }
    }
  ],
  "teammates": {
    "3": 24.92236858705401,
    "6": 2.0088293358542506,
    "24": 5.2822042660931725,
    "28": 2.288324189466615,
    "35": 3.0276603442086674,
    "38": 0.479763698074521,
    "49": 33.228258889723676,
    "51": 0.939739169001184,
    "53": 0.8440340000765927,
    "57": 27.678320795182437,
    "59": 110.17067709200641,
    "62": 35.86878628345038,
    "71": 0.8440340000765927,
    "82": 9.472461024668965,
    "85": 78.48526268452204,
    "87": 1.2791371036777346,
    "89": 1.0395650610699394,
    "93": 0.00892624680928844,
    "101": 1.6761776086239304,
    "103": 6.429284717981223,
    "106": 59.798922879107636,
    "107": 1.9147719562969572,
    "110": 43.60732523960314,
    "112": 46.672376696284545,
    "128": 4.4739951090555214,
    "131": 2.9870251391721,
    "132": 1.1001079291703424,
    "135": 9.713068235707377,
    "136": 1.3415233130019115,
    "143": 14.283443327081073,
    "144": 11.780121807096464,
    "162": 1.2608256033586205,
    "164": 1.47466251030577,
    "168": 2.4426474766488884,
    "171": 41.695714833341356,
    "181": 9.777734535338857,
    "182": 4.436884403618197,
    "185": 7.266033744003808,
    "189": 11.594595920269297,
    "198": 0.00006880552049287614,
    "210": 0.9245726683432218,
    "211": 16.536448783486097,
    "217": 0.1133398056362836,
    "219": 9.777734535338857,
    "229": 1.1493148023128796,
    "230": 20.282564342590295,
    "233": 81.87916211092026,
    "235": 55.53478895420386,
    "237": 26.228821381352375,
    "254": 18.828219348995358,
    "262": 0.8440340000765927,
    "272": 0.5974797040973319,
    "275": 40.453733099890854,
    "284": 0.597639829563829,
    "288": 0.380942709450449,
    "289": 23.80909832588972,
    "297": 21.86517027757997,
    "302": 4.318853225525297,
    "308": 5.299443860680861,
    "313": 4.482849615867809,
    "317": 5.926597695271837,
    "324": 0.9796765654900139,
    "326": 0.3502220112093472,
    "332": 2.609791607689848,
    "336": 2.4772996029596857,
    "340": 27.492191655607158,
    "350": 132.3194906068118,
    "354": 0.5064674294037202,
    "356": 1.2870222181235484,
    "357": 0.5064674294037202,
    "377": 6.630418765133733,
    "378": 0.939739169001184,
    "405": 3.3706411828842087,
    "409": 10.70961455029579,
    "411": 13.77986971024201,
    "416": 1.436955235111343,
    "419": 57.38795910902586,
    "424": 172.32217279332053,
    "426": 28.688796930957626,
    "429": 74.66478104815859,
    "430": 55.588292715670015,
    "442": 8.30979736975403,
    "449": 2.9870251391721,
    "454": 9.017406928158994,
    "466": 10.61579803103874,
    "467": 39.32692314432433,
    "471": 2.0386678083584995,
    "476": 1.991792762702326,
    "477": 7.517351622761067,
    "478": 24.477771323363566,
    "479": 2.328057242813407,
    "480": 82.98233980246958,
    "481": 6.1249001859184435,
    "486": 0.6281228015395679,
    "492": 126.85386240198767,
    "500": 59.303778715903704,