{
  "id": "923",
  "name": "Pawmot",
  "format_id": "showdown_gen9pu-1500",
  "usage_metrics": {
    "raw": 4111,
    "base_weight": 2649.4179931299573,
    "percent": 10.98904036353916
  },
  "items": {
    "leppa-berry": 308.41859295659015,
    "life-orb": 609.4157224130013,
    "focus-sash": 256.50872479271413,
    "choice-scarf": 721.8183357931948,
    "punching-glove": 69.72768413688138,
    "clear-amulet": 0.8818498611518611,
    "heavy-duty-boots": 215.87844767507266,
    "choice-band": 302.06161990594427,
    "rocky-helmet": 4.061384514097732,
    "psychic-seed": 23.82629026186076,
    "leftovers": 16.59463929898457,
    "assault-vest": 14.083460579247372,
    "protective-pads": 3.9999982307799176,
    "air-balloon": 54.79978672188999,
    "muscle-band": 1.4118501829239904,
    "zap-plate": 3.393609408192524,
    "eject-pack": 25.742658832977586,
    "expert-belt": 4.487162014838776,
    "salac-berry": 1.5811628752110953,
    "nothing": 1.4468620922101456,
    "magnet": 8.575143246036921,
    "chople-berry": 0.21139440474942878,
    "terrain-extender": 0.3975132033349078,
    "choice-specs": 0.005605776128936424,
    "shuca-berry": 0.0884939519430254
  },
  "abilities": {
    "volt-absorb": 1243.8755049982467,
    "iron-fist": 1237.6468489126096,
    "natural-cure": 167.89563921910093
  },
  "moves": {
    "fake-out": 64.54414616645275,
    "nuzzle": 85.65713116238544,
    "revival-blessing": 1028.1867203981485,
    "double-shock": 2472.1869455112333,
    "ice-punch": 768.3805046146637,
    "mach-punch": 1025.754562943274,
    "close-combat": 2504.7560554195848,
    "fire-punch": 48.40161190207076,
    "knock-off": 1311.660967622615,
    "play-rough": 74.36802356214166,
    "thunder-punch": 111.51074089555014,
    "volt-switch": 658.0530027726976,
    "encore": 86.53182138610298,
    "protect": 2.5667057131734654,
    "discharge": 3.696030494506309,
    "brick-break": 6.007622787117425,
    "wish": 93.00902352620378,
    "supercell-slam": 56.78064148210769,
    "seed-bomb": 16.868939935948564,
    "agility": 9.795294906570676,
    "bulk-up": 97.17810577489904,
    "focus-punch": 5.914691450506686,
    "grass-knot": 21.063336864925333,
    "charge": 2.9427626679172714,
    "super-fang": 2.1913552737413085,
    "body-press": 0.3417076289380837,
    "crunch": 1.8717695903722533,
    "double-edge": 0.9999996841642433,
    "thunder-wave": 4.209949745971682,
    "thunderbolt": 0.023376075158370258,
    "metronome": 1.7056393758435184,
    "upper-hand": 0.9146766806539818,
    "sleep-talk": 0.5215573412106946,
    "substitute": 3.104144920627457,
    "rest": 5.79596671624559,
    "sunny-day": 0.7124444663069617,
    "throat-chop": 8.948039645301149,
    "": 2.0201363022614864,
    "tera-blast": 1.9771015574523805,
    "quick-attack": 5.524034744764577,
    "thunder": 0.9946828100292617
  },
  "teras": {
    "electric": 2381.796569981624,
    "fairy": 9.354322041062801,
    "dark": 18.642085407099675,
    "grass": 2.0185678205171027,
    "fighting": 56.114309574504055,
    "stellar": 1.7232415248860982,
    "flying": 106.7560912828294,
    "fire": 10.976906538504968,
    "ice": 14.340011557941436,
    "normal": 6.286421851257606,
    "steel": 13.752538577963811,
    "ghost": 23.527671268376373,
    "water": 4.129255703398143
  },
  "spreads": [
    {
      "nature": "Jolly",
      "usage": "56.6",
      "evs": {
        "hp": 0,
        "atk": 252,
        "def": 0,
        "spa": 0,
        "spd": 4,
        "spe": 252
      }
    },
    {
      "nature": "Jolly",
      "usage": "29.3",
      "evs": {
        "hp": 0,
        "atk": 252,
        "def": 4,
        "spa": 0,
        "spd": 0,
        "spe": 252
      }
    },
    {
      "nature": "Jolly",
      "usage": "2.9",
      "evs": {
        "hp": 232,
        "atk": 24,
        "def": 0,
        "spa": 0,
        "spd": 0,
        "spe": 252
      }
    },
    {
      "nature": "Jolly",
      "usage": "2.5",
      "evs": {
        "hp": 4,
        "atk": 252,
        "def": 0,
        "spa": 0,
        "spd": 0,
        "spe": 252
      }
    },
    {
      "nature": "Adamant",
      "usage": "2.4",
      "evs": {
        "hp": 0,
        "atk": 252,
        "def": 0,
        "spa": 0,
        "spd": 4,
        "spe": 252
      }
    },
    {
      "nature": "Adamant",
      "usage": "0.9",
      "evs": {
        "hp": 4,
        "atk": 252,
        "def": 0,
        "spa": 0,
        "spd": 0,
        "spe": 252
      }
    },
    {
      "nature": "Jolly",
      "usage": "0.8",
      "evs": {
        "hp": 248,
        "atk": 8,
        "def": 0,
        "spa": 0,
        "spd": 0,
        "spe": 252
      }
    },
    {
      "nature": "Naive",
      "usage": "0.8",
      "evs": {
        "hp": 0,
        "atk": 252,
        "def": 0,
        "spa": 4,
        "spd": 0,
        "spe": 252
      }
    },
    {
      "nature": "Jolly",
      "usage": "0.6",
      "evs": {
        "hp": 0,
        "atk": 252,
        "def": 0,
        "spa": 0,
        "spd": 0,
        "spe": 252
      }
    },
    {
      "nature": "Jolly",
      "usage": "0.5",
      "evs": {
        "hp": 252,
        "atk": 4,
        "def": 0,
        "spa": 0,
        "spd": 0,
        "spe": 252
      }
    }
  ],
  "teammates": {
    "3": 20.80380893828293,
    "6": 7.910727341316055,
    "24": 1.7861426004715057,
    "25": 5.828359902809426,
    "26": 1.8273395322301755,
    "28": 111.80489575735129,
    "40": 13.627379849243063,
    "49": 96.49274406608495,
    "51": 3.651487966111946,
    "53": 5.649882567159348,
    "57": 3.517184034578799,
    "59": 501.33978996283906,
    "62": 0.7291767230598311,
    "71": 5.976767935912112,
    "76": 20.418570967290137,
    "82": 5.093642104146987,
    "85": 0.5686567560263567,
    "89": 4.845458420737359,
    "93": 1.3406562910461646,
    "101": 1.0559287655579834,
    "103": 0.7124444663069617,
    "106": 125.87514169052464,
    "107": 1.200238489981778,
    "110": 9.616004653207298,
    "112": 200.19684513938543,
    "125": 14.892522692966347,
    "128": 0.5897068788099274,
    "131": 2.441029113683413,
    "132": 0.5084707452747865,
    "135": 1.7864718924927796,
    "136": 2.213365968666749,
    "143": 48.486892630562195,
    "144": 2.5244026516474185,
    "148": 2.742245304904586,
    "157": 21.976017051141458,
    "162": 3.6342014194376246,
    "164": 5.547616306591436,
    "168": 2.413698355277636,
    "171": 29.04220244623452,
    "181": 2.1704218863566647,
    "182": 16.650225925997677,
    "183": 0.0406644821118074,
    "185": 0.5898879360092022,
    "189": 0.0884939519430254,
    "198": 0.2776981348942114,
    "200": 0.6194935251217863,
    "203": 0.002316323923511443,
    "206": 1.6321465666258002,
    "210": 2.3050259292558666,
    "211": 60.700585842840205,
    "215": 64.00318275090694,
    "217": 0.6281228015395679,
    "221": 8.221485478088788,
    "229": 8.707988722077676,
    "230": 30.758269582490477,
    "233": 141.27557991516912,
    "235": 15.324262414040595,
    "237": 5.171862153367779,
    "254": 53.85696843006867,
    "256": 0.007333171862615673,
    "275": 3.610997342950241,
    "284": 4.591864270686061,
    "289": 28.861462270140745,
    "297": 59.2233311522398,
    "302": 15.715989708230387,
    "308": 9.157204617660387,
    "311": 1.0523460777001075,
    "312": 0.6859349186454267,
    "313": 13.175316438077827,
    "317": 0.9999540653061982,
    "323": 2.9998035452255074,
    "324": 17.58619805986267,
    "332": 9.001018081023934,
    "335": 1.1893429995831815,
    "336": 0.175364071379986,
    "340": 1.511271195749035,
    "350": 1008.4141523686719,
    "354": 0.021584220866731896,
    "356": 76.92233196271377,
    "357": 1.4299739512140341,
    "358": 1.8856256926105943,
    "375": 0.12191373058343685,
    "377": 4.924995744060981,
    "378": 0.6330306228057119,
    "388": 0.03302610211528251,
    "391": 0.6415697264249998,
    "405": 4.855059259469394,
    "409": 3.3702988580279833,
    "411": 1.973832965629954,