{
  "id": "145",
  "name": "Zapdos",
  "format_id": "showdown_gen3ubers-1500",
  "usage_metrics": {
    "raw": 140,
    "base_weight": 47.20821396129024,
    "percent": 0.7537417895983634
  },
  "items": {
    "choice-band": 0.6033381882062357,
    "leftovers": 33.95001441702611,
    "magnet": 3.9916714584197397,
    "chesto-berry": 0.9593505246938918,
    "lum-berry": 0.6883218901266965,
    "petaya-berry": 0.3397805049270023,
    "aguav-berry": 2.4684897671720347,
    "nothing": 0.4621588118460877,
    "scope-lens": 3.3196120653950567,
    "salac-berry": 0.42547633347740615
  },
  "abilities": {
    "pressure": 47.20821396129024
  },
  "moves": {
    "thunderbolt": 19.919714893827177,
    "drill-peck": 5.193651804871841,
    "extrasensory": 2.558942465161189,
    "facade": 0.5704068854688991,
    "substitute": 19.292561422444887,
    "toxic": 20.646411031631285,
    "thunder": 28.997637748276812,
    "hidden-power-ice": 25.147615027519805,
    "protect": 7.422077361780072,
    "rest": 2.243992177253134,
    "roar": 7.753452703101511,
    "sleep-talk": 1.2846416525592421,
    "light-screen": 6.651504564191262,
    "hidden-power-dragon": 0.6669843442763647,
    "hidden-power-grass": 1.445710344451494,
    "agility": 5.016606921919154,
    "thunder-wave": 14.217211409607769,
    "hidden-power-fire": 0.38625662993687987,
    "aerial-ace": 0.34297186005851354,
    "hidden-power-fighting": 0.455567495486462,
    "hidden-power-water": 1.163137140186533,
    "rain-dance": 2.3191033208659446,
    "": 0.49300941076943655,
    "hidden-power-ground": 3.43175135390263,
    "detect": 5.122994937144814,
    "thunder-shock": 0.19347120459859612,
    "sky-attack": 2.9477348669346246,
    "steel-wing": 2.9477348669346246
  },
  "teras": {
    "nothing": 47.20821396129024
  },
  "spreads": [
    {
      "nature": "Modest",
      "usage": "26.5",
      "evs": {
        "hp": 0,
        "atk": 0,
        "def": 0,
        "spa": 252,
        "spd": 4,
        "spe": 252
      }
    },
    {
      "nature": "Timid",
      "usage": "12.9",
      "evs": {
        "hp": 0,
        "atk": 0,
        "def": 0,
        "spa": 252,
        "spd": 4,
        "spe": 252
      }
    },
    {
      "nature": "Modest",
      "usage": "10.8",
      "evs": {
        "hp": 252,
        "atk": 0,
        "def": 0,
        "spa": 252,
        "spd": 0,
        "spe": 4
      }
    },
    {
      "nature": "Modest",
      "usage": "9.8",
      "evs": {
        "hp": 248,
        "atk": 0,
        "def": 0,
        "spa": 228,
        "spd": 32,
        "spe": 0
      }
    },
    {
      "nature": "Hasty",
      "usage": "6.2",
      "evs": {
        "hp": 0,
        "atk": 252,
        "def": 0,
        "spa": 4,
        "spd": 0,
        "spe": 252
      }
    },
    {
      "nature": "Timid",
      "usage": "3.7",
      "evs": {
        "hp": 0,
        "atk": 0,
        "def": 0,
        "spa": 252,
        "spd": 0,
        "spe": 252
      }
    },
    {
      "nature": "Calm",
      "usage": "3.1",
      "evs": {
        "hp": 248,
        "atk": 0,
        "def": 0,
        "spa": 8,
        "spd": 252,
        "spe": 0
      }
    },
    {
      "nature": "Timid",
      "usage": "3.1",
      "evs": {
        "hp": 4,
        "atk": 0,
        "def": 0,
        "spa": 252,
        "spd": 0,
        "spe": 252
      }
    },
    {
      "nature": "Modest",
      "usage": "2.4",
      "evs": {
        "hp": 252,
        "atk": 0,
        "def": 0,
        "spa": 252,
        "spd": 4,
        "spe": 0
      }
    },
    {
      "nature": "Hasty",
      "usage": "2.3",
      "evs": {
        "hp": 0,
        "atk": 4,
        "def": 0,
        "spa": 252,
        "spd": 0,
        "spe": 252
      }
    }
  ],
  "teammates": {
    "6": 1.5588447284554034,
    "9": 3.3748900405638564,
    "51": 0.3397805049270023,
    "73": 0.91276445409881,
    "76": 0.42547633347740615,
    "82": 0.5552872098001975,
    "94": 7.243027758907726,
    "103": 2.1768390534128086,
    "110": 0.8891144735927725,
    "113": 0.42547633347740615,
    "121": 4.116336030846967,
    "128": 1.1362085357062783,
    "130": 0.7160142868020409,
    "134": 0.23214005334776822,
    "135": 0.6739424586502487,
    "141": 7.713161832268499,
    "142": 5.046714372947109,
    "143": 10.3548848503639,
    "144": 0.3718771984604321,
    "146": 0.3718771984604321,
    "150": 9.371416000008736,
    "151": 3.014724856175188,
    "157": 3.2966976110358948,
    "205": 5.28553814520097,
    "208": 4.605759677084455,
    "211": 0.21550670487319523,
    "214": 1.0910901953836458,
    "227": 5.103399562207728,
    "230": 5.58412341577397,
    "242": 10.120002041389238,
    "243": 2.0715934938113056,
    "244": 0.2570885846789271,
    "245": 1.7308184946855065,
    "248": 4.686579273571381,
    "249": 5.678422946845358,
    "250": 4.953036758330162,
    "251": 0.42263619274912534,
    "254": 0.38625662993687987,
    "260": 2.845351735208242,
    "272": 2.0813635538143207,
    "286": 0.21550670487319523,
    "289": 1.3224945259633356,
    "292": 2.664157838334984,
    "297": 0.7340526410640595,
    "330": 0.6669843442763647,
    "350": 0.6654710754382472,
    "356": 0.29833056131589514,
    "373": 4.7385350080890065,
    "376": 3.5786880855718954,
    "380": 9.221096120567841,
    "381": 21.351099254660564,
    "382": 21.58579470085362,
    "383": 7.336152557344805,
    "384": 4.600888916544705,
    "10001": 11.55049501729382,
    "10002": 6.38627045440988,
    "10003": 1.9579188402891596
  }
}