{
  "id": "1017",
  "name": "Ogerpon",
  "format_id": "showdown_gen9vgc2026regf-1630",
  "usage_metrics": {
    "raw": 15050,
    "base_weight": 2071.955916838593,
    "percent": 0.9582215408202376
  },
  "roles": [
    {
      "role": "role_sweeper_physical",
      "label": "Physical Sweeper",
      "category": "OFF"
    },
    {
      "role": "role_redirection",
      "label": "Redirector",
      "category": "SUP"
    },
    {
      "role": "role_disruptor",
      "label": "Disruptor",
      "category": "SUP"
    }
  ],
  "items": {
    "covert-cloak": 260.8856927185226,
    "sitrus-berry": 31.581626364567228,
    "focus-sash": 139.50943890757966,
    "big-root": 0.0000023162715572233594,
    "nothing": 1.179193906085982,
    "loaded-dice": 524.5915736917111,
    "life-orb": 134.64685908199624,
    "rocky-helmet": 30.87580077264624,
    "choice-band": 37.40008289106242,
    "adrenaline-orb": 15.314749319696487,
    "miracle-seed": 458.514352848871,
    "clear-amulet": 0.1595081686016942,
    "razor-claw": 287.68579585321464,
    "air-balloon": 0.019645972223263253,
    "leftovers": 1.3353940784261933,
    "meadow-plate": 6.04943194954858,
    "scope-lens": 3.766348475074871,
    "eject-button": 0.1135058531828505,
    "muscle-band": 0.09133335765267564,
    "red-card": 0.000003792196981988738,
    "mirror-herb": 0.04131810515797052,
    "power-herb": 0.6418059873920132,
    "expert-belt": 46.25418625485341,
    "lum-berry": 0.2585999488952295,
    "safety-goggles": 0.1381265512378403,
    "ability-shield": 1.2730189247189827e-7,
    "mental-herb": 0.674571773271468,
    "assault-vest": 4.905074748228852,
    "weakness-policy": 2.4763349414757445,
    "white-herb": 0.13804104664826622,
    "occa-berry": 1.3011228607939294,
    "choice-scarf": 0.13112804835923253,
    "earth-plate": 78.72773485045256,
    "kings-rock": 1.3608559536758085,
    "electric-seed": 0.8531987104310732,
    "grassy-seed": 0.038905161255024634,
    "aguav-berry": 0.14777901361424178,
    "blunder-policy": 0,
    "psychic-seed": 0.007980718352865235,
    "figy-berry": 0,
    "room-service": 0.0012682941467676567,
    "heavy-duty-boots": 0.1375432239548623,
    "flame-orb": 0,
    "shell-bell": 1.998291921379014e-7,
    "eject-pack": 1.3322321024133998e-10
  },
  "abilities": {
    "defiant": 2071.955916838593
  },
  "moves": {
    "spiky-shield": 1963.8913490123325,
    "ivy-cudgel": 1531.2215794764793,
    "follow-me": 1697.0081211883573,
    "stomping-tantrum": 617.5856563360744,
    "horn-leech": 6.466592692525397,
    "superpower": 781.2267539659061,
    "knock-off": 38.42218451341761,
    "swords-dance": 111.34817481421503,
    "play-rough": 15.50384733140762,
    "double-kick": 2.341426747071575,
    "bullet-seed": 525.9051257813417,
    "taunt": 228.02523369995362,
    "grassy-glide": 7.504084464622592,
    "low-kick": 7.027454328957324,
    "u-turn": 53.9416726275383,
    "wood-hammer": 29.104084117211183,
    "protect": 6.842069901581151,
    "throat-chop": 0.09389661362297008,
    "encore": 487.7974647909484,
    "leech-seed": 81.87958665181705,
    "focus-energy": 5.233666460590652,
    "helping-hand": 31.00989145610234,
    "seed-bomb": 0.017268653010498514,
    "brick-break": 11.147502078652575,
    "solar-beam": 0.6418059873920132,
    "solar-blade": 2.1176150226102854,
    "rock-tomb": 14.480432150740134,
    "zen-headbutt": 0.15378801187119007,
    "substitute": 25.328906601976495,
    "low-sweep": 9.201389650215219e-11,
    "rain-dance": 0.0486463285430932,
    "counter": 0.1977307751312702,
    "sunny-day": 2.0946186795207486,
    "growth": 8.08094707815954e-9,
    "trailblaze": 0.03183884079902782,
    "quick-attack": 0.03133790242795165,
    "": 0.007980978892905,
    "scary-face": 0.020823373427993452,
    "synthesis": 0.009829975145270953,
    "power-whip": 0.5363376487271883,
    "spikes": 7.093553709425215e-7,
    "giga-drain": 0.000932075711613245,
    "energy-ball": 0.08170107389594006,
    "fling": 1.3608357230979995,
    "grass-knot": 6.154573573002864e-9,
    "leaf-storm": 0.0019201430294328303,
    "lash-out": 0.07376033964131812,
    "reversal": 0.01017818707855378,
    "tera-blast": 0.0019206821248476391,
    "charm": 0.04603842516173179,
    "rest": 0,
    "facade": 0
  },
  "teras": {
    "grass": 2071.955916838593
  },
  "spreads": [
    {
      "nature": "jolly",
      "usage": "17.7",
      "evs": {
        "hp": 0,
        "atk": 252,
        "def": 0,
        "spa": 0,
        "spd": 4,
        "spe": 252
      }
    },
    {
      "nature": "adamant",
      "usage": "10.9",
      "evs": {
        "hp": 52,
        "atk": 244,
        "def": 0,
        "spa": 0,
        "spd": 0,
        "spe": 212
      }
    },
    {
      "nature": "jolly",
      "usage": "8.6",
      "evs": {
        "hp": 4,
        "atk": 252,
        "def": 0,
        "spa": 0,
        "spd": 0,
        "spe": 252
      }
    },
    {
      "nature": "adamant",
      "usage": "8.4",
      "evs": {
        "hp": 44,
        "atk": 244,
        "def": 0,
        "spa": 0,
        "spd": 0,
        "spe": 220
      }
    },
    {
      "nature": "adamant",
      "usage": "5.6",
      "evs": {
        "hp": 4,
        "atk": 252,
        "def": 0,
        "spa": 0,
        "spd": 0,
        "spe": 252
      }
    },
    {
      "nature": "jolly",
      "usage": "5.1",
      "evs": {
        "hp": 76,
        "atk": 116,
        "def": 44,
        "spa": 0,
        "spd": 20,
        "spe": 252
      }
    },
    {
      "nature": "jolly",
      "usage": "4.1",
      "evs": {
        "hp": 252,
        "atk": 4,
        "def": 0,
        "spa": 0,
        "spd": 0,
        "spe": 252
      }
    },
    {
      "nature": "adamant",
      "usage": "3.4",
      "evs": {
        "hp": 0,
        "atk": 252,
        "def": 0,
        "spa": 0,
        "spd": 4,
        "spe": 252
      }
    },
    {
      "nature": "jolly",
      "usage": "2.9",
      "evs": {
        "hp": 60,
        "atk": 252,
        "def": 0,
        "spa": 0,
        "spd": 0,
        "spe": 196
      }
    },
    {
      "nature": "jolly",
      "usage": "2.4",
      "evs": {
        "hp": 108,
        "atk": 212,
        "def": 0,
        "spa": 0,
        "spd": 0,
        "spe": 188
      }
    }
  ],
  "teammates": {
    "6": 1.9615039734154551,
    "9": 2.656838924830746,
    "24": 3.3362201889985954e-14,
    "25": 0.42833904269798107,
    "26": 0.881256958185356,
    "35": 0.1336667693453763,
    "36": 0.0033468099639998306,
    "38": 1.4394777847513887,
    "48": 0.000004357024498080619,
    "49": 1.5940348485621314e-9,
    "51": 0,
    "53": 0,
    "55": 0,
    "57": 0.00005857237827011641,
    "59": 12.154816369681487,
    "62": 0.005421772180894513,
    "79": 0.3482384679842386,
    "80": 0.0006217093236592919,
    "87": 1.0035700659383195e-8,
    "91": 0.0015479293857827425,
    "94": 0.02117351638920012,
    "101": 2.536555077092828e-9,
    "106": 0.0000017278669516840317,
    "110": 6.0310844172749265,
    "112": 1.4219744669213152,
    "123": 0.013414407022907138,
    "125": 0.16390998081951913,
    "126": 14.625020488322862,
    "128": 0,
    "130": 2.8177002083712352,
    "131": 0.0005298197619009737,
    "132": 0.000011512406102143213,
    "134": 0.0012061563555686439,
    "135": 0.000034818103343436935,
    "136": 1.0270488541672824,
    "143": 0.37911933568090284,
    "144": 2.4101304185074843,
    "145": 0.30019302902236616,
    "146": 0.03148465234172543,
    "149": 145.31860280130815,
    "160": 3.4139358007223564e-14,
    "168": 0.000246176761203698,
    "181": 0,
    "182": 2.6675438025147713e-7,
    "184": 0.24382421923610786,
    "185": 49.426901845383654,
    "186": 33.397853620309874,
    "189": 9.083278573740472e-11,
    "191": 0.003041558119258825,
    "196": 5.566103133958222e-13,
    "197": 0,
    "198": 1.758145857868465,
    "199": 5.356905677377378,
    "206": 0.007069140201813595,
    "212": 1.2900545229351583,
    "214": 0.16937957650733998,