{
  "id": "1020",
  "name": "Gouging Fire",
  "format_id": "showdown_gen9vgc2026regf-1630",
  "usage_metrics": {
    "raw": 70287,
    "base_weight": 10012.72215853218,
    "percent": 4.475117437849305
  },
  "roles": [
    {
      "role": "role_sweeper_physical",
      "label": "Physical Sweeper",
      "category": "OFF"
    }
  ],
  "items": {
    "booster-energy": 9049.382795499652,
    "clear-amulet": 373.0180375688417,
    "choice-scarf": 15.342113793715413,
    "choice-band": 71.50984482747812,
    "life-orb": 28.48512458869668,
    "sitrus-berry": 10.097563592372005,
    "covert-cloak": 5.8454193496111095,
    "leftovers": 407.59032002288114,
    "lum-berry": 1.0939308320866417,
    "grassy-seed": 0.1863192008518199,
    "safety-goggles": 3.4089713826621693,
    "rocky-helmet": 11.084954785346941,
    "charcoal": 0.07034001865913975,
    "persim-berry": 0.01179347256183555,
    "loaded-dice": 10.603770838183909,
    "heat-rock": 0.0005460756105122311,
    "room-service": 1.901590390707142e-8,
    "assault-vest": 17.41911984132627,
    "shell-bell": 0.6631754524263629,
    "weakness-policy": 0.3111765028583082,
    "heavy-duty-boots": 0.0008401152152655023,
    "flame-plate": 0.0011526748177633772,
    "earth-plate": 0.0028150114731578246,
    "focus-sash": 0.0022570534014559884,
    "nothing": 0.19686119106103367,
    "dragon-fang": 0.00017097705947294317,
    "expert-belt": 3.263556092036879e-12,
    "mirror-herb": 0.03411123312786246,
    "air-balloon": 0.0993635940001204,
    "quick-claw": 4.336024539419725e-7,
    "iron-ball": 0.3365493726985788,
    "muscle-band": 0.0030125710718594267,
    "maranga-berry": 0.022441337815993168,
    "figy-berry": 0.00017747651960731137,
    "electric-seed": 0,
    "psychic-seed": 8.539280393904392e-13,
    "red-card": 0.0000202845967618992,
    "oran-berry": 0,
    "scope-lens": 0,
    "choice-specs": 5.434930261781078,
    "binding-band": 0.4621372791533654,
    "eject-button": 0
  },
  "abilities": {
    "protosynthesis": 10012.72215853218
  },
  "moves": {
    "howl": 8764.407765899192,
    "burning-bulwark": 6477.712464736617,
    "flare-blitz": 1138.6982279035662,
    "breaking-swipe": 9265.164101990591,
    "protect": 3292.0568830195516,
    "heat-crash": 8869.794948258394,
    "dragon-dance": 266.16714238817104,
    "dragon-claw": 184.86445286372398,
    "stone-edge": 4.180468741769803,
    "crunch": 4.731202031963541,
    "flame-charge": 76.13322652003289,
    "stomping-tantrum": 98.97212832869404,
    "thunder-fang": 1.0566098530339951,
    "sunny-day": 433.50404868417485,
    "tera-blast": 26.92691117163808,
    "dragon-cheer": 5.040572849886546,
    "double-edge": 0.003989086833419531,
    "snarl": 155.27356309095816,
    "heat-wave": 6.30156951678031,
    "giga-impact": 0.00014421946766268734,
    "earthquake": 62.87679730832535,
    "scale-shot": 11.838400112060226,
    "outrage": 64.49269975638742,
    "raging-fury": 10.222476001100535,
    "dragon-tail": 11.318864205591774,
    "scorching-sands": 5.442494695437006,
    "draco-meteor": 5.605877259457939,
    "noble-roar": 2.0020822852201663,
    "scary-face": 3.132752268068939,
    "temper-flare": 50.825891644915224,
    "morning-sun": 483.7668142695806,
    "psychic-fangs": 5.400459670106468,
    "iron-head": 6.938982324191059,
    "roar": 12.80478189674618,
    "flamethrower": 8.171446186366893e-9,
    "fire-blast": 0.09058903170974075,
    "substitute": 5.609658835044028,
    "bulldoze": 195.85643544612967,
    "leer": 1.9758283084393764,
    "smart-strike": 0.032163316475032844,
    "lava-plume": 33.39865927872213,
    "dragon-pulse": 0.0007475063697209294,
    "body-slam": 0.10641802269447803,
    "crush-claw": 0,
    "facade": 8.919092686632268e-9,
    "dragon-rush": 0.04362982445103236,
    "fire-spin": 0.46709679536699,
    "double-kick": 0.005923438452022811,
    "rest": 1.7541523789077473e-14,
    "ancient-power": 0.09930420682567287,
    "weather-ball": 1.0425682095416278e-7,
    "": 0.07405566768884203,
    "overheat": 5.435218326936304,
    "fire-fang": 0.03311115021616551
  },
  "teras": {
    "fairy": 8195.52191635078,
    "grass": 1017.6484350647347,
    "fire": 270.3172477942023,
    "steel": 42.951625640043595,
    "ghost": 141.26294973297385,
    "flying": 84.00845662155955,
    "normal": 1.0585159834368005,
    "dragon": 4.560645373136742,
    "rock": 0.000005799118905747136,
    "ground": 24.58248089530523,
    "water": 12.804809362885443,
    "bug": 33.87686601654266,
    "dark": 2.681785397495987,
    "electric": 173.30953091246738,
    "poison": 0.2192400192576992,
    "stellar": 7.915291354020461,
    "fighting": 4.356770499924778e-11,
    "psychic": 0.002343569638888321,
    "ice": 0.000012644623446744774
  },
  "spreads": [
    {
      "nature": "jolly",
      "usage": "13.8",
      "evs": {
        "hp": 204,
        "atk": 68,
        "def": 4,
        "spa": 0,
        "spd": 4,
        "spe": 228
      }
    },
    {
      "nature": "jolly",
      "usage": "5.3",
      "evs": {
        "hp": 164,
        "atk": 84,
        "def": 4,
        "spa": 0,
        "spd": 4,
        "spe": 252
      }
    },
    {
      "nature": "jolly",
      "usage": "5.0",
      "evs": {
        "hp": 220,
        "atk": 36,
        "def": 0,
        "spa": 0,
        "spd": 0,
        "spe": 252
      }
    },
    {
      "nature": "jolly",
      "usage": "4.6",
      "evs": {
        "hp": 180,
        "atk": 68,
        "def": 4,
        "spa": 0,
        "spd": 4,
        "spe": 252
      }
    },
    {
      "nature": "jolly",
      "usage": "4.3",
      "evs": {
        "hp": 212,
        "atk": 44,
        "def": 0,
        "spa": 0,
        "spd": 0,
        "spe": 252
      }
    },
    {
      "nature": "jolly",
      "usage": "4.2",
      "evs": {
        "hp": 148,
        "atk": 100,
        "def": 4,
        "spa": 0,
        "spd": 4,
        "spe": 252
      }
    },
    {
      "nature": "adamant",
      "usage": "3.9",
      "evs": {
        "hp": 244,
        "atk": 156,
        "def": 12,
        "spa": 0,
        "spd": 84,
        "spe": 12
      }
    },
    {
      "nature": "jolly",
      "usage": "3.6",
      "evs": {
        "hp": 196,
        "atk": 52,
        "def": 4,
        "spa": 0,
        "spd": 4,
        "spe": 252
      }
    },
    {
      "nature": "jolly",
      "usage": "3.6",
      "evs": {
        "hp": 164,
        "atk": 68,
        "def": 44,
        "spa": 0,
        "spd": 4,
        "spe": 228
      }
    },
    {
      "nature": "jolly",
      "usage": "3.1",
      "evs": {
        "hp": 84,
        "atk": 164,
        "def": 4,
        "spa": 0,
        "spd": 4,
        "spe": 252
      }
    }
  ],
  "teammates": {
    "3": 11.528646501148568,
    "6": 0.6388710981262935,
    "8": 1.4225210368352945,
    "9": 3.040848320538143,
    "24": 1.6233304533930237e-8,
    "25": 5.065264874204445e-11,
    "26": 4.717480209448322,
    "35": 20.982463421520617,
    "36": 0.19409868603041247,
    "37": 3.739630827226392e-11,
    "38": 7.720429002332768,
    "39": 5.211525766490865e-9,
    "45": 8.182587940552821e-11,
    "48": 7.185896983008533e-8,
    "53": 9.004574863524795e-12,
    "54": 0.09467786960880253,
    "55": 0.025708229459677934,
    "57": 1.390523705069313e-7,
    "59": 6.232811353559627,
    "62": 0.035317250498974384,
    "69": 1.1170986806267986,
    "71": 0.009032807497555084,
    "80": 0.005301893766859356,
    "85": 9.092383013720173e-7,
    "87": 0.004619412076583729,
    "89": 1.3017910971413471e-8,
    "91": 1.1809997424450103e-11,
    "93": 8.765956294176647e-10,
    "94": 3.789507276646857,
    "101": 0.1759614554743491,
    "103": 1.3070265237451428,
    "106": 0.05187434460524021,
    "107": 1.2655995020242952,
    "110": 3.686260713809586,
    "112": 0.015821035378928427,
    "113": 0.21557572871740388,
    "123": 0.0034598944187514413,
    "125": 2.2252634640651436,
    "126": 0.09987346824189658,
    "130": 14.14340183035102,
    "131": 0.730686013577541,