{
  "id": "198",
  "name": "Murkrow",
  "format_id": "showdown_gen9vgc2026regf-1630",
  "usage_metrics": {
    "raw": 13886,
    "base_weight": 523.4083302730323,
    "percent": 0.8841105857694231
  },
  "roles": [
    {
      "role": "role_speed_control",
      "label": "Speed Control",
      "category": "SUP"
    },
    {
      "role": "role_wall_special",
      "label": "Special Wall",
      "category": "DEF"
    },
    {
      "role": "role_disruptor",
      "label": "Disruptor",
      "category": "SUP"
    }
  ],
  "items": {
    "eviolite": 423.38298305671884,
    "focus-sash": 11.784716439913376,
    "covert-cloak": 77.64351888644558,
    "ability-shield": 9.50792522150985,
    "eject-button": 0.014305357881902347,
    "iron-ball": 0,
    "nothing": 0.0060598611366682875,
    "mental-herb": 0.00009966374659198252,
    "rocky-helmet": 0.15678069825309987,
    "life-orb": 0.7158140954008019,
    "black-glasses": 0.17338886338950682,
    "leftovers": 0,
    "damp-rock": 1.4983170260052248e-10,
    "heavy-duty-boots": 0,
    "red-card": 0,
    "sitrus-berry": 1.6397605495654943e-11,
    "safety-goggles": 1.4064588382822762e-9,
    "yache-berry": 0,
    "bright-powder": 0.0010917726025470031,
    "quick-claw": 0.021646354461422213,
    "choice-scarf": 6.252220963176569e-13
  },
  "abilities": {
    "prankster": 519.0027211440943,
    "insomnia": 4.405609128937458,
    "super-luck": 6.252220963176569e-13
  },
  "moves": {
    "tailwind": 502.0242430240305,
    "sunny-day": 276.21590335924054,
    "haze": 434.7714083622722,
    "foul-play": 212.60883668112407,
    "snarl": 19.0505838484242,
    "icy-wind": 13.601811324046665,
    "thunder-wave": 58.39560254903313,
    "taunt": 62.75559059277581,
    "protect": 71.32944567090784,
    "rain-dance": 72.36137898217783,
    "brave-bird": 255.65135463543314,
    "quash": 71.52245454135472,
    "dark-pulse": 1.0718255203737526,
    "hurricane": 0.2945045310412738,
    "flatter": 0.00006139188012760366,
    "perish-song": 20.776883181971783,
    "gust": 0.000002957530641278794,
    "feather-dance": 7.679284988931344,
    "u-turn": 2.637461554219427,
    "air-slash": 2.8268874413520573,
    "sucker-punch": 1.0270740299161276,
    "night-shade": 0.6362422624976785,
    "whirlwind": 0.33533465580907673,
    "drill-peck": 0.3965684788160176,
    "screech": 1.424810738187691,
    "nasty-plot": 1.1602212079964147e-8,
    "scary-face": 2.145729940115567,
    "sleep-talk": 0.00003863926240726956,
    "heat-wave": 0.8568369244245377,
    "confuse-ray": 0.08080708865227093,
    "mean-look": 0.6711312018835985,
    "facade": 4.996003610813204e-16,
    "tera-blast": 0.000002298914202780722,
    "uproar": 0.0006904816757509757,
    "torment": 0.0024626190999886832,
    "shadow-ball": 0,
    "acrobatics": 0,
    "substitute": 0.031693160444884905,
    "dual-wingbeat": 0.00011237808764019697,
    "": 1.1701653201967588e-8,
    "mud-slap": 2.1733481236907437e-8,
    "psychic-noise": 0.022520713074225263,
    "astonish": 0.19320746743385153,
    "air-cutter": 0.009775957426396586,
    "psychic": 0,
    "endure": 0.00002511967182639019,
    "assurance": 0,
    "hex": 0.2227317535757184,
    "thief": 0,
    "giga-impact": 1.9222956559872273e-12,
    "lash-out": 9.193756866920921e-13
  },
  "teras": {
    "ghost": 178.31770544204252,
    "dark": 58.67251760676342,
    "steel": 245.07816715463608,
    "grass": 7.755768108624154,
    "fairy": 2.9331277389478494,
    "ground": 1.245862799909259,
    "flying": 6.207633329119544,
    "poison": 20.90116168598778,
    "ice": 0.00023734929074087363,
    "normal": 0.07889077724835558,
    "fire": 2.036440063168563,
    "water": 0.020055900492189638,
    "electric": 0.04440183013085419,
    "stellar": 0.05060959144701782,
    "bug": 0.01940957296140111,
    "dragon": 0.04441934179658408,
    "fighting": 0.0019172548808607526,
    "rock": 0.00000472558535646872
  },
  "spreads": [
    {
      "nature": "careful",
      "usage": "33.0",
      "evs": {
        "hp": 252,
        "atk": 4,
        "def": 108,
        "spa": 0,
        "spd": 140,
        "spe": 4
      }
    },
    {
      "nature": "calm",
      "usage": "6.3",
      "evs": {
        "hp": 252,
        "atk": 0,
        "def": 4,
        "spa": 0,
        "spd": 252,
        "spe": 0
      }
    },
    {
      "nature": "impish",
      "usage": "5.8",
      "evs": {
        "hp": 252,
        "atk": 0,
        "def": 252,
        "spa": 0,
        "spd": 4,
        "spe": 0
      }
    },
    {
      "nature": "bold",
      "usage": "5.6",
      "evs": {
        "hp": 252,
        "atk": 0,
        "def": 252,
        "spa": 0,
        "spd": 4,
        "spe": 0
      }
    },
    {
      "nature": "timid",
      "usage": "4.6",
      "evs": {
        "hp": 252,
        "atk": 0,
        "def": 0,
        "spa": 0,
        "spd": 4,
        "spe": 252
      }
    },
    {
      "nature": "calm",
      "usage": "4.4",
      "evs": {
        "hp": 252,
        "atk": 0,
        "def": 148,
        "spa": 0,
        "spd": 92,
        "spe": 16
      }
    },
    {
      "nature": "careful",
      "usage": "2.6",
      "evs": {
        "hp": 252,
        "atk": 4,
        "def": 52,
        "spa": 0,
        "spd": 60,
        "spe": 140
      }
    },
    {
      "nature": "bold",
      "usage": "2.3",
      "evs": {
        "hp": 196,
        "atk": 0,
        "def": 172,
        "spa": 0,
        "spd": 140,
        "spe": 0
      }
    },
    {
      "nature": "bold",
      "usage": "2.2",
      "evs": {
        "hp": 252,
        "atk": 0,
        "def": 244,
        "spa": 0,
        "spd": 12,
        "spe": 0
      }
    },
    {
      "nature": "bold",
      "usage": "2.2",
      "evs": {
        "hp": 196,
        "atk": 0,
        "def": 140,
        "spa": 0,
        "spd": 172,
        "spe": 0
      }
    }
  ],
  "teammates": {
    "3": 0.005480046693170759,
    "6": 0.1059903669257975,
    "7": 0,
    "9": 0.35348812924277967,
    "25": 0.09391600589840488,
    "26": 0.48787068248530135,
    "35": 0.5214565704248539,
    "36": 1.446509468176882,
    "38": 0.1004198294219863,
    "39": 0,
    "44": 1.5631866190357613e-8,
    "45": 0.20864838754269022,
    "49": 0.000026025834717002816,
    "50": 0,
    "51": 0.0014483995174952025,
    "53": 5.9396931817445875e-15,
    "55": 0.6089770877163156,
    "57": 5.470501185378396e-8,
    "59": 0.35214935316353396,
    "62": 2.3637570611967362e-7,
    "76": 0.010101163135189162,
    "80": 0,
    "85": 0.0000031470669161204334,
    "86": 0,
    "87": 0.000024506311635308364,
    "91": 0.013496845739644936,
    "92": 0.02920267607783006,
    "93": 0.0010495510465911018,
    "94": 9.248288402384938,
    "97": 1.0951944887606027,
    "101": 0.00033315561575664177,
    "103": 0.032508867238251304,
    "106": 0,
    "107": 0.0000010424585550339316,
    "110": 3.6672272070197276,
    "112": 0.005456001293568213,
    "123": 0.1629953049231253,
    "125": 0.046061456497411946,
    "126": 0.008531069798091206,
    "130": 1.0096432041779044,
    "131": 0.00009851516271491834,
    "132": 0.07517372021922691,
    "134": 1.17695742041235e-10,
    "135": 0.025186072655099145,
    "137": 0.005129509553812306,
    "143": 0.33591464103870267,
    "144": 0.26169040209234684,
    "145": 1.6354104680792116,
    "146": 0.000011150991172270697,
    "149": 13.190815818659459,
    "157": 0.05675070436938129,
    "160": 0.1416750756120182,
    "162": 3.0203689549423984e-10,
    "168": 0.00005686424049317074,
    "173": 0,
    "181": 0.27909889914711505,
    "182": 2.315592162460689e-12,
    "183": 0.0010495510465911018,
    "184": 0.34480200426516877,
    "185": 0.000005079850153300036,
    "186": 0.4440783573134474,
    "189": 0.00000427389689816593,
    "190": 2.653662289908709e-10,
    "195": 0.000005079850153300036,
    "196": 0.000027181195837888694,
    "197": 0.003097534273748259,
    "199": 0.000005079850153300036,
    "203": 0.06012265824470803,
    "205": 0,