{
  "id": "977",
  "name": "Dondozo",
  "format_id": "showdown_gen9vgc2026regf-1630",
  "usage_metrics": {
    "raw": 97589,
    "base_weight": 18804.55759574687,
    "percent": 6.2134140828641975
  },
  "items": {
    "clear-amulet": 843.582917650049,
    "sitrus-berry": 114.66392361040873,
    "covert-cloak": 2759.0250671337817,
    "safety-goggles": 40.49402676404064,
    "leftovers": 10153.182529656733,
    "rocky-helmet": 4483.758628853422,
    "life-orb": 83.79044130664539,
    "assault-vest": 55.125804676706714,
    "lum-berry": 8.541533728882147,
    "nothing": 0.899445973525852,
    "chesto-berry": 14.237181970329027,
    "damp-rock": 0.042501016855639506,
    "choice-band": 79.08243577157256,
    "focus-sash": 0.013920988828825642,
    "water-stone": 0.00015134103884079098,
    "ability-shield": 0.6908247397861472,
    "mirror-herb": 7.161504722574819e-10,
    "weakness-policy": 21.330724368429994,
    "scope-lens": 2.432364032411982e-9,
    "mystic-water": 0.2910354706800978,
    "eject-button": 0,
    "psychic-seed": 0.000001993438683844939,
    "shell-bell": 0.009683384207524848,
    "splash-plate": 0.000010550077363946642,
    "figy-berry": 2.950942911686832,
    "electric-seed": 7.690215159672498e-7,
    "blunder-policy": 0,
    "bright-powder": 133.23988694059193,
    "muscle-band": 0.027053763049353252,
    "metronome": 0.2551449514315724,
    "grassy-seed": 0.1068980508587491,
    "earth-plate": 0.03320339243941134,
    "choice-specs": 0.5880780776339836,
    "room-service": 0.0829107854914094,
    "dragon-fang": 2.0308703435611974e-7,
    "expert-belt": 0.009813119902948753,
    "wide-lens": 0.0012291674638083006,
    "zoom-lens": 9.602463363345137e-8,
    "aguav-berry": 0.09271936214739518,
    "mental-herb": 0.12315032190867398,
    "razor-claw": 5.624516780247051,
    "iron-ball": 0.039733815432078046,
    "quick-claw": 0.004354315404716813,
    "punching-glove": 2.6140586852179517,
    "wacan-berry": 0,
    "leppa-berry": 0,
    "salac-berry": 9.146328139308935e-11,
    "misty-seed": 0,
    "heavy-duty-boots": 0.00022259939540303364,
    "maranga-berry": 0.0008866808854445241,
    "black-belt": 2.439271562515444e-10,
    "pecha-berry": 7.771561172376096e-16,
    "air-balloon": 4.884981308350689e-15,
    "payapa-berry": 0,
    "flame-orb": 4.608198655997597e-9
  },
  "abilities": {
    "unaware": 9792.70135969088,
    "oblivious": 9005.358231232982,
    "water-veil": 6.498004823010586
  },
  "moves": {
    "protect": 18196.08431579098,
    "wave-crash": 15658.370617083474,
    "order-up": 14910.909600273133,
    "earthquake": 13666.83055026789,
    "liquidation": 547.9972624841303,
    "rock-slide": 566.3885133888399,
    "tera-blast": 755.2885679442035,
    "sleep-talk": 262.9219150537495,
    "substitute": 2523.462985224062,
    "rest": 510.63374087827015,
    "body-press": 2536.578082600709,
    "yawn": 2373.471269997394,
    "heavy-slam": 1313.5400827759129,
    "curse": 17.75962941100106,
    "fissure": 655.2713995520925,
    "ice-fang": 13.939613502040496,
    "stomping-tantrum": 57.76552457964184,
    "noble-roar": 0.04443753120271443,
    "waterfall": 114.32293588050278,
    "crunch": 63.73252299726205,
    "avalanche": 12.181463055588925,
    "outrage": 0.9872509527771254,
    "chilling-water": 0.060027700981658105,
    "facade": 0.9493749464086547,
    "bulldoze": 18.46605490753107,
    "surf": 377.4433951645226,
    "zen-headbutt": 12.742984809153551,
    "aqua-tail": 6.8913543191047655,
    "rain-dance": 0.6897364238785137,
    "dive": 7.328178491846199,
    "soak": 9.904878272910025,
    "body-slam": 1.0489613511959077,
    "hydro-pump": 6.737535960098131,
    "take-down": 0,
    "double-edge": 4.794851966460409,
    "hyper-beam": 0.5637314497604914,
    "": 9.462909339663366,
    "flail": 0.021331657486912237,
    "tickle": 2.6373987236643353,
    "water-pulse": 0.005194214169544575,
    "giga-impact": 0,
    "scary-face": 0.00020206378994630514
  },
  "teras": {
    "grass": 12774.988663456043,
    "ghost": 247.96586390106052,
    "flying": 567.1658837882562,
    "dragon": 1689.6353016710677,
    "water": 75.11878772320156,
    "steel": 715.9347052662173,
    "fairy": 2068.546135935043,
    "fire": 205.20001881603702,
    "ground": 151.30995660779828,
    "poison": 149.34167121101456,
    "electric": 10.926231858599913,
    "fighting": 11.70824237471102,
    "normal": 0.08801605387853667,
    "ice": 12.819963447209114,
    "bug": 56.5309869103012,
    "stellar": 0.035229916050184384,
    "dark": 67.13013100540691,
    "rock": 0.0021290299191980555,
    "psychic": 0.10967677510321555
  },
  "spreads": [
    {
      "nature": "Jolly",
      "usage": "8.3",
      "evs": {
        "hp": 4,
        "atk": 148,
        "def": 4,
        "spa": 0,
        "spd": 100,
        "spe": 252
      }
    },
    {
      "nature": "Jolly",
      "usage": "5.6",
      "evs": {
        "hp": 0,
        "atk": 252,
        "def": 0,
        "spa": 0,
        "spd": 4,
        "spe": 252
      }
    },
    {
      "nature": "Adamant",
      "usage": "5.3",
      "evs": {
        "hp": 4,
        "atk": 236,
        "def": 36,
        "spa": 0,
        "spd": 220,
        "spe": 12
      }
    },
    {
      "nature": "Jolly",
      "usage": "4.9",
      "evs": {
        "hp": 4,
        "atk": 252,
        "def": 0,
        "spa": 0,
        "spd": 0,
        "spe": 252
      }
    },
    {
      "nature": "Impish",
      "usage": "3.6",
      "evs": {
        "hp": 244,
        "atk": 4,
        "def": 36,
        "spa": 0,
        "spd": 220,
        "spe": 4
      }
    },
    {
      "nature": "Jolly",
      "usage": "3.0",
      "evs": {
        "hp": 4,
        "atk": 244,
        "def": 4,
        "spa": 0,
        "spd": 4,
        "spe": 252
      }
    },
    {
      "nature": "Careful",
      "usage": "2.2",
      "evs": {
        "hp": 252,
        "atk": 0,
        "def": 116,
        "spa": 0,
        "spd": 140,
        "spe": 0
      }
    },
    {
      "nature": "Adamant",
      "usage": "1.7",
      "evs": {
        "hp": 164,
        "atk": 76,
        "def": 4,
        "spa": 0,
        "spd": 252,
        "spe": 12
      }
    },
    {
      "nature": "Impish",
      "usage": "1.6",
      "evs": {
        "hp": 4,
        "atk": 4,
        "def": 196,
        "spa": 0,
        "spd": 148,
        "spe": 156
      }
    },
    {
      "nature": "Adamant",
      "usage": "1.5",
      "evs": {
        "hp": 92,
        "atk": 156,
        "def": 4,
        "spa": 0,
        "spd": 4,
        "spe": 252
      }
    }
  ],
  "teammates": {
    "3": 0.04239633988038888,
    "6": 0.0003718033436629353,
    "9": 0.029672206553949754,
    "24": 2.6958204280003173e-8,
    "25": 67.71220222195208,
    "26": 6.621596597614697,
    "35": 0.9108788782534344,
    "36": 18.740867730942238,
    "38": 5.215129779304899,
    "40": 0.036190636030956624,
    "45": 0,
    "48": 0.43099354520932726,
    "49": 0.09241902249052808,
    "51": 0.04429125197905115,
    "54": 0.017063469829158295,
    "55": 0.7114941644752911,
    "57": 0.050817491861829545,
    "59": 2.284383533006268,
    "62": 0.00010857443843115266,
    "70": 0,
    "73": 0.00458993079042852,
    "76": 0.3832136187901388,
    "80": 0.00426702478443769,
    "85": 0,
    "86": 0,
    "87": 1.7275298580653078,
    "89": 1.6653345369377348e-15,
    "91": 0.00018746469990194026,
    "93": 55.56027906157433,
    "94": 32.93179030122778,
    "96": 0,
    "97": 0.014388980007361829,
    "101": 0.19796932722016747,
    "103": 1.5277489384679654e-8,
    "107": 0.00002902944607985347,
    "109": 0.13306554894820488,
    "110": 987.1683023985672,
    "112": 8.157277819886843e-8,
    "113": 0.013244070758756388,
    "123": 1.7441187941307608,
    "125": 24.452075490131488,
    "126": 0.49409993421786746,
    "129": 0.8195805019769438,
    "130": 11.94535545399415,
    "131": 1.7382470182282126,
    "132": 0.6712587067849056,
    "134": 0.000013331693136664491,