{
  "id": "10193",
  "name": "Calyrex Ice",
  "format_id": "showdown_gen9ubers-1760",
  "usage_metrics": {
    "raw": 22538,
    "base_weight": 2838.459030269183,
    "percent": 8.325514388090577
  },
  "items": {
    "assault-vest": 9.902009678124397,
    "choice-band": 704.0300434250763,
    "custap-berry": 24.663520565891677,
    "heavy-duty-boots": 1179.7123727792862,
    "never-melt-ice": 43.67773349896757,
    "icicle-plate": 15.285137001445825,
    "leftovers": 152.12451360016638,
    "weakness-policy": 226.62137915515157,
    "life-orb": 73.71647479839491,
    "loaded-dice": 1.6045613140251975,
    "rocky-helmet": 0.18435774553813256,
    "chesto-berry": 0.13794579644894622,
    "lum-berry": 197.4070061057753,
    "choice-scarf": 8.520695682744176,
    "focus-sash": 21.786632253849312,
    "clear-amulet": 2.4934599753414823,
    "sitrus-berry": 1.111795090172965,
    "iron-ball": 0.7527013036257933,
    "expert-belt": 1.349372842652101,
    "covert-cloak": 0.027746043682483013,
    "nothing": 0.18105191700364315,
    "power-herb": 0.8971616153305502,
    "safety-goggles": 0.002213545869172051,
    "mental-herb": 0.019635698214779396,
    "air-balloon": 0.00827103411219171,
    "muscle-band": 0.024079231890899166,
    "quick-claw": 1.8792263679250851,
    "rawst-berry": 0.08168486820526477,
    "occa-berry": 167.62661862400492,
    "white-herb": 7.816756101286515e-7,
    "ability-shield": 0,
    "mirror-herb": 0.317904230217485,
    "choice-specs": 0.24172441874134026,
    "icy-rock": 0.0002701102388349974,
    "mind-plate": 0,
    "protective-pads": 0.000016386649292376987,
    "blunder-policy": 0.125551046188153,
    "colbur-berry": 2.385421249417874e-9,
    "red-card": 0.5959737433741568,
    "room-service": 0.4223002699499145,
    "heat-rock": 0.0002875627019242599,
    "scope-lens": 0.014996861159410402,
    "pecha-berry": 0.01613761875052966,
    "wiki-berry": 0.004067602968786388,
    "shell-bell": 0.10155399909185664,
    "focus-band": 0.0007407701053003812,
    "salac-berry": 0.08286583571566536,
    "metronome": 0.4406085035964599,
    "iapapa-berry": 0.00037511156885189356,
    "flame-orb": 0.0006586049907422731,
    "psychic-seed": 0,
    "eviolite": 0.00005446821037163874,
    "light-clay": 0.12683569886955648,
    "leppa-berry": 0.13603953318650136,
    "leaf-stone": 0.0006655468064593606,
    "adrenaline-orb": 3.1469096772873684e-9
  },
  "abilities": {
    "as-one-glastrier": 2838.459030269183
  },
  "moves": {
    "glacial-lance": 2836.6117417991827,
    "high-horsepower": 2580.1713784461917,
    "seed-bomb": 302.73540357716865,
    "crunch": 34.59262823530547,
    "close-combat": 590.7503217759548,
    "zen-headbutt": 241.3591398478817,
    "icicle-spear": 140.48548769311216,
    "outrage": 0.29558619340320663,
    "trick-room": 2287.568090344213,
    "swords-dance": 1576.8362147215325,
    "blizzard": 0.07234376616674643,
    "leaf-storm": 0.12402977853275876,
    "curse": 39.66217323304093,
    "agility": 18.332634455759298,
    "throat-chop": 18.148924085597972,
    "stored-power": 1.0051925958265429e-10,
    "protect": 3.5948086372919676,
    "encore": 2.0272795433406134,
    "bullet-seed": 28.407956556499247,
    "trailblaze": 1.510294700296091,
    "psychic": 0.19549326091144664,
    "icicle-crash": 0.2828906159049586,
    "avalanche": 0.10659181626459319,
    "future-sight": 0.030968088635438984,
    "expanding-force": 0.23190062990821808,
    "trick": 347.20936640741866,
    "facade": 3.821440211583677,
    "leech-seed": 5.256426244348614,
    "stomping-tantrum": 4.998176589178498,
    "rest": 0.5542773342694174,
    "calm-mind": 0.14954951605199085,
    "solar-blade": 3.1787311177642037,
    "taunt": 5.050689692174874,
    "body-slam": 2.216538713591078,
    "substitute": 3.0085421464085287,
    "double-edge": 0.8900489446386328,
    "bulldoze": 0.5278963783729136,
    "body-press": 6.16304455418782,
    "metronome": 3.375845081237425,
    "": 1.6380211267506866,
    "draining-kiss": 0.5961175293059608,
    "tera-blast": 220.3411393087761,
    "heavy-slam": 33.277968138804674,
    "snowscape": 0.001352200898026401,
    "iron-defense": 0.4751121395025268,
    "psych-up": 0.00032374258776740605,
    "light-screen": 0.18265807719387206,
    "giga-drain": 0.23758461858601854,
    "energy-ball": 1.9388214889013824,
    "roar": 1.0164898687951864,
    "ice-beam": 0.026191659288050007,
    "psyshock": 0.06142893093632429,
    "endure": 2.426391181616293,
    "lash-out": 0.24838750911798724,
    "take-down": 6.245990183395556e-7,
    "solar-beam": 0,
    "reflect": 0.1356643526987089,
    "thrash": 0,
    "smart-strike": 0.042298124674456594,
    "sunny-day": 0.07573362226689473,
    "icy-wind": 0.39283876933756295,
    "psybeam": 0.0002701102388349974,
    "double-kick": 0.10476277228265957,
    "giga-impact": 0.0031139812729080174,
    "snarl": 0.00013149618666741247,
    "grass-knot": 0.004476909985115518,
    "heal-pulse": 0,
    "sleep-talk": 0.06750210710762022,
    "life-dew": 9.404219715181128e-7,
    "growth": 0.0002875627019242599,
    "gravity": 0.0000010545317475907368,
    "grassy-terrain": 0.0028382863166966366,
    "mist": 0.000984840951434196,
    "confusion": 0,
    "pollen-puff": 0.002373266709154165,
    "imprison": 0,
    "tail-whip": 0,
    "psychic-terrain": 0
  },
  "teras": {
    "fire": 1361.0595062249308,
    "water": 170.45303248838894,
    "poison": 0.00027078419926085395,
    "ground": 56.71353184809877,
    "psychic": 20.93263589293965,
    "ghost": 3.180216915302224,
    "ice": 771.5772393017199,
    "grass": 98.6602636388367,
    "dark": 6.735787967537779,
    "fairy": 4.566931844460792,
    "fighting": 109.5814420050286,
    "flying": 16.05373986648227,
    "electric": 205.95638446669713,
    "steel": 11.291168539655892,
    "normal": 1.1061352157705184,
    "dragon": 0.20554704040694877,
    "stellar": 0.3851381631270768,
    "bug": 8.464211259662235e-8,
    "rock": 0.00005798097778852984
  },
  "spreads": [
    {
      "nature": "Brave",
      "usage": "42.8",
      "evs": {
        "hp": 248,
        "atk": 252,
        "def": 0,
        "spa": 0,
        "spd": 8,
        "spe": 0
      }
    },
    {
      "nature": "Brave",
      "usage": "20.5",
      "evs": {
        "hp": 252,
        "atk": 252,
        "def": 4,
        "spa": 0,
        "spd": 0,
        "spe": 0
      }
    },
    {
      "nature": "Brave",
      "usage": "7.1",
      "evs": {
        "hp": 252,
        "atk": 252,
        "def": 0,
        "spa": 0,
        "spd": 4,
        "spe": 0
      }
    },
    {
      "nature": "Brave",
      "usage": "6.4",
      "evs": {
        "hp": 248,
        "atk": 252,
        "def": 8,
        "spa": 0,
        "spd": 0,
        "spe": 0
      }
    },
    {
      "nature": "Brave",
      "usage": "3.8",
      "evs": {
        "hp": 80,
        "atk": 252,
        "def": 176,
        "spa": 0,
        "spd": 0,
        "spe": 0
      }
    },
    {
      "nature": "Adamant",
      "usage": "3.6",
      "evs": {
        "hp": 248,
        "atk": 252,
        "def": 0,
        "spa": 0,
        "spd": 8,
        "spe": 0
      }
    },
    {
      "nature": "Brave",
      "usage": "2.4",
      "evs": {
        "hp": 248,
        "atk": 252,
        "def": 0,
        "spa": 8,
        "spd": 0,
        "spe": 0
      }
    },
    {
      "nature": "Brave",
      "usage": "2.1",
      "evs": {
        "hp": 232,
        "atk": 252,
        "def": 0,
        "spa": 0,
        "spd": 24,
        "spe": 0
      }
    },
    {
      "nature": "Brave",
      "usage": "2.1",
      "evs": {
        "hp": 252,
        "atk": 252,
        "def": 0,
        "spa": 0,
        "spd": 0,
        "spe": 0
      }
    },
    {
      "nature": "Adamant",
      "usage": "1.9",
      "evs": {
        "hp": 248,
        "atk": 252,
        "def": 0,
        "spa": 0,
        "spd": 0,
        "spe": 8
      }
    }
  ],
  "teammates": {
    "3": 0.042978224785558294,
    "5": 1.633535834377753e-8,