{
  "id": "10239",
  "name": "Zoroark hisuian",
  "format_id": "showdown_gen9ubers-1760",
  "usage_metrics": {
    "raw": 5198,
    "base_weight": 9.933025931816625,
    "percent": 1.9201359388275279
  },
  "roles": [
    {
      "role": "role_sweeper_special",
      "label": "Special Sweeper",
      "category": "OFF"
    },
    {
      "role": "role_setup",
      "label": "Setup Sweeper",
      "category": "OFF"
    }
  ],
  "items": {
    "assault-vest": 0.015399890590997778,
    "choice-specs": 0.2851458380100736,
    "choice-scarf": 1.7795101901445038,
    "life-orb": 0.7033666714002026,
    "leftovers": 0.09909302684836296,
    "focus-sash": 3.5677559648689567,
    "heavy-duty-boots": 0.31141821868271374,
    "blunder-policy": 0,
    "expert-belt": 0.007187743972294047,
    "throat-spray": 0.14541304918831993,
    "silk-scarf": 2.7838117114187084,
    "razor-claw": 0,
    "nothing": 1.8325785333672684e-11,
    "red-card": 0.000013146561011645463,
    "toxic-orb": 0.000016984180651991032,
    "colbur-berry": 0.000040369170559495515,
    "air-balloon": 0.10213887105625369,
    "loaded-dice": 0,
    "wise-glasses": 0.00006701527856017853,
    "salac-berry": 0.00029084376481375296,
    "rocky-helmet": 0.0014219981851870123,
    "ability-shield": 0.000009145712645874937,
    "spell-tag": 0.00004039818420897845,
    "chesto-berry": 0.0005584552438538948,
    "shuca-berry": 0,
    "choice-band": 0.00024066891841162397,
    "weakness-policy": 0.017841641087425697,
    "spooky-plate": 0.0016044702181137738,
    "quick-claw": 0.0003984696182926517,
    "adrenaline-orb": 5.899580823864881e-10,
    "starf-berry": 0,
    "black-glasses": 0.00007085945159251983,
    "eject-pack": 0,
    "aguav-berry": 0,
    "normal-gem": 1.8776830090772023e-10,
    "petaya-berry": 0.009734261456891213,
    "flame-orb": 0.0028382863166966366,
    "power-herb": 5.114169331910112e-7,
    "covert-cloak": 0.00003506170268197106,
    "metronome": 0.00034785230251638266,
    "lum-berry": 6.086884429823414e-7,
    "wide-lens": 0.012151394920169922,
    "scope-lens": 0,
    "mental-herb": 3.2208353761831177e-9,
    "dread-plate": 0.0007741881288979013,
    "figy-berry": 9.107714582512472e-13,
    "sitrus-berry": 0.007601288694890462,
    "clear-amulet": 5.551115123125783e-17,
    "dusk-ball": 0,
    "black-sludge": 0.07668683241397439,
    "shell-bell": 0
  },
  "abilities": {
    "illusion": 9.933025931816625
  },
  "moves": {
    "flamethrower": 5.8290916750827595,
    "extrasensory": 0.49907953749826006,
    "dark-pulse": 0.9317113021991789,
    "bitter-malice": 7.50304679773411,
    "trick": 1.671490690147714,
    "shadow-ball": 2.221179995878807,
    "psychic": 0.37641405403193984,
    "hyper-voice": 5.5705785016842695,
    "nasty-plot": 6.207761187151093,
    "focus-blast": 3.2409109308975754,
    "substitute": 0.05403496198084168,
    "icy-wind": 0.023899661999810973,
    "taunt": 0.1213693592491682,
    "sludge-bomb": 0.12082600345924799,
    "u-turn": 1.0925517314972282,
    "hyper-beam": 1.4643157879594395,
    "focus-punch": 0.0001488506758019481,
    "poltergeist": 0.07922465249158328,
    "knock-off": 0.24967302802261926,
    "protect": 0.07757740426740817,
    "fake-tears": 0.0066440913863714535,
    "confuse-ray": 0.0066440913869165175,
    "will-o-wisp": 0.4681830944389338,
    "snarl": 0.00006707468354916202,
    "tera-blast": 0.5773907446467936,
    "hex": 0.03067083740209786,
    "shadow-sneak": 0.2000472192564171,
    "phantom-force": 0.001170525300713987,
    "swords-dance": 0.01759372216046562,
    "brick-break": 0.06363192994188688,
    "crunch": 0.000008624491246611576,
    "burning-jealousy": 0.006161392364444018,
    "calm-mind": 0.04608962812929296,
    "grass-knot": 0.12309353748085644,
    "agility": 0.0003361758846529561,
    "foul-play": 0.06389013302167296,
    "body-slam": 0.01695652464138897,
    "pain-split": 0.10650030504645541,
    "skitter-smack": 0.000011853271609352234,
    "torment": 0.000011853271609352234,
    "curse": 0.005983099192228003,
    "memento": 0.32222270307394674,
    "": 9.937217715361157e-12,
    "rest": 0.0006293340672351988,
    "facade": 0.011355458118327555,
    "spite": 0,
    "thief": 0,
    "scary-face": 0,
    "night-shade": 0.0275098378504946,
    "low-kick": 0.009940452867882199,
    "roar": 0.00012663180510036343,
    "hone-claws": 0.00011125763580127623,
    "sleep-talk": 6.649598696673031e-7,
    "detect": 0.15547871689350312,
    "shadow-claw": 0.12771413184320068,
    "comeuppance": 1.3287038136411411e-11,
    "throat-chop": 0,
    "lash-out": 9.107714582512472e-13,
    "giga-impact": 0,
    "scratch": 0,
    "dig": 0.001041953714464916,
    "helping-hand": 0,
    "aerial-ace": 1.3103986895579567e-8
  },
  "teras": {
    "fairy": 2.0762770435524565,
    "normal": 5.376673962147986,
    "ghost": 0.8947122439183736,
    "fighting": 1.0519480591480275,
    "psychic": 0.0017679010576550636,
    "steel": 0.13044377321513717,
    "stellar": 0.029054367405934645,
    "dark": 0.1864695801149246,
    "water": 0,
    "fire": 0.16273799717897447,
    "electric": 0.00030458394589327753,
    "poison": 0.02068149659133539,
    "bug": 0.0010759771427147902,
    "grass": 4.5962850114822373e-7,
    "rock": 0.00006395611524079303,
    "flying": 0.0008145306534452224
  },
  "spreads": [
    {
      "nature": "timid",
      "usage": "49.0",
      "evs": {
        "hp": 4,
        "atk": 0,
        "def": 0,
        "spa": 252,
        "spd": 0,
        "spe": 252
      }
    },
    {
      "nature": "timid",
      "usage": "24.2",
      "evs": {
        "hp": 0,
        "atk": 0,
        "def": 0,
        "spa": 252,
        "spd": 4,
        "spe": 252
      }
    },
    {
      "nature": "modest",
      "usage": "14.5",
      "evs": {
        "hp": 252,
        "atk": 0,
        "def": 0,
        "spa": 252,
        "spd": 0,
        "spe": 0
      }
    },
    {
      "nature": "modest",
      "usage": "3.4",
      "evs": {
        "hp": 0,
        "atk": 0,
        "def": 0,
        "spa": 252,
        "spd": 4,
        "spe": 252
      }
    },
    {
      "nature": "jolly",
      "usage": "1.6",
      "evs": {
        "hp": 252,
        "atk": 4,
        "def": 0,
        "spa": 0,
        "spd": 0,
        "spe": 252
      }
    },
    {
      "nature": "modest",
      "usage": "1.2",
      "evs": {
        "hp": 4,
        "atk": 0,
        "def": 0,
        "spa": 252,
        "spd": 0,
        "spe": 252
      }
    },
    {
      "nature": "hardy",
      "usage": "1.1",
      "evs": {
        "hp": 0,
        "atk": 0,
        "def": 0,
        "spa": 252,
        "spd": 0,
        "spe": 252
      }
    },
    {
      "nature": "modest",
      "usage": "0.9",
      "evs": {
        "hp": 0,
        "atk": 0,
        "def": 0,
        "spa": 252,
        "spd": 0,
        "spe": 252
      }
    },
    {
      "nature": "hasty",
      "usage": "0.8",
      "evs": {
        "hp": 0,
        "atk": 4,
        "def": 0,
        "spa": 252,
        "spd": 0,
        "spe": 252
      }
    },
    {
      "nature": "hasty",
      "usage": "0.8",
      "evs": {
        "hp": 252,
        "atk": 4,
        "def": 0,
        "spa": 0,
        "spd": 0,
        "spe": 252
      }
    }
  ],
  "teammates": {
    "3": 0.13046596462371945,
    "6": 0.006448092802124605,
    "9": 6.865421352530987e-7,
    "24": 0,
    "25": 0.00006436401571829897,
    "26": 0.000007594171284319717,
    "35": 0,
    "36": 0.11835902124034298,
    "38": 1.2618633915550959e-10,
    "40": 0.00006229267261365079,
    "49": 0.00006435006980504143,
    "53": 0,
    "59": 0,
    "62": 0.10148864298480159,
    "76": 0.00017670615510362309,
    "80": 0.00029156151755777016,
    "89": 0.00027821280255069247,
    "91": 0.028707888683442984,
    "93": 0.000004674146880268015,
    "94": 0.07214892640056508,
    "97": 5.551115123125783e-17,
    "101": 0,
    "103": 0,
    "106": 5.585586569933909e-7,
    "107": 0.00017670615510362309,