{
  "id": "967",
  "name": "Cyclizar",
  "format_id": "showdown_gen9ubers-1760",
  "usage_metrics": {
    "raw": 5704,
    "base_weight": 99.78554488389359,
    "percent": 2.1070518266779947
  },
  "roles": [
    {
      "role": "role_sweeper_physical",
      "label": "Physical Sweeper",
      "category": "OFF"
    },
    {
      "role": "role_disruptor",
      "label": "Disruptor",
      "category": "SUP"
    },
    {
      "role": "role_speed_control",
      "label": "Speed Control",
      "category": "SUP"
    }
  ],
  "items": {
    "sitrus-berry": 2.2946611053408477,
    "focus-sash": 0.5818372878152236,
    "choice-scarf": 63.01708995969886,
    "heavy-duty-boots": 32.627415588314,
    "leftovers": 0.7162171281690008,
    "lagging-tail": 0.0027599272219957505,
    "assault-vest": 0.5388741963164881,
    "choice-band": 0.00269537390880209,
    "kebia-berry": 0.000016565189962458593,
    "shed-shell": 0.000001907690511615545,
    "life-orb": 0.00023166528527501784,
    "nothing": 4.696241284740665e-9,
    "aguav-berry": 9.043500392991177e-10,
    "dragon-fang": 1.4147016891286057e-12,
    "red-card": 0.000005560352457911755,
    "covert-cloak": 2.4160401851380797e-7,
    "iron-ball": 0,
    "loaded-dice": 0,
    "quick-claw": 0.000006603655686887588,
    "lum-berry": 0,
    "choice-specs": 7.771561172376096e-16,
    "mental-herb": 3.34313258743002e-8,
    "salac-berry": 0.000042790580582319215,
    "rocky-helmet": 0,
    "ability-shield": 0,
    "shell-bell": 0.00008912453639520201,
    "chesto-berry": 0,
    "air-balloon": 0.00006589798576117634,
    "expert-belt": 0,
    "scope-lens": 0.000001291901209787838,
    "eject-pack": 6.124092626902389e-7,
    "flame-orb": 0.0035320168842170596
  },
  "abilities": {
    "regenerator": 99.49500243394277,
    "shed-skin": 0.29054244995081613
  },
  "moves": {
    "shed-tail": 98.92086547341333,
    "rapid-spin": 96.25750884607527,
    "u-turn": 66.9713728392718,
    "dragon-claw": 1.0885800606034397,
    "protect": 0.43727654689664835,
    "endeavor": 3.111427772368497,
    "crunch": 0.037364460795455245,
    "": 0.054218282950208085,
    "taunt": 15.612933112276817,
    "knock-off": 88.23539022916583,
    "draco-meteor": 17.59085401179217,
    "dragon-tail": 0.47798032766220533,
    "shift-gear": 0.3562571794030366,
    "body-slam": 0.1994996445544553,
    "breaking-swipe": 0.06676912349177566,
    "overheat": 0.0005645861988762824,
    "trailblaze": 1.6677048630953095e-11,
    "quick-attack": 0.034456579806189935,
    "power-whip": 0.005458696380717609,
    "hyper-voice": 0.2160946944140918,
    "ice-spinner": 0.05560440958873625,
    "fire-fang": 0.014431606198641034,
    "outrage": 0.12373639888903154,
    "dragon-rush": 0.0001824210875770449,
    "rest": 0.0000199701416762621,
    "sleep-talk": 0.000014928012062931373,
    "uproar": 0.002768653083455419,
    "thunderbolt": 0.023255422902041745,
    "double-edge": 2.715091690352741,
    "iron-head": 0.06386344661830745,
    "scale-shot": 0.0016936550678530171,
    "endure": 0.00021574238043631233,
    "acrobatics": 0.01189795831098528,
    "aqua-tail": 0.009457758959481255,
    "substitute": 0.00016353154189996388,
    "facade": 0.0035320168842170596,
    "agility": 0.0017079686962388485,
    "temper-flare": 0.03471352065439359,
    "thunder-fang": 0.00250058923962293,
    "supercell-slam": 0.06693270014566999,
    "mud-shot": 6.282432075996505,
    "tera-blast": 1.779060401774224e-7,
    "dragon-pulse": 0.0006540624021182384,
    "iron-tail": 0.052279515026325885,
    "sunny-day": 0,
    "giga-impact": 0.00015450661334309723,
    "rain-dance": 0.0000023413381776138387
  },
  "teras": {
    "fairy": 4.954904190136805,
    "dragon": 33.755046638743,
    "ghost": 53.04492078467059,
    "poison": 0.09799650504476609,
    "bug": 3.705202811232766e-12,
    "steel": 6.922024412897119,
    "fire": 0.4353672368187476,
    "normal": 0.399191964654378,
    "grass": 0.000016508622474209478,
    "dark": 0.174982578662366,
    "flying": 0.000005560352457911755,
    "ice": 0.000002435113218735019,
    "stellar": 0.0001491728082591015,
    "electric": 0.0009368953660930379,
    "water": 0
  },
  "spreads": [
    {
      "nature": "naive",
      "usage": "26.2",
      "evs": {
        "hp": 252,
        "atk": 0,
        "def": 0,
        "spa": 0,
        "spd": 0,
        "spe": 252
      }
    },
    {
      "nature": "jolly",
      "usage": "23.7",
      "evs": {
        "hp": 252,
        "atk": 36,
        "def": 0,
        "spa": 0,
        "spd": 0,
        "spe": 220
      }
    },
    {
      "nature": "jolly",
      "usage": "13.5",
      "evs": {
        "hp": 248,
        "atk": 8,
        "def": 0,
        "spa": 0,
        "spd": 0,
        "spe": 252
      }
    },
    {
      "nature": "jolly",
      "usage": "9.6",
      "evs": {
        "hp": 0,
        "atk": 252,
        "def": 0,
        "spa": 0,
        "spd": 4,
        "spe": 252
      }
    },
    {
      "nature": "jolly",
      "usage": "6.3",
      "evs": {
        "hp": 252,
        "atk": 0,
        "def": 0,
        "spa": 0,
        "spd": 4,
        "spe": 252
      }
    },
    {
      "nature": "hasty",
      "usage": "6.0",
      "evs": {
        "hp": 248,
        "atk": 8,
        "def": 0,
        "spa": 0,
        "spd": 0,
        "spe": 252
      }
    },
    {
      "nature": "timid",
      "usage": "4.4",
      "evs": {
        "hp": 0,
        "atk": 0,
        "def": 0,
        "spa": 252,
        "spd": 0,
        "spe": 252
      }
    },
    {
      "nature": "hasty",
      "usage": "2.1",
      "evs": {
        "hp": 4,
        "atk": 0,
        "def": 0,
        "spa": 252,
        "spd": 0,
        "spe": 252
      }
    },
    {
      "nature": "hasty",
      "usage": "1.5",
      "evs": {
        "hp": 0,
        "atk": 252,
        "def": 0,
        "spa": 4,
        "spd": 0,
        "spe": 252
      }
    },
    {
      "nature": "jolly",
      "usage": "1.5",
      "evs": {
        "hp": 248,
        "atk": 0,
        "def": 40,
        "spa": 0,
        "spd": 80,
        "spe": 140
      }
    }
  ],
  "teammates": {
    "3": 3.425038030968608e-14,
    "6": 0.0003220105769216608,
    "8": 4.424083637766252e-7,
    "9": 0,
    "25": 0,
    "36": 0.0004296038104319444,
    "38": 3.425038030968608e-14,
    "40": 0.00006229130776180813,
    "45": 0.00009856162793259182,
    "48": 0,
    "49": 0.0000317732309143004,
    "51": 0.00021619690912044742,
    "57": 2.112408323262649e-7,
    "70": 0.0000036977778254398963,
    "71": 0,
    "76": 0,
    "80": 0.00005614721650182286,
    "84": 0,
    "91": 0.0059485252589008275,
    "94": 0.00010518482295646114,
    "106": 1.6677048630953095e-11,
    "111": 4.424083637766252e-7,
    "112": 0,
    "113": 0.00479918576232452,
    "130": 0.31147700167307574,
    "131": 0.00008890422933854891,
    "132": 31.905824890750935,
    "134": 0.29177003664588486,
    "135": 9.396539102368706e-12,
    "136": 0.011434476825926854,
    "143": 0.000584528332584433,
    "144": 0.00449688579696067,
    "145": 0.002886283681372226,
    "146": 0.0020641685160668333,
    "149": 0.6894198191594986,
    "150": 0.5343441527640949,
    "151": 0,
    "156": 0,
    "157": 0,
    "168": 0.00006869687609256658,
    "184": 0,
    "186": 0.03016324409010751,
    "195": 1.9707073691254098,
    "196": 0.000012092374382766113,
    "197": 0.021202851815203205,
    "198": 0,
    "199": 1.3189104530741957e-8,
    "205": 0.01404354929363738,
    "206": 0,
    "210": 0,
    "212": 0.00003183703739800814,
    "214": 0,
    "225": 0,
    "227": 0.001503824090194783,
    "230": 0.03314201451532667,
    "232": 0.19984112363427492,
    "233": 1.8600999462936585e-8,
    "235": 0.28456381538530523,
    "242": 3.9917048173205187,
    "248": 0.02947945218636694,
    "249": 0.15468659770887955,
    "250": 34.37699403357728,
    "254": 2.8038155469589654e-7,
    "257": 0.000015170314439594268,
    "260": 2.190236214616448e-9,
    "279": 0.003116085385801548,