{
  "id": "990",
  "name": "Iron Treads",
  "format_id": "showdown_gen9ubers-1760",
  "usage_metrics": {
    "raw": 4344,
    "base_weight": 67.05330432410456,
    "percent": 1.6046692032063832
  },
  "roles": [
    {
      "role": "role_sweeper_physical",
      "label": "Physical Sweeper",
      "category": "OFF"
    },
    {
      "role": "role_wall_special",
      "label": "Special Wall",
      "category": "DEF"
    }
  ],
  "items": {
    "booster-energy": 37.39950013050029,
    "leftovers": 9.986818814251416,
    "choice-scarf": 0.0000285789617849308,
    "air-balloon": 0.9421622982675208,
    "focus-sash": 6.523672651877943,
    "sitrus-berry": 2.4473679360870193e-8,
    "rocky-helmet": 0.125021661744878,
    "assault-vest": 10.597438017589006,
    "heavy-duty-boots": 0.9311897911896587,
    "power-herb": 0,
    "covert-cloak": 0.0005494366908003756,
    "eject-button": 0,
    "expert-belt": 3.1608076933586915e-8,
    "chople-berry": 0,
    "clear-amulet": 0.01566034707364422,
    "earth-plate": 1.0421269402982603e-10,
    "mirror-herb": 7.72715225139109e-14,
    "choice-band": 0.005680528088433556,
    "weakness-policy": 0.3865671254112848,
    "terrain-extender": 0.1390119265371692,
    "chesto-berry": 0,
    "life-orb": 0.000002959734801133429
  },
  "abilities": {
    "quark-drive": 67.05330432410456
  },
  "moves": {
    "earthquake": 60.975964499514234,
    "ice-spinner": 11.865016028928334,
    "rapid-spin": 67.03119771728136,
    "iron-head": 12.79995604893563,
    "knock-off": 44.407051264214616,
    "stealth-rock": 51.986033881791904,
    "heavy-slam": 1.5805607779206718,
    "volt-switch": 3.431524893962713,
    "high-horsepower": 0.28446838221210735,
    "steel-beam": 2.8435299473403695,
    "stone-edge": 3.3385993737576523,
    "iron-defense": 0.5251761318285804,
    "body-press": 0.33031511075808623,
    "rock-slide": 0.025898602179999397,
    "steel-roller": 0.8560402327126929,
    "supercell-slam": 0.022383460475693395,
    "tera-blast": 2.721538422401082e-8,
    "ice-fang": 0.014373597995826048,
    "protect": 0.0044425472556395285,
    "": 7.340149543733077e-9,
    "rock-tomb": 0.3253134104542021,
    "flash-cannon": 0.00001711157633604854,
    "endeavor": 2.845494862427311,
    "zen-headbutt": 0.0006265614565623134,
    "earth-power": 2.404425439060087,
    "scary-face": 0.022919442481862895,
    "megahorn": 0.0005494395198000213,
    "wild-charge": 0.028051219006246075,
    "body-slam": 0,
    "double-edge": 1.0421269402982603e-10,
    "electric-terrain": 0.17781591719605055,
    "mud-shot": 0,
    "thunder": 0.005003170014420466,
    "hard-press": 0,
    "facade": 0.000018004692869943995,
    "rest": 0.08045018480705146,
    "substitute": 0,
    "sleep-talk": 0,
    "sandstorm": 0
  },
  "teras": {
    "flying": 1.7583213916694402,
    "ground": 20.41361064512987,
    "ghost": 34.31601454352071,
    "water": 1.025109475083469,
    "grass": 1.0505418227632495,
    "electric": 0.000001723590434377087,
    "fairy": 5.114237989110636,
    "ice": 0.015645901009749996,
    "poison": 0,
    "steel": 0.6761105725955785,
    "stellar": 2.6037903999576173e-8,
    "dark": 1.5270930618124896,
    "dragon": 0.0391809951551324,
    "fighting": 0.25011198774350424,
    "bug": 0.6267645146065732,
    "fire": 0.023763799039503486,
    "psychic": 0.0006265614523058294,
    "normal": 3.5283926058671256e-8,
    "rock": 0.2161692785001867
  },
  "spreads": [
    {
      "nature": "jolly",
      "usage": "56.6",
      "evs": {
        "hp": 0,
        "atk": 252,
        "def": 0,
        "spa": 0,
        "spd": 4,
        "spe": 252
      }
    },
    {
      "nature": "careful",
      "usage": "8.6",
      "evs": {
        "hp": 252,
        "atk": 4,
        "def": 0,
        "spa": 0,
        "spd": 252,
        "spe": 0
      }
    },
    {
      "nature": "adamant",
      "usage": "4.8",
      "evs": {
        "hp": 0,
        "atk": 252,
        "def": 4,
        "spa": 0,
        "spd": 0,
        "spe": 252
      }
    },
    {
      "nature": "jolly",
      "usage": "4.3",
      "evs": {
        "hp": 0,
        "atk": 252,
        "def": 4,
        "spa": 0,
        "spd": 0,
        "spe": 252
      }
    },
    {
      "nature": "timid",
      "usage": "3.3",
      "evs": {
        "hp": 0,
        "atk": 0,
        "def": 0,
        "spa": 252,
        "spd": 4,
        "spe": 252
      }
    },
    {
      "nature": "adamant",
      "usage": "2.5",
      "evs": {
        "hp": 0,
        "atk": 252,
        "def": 0,
        "spa": 0,
        "spd": 4,
        "spe": 252
      }
    },
    {
      "nature": "jolly",
      "usage": "2.3",
      "evs": {
        "hp": 116,
        "atk": 136,
        "def": 0,
        "spa": 0,
        "spd": 4,
        "spe": 252
      }
    },
    {
      "nature": "impish",
      "usage": "1.8",
      "evs": {
        "hp": 252,
        "atk": 4,
        "def": 252,
        "spa": 0,
        "spd": 0,
        "spe": 0
      }
    },
    {
      "nature": "jolly",
      "usage": "1.7",
      "evs": {
        "hp": 4,
        "atk": 252,
        "def": 0,
        "spa": 0,
        "spd": 0,
        "spe": 252
      }
    },
    {
      "nature": "jolly",
      "usage": "1.6",
      "evs": {
        "hp": 252,
        "atk": 0,
        "def": 0,
        "spa": 0,
        "spd": 4,
        "spe": 252
      }
    }
  ],
  "teammates": {
    "3": 0.0008023374183742105,
    "6": 0.03233320976258236,
    "9": 0.04509348899939225,
    "25": 0.021438534811926313,
    "36": 0.961343109514933,
    "38": 0.0606816438082004,
    "49": 0,
    "51": 0.00862872465860215,
    "55": 0,
    "59": 1.1326632604058418e-7,
    "80": 2.037350899097845e-9,
    "91": 4.181552770710084e-9,
    "94": 0.022919442481862895,
    "106": 4.255585805967854e-8,
    "113": 0.01856574647262227,
    "130": 0.00020209381878610877,
    "132": 1.900582121001868,
    "134": 0.011142746760023858,
    "135": 0,
    "143": 0.000014615171267939875,
    "145": 0.33458656299873796,
    "146": 0.5581414441305448,
    "149": 0.9819107704498771,
    "150": 2.0270565341050433,
    "151": 0,
    "160": 0,
    "184": 0.0021270439050811163,
    "186": 0.03585101664334084,
    "195": 0.9331593765199108,
    "196": 0.8167790117246687,
    "197": 1.2705194341045e-8,
    "199": 0,
    "212": 0.010302132600596592,
    "227": 0.008758463331566435,
    "230": 0.001030205888790603,
    "232": 3.1608076933586915e-8,
    "233": 0.000004258601689954844,
    "235": 0,
    "242": 0.2942967563123674,
    "243": 0.00006820146107050507,
    "244": 0.000002731230541785923,
    "248": 0.30606841545544605,
    "249": 0.8194474904514041,
    "250": 10.45108630728149,
    "254": 7.0071726199216755e-12,
    "257": 0.0009236765326879337,
    "260": 2.273218835391333e-10,
    "272": 2.7755575615628914e-14,
    "275": 0.000050980697010538645,
    "279": 0.5151637388848416,
    "285": 0.00002074845079425014,
    "286": 0.02755756989210484,
    "324": 0.03406497207207876,
    "334": 0,
    "342": 0.0032555699631681145,
    "350": 0,
    "354": 0,
    "356": 0.0000030823810771574145,
    "357": 0.000018004674967375678,
    "373": 0.04509348900144028,
    "376": 1.0361066693498344e-7,
    "380": 0.006017812192616823,
    "382": 13.562898888792478,
    "383": 0.8163303405396861,
    "384": 0.8127839668676087,
    "385": 0.011032319407026647,
    "386": 0.00006820146107050507,
    "389": 0.000032355759400082285,
    "392": 0.000015313311706011135,
    "395": 0,
    "398": 7.471315399687484e-7,
    "411": 4.3836695384769087e-10,
    "419": 0.13047892689932777,
    "423": 0.027777078933468757,
    "437": 0.007433010301613141,
    "445": 0.060666993450380347,
    "448": 0.011140517801510597,
    "450": 1.7927083151292322e-9,
    "454": 0.0010301527500169438,
    "461": 0,
    "462": 6.4294230434081e-7,
    "466": 0.0016600098174081035,
    "469": 0,
    "472": 1.0626808871628852,
    "473": 7.406436575152497e-11,
    "474": 0.00016264115801761792,
    "478": 0.07156650347634885,