{
  "id": "998",
  "name": "Baxcalibur",
  "format_id": "showdown_gen9ubers-1760",
  "usage_metrics": {
    "raw": 7702,
    "base_weight": 35.084442867390486,
    "percent": 2.8451110043958483
  },
  "roles": [
    {
      "role": "role_sweeper_physical",
      "label": "Physical Sweeper",
      "category": "OFF"
    },
    {
      "role": "role_setup",
      "label": "Setup Sweeper",
      "category": "OFF"
    }
  ],
  "items": {
    "nothing": 0.0013018890340140699,
    "loaded-dice": 24.191250198842212,
    "heavy-duty-boots": 2.5161926349438035,
    "choice-band": 0.17610229214138878,
    "muscle-band": 2.3141851768215815e-9,
    "leftovers": 2.148706481870033,
    "never-melt-ice": 0.02769853510514897,
    "assault-vest": 0.28288282064770326,
    "focus-sash": 4.365658844761274,
    "sitrus-berry": 0.012667654350915825,
    "weakness-policy": 0.0043750854345852574,
    "life-orb": 0.587044174810902,
    "clear-amulet": 0.003976467395077787,
    "icicle-plate": 0,
    "rocky-helmet": 0.03802160727154641,
    "ability-shield": 0,
    "quick-claw": 0.00011147207915801483,
    "air-balloon": 0.001085947373098417,
    "choice-scarf": 0.2508306190775475,
    "icy-rock": 0.0000022429836264437064,
    "expert-belt": 0.012554074141548466,
    "lum-berry": 0.05401249355106097,
    "mirror-herb": 0.000007257412123207185,
    "chople-berry": 0.000002269370062035758,
    "blunder-policy": 0,
    "razor-claw": 0,
    "dragon-fang": 0.0273972051993413,
    "enigma-berry": 3.2125124782567127e-10,
    "mental-herb": 0,
    "flame-orb": 0.00007953567316476562,
    "white-herb": 0,
    "draco-plate": 0.0000025111106217168278,
    "iapapa-berry": 0.37045839548928683,
    "salac-berry": 0.000003390440609596368,
    "covert-cloak": 0,
    "aguav-berry": 0.000026308259747531704,
    "occa-berry": 0.011990455927919919,
    "adamant-crystal": 0,
    "shell-bell": 5.757838650310987e-11
  },
  "abilities": {
    "thermal-exchange": 34.83427148091481,
    "ice-body": 0.25017138647567755
  },
  "moves": {
    "icicle-spear": 24.6552077474786,
    "glaive-rush": 22.11641811509932,
    "earthquake": 28.39118356666574,
    "protect": 0.419650164120516,
    "dragon-dance": 23.938545051105528,
    "icicle-crash": 4.837889240222396,
    "dragon-tail": 0.00811969461923634,
    "freeze-dry": 0.02754148932289785,
    "ice-shard": 15.912935585264899,
    "crunch": 0.18385684125883978,
    "avalanche": 0.03407586526801931,
    "brick-break": 0.06933620496064558,
    "scale-shot": 11.675048508053425,
    "tera-blast": 0.030065814700552806,
    "swords-dance": 3.1683850710105332,
    "iron-head": 1.4202294496318024,
    "ice-fang": 0.004925231114287387,
    "dragon-claw": 0.3208185749216517,
    "substitute": 0.6920830197141137,
    "ice-beam": 0.01765084792420768,
    "high-horsepower": 0.4507953859491936,
    "aqua-tail": 0.3120492988621813,
    "draco-meteor": 0.0060917696549984135,
    "thunder-fang": 0.0009610973291178659,
    "blizzard": 0.042053674580386,
    "zen-headbutt": 0.8838485136010119,
    "dragon-pulse": 0.0015580672303856513,
    "body-press": 0.012403013360725468,
    "dragon-rush": 0.023388557922878583,
    "snowscape": 0.006573624126121058,
    "body-slam": 0.24203610785637014,
    "outrage": 0.010668630410615998,
    "scary-face": 0.009515486350564928,
    "rest": 0.000009599485231492899,
    "rain-dance": 0,
    "aerial-ace": 0.0000010346678301909051,
    "endure": 0.0014098214092944095,
    "double-edge": 0.03426149656843985,
    "dig": 0.3704583954997079,
    "facade": 0.001681075162127177,
    "sleep-talk": 9.917206644782794e-8,
    "": 0.000009918128356656286,
    "giga-impact": 0.0003359892162346223,
    "stomping-tantrum": 0.0008985743237612254,
    "icy-wind": 0,
    "dragon-cheer": 0,
    "breaking-swipe": 0.0027961539606043417,
    "focus-energy": 2.2767184804095564e-9
  },
  "teras": {
    "steel": 3.7525551675076314,
    "fairy": 7.094599037657427,
    "dragon": 9.604615140560098,
    "ground": 1.5831721833544323,
    "fire": 0.014101267362411851,
    "ghost": 6.40966613105155,
    "ice": 1.6868613337798004,
    "dark": 0,
    "poison": 0.2737847964571682,
    "bug": 0,
    "water": 0.014623557908642004,
    "stellar": 0.13538886079621315,
    "psychic": 0,
    "electric": 0.004685695455540262,
    "flying": 0.08771071155141896,
    "grass": 4.420316571274821,
    "normal": 0.0017069614819215095,
    "rock": 0,
    "fighting": 0.0006554511915439765
  },
  "spreads": [
    {
      "nature": "jolly",
      "usage": "29.1",
      "evs": {
        "hp": 0,
        "atk": 252,
        "def": 0,
        "spa": 0,
        "spd": 4,
        "spe": 252
      }
    },
    {
      "nature": "adamant",
      "usage": "25.7",
      "evs": {
        "hp": 0,
        "atk": 252,
        "def": 0,
        "spa": 0,
        "spd": 4,
        "spe": 252
      }
    },
    {
      "nature": "jolly",
      "usage": "13.4",
      "evs": {
        "hp": 0,
        "atk": 252,
        "def": 0,
        "spa": 0,
        "spd": 0,
        "spe": 252
      }
    },
    {
      "nature": "adamant",
      "usage": "9.5",
      "evs": {
        "hp": 68,
        "atk": 252,
        "def": 0,
        "spa": 0,
        "spd": 0,
        "spe": 188
      }
    },
    {
      "nature": "jolly",
      "usage": "5.0",
      "evs": {
        "hp": 4,
        "atk": 252,
        "def": 0,
        "spa": 0,
        "spd": 0,
        "spe": 252
      }
    },
    {
      "nature": "adamant",
      "usage": "5.0",
      "evs": {
        "hp": 32,
        "atk": 252,
        "def": 0,
        "spa": 0,
        "spd": 0,
        "spe": 224
      }
    },
    {
      "nature": "adamant",
      "usage": "3.1",
      "evs": {
        "hp": 4,
        "atk": 252,
        "def": 0,
        "spa": 0,
        "spd": 0,
        "spe": 252
      }
    },
    {
      "nature": "adamant",
      "usage": "1.8",
      "evs": {
        "hp": 252,
        "atk": 68,
        "def": 188,
        "spa": 0,
        "spd": 0,
        "spe": 0
      }
    },
    {
      "nature": "lonely",
      "usage": "1.1",
      "evs": {
        "hp": 0,
        "atk": 0,
        "def": 132,
        "spa": 0,
        "spd": 196,
        "spe": 180
      }
    },
    {
      "nature": "adamant",
      "usage": "1.0",
      "evs": {
        "hp": 0,
        "atk": 252,
        "def": 4,
        "spa": 0,
        "spd": 0,
        "spe": 252
      }
    }
  ],
  "teammates": {
    "3": 0.0411181812658446,
    "6": 0.010271045812556223,
    "9": 0.03298400289900044,
    "24": 1.4654943925052066e-14,
    "25": 0.021438534811926313,
    "26": 7.520300043251105e-7,
    "28": 3.5541958820495267e-9,
    "36": 0.00007528774461512677,
    "38": 0,
    "43": 9.381939669594885e-13,
    "45": 0.018904816211174957,
    "48": 0.020786502189945377,
    "51": 0.0048877866780744905,
    "59": 0.0011522595624001708,
    "62": 0.0005334495688447127,
    "73": 0,
    "76": 0.29375670762643574,
    "80": 0.000012167625287051731,
    "82": 4.8598070012673134e-11,
    "85": 0,
    "91": 0.025829829542234395,
    "94": 0.01820672357041886,
    "103": 5.392604141007951e-10,
    "106": 0.00006994177591029827,
    "112": 0,
    "113": 0.0000011326281241230696,
    "125": 0,
    "130": 0.027926136551977565,
    "131": 0.0484624309883247,
    "132": 4.3659122028545685,
    "134": 0,
    "135": 0.00035442547982617034,
    "143": 6.922240558537851e-14,
    "144": 0.3310855989540935,
    "145": 0.0036021292480664657,
    "146": 9.824191460339193e-10,
    "149": 0.633750466691779,
    "150": 0.011731541056850647,
    "151": 0.00001658847044572198,
    "154": 1.2163238194418113e-9,
    "157": 1.2163248741536847e-9,
    "160": 0.00043763845564454007,
    "164": 0.00001893344869047242,
    "171": 0.02420366871255658,
    "181": 0.00010629204705059347,
    "184": 0.0015245829429504365,
    "186": 0.000030457615671330984,
    "195": 0.00801985613724987,
    "196": 0,
    "197": 0.03292224180243708,
    "198": 0.00043352241714555984,