{
  "id": "130",
  "name": "Gyarados",
  "format_id": "showdown_gen91v1-1630",
  "usage_metrics": {
    "raw": 850,
    "base_weight": 43.82625894784585,
    "percent": 1.001272204683598
  },
  "roles": [
    {
      "role": "role_sweeper_physical",
      "label": "Physical Sweeper",
      "category": "OFF"
    },
    {
      "role": "role_setup",
      "label": "Setup Sweeper",
      "category": "OFF"
    },
    {
      "role": "role_wall_physical",
      "label": "Physical Wall",
      "category": "DEF"
    }
  ],
  "items": {
    "assault-vest": 16.046084460266112,
    "air-balloon": 0,
    "loaded-dice": 0.2469649452908066,
    "mystic-water": 0.0914287045899897,
    "nothing": 0,
    "wacan-berry": 0.868535386051602,
    "leftovers": 1.6452203834348897,
    "clear-amulet": 0.5343389379032191,
    "dragon-fang": 0,
    "life-orb": 0.05360178195574933,
    "rocky-helmet": 0.001481653079976053,
    "protective-pads": 0,
    "expert-belt": 0,
    "choice-specs": 0.05504917230482409,
    "choice-scarf": 0.4549310355246627,
    "cell-battery": 0,
    "choice-band": 13.878421422420294,
    "black-glasses": 0,
    "salac-berry": 0,
    "lum-berry": 0,
    "adrenaline-orb": 0,
    "sitrus-berry": 0.00003132146092454935,
    "persim-berry": 0.025448466551633075,
    "muscle-band": 0.46912763396334495,
    "mental-herb": 1.3309411948944732,
    "heavy-duty-boots": 0,
    "water-stone": 0,
    "metal-coat": 8.124652448153315
  },
  "abilities": {
    "intimidate": 42.927997204085685,
    "moxie": 0.8982617437601634
  },
  "moves": {
    "waterfall": 42.42551799682669,
    "iron-head": 23.296207493610904,
    "earthquake": 31.895407927392753,
    "avalanche": 28.89625343562316,
    "hydro-pump": 0.006310826744862219,
    "blizzard": 0.5705839735874888,
    "stone-edge": 14.13033859507104,
    "thunder": 0,
    "scale-shot": 0.2809000078148964,
    "ice-fang": 3.0439017148768635,
    "substitute": 2.3025780991868547,
    "aqua-tail": 0.6374598840289483,
    "crunch": 1.4737313972781536,
    "temper-flare": 1.298401807080185,
    "outrage": 1.416328265790451,
    "giga-impact": 0.006310826744862219,
    "dragon-dance": 12.099708065811502,
    "ice-beam": 0.30201498430410184,
    "dark-pulse": 0.5343389379032191,
    "thunderbolt": 0.05504917230482409,
    "surf": 0.07439394127405835,
    "hyper-beam": 0.006310826744862219,
    "double-edge": 0.09133907690877213,
    "flamethrower": 0.442999860994447,
    "dragon-pulse": 0.014098050082473002,
    "rain-dance": 0,
    "thunder-wave": 0.4658556848835519,
    "sleep-talk": 0.4658556848835519,
    "rest": 8.590508133036867,
    "endeavor": 0.004480678926018444,
    "taunt": 0.08398944610648551,
    "fire-blast": 0,
    "hurricane": 0.05504917230482409,
    "tera-blast": 0,
    "": 0,
    "dragon-tail": 0.055589804653503994,
    "lash-out": 0.000012037627032168707,
    "scald": 0.2832099809750763,
    "body-slam": 0,
    "water-pulse": 0,
    "bite": 0,
    "protect": 0,
    "dragon-cheer": 0
  },
  "teras": {
    "nothing": 43.82625894784586
  },
  "spreads": [
    {
      "nature": "careful",
      "usage": "34.6",
      "evs": {
        "hp": 252,
        "atk": 0,
        "def": 252,
        "spa": 0,
        "spd": 4,
        "spe": 0
      }
    },
    {
      "nature": "jolly",
      "usage": "31.4",
      "evs": {
        "hp": 0,
        "atk": 252,
        "def": 0,
        "spa": 0,
        "spd": 4,
        "spe": 252
      }
    },
    {
      "nature": "adamant",
      "usage": "22.6",
      "evs": {
        "hp": 0,
        "atk": 252,
        "def": 0,
        "spa": 0,
        "spd": 4,
        "spe": 252
      }
    },
    {
      "nature": "jolly",
      "usage": "3.0",
      "evs": {
        "hp": 4,
        "atk": 252,
        "def": 0,
        "spa": 0,
        "spd": 0,
        "spe": 252
      }
    },
    {
      "nature": "adamant",
      "usage": "1.9",
      "evs": {
        "hp": 4,
        "atk": 252,
        "def": 252,
        "spa": 0,
        "spd": 0,
        "spe": 0
      }
    },
    {
      "nature": "hardy",
      "usage": "1.2",
      "evs": {
        "hp": 164,
        "atk": 0,
        "def": 0,
        "spa": 172,
        "spd": 0,
        "spe": 172
      }
    },
    {
      "nature": "adamant",
      "usage": "1.1",
      "evs": {
        "hp": 60,
        "atk": 140,
        "def": 72,
        "spa": 1,
        "spd": 92,
        "spe": 143
      }
    },
    {
      "nature": "careful",
      "usage": "1.1",
      "evs": {
        "hp": 252,
        "atk": 4,
        "def": 0,
        "spa": 0,
        "spd": 252,
        "spe": 0
      }
    },
    {
      "nature": "adamant",
      "usage": "1.0",
      "evs": {
        "hp": 0,
        "atk": 252,
        "def": 0,
        "spa": 0,
        "spd": 0,
        "spe": 252
      }
    },
    {
      "nature": "hardy",
      "usage": "0.6",
      "evs": {
        "hp": 100,
        "atk": 100,
        "def": 80,
        "spa": 80,
        "spd": 70,
        "spe": 78
      }
    }
  ],
  "teammates": {
    "3": 0.0045345723341629895,
    "6": 0.0362814133659195,
    "9": 0,
    "25": 0,
    "36": 0.22021353451023573,
    "40": 0.6491193497012129,
    "59": 0,
    "76": 0.6390640038656434,
    "82": 0,
    "94": 14.396483967978924,
    "106": 8.124652448153315,
    "110": 0.053161139186348016,
    "123": 0,
    "132": 0,
    "135": 0.20031608845776389,
    "136": 0,
    "145": 23.39967227341768,
    "146": 0,
    "154": 0,
    "172": 0,
    "181": 0,
    "184": 0.000003010169877026847,
    "195": 5.40779118707313e-8,
    "196": 1.3309411948944732,
    "197": 0,
    "212": 1.8028174941409763,
    "214": 0,
    "232": 0.46912763396334495,
    "233": 0.08511486767525045,
    "245": 0,
    "248": 0.002802558691303081,
    "254": 0,
    "257": 0.03624503568426973,
    "260": 0.4549310355246627,
    "279": 0,
    "282": 0,
    "286": 0,
    "302": 1.520154106983949,
    "350": 0,
    "356": 0,
    "376": 0.011349384799314466,
    "379": 0.004480678926018444,
    "381": 0.9402872727938879,
    "392": 0,
    "395": 0.4549310355246627,
    "398": 0,
    "411": 0,
    "445": 0.021694129980941,
    "448": 0.01934476896923426,
    "462": 0,
    "466": 0,
    "472": 0,
    "475": 0,
    "477": 0.5509912912972721,
    "485": 0.8062583163304337,
    "488": 0.8434707715555225,
    "491": 2.047174446250876,
    "500": 0.006310826744862219,
    "530": 0,
    "553": 0,
    "573": 0.11542670352864065,
    "612": 0.04677475218790117,
    "623": 0,
    "645": 0,
    "646": 0,
    "658": 0,
    "693": 0,
    "700": 0.5343389379032191,
    "707": 0.37457120392371307,
    "715": 0.08511486767525045,
    "727": 0,
    "818": 0,
    "823": 0.5336421434776553,
    "858": 0.28325459023111194,
    "887": 0.7506560869679515,
    "893": 0.00000107052029968413,
    "894": 0.8374188013075727,
    "901": 0.2364439440937915,
    "905": 0.7828225558079438,
    "908": 0.2003201731388501,
    "920": 0.0337793123440846,
    "930": 2.7447874753519823,
    "934": 0.5350230613866254,
    "937": 0.025449333260104234,
    "939": 1.207561262710695,
    "956": 0.04677475218790117,
    "959": 0.35042898135491124,
    "977": 0,
    "979": 0.011349384799314466,
    "980": 0.23830167300581828,
    "984": 0.11397036543806949,
    "989": 0.16895142020137294,
    "991": 1.0088171567976465,
    "992": 1.664887629376226,
    "994": 0.6179203366333585,
    "998": 0,
    "1002": 0,
    "1003": 0.006310826744862219,
    "1005": 9.381003829646485,
    "1006": 0.8613214755571139,
    "1013": 0.6319548676100062,
    "1019": 0,
    "1022": 0,
    "1023": 1.253365970158036,
    "1025": 1.1490003639484425,
    "10021": 0.8434826762994527,
    "10113": 0.7828225558079438,
    "10186": 0,
    "10191": 0.03343008121987512,
    "10230": 0
  }
}