{
  "id": "474",
  "name": "Porygon Z",
  "format_id": "showdown_gen91v1-1630",
  "usage_metrics": {
    "raw": 2493,
    "base_weight": 325.8374923754577,
    "percent": 2.9366724779720115
  },
  "roles": [
    {
      "role": "role_sweeper_special",
      "label": "Special Sweeper",
      "category": "OFF"
    }
  ],
  "items": {
    "choice-scarf": 62.65600507913972,
    "life-orb": 61.79492935230376,
    "choice-specs": 200.54540371004353,
    "blunder-policy": 0.04193185945028838,
    "assault-vest": 0.00013191808104179303,
    "choice-band": 0.5221682257691524,
    "leftovers": 0.020683338388357064,
    "shell-bell": 0.12468001358817016,
    "magnet": 0,
    "normal-gem": 0.04650850738100243,
    "expert-belt": 3.894662370385049e-13,
    "room-service": 0.0006698823825634914,
    "silk-scarf": 0,
    "salac-berry": 0.06852742329512868,
    "chople-berry": 0,
    "power-herb": 0.015853065634443053,
    "mental-herb": 0
  },
  "abilities": {
    "download": 2.5610092479557416,
    "adaptability": 323.15680875713065,
    "analytic": 0.11967437037136053
  },
  "moves": {
    "thief": 0.02855033389856343,
    "dark-pulse": 168.33726662800214,
    "hyper-beam": 324.46957718644137,
    "giga-impact": 0.02855033389856343,
    "eerie-impulse": 57.42104803561824,
    "nasty-plot": 61.513878342210695,
    "uproar": 255.67233382101105,
    "trick": 63.809884255246104,
    "ice-beam": 101.91701830553734,
    "shadow-ball": 47.589362610497886,
    "discharge": 2.1143529362763074,
    "tri-attack": 8.359798876900692,
    "psyshock": 7.573645716920832,
    "thunderbolt": 170.57390239043744,
    "": 2.7443314771924427,
    "thunder-wave": 0.9512117408878645,
    "zap-cannon": 1.6552272438027023,
    "blizzard": 0.9138938048328252,
    "thunder": 2.571111533534595,
    "recover": 1.718432856448378,
    "substitute": 3.1305082701098446,
    "psychic": 18.708257736292072,
    "tera-blast": 0.00020069377731524174,
    "agility": 0.7673764366238727,
    "rest": 0.5221682257691524,
    "protect": 0.011347482042801227,
    "facade": 0,
    "conversion": 0.018593047892076553,
    "conversion-2": 0.14809877024084322,
    "foul-play": 0,
    "icy-wind": 0.010173221425948342,
    "trick-room": 0.0006698823825634914,
    "charge-beam": 0.0006698823825634914,
    "endure": 0.06852742329512868
  },
  "teras": {
    "nothing": 325.83749237545777
  },
  "spreads": [
    {
      "nature": "modest",
      "usage": "25.5",
      "evs": {
        "hp": 156,
        "atk": 0,
        "def": 72,
        "spa": 144,
        "spd": 0,
        "spe": 136
      }
    },
    {
      "nature": "modest",
      "usage": "18.1",
      "evs": {
        "hp": 0,
        "atk": 0,
        "def": 4,
        "spa": 252,
        "spd": 0,
        "spe": 252
      }
    },
    {
      "nature": "timid",
      "usage": "16.9",
      "evs": {
        "hp": 0,
        "atk": 0,
        "def": 0,
        "spa": 252,
        "spd": 4,
        "spe": 252
      }
    },
    {
      "nature": "modest",
      "usage": "11.3",
      "evs": {
        "hp": 0,
        "atk": 0,
        "def": 24,
        "spa": 252,
        "spd": 0,
        "spe": 232
      }
    },
    {
      "nature": "timid",
      "usage": "9.2",
      "evs": {
        "hp": 4,
        "atk": 0,
        "def": 0,
        "spa": 252,
        "spd": 0,
        "spe": 252
      }
    },
    {
      "nature": "modest",
      "usage": "5.9",
      "evs": {
        "hp": 0,
        "atk": 0,
        "def": 0,
        "spa": 252,
        "spd": 4,
        "spe": 252
      }
    },
    {
      "nature": "modest",
      "usage": "5.8",
      "evs": {
        "hp": 80,
        "atk": 0,
        "def": 252,
        "spa": 40,
        "spd": 0,
        "spe": 136
      }
    },
    {
      "nature": "modest",
      "usage": "2.7",
      "evs": {
        "hp": 4,
        "atk": 0,
        "def": 0,
        "spa": 252,
        "spd": 0,
        "spe": 252
      }
    },
    {
      "nature": "timid",
      "usage": "2.2",
      "evs": {
        "hp": 0,
        "atk": 0,
        "def": 0,
        "spa": 252,
        "spd": 0,
        "spe": 252
      }
    },
    {
      "nature": "hardy",
      "usage": "1.0",
      "evs": {
        "hp": 4,
        "atk": 0,
        "def": 0,
        "spa": 252,
        "spd": 0,
        "spe": 252
      }
    }
  ],
  "teammates": {
    "9": 0,
    "36": 0.12839064762731445,
    "76": 0.02895495943248788,
    "91": 0.2841398010067064,
    "94": 0.16681745152031258,
    "103": 0.006431897539521558,
    "106": 0.4234744964252232,
    "129": 0.00000808732677576307,
    "132": 0.00000808732677576307,
    "184": 2.0997210717951043,
    "185": 0.25755993894569545,
    "186": 0,
    "195": 0.09933421442608215,
    "196": 0.26084089523224546,
    "212": 28.174066086491433,
    "219": 0.011515839696732644,
    "227": 1.136706447122439,
    "232": 2.5440756945885834,
    "233": 0.02855033389856343,
    "235": 0.00009950662192964588,
    "242": 0.2566923197267328,
    "244": 36.78166307286518,
    "245": 2.653628611276293,
    "257": 0,
    "260": 29.48278097667351,
    "282": 0.4211724233998189,
    "286": 0.020433433285145686,
    "289": 0.4804496467710955,
    "302": 7.970029881720839,
    "342": 0.014991607711922261,
    "356": 0.0000015092998963406323,
    "376": 0.31905647729833153,
    "379": 0.8339673234964908,
    "398": 0.7222115663662637,
    "409": 0.014162856116201217,
    "423": 0.08306980775425282,
    "424": 1.33870313089435,
    "445": 57.05037213942491,
    "461": 0.6178914184030322,
    "472": 0.6921388319816157,
    "475": 0.4211724233998189,
    "477": 2.4447938118399293e-8,
    "482": 0.20600390686376263,
    "485": 1.878709076584279,
    "488": 1.7440116774429153,
    "490": 16.523238704064365,
    "491": 0.00005097506646778438,
    "547": 0.446120214199251,
    "553": 1.2335439562800552,
    "560": 0.002157912437023346,
    "586": 2.216459000531165,
    "596": 0,
    "612": 2.2893453659796426,
    "637": 9.16787302984546,
    "645": 4.9245554450066535,
    "655": 2.4720729659780556,
    "658": 7.281434614855198,
    "663": 0.795886616508986,
    "700": 10.82691294282889,
    "701": 0.0010173057015028242,
    "703": 0.004652433046762883,
    "720": 0,
    "721": 3.8494474621830994,
    "727": 9.080193440825616,
    "730": 8.396773290580311,
    "735": 0.008768631052892384,
    "738": 0.00020069377731524174,
    "750": 1.6356017494565114,
    "752": 0.8339673234964908,
    "758": 0.013889527939743795,
    "774": 0.00020069377731524174,
    "784": 0.6621257544292121,
    "812": 9.080193440825616,
    "814": 22.481126155008944,
    "823": 0.5093711612062938,
    "858": 0,
    "887": 4.116528766794652,
    "892": 13.960867697208212,
    "893": 0.0032884704384036345,
    "894": 0.040769684856872934,
    "897": 5.2496990629982285,
    "900": 0,
    "901": 1.7976940283497171,
    "902": 18.94042215045992,
    "903": 6.2634750717782435,
    "908": 6.242500750923103,
    "911": 3.727830572965914,
    "920": 0.2926441559129271,
    "925": 0.12084595066718257,
    "930": 0.32017778399315544,
    "934": 6.091340361095119,
    "937": 0.22534610206791478,
    "939": 1.8693733609928844,
    "956": 1.0030755676876442,
    "959": 0.5689307280278525,
    "967": 0,
    "975": 0.08301883268778504,
    "977": 4.014726966132317,
    "979": 57.978553073522065,
    "980": 2.2287626355857553,
    "981": 0.003066922561812846,
    "984": 21.466534243294664,
    "991": 0.8532587872245279,
    "992": 1.8258649615374685,
    "998": 14.827618886008082,
    "1002": 0.07444784726860465,
    "1003": 0.781896314129283,
    "1005": 1.6457749708824598,
    "1006": 86.8533758430882,
    "1021": 3.5687420088568382,
    "1022": 0.8667626602416767,
    "1023": 2.657129514209657,
    "1025": 9.643957551462558,
    "10008": 0.003707514194424111,
    "10021": 0.7574990930031176,
    "10086": 1.794983253658127,
    "10167": 0.02887750911124426,
    "10171": 42.51818664741336,
    "10191": 3.9186665890226475,
    "10230": 1.901056824168745,