{
  "id": "887",
  "name": "Dragapult",
  "format_id": "showdown_gen91v1-1630",
  "usage_metrics": {
    "raw": 5475,
    "base_weight": 669.4758406007173,
    "percent": 6.449370965461999
  },
  "roles": [
    {
      "role": "role_sweeper_mixed",
      "label": "Mixed Sweeper",
      "category": "OFF"
    }
  ],
  "items": {
    "life-orb": 113.98668639777718,
    "choice-specs": 194.9641487296189,
    "leftovers": 4.561026266635569,
    "choice-band": 286.58158580330587,
    "choice-scarf": 13.693063234190317,
    "shell-bell": 0.0006579739704109522,
    "air-balloon": 0,
    "heavy-duty-boots": 0.10264501443659907,
    "draco-plate": 0.4329824952405051,
    "dragon-fang": 2.803622100122546,
    "nothing": 0.264565442405402,
    "assault-vest": 1.914277585635316,
    "ability-shield": 0,
    "weakness-policy": 16.03231687869218,
    "loaded-dice": 0.8213378855619096,
    "expert-belt": 6.849493649027258,
    "clear-amulet": 0.009801492246073906,
    "sitrus-berry": 15.961341174572114,
    "mental-herb": 4.297663929653728,
    "chesto-berry": 0.09597686367754238,
    "cell-battery": 0,
    "aguav-berry": 1.1416772914533386,
    "rocky-helmet": 0.009369100174806744,
    "power-herb": 0.04047688308632574,
    "blunder-policy": 0,
    "white-herb": 0.0008592449787021561,
    "adamant-crystal": 0.06085921242771991,
    "yache-berry": 0.2778555301128435,
    "pecha-berry": 0,
    "covert-cloak": 0,
    "spooky-plate": 0,
    "wide-lens": 0.0405796277614448,
    "metronome": 0.10745066843035594,
    "lum-berry": 0.12369062563539773,
    "normal-gem": 0.02218203770374011,
    "salac-berry": 0,
    "eject-button": 0.08675363677051728,
    "spell-tag": 0,
    "colbur-berry": 4.187620473303213,
    "razor-claw": 0.0032733521093196716,
    "haban-berry": 0
  },
  "abilities": {
    "clear-body": 321.04532514527904,
    "infiltrator": 329.15973419074186,
    "cursed-body": 19.270781264696385
  },
  "moves": {
    "dragon-darts": 262.1970358674983,
    "phantom-force": 321.3211801398789,
    "body-slam": 1.2067671291001512,
    "flamethrower": 99.3829915506397,
    "dragon-pulse": 4.013567466149183,
    "thunderbolt": 109.072600380335,
    "shadow-ball": 206.32892010716355,
    "draco-meteor": 321.77999994399977,
    "hydro-pump": 67.21106122167484,
    "outrage": 286.9044291093007,
    "sucker-punch": 55.22784698300097,
    "psychic-fangs": 55.96288814046678,
    "dragon-dance": 17.07571406961303,
    "light-screen": 5.67616959669538,
    "night-shade": 0.07802410668085946,
    "thunder": 11.837553215784096,
    "hex": 130.73677118008928,
    "u-turn": 293.4700882807934,
    "acrobatics": 3.2590544130140175,
    "agility": 0.24470138409721742,
    "thunder-wave": 3.147479321211263,
    "will-o-wisp": 131.89060133571692,
    "fire-blast": 123.16589535599947,
    "fly": 0.4479514974383968,
    "protect": 8.44710423585724,
    "substitute": 25.26335678898969,
    "double-edge": 27.22475708599508,
    "disable": 42.019137603836406,
    "curse": 15.639881082126172,
    "dragon-claw": 6.702758975022469,
    "breaking-swipe": 3.757192642794102,
    "surf": 14.371203048937655,
    "endure": 0.5014598598901058,
    "giga-impact": 12.181195165922647,
    "baton-pass": 0.4080828167857714,
    "tera-blast": 1.7473797980661745,
    "last-resort": 0.13295985554682693,
    "astonish": 0,
    "": 0.7156609320204955,
    "dragon-rush": 0.23523319722727842,
    "bite": 0.00002556496501582295,
    "rest": 0.2196674893129401,
    "quick-attack": 0.288996870729344,
    "sleep-talk": 0,
    "dragon-tail": 0.22065902719190594,
    "assurance": 0.027221265626952762,
    "reflect": 0.020935266272698316,
    "confuse-ray": 0,
    "facade": 2.876063853804708,
    "hyper-beam": 2.9980414626625107,
    "solar-beam": 0.2650967169441137,
    "pounce": 0,
    "dragon-breath": 0,
    "infestation": 0,
    "sunny-day": 0,
    "thief": 0
  },
  "teras": {
    "nothing": 669.4758406007184
  },
  "spreads": [
    {
      "nature": "timid",
      "usage": "26.0",
      "evs": {
        "hp": 0,
        "atk": 0,
        "def": 0,
        "spa": 252,
        "spd": 4,
        "spe": 252
      }
    },
    {
      "nature": "jolly",
      "usage": "21.7",
      "evs": {
        "hp": 0,
        "atk": 252,
        "def": 0,
        "spa": 0,
        "spd": 4,
        "spe": 252
      }
    },
    {
      "nature": "adamant",
      "usage": "17.9",
      "evs": {
        "hp": 0,
        "atk": 252,
        "def": 0,
        "spa": 0,
        "spd": 4,
        "spe": 252
      }
    },
    {
      "nature": "modest",
      "usage": "5.2",
      "evs": {
        "hp": 0,
        "atk": 0,
        "def": 0,
        "spa": 252,
        "spd": 4,
        "spe": 252
      }
    },
    {
      "nature": "timid",
      "usage": "3.2",
      "evs": {
        "hp": 136,
        "atk": 0,
        "def": 84,
        "spa": 252,
        "spd": 0,
        "spe": 0
      }
    },
    {
      "nature": "timid",
      "usage": "2.6",
      "evs": {
        "hp": 4,
        "atk": 0,
        "def": 0,
        "spa": 252,
        "spd": 0,
        "spe": 252
      }
    },
    {
      "nature": "timid",
      "usage": "2.5",
      "evs": {
        "hp": 56,
        "atk": 0,
        "def": 0,
        "spa": 252,
        "spd": 0,
        "spe": 200
      }
    },
    {
      "nature": "jolly",
      "usage": "1.7",
      "evs": {
        "hp": 136,
        "atk": 0,
        "def": 252,
        "spa": 0,
        "spd": 0,
        "spe": 120
      }
    },
    {
      "nature": "modest",
      "usage": "1.5",
      "evs": {
        "hp": 0,
        "atk": 0,
        "def": 0,
        "spa": 252,
        "spd": 0,
        "spe": 252
      }
    },
    {
      "nature": "timid",
      "usage": "1.5",
      "evs": {
        "hp": 0,
        "atk": 0,
        "def": 0,
        "spa": 252,
        "spd": 0,
        "spe": 252
      }
    }
  ],
  "teammates": {
    "3": 0.47724113930382167,
    "6": 0.052572351950985086,
    "9": 0.0939798668829262,
    "25": 0.2574227300265712,
    "26": 0.005750724021197473,
    "36": 0.29993639284573026,
    "71": 0,
    "80": 0.00009200215769933351,
    "85": 0.00180191234290894,
    "91": 0.04845932381546347,
    "94": 0,
    "97": 0,
    "106": 0.2740212936163595,
    "113": 0.0002246165705527825,
    "123": 0,
    "129": 0,
    "130": 0.7506560869679515,
    "131": 0.06085921242771991,
    "132": 0.1678857782963914,
    "134": 0,
    "144": 0.027221265626952762,
    "145": 16.710350341907525,
    "146": 0.20845216368721364,
    "154": 0,
    "164": 0,
    "184": 16.16744795449453,
    "185": 0,
    "194": 0,
    "195": 0,
    "197": 0,
    "199": 0.008485395893045256,
    "205": 1.8033849406741607,
    "212": 11.514146500359356,
    "219": 0,
    "227": 0.00447155011447814,
    "232": 21.266237707920894,
    "233": 0.00021240902685215612,
    "242": 0,
    "244": 1.2372505150822193,
    "245": 0.1808975477891656,
    "248": 4.071832448777288,
    "254": 0.07278354348394067,
    "257": 5.1107512791958625,
    "260": 3.7178530658674775,
    "279": 0,
    "282": 0,
    "286": 0,
    "289": 4.687737528563017,
    "297": 0,
    "302": 4.496754188215473,
    "324": 0,
    "330": 0,
    "334": 0,
    "335": 0.016132777861732117,
    "350": 0.0004825649253898945,
    "357": 0.0740452557186343,
    "373": 0.06919141471450041,
    "376": 93.28124436210304,
    "377": 1.7624422521656353,
    "379": 33.36160770993162,
    "381": 1.573103901596922,
    "389": 0,
    "392": 0.03161067406259699,
    "395": 0,
    "405": 2.214057073068977,
    "409": 0.0004857795426858047,
    "411": 2.8096446437920797,
    "424": 0.007293830653000377,
    "430": 0.001772210506866878,
    "438": 3.0947892713410794,
    "442": 0.000020777737052057876,
    "445": 2.0225316561267164,
    "448": 0.31020194389536454,
    "454": 0.000022797803580332232,
    "461": 0.09692799781724215,
    "462": 0,
    "464": 1.4937043250559874,
    "466": 0,
    "471": 0,
    "472": 26.920765360484694,
    "473": 0.00001229072032338241,