{
  "id": "892",
  "name": "Urshifu Single Strike",
  "format_id": "showdown_gen91v1-1630",
  "usage_metrics": {
    "raw": 1615,
    "base_weight": 432.975624550931,
    "percent": 1.9024171888988362
  },
  "roles": [
    {
      "role": "role_sweeper_physical",
      "label": "Physical Sweeper",
      "category": "OFF"
    },
    {
      "role": "role_wall_special",
      "label": "Special Wall",
      "category": "DEF"
    }
  ],
  "items": {
    "leftovers": 0,
    "choice-band": 32.7613980281626,
    "punching-glove": 0.06508935897606255,
    "assault-vest": 112.3726169983652,
    "black-glasses": 37.866758843449176,
    "life-orb": 21.86357914725874,
    "choice-scarf": 56.686114987052335,
    "chople-berry": 28.12644769231648,
    "nothing": 0.666111501773198,
    "roseli-berry": 8.339424590699394,
    "dread-plate": 0.04392847263069072,
    "salac-berry": 131.30417162874494,
    "shell-bell": 0,
    "mental-herb": 2.685245299947834,
    "expert-belt": 0.022935210691735153,
    "rocky-helmet": 0.17180279086191869
  },
  "abilities": {
    "unseen-fist": 432.975624550931
  },
  "moves": {
    "aura-sphere": 0.17359472098312845,
    "detect": 0.13807948348040588,
    "substitute": 4.258999879150274,
    "drain-punch": 25.33165783674838,
    "wicked-blow": 432.7728322944312,
    "ice-punch": 64.62888653782642,
    "dig": 0.37785991825729254,
    "close-combat": 322.2815039727049,
    "sucker-punch": 332.5613833423426,
    "poison-jab": 49.38089524129109,
    "protect": 0.06508935897606255,
    "counter": 14.966104802227244,
    "bulk-up": 48.9338307317269,
    "thunder-punch": 1.5075833933122984,
    "reversal": 3.246291095514337,
    "fire-punch": 1.429123686050911,
    "stone-edge": 7.649861982090911,
    "u-turn": 16.80334544539239,
    "double-edge": 0.04023495197170707,
    "body-slam": 0.0017919301212097616,
    "body-press": 0.0017919301212097616,
    "acrobatics": 0.0017919301212097616,
    "low-kick": 59.460779275005784,
    "focus-punch": 0.022935210691735153,
    "iron-head": 64.08109408088801,
    "rock-tomb": 106.89621566563086,
    "foul-play": 0.17180279086191869,
    "swords-dance": 19.614080037207454,
    "iron-defense": 0.07639881925403308,
    "zen-headbutt": 3.658406226112342,
    "endure": 131.50874767283545,
    "giga-impact": 0.26080671499396985,
    "brick-break": 0,
    "crunch": 1.556256153333004,
    "rock-slide": 0.05045314139784324,
    "dark-pulse": 0.17806511568676886,
    "taunt": 14.743944590966423,
    "tera-blast": 1.04964263661462,
    "focus-blast": 0,
    "low-sweep": 0.24620363684656177,
    "trailblaze": 0.000513512387630588,
    "facade": 1.7736184581657888
  },
  "teras": {
    "nothing": 432.975624550931
  },
  "spreads": [
    {
      "nature": "adamant",
      "usage": "33.7",
      "evs": {
        "hp": 240,
        "atk": 144,
        "def": 0,
        "spa": 0,
        "spd": 124,
        "spe": 0
      }
    },
    {
      "nature": "jolly",
      "usage": "21.7",
      "evs": {
        "hp": 0,
        "atk": 124,
        "def": 0,
        "spa": 0,
        "spd": 184,
        "spe": 200
      }
    },
    {
      "nature": "adamant",
      "usage": "9.8",
      "evs": {
        "hp": 0,
        "atk": 252,
        "def": 0,
        "spa": 0,
        "spd": 4,
        "spe": 252
      }
    },
    {
      "nature": "jolly",
      "usage": "6.4",
      "evs": {
        "hp": 0,
        "atk": 252,
        "def": 0,
        "spa": 0,
        "spd": 4,
        "spe": 252
      }
    },
    {
      "nature": "adamant",
      "usage": "3.2",
      "evs": {
        "hp": 184,
        "atk": 92,
        "def": 0,
        "spa": 0,
        "spd": 152,
        "spe": 80
      }
    },
    {
      "nature": "adamant",
      "usage": "3.0",
      "evs": {
        "hp": 4,
        "atk": 252,
        "def": 0,
        "spa": 0,
        "spd": 0,
        "spe": 252
      }
    },
    {
      "nature": "adamant",
      "usage": "2.9",
      "evs": {
        "hp": 132,
        "atk": 96,
        "def": 0,
        "spa": 0,
        "spd": 160,
        "spe": 120
      }
    },
    {
      "nature": "adamant",
      "usage": "2.6",
      "evs": {
        "hp": 240,
        "atk": 252,
        "def": 0,
        "spa": 0,
        "spd": 0,
        "spe": 16
      }
    },
    {
      "nature": "impish",
      "usage": "1.9",
      "evs": {
        "hp": 72,
        "atk": 96,
        "def": 156,
        "spa": 0,
        "spd": 176,
        "spe": 0
      }
    },
    {
      "nature": "adamant",
      "usage": "1.7",
      "evs": {
        "hp": 0,
        "atk": 252,
        "def": 44,
        "spa": 0,
        "spd": 0,
        "spe": 212
      }
    }
  ],
  "teammates": {
    "9": 0,
    "80": 4.997324300209776,
    "91": 0.008345119213856833,
    "132": 0,
    "145": 11.942234595112359,
    "205": 13.758784883512329,
    "212": 1.2629893475929348,
    "232": 32.25626923007284,
    "248": 1.0157656579741212,
    "257": 0.05615455435313671,
    "262": 0,
    "289": 0.554752703413203,
    "302": 2.6602418101293974,
    "376": 9.626028715790511,
    "379": 2.227627288268073,
    "380": 3.0676972860104397,
    "381": 0.7330095761345974,
    "392": 1.2693585071943403e-10,
    "398": 0.30911289187770824,
    "409": 0.006262324824850174,
    "411": 0.05261895038116465,
    "445": 0.022935210691735153,
    "462": 0.4253903078976897,
    "464": 3.0676972860104397,
    "474": 13.960867697208212,
    "485": 1.2270427883007038,
    "488": 6.7983650982071655,
    "490": 0.8820670369445849,
    "491": 0,
    "530": 0.007810266551341927,
    "547": 1.0157656579741212,
    "571": 0.17180279086191869,
    "612": 6.442002148369691,
    "613": 0,
    "623": 2.742006621758719e-11,
    "637": 0.18043658603688056,
    "645": 12.852546950013569,
    "646": 0,
    "691": 6.442002148369691,
    "700": 21.795769380479943,
    "703": 0,
    "713": 0.41817540853759033,
    "719": 2.742006621758719e-11,
    "721": 38.770132269750455,
    "730": 8.921901810363149,
    "748": 0,
    "774": 0.10460741061971196,
    "812": 2.9283073536607107,
    "818": 0,
    "823": 0.002511559176191336,
    "849": 0,
    "858": 1.1566818079516212,
    "869": 0,
    "875": 0.003994339827948501,
    "876": 2.727051763614361,
    "887": 4.325096459502347,
    "893": 0,
    "894": 0.04392847263069072,
    "897": 0.3700568780110375,
    "901": 0.6218321240497608,
    "903": 2.0158043846783302,
    "905": 0.0032594546759616705,
    "908": 1.1105053677475316,
    "925": 4.64334181056238,
    "936": 0,
    "937": 0.17180279086191869,
    "939": 6.879555728126456,
    "956": 0.5758935570679968,
    "966": 1.7074663825565666,
    "970": 0,
    "977": 0.4654650843841583,
    "979": 0.5609439987210452,
    "981": 0.0017919301212097616,
    "983": 0.06068155072745873,
    "988": 0.007675665572321022,
    "990": 0.25220057852628397,
    "991": 5.303013466310798,
    "992": 2.7934387849537,
    "994": 8.848092625338547,
    "998": 0,
    "1002": 0,
    "1003": 5.450568930669362,
    "1005": 3.1769960362958947,
    "1006": 6.998624068039632,
    "1009": 11.053986977738807,
    "1015": 0.10728431406172179,
    "1016": 10.598892747565648,
    "1021": 189.86553636693168,
    "1023": 5.753059291689713,
    "1025": 175.55597827906726,
    "10021": 1.0701556665349057,
    "10086": 4.209738700979616,
    "10104": 81.76431684277276,
    "10113": 14.743944590966423,
    "10171": 1.6498473672901444,
    "10230": 1.6272638947246265,
    "10239": 1.04964263661462,
    "10242": 80.24124773364423,
    "10243": 0,
    "10244": 0.0441477024813518,
    "10272": 5.126396671875113,
    "10273": 8.52198089393288
  }
}