{
  "id": "901",
  "name": "Ursaluna",
  "format_id": "showdown_gen91v1-1630",
  "usage_metrics": {
    "raw": 4008,
    "base_weight": 803.359388089562,
    "percent": 4.721292936908071
  },
  "roles": [
    {
      "role": "role_sweeper_physical",
      "label": "Physical Sweeper",
      "category": "OFF"
    }
  ],
  "items": {
    "choice-band": 254.61785464209393,
    "flame-orb": 461.4649738950397,
    "assault-vest": 66.25703913781818,
    "life-orb": 8.482044394775341,
    "rocky-helmet": 2.179300046914478,
    "leftovers": 0.31164812552035753,
    "ability-shield": 0,
    "rindo-berry": 2.0143869057653103,
    "chople-berry": 5.985117447644194,
    "mental-herb": 0.8517938987398144,
    "metronome": 0.01209238333657714,
    "razor-claw": 0.2650967169441137,
    "air-balloon": 0.007478547211522524,
    "choice-scarf": 0,
    "nothing": 0.8953898273488946,
    "passho-berry": 0.015172120410321566
  },
  "abilities": {
    "bulletproof": 154.67976511689898,
    "guts": 633.5713707115108,
    "unnerve": 15.108252261152183
  },
  "moves": {
    "earthquake": 275.5641292276874,
    "giga-impact": 282.46376327102894,
    "avalanche": 573.5418778311115,
    "gunk-shot": 260.0349251431675,
    "facade": 447.4323067642399,
    "headlong-rush": 524.9439362354575,
    "protect": 410.12945099136056,
    "play-rough": 7.055484782344769,
    "seed-bomb": 0.26378843527805385,
    "fire-punch": 74.64935097339622,
    "close-combat": 32.527530157856575,
    "drain-punch": 7.716676587347784,
    "crunch": 77.76231197661254,
    "low-kick": 15.309507295258282,
    "body-press": 1.837733662744896,
    "supercell-slam": 7.88861608464242,
    "taunt": 4.578702690956213,
    "bulk-up": 2.056630161315289,
    "trailblaze": 3.165261979652876,
    "swords-dance": 50.85411675890567,
    "counter": 7.5003647801456275,
    "payback": 11.941669595161684,
    "smack-down": 8.811142562711929,
    "high-horsepower": 3.4478083182473878,
    "metronome": 0.0403111945338413,
    "substitute": 0.011114489035898178,
    "rest": 0.011114489035898178,
    "sleep-talk": 0.011114489035898178,
    "ice-punch": 48.67671796278881,
    "body-slam": 0.38703280780254523,
    "cross-chop": 0,
    "brick-break": 0.029618163531818786,
    "shadow-claw": 0.11470569982981205,
    "double-edge": 3.6368738760007893,
    "belly-drum": 1.7785982305695462,
    "thunder-punch": 9.73780142977621,
    "endure": 0.993902061986961,
    "stone-edge": 0,
    "lick": 0.01209238333657714,
    "charm": 0.01209238333657714,
    "thrash": 47.54075511656706,
    "rock-slide": 0.046130379679884315,
    "hyper-voice": 0,
    "hammer-arm": 0.5656338702390005,
    "heavy-slam": 5.103231990360296,
    "throat-chop": 0.027144090753739747,
    "": 2.773749048109231,
    "rock-tomb": 0.4507319353084689,
    "leer": 0
  },
  "teras": {
    "nothing": 803.3593880895617
  },
  "spreads": [
    {
      "nature": "adamant",
      "usage": "32.8",
      "evs": {
        "hp": 152,
        "atk": 196,
        "def": 4,
        "spa": 0,
        "spd": 156,
        "spe": 0
      }
    },
    {
      "nature": "adamant",
      "usage": "9.7",
      "evs": {
        "hp": 152,
        "atk": 188,
        "def": 4,
        "spa": 0,
        "spd": 164,
        "spe": 0
      }
    },
    {
      "nature": "adamant",
      "usage": "7.3",
      "evs": {
        "hp": 248,
        "atk": 252,
        "def": 0,
        "spa": 0,
        "spd": 8,
        "spe": 0
      }
    },
    {
      "nature": "adamant",
      "usage": "7.1",
      "evs": {
        "hp": 168,
        "atk": 196,
        "def": 0,
        "spa": 0,
        "spd": 144,
        "spe": 0
      }
    },
    {
      "nature": "impish",
      "usage": "4.2",
      "evs": {
        "hp": 0,
        "atk": 92,
        "def": 252,
        "spa": 0,
        "spd": 0,
        "spe": 164
      }
    },
    {
      "nature": "adamant",
      "usage": "3.5",
      "evs": {
        "hp": 144,
        "atk": 112,
        "def": 0,
        "spa": 0,
        "spd": 0,
        "spe": 252
      }
    },
    {
      "nature": "adamant",
      "usage": "3.2",
      "evs": {
        "hp": 152,
        "atk": 196,
        "def": 4,
        "spa": 0,
        "spd": 148,
        "spe": 8
      }
    },
    {
      "nature": "adamant",
      "usage": "3.0",
      "evs": {
        "hp": 208,
        "atk": 252,
        "def": 0,
        "spa": 0,
        "spd": 44,
        "spe": 4
      }
    },
    {
      "nature": "adamant",
      "usage": "2.9",
      "evs": {
        "hp": 208,
        "atk": 252,
        "def": 0,
        "spa": 0,
        "spd": 40,
        "spe": 8
      }
    },
    {
      "nature": "impish",
      "usage": "2.3",
      "evs": {
        "hp": 248,
        "atk": 0,
        "def": 252,
        "spa": 0,
        "spd": 8,
        "spe": 0
      }
    }
  ],
  "teammates": {
    "9": 4.373645954641123,
    "59": 0.6206339544786099,
    "80": 0,
    "91": 0,
    "130": 0.2364439440937915,
    "132": 0,
    "145": 10.992182746264898,
    "164": 0.0003832433645317712,
    "184": 4.780144887673718,
    "185": 0.1333123615140524,
    "197": 0.8323719964567623,
    "212": 1.6342051145332612,
    "227": 2.82140341004343,
    "232": 5.172252012073548,
    "233": 0.14063993087242171,
    "242": 0.09979992886402228,
    "243": 0.09646802131174742,
    "244": 1.912851019368292,
    "257": 1.6589101716705348,
    "260": 0.3004567623259089,
    "279": 11.464240842284314,
    "286": 2.0228286826477424,
    "289": 0,
    "302": 4.1525907434876315,
    "308": 0.7497925673341419,
    "317": 2.724512810549438,
    "336": 0,
    "350": 0.3004567623259089,
    "376": 7.8665236368867,
    "377": 0.4126896619352623,
    "381": 4.660348068668216,
    "389": 0,
    "395": 0.08101011709018047,
    "398": 0,
    "409": 0.027144090753739747,
    "423": 0,
    "424": 1.3169150049750664,
    "437": 0,
    "445": 0,
    "462": 5.977258158438198,
    "469": 0.0013533866800642946,
    "472": 0.2952431001535414,
    "474": 1.7976940283497171,
    "475": 6.248454037516282e-8,
    "485": 0.9093109775722403,
    "488": 3.8280375690804638,
    "490": 0.5578830974221964,
    "491": 12.982853126824814,
    "497": 4.78034212904246,
    "523": 0.633529624350134,
    "547": 6.625770413183506,
    "579": 0.000590882132006032,
    "591": 0.22115839783703428,
    "594": 0,
    "596": 0,
    "609": 4.865801456174482,
    "612": 6.706677437312957,
    "620": 0,
    "637": 3.437074625652691,
    "642": 0,
    "645": 0.42991342054562676,
    "646": 5.63082121429409,
    "647": 85.54311492926017,
    "655": 0.31431669054938527,
    "658": 0.3132387710520348,
    "663": 0.38739993821633345,
    "671": 0.06766871340198005,
    "700": 37.50321983973533,
    "703": 0.007478547211522524,
    "707": 0.000590882132006032,
    "715": 0,
    "721": 9.733356493527616,
    "727": 0,
    "730": 25.89664436016267,
    "743": 0,
    "748": 1.597880358119888,
    "752": 1.1776547124487635,
    "754": 0.22739383559207021,
    "764": 0.40537890618013656,
    "784": 0.815071924130654,
    "812": 21.15959943665711,
    "823": 69.52985523644524,
    "844": 0,
    "849": 0.055159417181410486,
    "858": 1.6270769679563233,
    "861": 5.320827768055406,
    "869": 1.1962593427815253,
    "875": 0.010738996656512845,
    "887": 19.292168248510198,
    "892": 0.6218321240497608,
    "894": 0.47810341434950454,
    "896": 0,
    "897": 373.92069614883115,
    "902": 1.6750197877428494,
    "903": 280.41182003222207,
    "905": 1.9827453500679513,
    "908": 6.885928953571413,
    "911": 35.77057370523207,
    "920": 0,
    "925": 3.3159152627367288,
    "930": 0.16983663637036484,
    "934": 0,
    "937": 4.4499612525829955,
    "939": 0.0000524986437496211,
    "945": 0,
    "956": 36.01282186068706,
    "967": 0,
    "968": 0,
    "970": 0,
    "977": 2.799003131402816,
    "979": 5.676288182346691,
    "980": 0.1021366968883215,
    "981": 0.2618221365528077,
    "983": 9.002424502518336,
    "984": 1.3073537307102137,