{
  "id": "905",
  "name": "Enamorus Incarnate",
  "format_id": "showdown_gen91v1-1630",
  "usage_metrics": {
    "raw": 633,
    "base_weight": 50.18199873837658,
    "percent": 0.7456533006643735
  },
  "roles": [
    {
      "role": "role_sweeper_special",
      "label": "Special Sweeper",
      "category": "OFF"
    }
  ],
  "items": {
    "choice-scarf": 20.229919079122016,
    "assault-vest": 2.5578893297362617,
    "weakness-policy": 0.9417907376654022,
    "black-belt": 0.0028122949139121056,
    "life-orb": 9.476278614111692,
    "leftovers": 1.347727712273017,
    "choice-specs": 13.152258161652275,
    "heavy-duty-boots": 0,
    "nothing": 0,
    "expert-belt": 1.4964745337013103,
    "sitrus-berry": 0.5831516385486533,
    "kebia-berry": 0.1819862487050355,
    "salac-berry": 0.011032316250448926,
    "choice-band": 0.012484356066729818,
    "grip-claw": 0.015406452181820962,
    "air-balloon": 0.16278001840651235,
    "wide-lens": 0.010007245041511181
  },
  "abilities": {
    "contrary": 43.9515680658533,
    "cute-charm": 6.23043067252328
  },
  "moves": {
    "moonblast": 44.39218206695013,
    "earth-power": 33.991588293271036,
    "mystical-fire": 11.919319485839184,
    "grass-knot": 1.5125746809545946,
    "superpower": 30.523403796170985,
    "play-rough": 1.2117983809870696,
    "body-slam": 1.6842998640687352,
    "iron-head": 10.284441125942594,
    "calm-mind": 1.1499592402141476,
    "taunt": 1.6794294143749537,
    "psychic": 15.848204551873605,
    "fly": 0.04067529421728788,
    "outrage": 0.9665168013681404,
    "zen-headbutt": 4.0637487711703795,
    "tera-blast": 0.01186074820653249,
    "sludge-bomb": 29.371098633452203,
    "": 0.002086490557194509,
    "giga-impact": 0.24018726933905948,
    "springtide-storm": 1.2330114466884108,
    "healing-wish": 0.2385652582236621,
    "focus-blast": 4.15389060058747,
    "draining-kiss": 3.792609031900663,
    "agility": 0,
    "alluring-voice": 1.2536282542844268,
    "extrasensory": 0.32143046764118455,
    "iron-defense": 0.5311422924672784,
    "facade": 0.011032316250448926,
    "hyper-beam": 0.03210526065184144,
    "tailwind": 0,
    "substitute": 0.06159352721406797,
    "protect": 0.021415785116280506,
    "rest": 0.021415785116280506,
    "weather-ball": 0.16278001840651235,
    "grassy-terrain": 0
  },
  "teras": {
    "nothing": 50.18199873837659
  },
  "spreads": [
    {
      "nature": "hasty",
      "usage": "50.3",
      "evs": {
        "hp": 0,
        "atk": 4,
        "def": 0,
        "spa": 252,
        "spd": 0,
        "spe": 252
      }
    },
    {
      "nature": "timid",
      "usage": "17.4",
      "evs": {
        "hp": 0,
        "atk": 0,
        "def": 0,
        "spa": 252,
        "spd": 4,
        "spe": 252
      }
    },
    {
      "nature": "modest",
      "usage": "9.3",
      "evs": {
        "hp": 0,
        "atk": 0,
        "def": 0,
        "spa": 252,
        "spd": 4,
        "spe": 252
      }
    },
    {
      "nature": "timid",
      "usage": "8.0",
      "evs": {
        "hp": 0,
        "atk": 0,
        "def": 0,
        "spa": 252,
        "spd": 0,
        "spe": 252
      }
    },
    {
      "nature": "modest",
      "usage": "3.8",
      "evs": {
        "hp": 8,
        "atk": 0,
        "def": 0,
        "spa": 252,
        "spd": 0,
        "spe": 248
      }
    },
    {
      "nature": "hasty",
      "usage": "3.4",
      "evs": {
        "hp": 0,
        "atk": 252,
        "def": 0,
        "spa": 4,
        "spd": 0,
        "spe": 252
      }
    },
    {
      "nature": "naive",
      "usage": "1.9",
      "evs": {
        "hp": 0,
        "atk": 252,
        "def": 0,
        "spa": 252,
        "spd": 0,
        "spe": 4
      }
    },
    {
      "nature": "jolly",
      "usage": "1.5",
      "evs": {
        "hp": 0,
        "atk": 252,
        "def": 4,
        "spa": 0,
        "spd": 0,
        "spe": 252
      }
    },
    {
      "nature": "modest",
      "usage": "1.1",
      "evs": {
        "hp": 80,
        "atk": 0,
        "def": 240,
        "spa": 40,
        "spd": 0,
        "spe": 148
      }
    },
    {
      "nature": "timid",
      "usage": "0.7",
      "evs": {
        "hp": 152,
        "atk": 0,
        "def": 0,
        "spa": 132,
        "spd": 0,
        "spe": 224
      }
    }
  ],
  "teammates": {
    "36": 0.05024592090811819,
    "91": 0,
    "113": 0.244326207999001,
    "130": 0.7828225558079438,
    "132": 3.136779724854932e-11,
    "146": 0.17395705959235236,
    "171": 0.32143046764118455,
    "184": 0,
    "185": 0.010007245041511181,
    "212": 0.021415785116280506,
    "232": 0.000468993552416086,
    "244": 3.078250500503878,
    "248": 2.211968823634877,
    "257": 14.68699427667165,
    "260": 9.844652706708404,
    "282": 0.015406452181820962,
    "286": 0.939230458029255,
    "302": 0.05712289960498623,
    "350": 1.1581004579587575,
    "376": 0.0005335357688490694,
    "395": 3.088257745545389,
    "409": 0.026830644051639096,
    "411": 0.348523507208084,
    "445": 0.04808857313279108,
    "448": 0.5281615276194213,
    "472": 0.259732660180822,
    "475": 0.02483238942975069,
    "485": 0,
    "491": 1.213976941897923,
    "612": 0.0028122949139121056,
    "623": 0,
    "634": 0.00002750100770998465,
    "637": 0.012484356066729818,
    "642": 3.900128775491396e-8,
    "645": 3.900128775491396e-8,
    "646": 2.148867678923849,
    "658": 0.02483238942975069,
    "673": 3.136779724854932e-11,
    "700": 0,
    "727": 1.1581004579587575,
    "738": 0.026830644051639096,
    "748": 0.23492813511487948,
    "784": 0,
    "812": 0.0031430837235672526,
    "823": 1.578696502623452,
    "855": 0.02144328612399049,
    "858": 0,
    "869": 0,
    "876": 0.0028298448753535377,
    "887": 1.1644138601004614,
    "892": 0.0032594546759616705,
    "894": 0.8897194516916775,
    "900": 0.011032316250448926,
    "901": 1.9827453500679513,
    "902": 2.8128299780458472,
    "925": 0.03822425160422083,
    "934": 0.008954891199185744,
    "936": 1.684272363061025,
    "937": 0.21630004233077,
    "939": 5.4298585109683195,
    "959": 0.05024592090811819,
    "966": 0.016406186116485533,
    "975": 0.00794548070707024,
    "977": 0.5321448217885436,
    "979": 10.207212578773737,
    "983": 2.151774794273287,
    "984": 1.8108868998964518,
    "988": 0.058379397851615056,
    "990": 2.0767776440331414,
    "991": 0.7651378872536887,
    "992": 0.18335752345719425,
    "993": 0.1307360020525688,
    "994": 0.9401613863250955,
    "998": 0,
    "1002": 0.9159744918485644,
    "1003": 3.9644498652998896,
    "1006": 0.05712289960498623,
    "1009": 0,
    "1014": 0.16278001840651235,
    "1021": 4.041545917925226,
    "1022": 0,
    "1023": 0.394665132717174,
    "1025": 2.587444574628859,
    "10009": 0.012484356066729818,
    "10020": 0.003595763439917077,
    "10021": 0.003595763439917077,
    "10086": 0,
    "10113": 0.7828225558079438,
    "10167": 0,
    "10191": 0,
    "10230": 0.00031323884821371495,
    "10239": 1.1561108354416036,
    "10242": 3.8381556235910823,
    "10272": 0.7651378872536887,
    "10273": 0.1682114691979789
  }
}