{
  "id": "121",
  "name": "Starmie",
  "format_id": "showdown_gen5ou-1630",
  "usage_metrics": {
    "raw": 20516,
    "base_weight": 4003.778718914431,
    "percent": 25.526937912156278
  },
  "items": {
    "air-balloon": 2444.908830882474,
    "light-clay": 0.7254362034061879,
    "expert-belt": 81.0166937070371,
    "life-orb": 524.4884818882304,
    "enigma-berry": 0.006278342497679279,
    "focus-sash": 2.829799113345239,
    "leftovers": 569.3103797189343,
    "choice-scarf": 29.04476464107008,
    "choice-specs": 240.3350585975479,
    "colbur-berry": 25.997507903746996,
    "rocky-helmet": 17.009606843168008,
    "sitrus-berry": 0.43399007895914543,
    "splash-plate": 0,
    "eject-button": 4.8183679268731794e-14,
    "damp-rock": 0.010045025694922438,
    "wacan-berry": 3.302559150777316,
    "salac-berry": 0.259737503364571,
    "wise-glasses": 32.40431884094506,
    "absorb-bulb": 0.03067728125647623,
    "wide-lens": 0.02106413570765242,
    "flame-orb": 0.14749923160920408,
    "nothing": 0.06008370440711314,
    "ganlon-berry": 7.010516562822033e-7,
    "mystic-water": 6.6523938767836555,
    "mental-herb": 0.010558840213334586,
    "choice-band": 0.00020941311854000277,
    "metronome": 0.0029197775837036533,
    "shed-shell": 0.033904345749977416,
    "starf-berry": 15.629826024770603,
    "tanga-berry": 9.106093140989296
  },
  "abilities": {
    "analytic": 2982.8374666246286,
    "natural-cure": 1013.2289129246872,
    "illuminate": 7.712339365115545
  },
  "moves": {
    "hydro-pump": 2956.5501215503,
    "thunderbolt": 1804.6619448633087,
    "hidden-power-fire": 493.9011881696278,
    "rapid-spin": 3879.1260057875434,
    "scald": 523.69554677255,
    "recover": 532.7925833059119,
    "reflect": 4.843168884183661,
    "light-screen": 1.0479133064829707,
    "ice-beam": 2864.9882981034443,
    "thunder": 1452.5574505499997,
    "grass-knot": 17.347483317288834,
    "psyshock": 36.2890311142022,
    "psychic": 507.58152036659084,
    "surf": 502.4802836973155,
    "toxic": 37.46893205432503,
    "substitute": 0.2901114192859177,
    "avalanche": 9.557684182426307e-7,
    "thunder-wave": 139.7349933294629,
    "blizzard": 4.681909354037281,
    "reflect-type": 65.4705579536961,
    "trick": 148.6631484368271,
    "signal-beam": 8.833400412748235,
    "icy-wind": 0.13700944657007386,
    "brine": 4.8183679268731794e-14,
    "hail": 0,
    "rain-dance": 0.034473494147023664,
    "flash-cannon": 1.9047198438734845,
    "hidden-power-ice": 0.000008996274298900264,
    "hidden-power-grass": 11.074685211639597,
    "protect": 0.14985704299713593,
    "facade": 0,
    "waterfall": 0.000008857863035949265,
    "cosmic-power": 0.004868507836835234,
    "return": 0,
    "hidden-power-dark": 0.00011283764727199053,
    "confuse-ray": 0.1276848054248304,
    "recycle": 1.5641058979430302,
    "water-pulse": 0.00012732394796977076,
    "hidden-power-fighting": 7.582684487877341,
    "pain-split": 5.8711737897920555,
    "hidden-power-dragon": 0.10760714000981708,
    "rest": 0.0015573792879427506,
    "sleep-talk": 0,
    "camouflage": 0.5499366301770501,
    "": 2.998330145266964,
    "magic-coat": 0,
    "double-edge": 0,
    "gravity": 0.0003301142620850128
  },
  "teras": {
    "nothing": 4003.7787189144533
  },
  "spreads": [
    {
      "nature": "Timid",
      "usage": "41.4",
      "evs": {
        "hp": 0,
        "atk": 0,
        "def": 0,
        "spa": 252,
        "spd": 4,
        "spe": 252
      }
    },
    {
      "nature": "Timid",
      "usage": "29.0",
      "evs": {
        "hp": 0,
        "atk": 0,
        "def": 4,
        "spa": 252,
        "spd": 0,
        "spe": 252
      }
    },
    {
      "nature": "Timid",
      "usage": "4.1",
      "evs": {
        "hp": 252,
        "atk": 0,
        "def": 20,
        "spa": 0,
        "spd": 20,
        "spe": 216
      }
    },
    {
      "nature": "Timid",
      "usage": "3.2",
      "evs": {
        "hp": 0,
        "atk": 0,
        "def": 28,
        "spa": 252,
        "spd": 0,
        "spe": 228
      }
    },
    {
      "nature": "Timid",
      "usage": "2.3",
      "evs": {
        "hp": 252,
        "atk": 0,
        "def": 0,
        "spa": 0,
        "spd": 4,
        "spe": 252
      }
    },
    {
      "nature": "Timid",
      "usage": "2.3",
      "evs": {
        "hp": 252,
        "atk": 0,
        "def": 0,
        "spa": 4,
        "spd": 0,
        "spe": 252
      }
    },
    {
      "nature": "Timid",
      "usage": "2.3",
      "evs": {
        "hp": 4,
        "atk": 0,
        "def": 0,
        "spa": 252,
        "spd": 0,
        "spe": 252
      }
    },
    {
      "nature": "Timid",
      "usage": "1.4",
      "evs": {
        "hp": 20,
        "atk": 0,
        "def": 0,
        "spa": 236,
        "spd": 0,
        "spe": 252
      }
    },
    {
      "nature": "Timid",
      "usage": "1.3",
      "evs": {
        "hp": 28,
        "atk": 0,
        "def": 0,
        "spa": 252,
        "spd": 0,
        "spe": 228
      }
    },
    {
      "nature": "Timid",
      "usage": "1.3",
      "evs": {
        "hp": 12,
        "atk": 0,
        "def": 8,
        "spa": 236,
        "spd": 0,
        "spe": 252
      }
    }
  ],
  "teammates": {
    "3": 1.503437834504835,
    "6": 1.6026127543629833,
    "9": 2.1252643468318677,
    "15": 0.06574786842184649,
    "19": 0,
    "25": 0.00003987168285940479,
    "26": 0,
    "31": 0,
    "34": 0.7848333384028325,
    "36": 0.05950019028215475,
    "38": 17.16551763214507,
    "40": 5.743968300997437e-9,
    "47": 4.760269345371881e-9,
    "49": 2.2365457672603295,
    "51": 1.0697040029067184,
    "59": 5.785001610477852,
    "61": 0.0067547122540009275,
    "64": 5.0150417041372464e-8,
    "65": 71.717480705402,
    "67": 0.006612355145620585,
    "68": 1.6420960227349313,
    "73": 16.35136738012129,
    "76": 0.0013777047444417656,
    "80": 0.18215900577978555,
    "82": 12.26588963343247,
    "89": 9.861177319159253e-9,
    "94": 166.1801749977759,
    "99": 0.02524562814263892,
    "101": 0.02474698213499521,
    "103": 0.000003740206539037949,
    "105": 0.00035660878547144614,
    "107": 0.020951298060385315,
    "108": 0.00009519738768026809,
    "110": 0.17887228798084082,
    "113": 17.048568699838754,
    "114": 0,
    "115": 7.655455715030104,
    "119": 1.0102258933284238,
    "123": 0.024040182481392725,
    "127": 0.8407844659261876,
    "128": 0.5659866162922988,
    "130": 166.10420912578917,
    "131": 5.468852012066721,
    "132": 0.8440876437691369,
    "134": 0.44447536098902923,
    "135": 7.930364328836239,
    "139": 2.636250291309472,
    "141": 0.9764858164154244,
    "142": 112.6607551399855,
    "143": 1.4354953931913212,
    "145": 40.135166501947424,
    "146": 9.856553296781383,
    "149": 1462.6558917367815,
    "151": 2.085301472071791,
    "157": 0.039393512955543664,
    "160": 29.935878566608615,
    "162": 0.00003174261493327224,
    "164": 0.8835792649240152,
    "169": 2.177106722704287,
    "171": 0.020211060779590007,
    "178": 3.6977170198281613,
    "181": 2.668418926264013,
    "184": 1.6669248891272277,
    "186": 1038.9706540679845,
    "192": 4.8183679268731794e-14,
    "195": 0.000561406429792799,
    "196": 6.106325017338603,
    "197": 0.008006107958522912,
    "198": 0.0021732165726471853,
    "199": 2.7225816388276654,
    "200": 0.05333237038890842,
    "202": 0.0010265127499936022,
    "205": 15.956055918467552,
    "207": 0.001161691508427376,
    "208": 1.875976681168079,
    "212": 1432.5434510839523,
    "213": 0.07085490696091551,
    "214": 2.9802383993683796,
    "217": 0.0019297145703160434,
    "221": 0.15528918853082146,
    "226": 7.010516562822033e-7,
    "227": 88.12501573347728,
    "229": 0.01800610073266473,
    "230": 30.107636165971932,
    "232": 4.25675080094606,
    "233": 64.17507061732834,
    "237": 0.31868186200640175,
    "241": 5.701550342962491e-13,
    "242": 15.070651899013537,