{
  "id": "385",
  "name": "Jirachi",
  "format_id": "showdown_gen5ou-1630",
  "usage_metrics": {
    "raw": 13384,
    "base_weight": 3398.536943309108,
    "percent": 16.65297996764962
  },
  "roles": [
    {
      "role": "role_sweeper_physical",
      "label": "Physical Sweeper",
      "category": "OFF"
    },
    {
      "role": "role_wall_special",
      "label": "Special Wall",
      "category": "DEF"
    }
  ],
  "items": {
    "leftovers": 1500.5506427409407,
    "choice-scarf": 1136.847080018644,
    "expert-belt": 264.1104928373853,
    "air-balloon": 86.33492743113787,
    "shuca-berry": 329.8052903461637,
    "light-clay": 7.4912514732659,
    "nothing": 1.1298055737879564,
    "lum-berry": 9.707996601291343,
    "life-orb": 1.4636040740562553,
    "metronome": 0.001137333921343242,
    "quick-claw": 0.06548115401320365,
    "sitrus-berry": 40.405243146755936,
    "focus-sash": 3.6286829097065265e-10,
    "rocky-helmet": 12.97698084252696,
    "choice-specs": 1.7010643837705308,
    "flame-orb": 0,
    "eject-button": 5.4996311259342585,
    "custap-berry": 0,
    "scope-lens": 0,
    "occa-berry": 0.0029197775837036533,
    "choice-band": 0.3971119392851127,
    "salac-berry": 0,
    "red-card": 0.04628250828315983
  },
  "abilities": {
    "serene-grace": 3398.536943309108
  },
  "moves": {
    "wish": 604.2655296407037,
    "iron-head": 2707.052355751979,
    "body-slam": 909.2065755859975,
    "protect": 104.85297888902365,
    "u-turn": 2359.2841001825886,
    "ice-punch": 1128.506125349444,
    "healing-wish": 1144.558663182613,
    "fire-punch": 569.8442905964112,
    "thunder": 980.3186218939805,
    "thunder-wave": 134.32061371158207,
    "substitute": 179.88321142615825,
    "water-pulse": 65.4306533855837,
    "calm-mind": 171.9459397426857,
    "stealth-rock": 972.5176461275975,
    "ancient-power": 0.7683191634121043,
    "psychic": 44.11918554472189,
    "toxic": 4.012363804582469,
    "trick": 255.30435283134725,
    "hidden-power-ice": 203.29514846124084,
    "zen-headbutt": 48.86024332039075,
    "hidden-power-fire": 270.2020973781353,
    "energy-ball": 185.50523307368437,
    "icy-wind": 457.1148751198092,
    "reflect": 7.799322681545831,
    "light-screen": 7.782897797549203,
    "flash-cannon": 1.029064874249593,
    "grass-knot": 28.914656214820766,
    "thunder-punch": 1.2481310168573687,
    "drain-punch": 6.661842324999989,
    "rest": 0.0008769040615715373,
    "shock-wave": 0,
    "headbutt": 0.2307850997781607,
    "psyshock": 6.192177762468516,
    "meteor-mash": 5.264990052349109,
    "doom-desire": 8.177339301954836,
    "iron-defense": 0.7379040907098151,
    "last-resort": 0.06548115401320365,
    "metronome": 0.11190439338420277,
    "mimic": 0.06548115401320365,
    "facade": 0.00004672150359169569,
    "charge-beam": 1.0144508385932052,
    "thunderbolt": 3.307974971006307,
    "trick-room": 0.22992571778016463,
    "cosmic-power": 0.568373875600059,
    "future-sight": 1.210369602428443,
    "draco-meteor": 0.7390257558745317,
    "hidden-power-grass": 7.6243370189264645,
    "aerial-ace": 0,
    "refresh": 0.000006056576653756807,
    "shadow-ball": 0.026533273147481218,
    "hidden-power-fighting": 0.000002429266505787897,
    "hidden-power-ground": 3.814566567770808,
    "hidden-power-water": 0.15764906929358857,
    "uproar": 0.002532352248085401,
    "double-edge": 0,
    "recycle": 3.2240321523602233e-12
  },
  "teras": {
    "nothing": 3398.536943309108
  },
  "spreads": [
    {
      "nature": "jolly",
      "usage": "9.2",
      "evs": {
        "hp": 72,
        "atk": 252,
        "def": 0,
        "spa": 0,
        "spd": 0,
        "spe": 184
      }
    },
    {
      "nature": "careful",
      "usage": "7.5",
      "evs": {
        "hp": 252,
        "atk": 0,
        "def": 0,
        "spa": 0,
        "spd": 240,
        "spe": 16
      }
    },
    {
      "nature": "jolly",
      "usage": "6.9",
      "evs": {
        "hp": 248,
        "atk": 0,
        "def": 84,
        "spa": 0,
        "spd": 64,
        "spe": 112
      }
    },
    {
      "nature": "sassy",
      "usage": "6.1",
      "evs": {
        "hp": 252,
        "atk": 0,
        "def": 40,
        "spa": 0,
        "spd": 216,
        "spe": 0
      }
    },
    {
      "nature": "careful",
      "usage": "5.1",
      "evs": {
        "hp": 252,
        "atk": 0,
        "def": 4,
        "spa": 0,
        "spd": 252,
        "spe": 0
      }
    },
    {
      "nature": "jolly",
      "usage": "4.1",
      "evs": {
        "hp": 252,
        "atk": 72,
        "def": 0,
        "spa": 0,
        "spd": 0,
        "spe": 184
      }
    },
    {
      "nature": "hasty",
      "usage": "3.8",
      "evs": {
        "hp": 0,
        "atk": 252,
        "def": 0,
        "spa": 4,
        "spd": 0,
        "spe": 252
      }
    },
    {
      "nature": "timid",
      "usage": "2.7",
      "evs": {
        "hp": 64,
        "atk": 0,
        "def": 0,
        "spa": 252,
        "spd": 0,
        "spe": 192
      }
    },
    {
      "nature": "jolly",
      "usage": "2.5",
      "evs": {
        "hp": 152,
        "atk": 160,
        "def": 0,
        "spa": 0,
        "spd": 0,
        "spe": 196
      }
    },
    {
      "nature": "sassy",
      "usage": "2.4",
      "evs": {
        "hp": 252,
        "atk": 0,
        "def": 16,
        "spa": 0,
        "spd": 240,
        "spe": 0
      }
    }
  ],
  "teammates": {
    "3": 0.8232435916900025,
    "6": 1.2806817783319526,
    "8": 0.3946321355330529,
    "9": 20.508777061114632,
    "15": 0,
    "20": 0.05085229772238947,
    "25": 0,
    "31": 1.9778383756865625,
    "34": 1.6014597586441086,
    "36": 6.363179665833368,
    "38": 21.528206399574238,
    "40": 0.13403138607302667,
    "42": 0,
    "49": 1.2365257803817606,
    "51": 0.030845769866033212,
    "53": 0.003640665736762194,
    "59": 0.00000248557062448862,
    "62": 0,
    "64": 5.0150417041372464e-8,
    "65": 119.1201888925256,
    "67": 0,
    "68": 0.1646651513652298,
    "73": 264.76519391481884,
    "80": 2.741588731588345,
    "82": 12.432443686553427,
    "94": 111.93814669732808,
    "99": 0.02524562814263892,
    "101": 1.98397937523076e-8,
    "103": 0.00010716742720379147,
    "106": 0.13242219129859967,
    "110": 0.866918507878802,
    "113": 28.076559162294746,
    "114": 0,
    "115": 7.655631463172034,
    "121": 1623.6600832417623,
    "124": 0,
    "128": 2.0140124068479537e-7,
    "130": 118.09280806437195,
    "132": 5.054543476575497,
    "134": 1.7469507551557495,
    "135": 23.084214623548704,
    "136": 0.009654127712553418,
    "139": 1.3364121407368925,
    "141": 0.7361230556042485,
    "142": 87.28925672010891,
    "143": 0.005878000959736729,
    "145": 8.731125825399277,
    "146": 6.763153401838831,
    "149": 947.5068928197351,
    "151": 27.01252004337796,
    "157": 0.09348796757747285,
    "160": 27.199024509623815,
    "169": 0.17092818607602667,
    "171": 0.000008642795530533487,
    "178": 28.550190768601617,
    "184": 14.544882438049955,
    "186": 553.7104681112781,
    "195": 7.287654979372654,
    "196": 1.2180485776264718,
    "197": 0.6298766801713922,
    "199": 13.053710363980837,
    "205": 74.31654099388051,
    "206": 1.6653345369377348e-16,
    "208": 0,
    "212": 637.1036888543098,
    "214": 1.0211476304307858,
    "227": 178.97968288905088,
    "229": 0,
    "230": 24.930529003253298,
    "232": 105.01459619487784,
    "233": 58.17319576340186,
    "237": 1.2028958646647,
    "241": 0.4021980574269993,
    "242": 92.01827084942947,
    "243": 27.441583960284124,
    "245": 2.339423641753156,
    "248": 625.1308425650099,
    "251": 83.38199351137692,
    "254": 1.4895154129303183,
    "256": 0.000624941223553388,
    "260": 1.6518210211235185,
    "264": 0.023609326552564924,
    "272": 0.03140990570938823,
    "275": 0.0014735396336137963,
    "279": 0,
    "282": 0.04227253631601702,
    "286": 664.150606115598,