{
  "id": "450",
  "name": "Hippowdon",
  "format_id": "showdown_gen5ou-1630",
  "usage_metrics": {
    "raw": 2948,
    "base_weight": 631.7514746166713,
    "percent": 3.668035336568371
  },
  "items": {
    "leftovers": 619.9932068850683,
    "rocky-helmet": 9.02555742333627,
    "eject-button": 0.09174419931612404,
    "choice-band": 0.22615541992142807,
    "lum-berry": 1.6471685126973057e-10,
    "life-orb": 0.00013190853147998505,
    "earth-plate": 2.949862576429041e-13,
    "quick-claw": 0.1868873367173824,
    "sitrus-berry": 0.23593211098145722,
    "nothing": 1.9820669078225082,
    "smooth-rock": 0,
    "soft-sand": 0,
    "liechi-berry": 0.009596588441973641,
    "expert-belt": 0.0001958363690571785,
    "focus-sash": 0
  },
  "abilities": {
    "sand-stream": 629.2625332859749,
    "sand-force": 2.4889413306964507
  },
  "moves": {
    "slack-off": 625.3459868816668,
    "earthquake": 631.4178301055631,
    "stealth-rock": 622.4477094087664,
    "ice-fang": 61.69493608204677,
    "whirlwind": 307.9971261874951,
    "curse": 0.634204126193069,
    "fire-fang": 0.8280645802646872,
    "superpower": 0.009411995426861997,
    "toxic": 41.985947041892366,
    "roar": 15.095534669557567,
    "protect": 0.5107039025958927,
    "body-slam": 0.6642214252676555,
    "rest": 0.6501070395967172,
    "sleep-talk": 0.03600491962559582,
    "rock-tomb": 0.005151287666324389,
    "rock-slide": 212.75364254362628,
    "stone-edge": 0.47101343792341577,
    "thunder-fang": 0.042921163188307965,
    "crunch": 1.3894812863381711,
    "revenge": 0.08171425121150339,
    "stockpile": 0.5914820698168932,
    "sunny-day": 1.5641058979430302,
    "": 0.4179610098794778,
    "sandstorm": 0.003287389072202551,
    "iron-head": 1.0458206062269326e-7,
    "substitute": 0.06002457437561204,
    "sand-tomb": 0.09580848950557702,
    "natural-gift": 0.009596588441973641,
    "bite": 1.505823313818766e-7,
    "bulldoze": 0,
    "hidden-power-fire": 0,
    "facade": 0.20172402020308267,
    "double-edge": 0,
    "iron-tail": 0.0001958363690571785
  },
  "teras": {
    "nothing": 631.7514746166713
  },
  "spreads": [
    {
      "nature": "Careful",
      "usage": "27.7",
      "evs": {
        "hp": 252,
        "atk": 0,
        "def": 12,
        "spa": 0,
        "spd": 244,
        "spe": 0
      }
    },
    {
      "nature": "Careful",
      "usage": "22.4",
      "evs": {
        "hp": 252,
        "atk": 0,
        "def": 4,
        "spa": 0,
        "spd": 252,
        "spe": 0
      }
    },
    {
      "nature": "Careful",
      "usage": "9.8",
      "evs": {
        "hp": 252,
        "atk": 0,
        "def": 16,
        "spa": 0,
        "spd": 240,
        "spe": 0
      }
    },
    {
      "nature": "Impish",
      "usage": "7.1",
      "evs": {
        "hp": 252,
        "atk": 0,
        "def": 32,
        "spa": 0,
        "spd": 224,
        "spe": 0
      }
    },
    {
      "nature": "Impish",
      "usage": "6.3",
      "evs": {
        "hp": 252,
        "atk": 4,
        "def": 252,
        "spa": 0,
        "spd": 0,
        "spe": 0
      }
    },
    {
      "nature": "Careful",
      "usage": "4.5",
      "evs": {
        "hp": 252,
        "atk": 0,
        "def": 12,
        "spa": 0,
        "spd": 240,
        "spe": 4
      }
    },
    {
      "nature": "Careful",
      "usage": "4.4",
      "evs": {
        "hp": 252,
        "atk": 0,
        "def": 76,
        "spa": 0,
        "spd": 180,
        "spe": 0
      }
    },
    {
      "nature": "Impish",
      "usage": "4.1",
      "evs": {
        "hp": 248,
        "atk": 0,
        "def": 72,
        "spa": 0,
        "spd": 184,
        "spe": 4
      }
    },
    {
      "nature": "Impish",
      "usage": "1.8",
      "evs": {
        "hp": 252,
        "atk": 0,
        "def": 80,
        "spa": 0,
        "spd": 176,
        "spe": 0
      }
    },
    {
      "nature": "Impish",
      "usage": "1.7",
      "evs": {
        "hp": 252,
        "atk": 0,
        "def": 252,
        "spa": 0,
        "spd": 4,
        "spe": 0
      }
    }
  ],
  "teammates": {
    "3": 0.21603391804562783,
    "31": 1.3785450920000777,
    "34": 0.41752035504899,
    "36": 305.8300397415577,
    "38": 0.008987930761690133,
    "51": 0,
    "55": 0.00003883677494920246,
    "59": 0.4110749267460136,
    "65": 169.94590120904937,
    "71": 7.080611003629222e-7,
    "73": 3.7228269798908635,
    "78": 0.31397719248449896,
    "80": 18.137472323915,
    "82": 4.53804691841147,
    "94": 0.22448944477508803,
    "106": 0.11078702915214683,
    "110": 0.024972571830135903,
    "112": 0.06777703678187846,
    "113": 0.1132884047936274,
    "121": 9.823634429187702,
    "122": 0.36302074967740067,
    "126": 0,
    "130": 1.1774797268861474,
    "131": 0.03818861322227857,
    "132": 0.9999870776613484,
    "135": 0.004813383273429839,
    "136": 0.07697320499427324,
    "139": 0.000008582790633371307,
    "141": 0.10830776367781542,
    "142": 0.0002160812204624607,
    "145": 8.86855765371223,
    "149": 3.5369657732523887,
    "169": 0.00007840528111330292,
    "178": 3.651699558449971,
    "186": 1.505823313818766e-7,
    "195": 0.08614806429580862,
    "196": 0.3472099622675694,
    "197": 0.2984319698201368,
    "199": 0.9056569281106281,
    "205": 19.20309078056438,
    "208": 0.003128471123715282,
    "212": 11.473146209790166,
    "213": 0.07088892403300501,
    "214": 9.857430427473446e-10,
    "219": 0.000010872515718740594,
    "227": 324.38733739616896,
    "230": 1.2929507597933194,
    "232": 0.7726928906767194,
    "233": 0.017513816273492244,
    "237": 1.0606682790214812,
    "242": 38.303646151261916,
    "243": 0.02730099632884153,
    "248": 10.94278629987656,
    "251": 31.73521807217953,
    "260": 4.998385094712177e-9,
    "272": 0.0075745691479796595,
    "286": 7.3654556532430755,
    "299": 0.0000016597729973200082,
    "302": 1.6310851269509707,
    "304": 0,
    "306": 7.33841459654716e-7,
    "319": 0.009999710982657561,
    "323": 0,
    "330": 0.417520354608932,
    "332": 0.40152066337665876,
    "334": 0.00003883677494920246,
    "344": 6.686047285107481,
    "346": 0.5194650179197523,
    "348": 0.5176972311616579,
    "350": 0.3867822050514679,
    "354": 0.00013251439998829273,
    "356": 0.3652055090094584,
    "373": 1.651725647974997,
    "376": 0.6815760565110787,
    "379": 0.05120636002660184,
    "380": 218.47026331590973,
    "381": 289.584977348741,
    "385": 31.8020886858822,
    "389": 0.4965295457499856,
    "392": 0.25784361360505487,
    "395": 0.015055646308740955,
    "398": 0.045002211360028466,
    "407": 0,
    "409": 2.36769679085036e-7,
    "423": 12.172667607136937,
    "426": 0.00007622725214395665,
    "429": 0.0013043377579782245,
    "437": 143.17996310009997,
    "442": 0.0006200088201718246,
    "445": 8.48474534892839,
    "447": 0.018958160911333954,
    "448": 3.445551479634358,
    "449": 0.00002486371719589986,
    "454": 1.1263212584822213e-13,
    "460": 0.00003883677494920246,
    "461": 4.614202631685353,
    "462": 62.04394549631055,
    "463": 0.00003883677494920246,
    "464": 0.5333760922023698,
    "465": 0.0000013252755765580382,
    "467": 0.00003401707209982341,
    "468": 0.00003472513320018633,
    "469": 0.41663439422659604,
    "472": 132.0699165849771,
    "473": 3.356727749596222,
    "474": 0.19505617680841114,
    "475": 2.949862576429041e-13,
    "476": 0.04870107342805924,
    "477": 0.00007622725214395665,
    "478": 0.01779172946239166,
    "479": 5.71991062671611,
    "482": 0.026352396438817982,
    "485": 59.893627998337486,
    "488": 7.40988365666162e-8,
    "492": 0.000005452377529968633,
    "494": 0.009999710982657561,
    "500": 0.2741776708289042,
    "523": 0.31397719248449896,
    "526": 0.0001506241698717714,
    "528": 0.009999710982657561,
    "530": 146.69598472967093,
    "534": 1.4150559606386963,
    "549": 0.05173327379704762,
    "553": 0.008387036736261011,