{
  "id": "473",
  "name": "Mamoswine",
  "format_id": "showdown_gen5ou-1630",
  "usage_metrics": {
    "raw": 4916,
    "base_weight": 858.3764283249405,
    "percent": 6.116710215254448
  },
  "roles": [
    {
      "role": "role_sweeper_physical",
      "label": "Physical Sweeper",
      "category": "OFF"
    }
  ],
  "items": {
    "choice-band": 147.3746093792289,
    "never-melt-ice": 303.4314991793632,
    "focus-sash": 160.25963554236628,
    "leftovers": 22.062699336378213,
    "metronome": 0.0026131326282188283,
    "life-orb": 175.63657761837348,
    "rocky-helmet": 0.26440840803932825,
    "sitrus-berry": 0.06386490468855577,
    "nothing": 0.007762861204563876,
    "salac-berry": 19.617377947176237,
    "choice-scarf": 21.088344312941597,
    "air-balloon": 6.229017430583058,
    "chople-berry": 0.8230756092090237,
    "expert-belt": 1.0429682564787872,
    "icicle-plate": 0.2379831414823021,
    "lum-berry": 9.43689570931383e-16,
    "wide-lens": 1.3877787807814457e-15,
    "passho-berry": 0.2336203741133948,
    "muscle-band": 4.7646826284442056e-7,
    "zoom-lens": 0.00037041421979877587
  },
  "abilities": {
    "thick-fat": 849.3669349715412,
    "oblivious": 9.009493353399277
  },
  "moves": {
    "icicle-crash": 712.7487393870371,
    "ice-shard": 857.3939090122143,
    "earthquake": 858.3570469795134,
    "superpower": 463.7976074089474,
    "stealth-rock": 212.11794685914745,
    "avalanche": 0.4049408262037794,
    "substitute": 172.96709055483254,
    "curse": 0.041205994132093915,
    "rest": 0.0000046187035014355615,
    "sleep-talk": 0.000004618689966373601,
    "knock-off": 0.09617369435707462,
    "stone-edge": 1.429551421648834,
    "light-screen": 0.0010296662692492742,
    "endeavor": 25.87696497489927,
    "icicle-spear": 114.11778484090729,
    "rock-slide": 0.19932695168876746,
    "double-edge": 7.668848585441256,
    "iron-head": 0.04646074590279636,
    "toxic": 3.618802291001673,
    "ice-fang": 0.03524048141009395,
    "ancient-power": 0.046459497065711786,
    "protect": 0.30114674965093463,
    "hail": 4.9960036108132044e-15,
    "roar": 0.09653605256490344,
    "hidden-power-dark": 0,
    "take-down": 0,
    "body-slam": 1.9705113382288073,
    "blizzard": 0.16229361134768794,
    "dig": 0,
    "amnesia": 3.658795488803435e-12,
    "facade": 9.614029918836309e-7,
    "ice-beam": 2.906034928806811e-7,
    "endure": 0.0000027430080530299605,
    "return": 0,
    "rock-tomb": 0.01008214294081361,
    "reflect": 0,
    "sandstorm": 2.220446049250313e-15
  },
  "teras": {
    "nothing": 858.3764283249398
  },
  "spreads": [
    {
      "nature": "adamant",
      "usage": "48.6",
      "evs": {
        "hp": 0,
        "atk": 252,
        "def": 0,
        "spa": 0,
        "spd": 4,
        "spe": 252
      }
    },
    {
      "nature": "jolly",
      "usage": "28.1",
      "evs": {
        "hp": 0,
        "atk": 252,
        "def": 0,
        "spa": 0,
        "spd": 4,
        "spe": 252
      }
    },
    {
      "nature": "adamant",
      "usage": "6.6",
      "evs": {
        "hp": 4,
        "atk": 244,
        "def": 0,
        "spa": 0,
        "spd": 80,
        "spe": 180
      }
    },
    {
      "nature": "adamant",
      "usage": "4.1",
      "evs": {
        "hp": 0,
        "atk": 252,
        "def": 4,
        "spa": 0,
        "spd": 0,
        "spe": 252
      }
    },
    {
      "nature": "adamant",
      "usage": "3.7",
      "evs": {
        "hp": 252,
        "atk": 252,
        "def": 4,
        "spa": 0,
        "spd": 0,
        "spe": 0
      }
    },
    {
      "nature": "adamant",
      "usage": "3.3",
      "evs": {
        "hp": 4,
        "atk": 252,
        "def": 0,
        "spa": 0,
        "spd": 0,
        "spe": 252
      }
    },
    {
      "nature": "jolly",
      "usage": "2.6",
      "evs": {
        "hp": 0,
        "atk": 252,
        "def": 4,
        "spa": 0,
        "spd": 0,
        "spe": 252
      }
    },
    {
      "nature": "adamant",
      "usage": "0.7",
      "evs": {
        "hp": 0,
        "atk": 252,
        "def": 0,
        "spa": 0,
        "spd": 0,
        "spe": 252
      }
    },
    {
      "nature": "naive",
      "usage": "0.5",
      "evs": {
        "hp": 252,
        "atk": 252,
        "def": 0,
        "spa": 4,
        "spd": 0,
        "spe": 0
      }
    },
    {
      "nature": "hasty",
      "usage": "0.5",
      "evs": {
        "hp": 0,
        "atk": 252,
        "def": 0,
        "spa": 0,
        "spd": 4,
        "spe": 252
      }
    }
  ],
  "teammates": {
    "3": 0.10950084235594065,
    "6": 0.000007477452602211443,
    "9": 0.034225762257407644,
    "20": 0.06932444895284906,
    "25": 0.007123037141821664,
    "34": 0.0017681930542537416,
    "36": 0.20848752057091652,
    "38": 7.3786882877106255,
    "49": 0.13521913978864936,
    "59": 10.538086343565805,
    "61": 0.0067547122540009275,
    "62": 2.942091015256665e-15,
    "65": 114.9319252525977,
    "68": 0.003766343141928863,
    "73": 120.60341036691628,
    "80": 4.875932026669425,
    "82": 0.0009862929887671235,
    "94": 20.929246463154936,
    "107": 3.6081693188805275e-12,
    "110": 0,
    "113": 10.11225557660575,
    "121": 333.0405106838474,
    "124": 0,
    "130": 94.30184669946956,
    "131": 0.0000014137055340812665,
    "132": 3.018890294871135,
    "134": 0.047485262517089344,
    "135": 0.7000465213521037,
    "139": 0.08458865964896767,
    "141": 0.15739437114429095,
    "142": 4.859478756003283,
    "143": 0.000004347536486370984,
    "144": 0.011554172730503798,
    "145": 0.10472180304190315,
    "146": 2.365653215527528,
    "149": 277.4038416468628,
    "151": 111.60443457641888,
    "156": 0,
    "157": 0,
    "160": 2.1462947295128867,
    "169": 0.001830678862102364,
    "171": 0.000008570898126003534,
    "178": 26.954866762899798,
    "184": 13.999975801726764,
    "186": 251.78320494024953,
    "195": 0.23647174421999168,
    "196": 4.566530553144212,
    "198": 0,
    "199": 0.9998854696203756,
    "200": 0.05441684278973541,
    "202": 0,
    "205": 21.74774074703671,
    "207": 0.03130220930045724,
    "208": 0.0019341185510708403,
    "212": 109.64690687240947,
    "213": 0,
    "214": 0.0040976008783208395,
    "227": 85.13248788218345,
    "229": 0.018006100732667674,
    "230": 0.023061426420333875,
    "232": 0.04033894584166697,
    "233": 0.754501168330302,
    "237": 0.5292014126703573,
    "242": 6.77377501889666,
    "243": 8.805170411805756,
    "244": 0.000761454884422974,
    "245": 5.724806258982545,
    "248": 189.39994704680348,
    "251": 7.773780403697665,
    "260": 0.0016553385018899247,
    "275": 0.0005476498097514715,
    "277": 11.957179880948855,
    "282": 0,
    "286": 60.41037664969458,
    "291": 1.4624855571021556e-7,
    "292": 0.013224857812255575,
    "297": 5.551115123125783e-17,
    "299": 0,
    "302": 4.298289860007055,
    "306": 1.9365453685082912e-11,
    "313": 0,
    "319": 0.03365903818705229,
    "324": 0.01727470493619021,
    "330": 0,
    "342": 8.545052254671504e-8,
    "344": 0.004387935828483569,
    "346": 0.018006100732673835,
    "350": 0.3005084859102429,
    "351": 4.897062427788867e-7,
    "356": 0.31335015673970273,
    "362": 7.749968078396563e-8,
    "365": 0.005083564070383073,
    "373": 100.20388480110111,
    "376": 25.824719226286124,
    "377": 9.876266471309236e-12,
    "378": 2.909647023319195e-9,
    "380": 9.768738424067571,
    "381": 195.18607874073257,
    "385": 150.07462234341597,
    "389": 2.906034928806811e-7,
    "392": 1.1633294857517988,
    "393": 0,
    "395": 0.7926920390458466,
    "398": 9.839034432446784,
    "405": 0.01008214294081361,
    "407": 32.55400183732271,
    "409": 0.00009427806538869765,
    "417": 0,
    "423": 2.160197751582234,
    "424": 1.7805322325482187,
    "426": 0.014328971672210977,
    "427": 0,
    "428": 0,
    "429": 3.501088308155431e-13,
    "430": 0.11682431229771562,
    "437": 4.878965801418164,