{
  "id": "485",
  "name": "Heatran",
  "format_id": "showdown_gen5ou-1630",
  "usage_metrics": {
    "raw": 10046,
    "base_weight": 1335.4194097423633,
    "percent": 12.499688938658704
  },
  "roles": [
    {
      "role": "role_staller",
      "label": "Staller",
      "category": "DEF"
    },
    {
      "role": "role_sweeper_special",
      "label": "Special Sweeper",
      "category": "OFF"
    }
  ],
  "items": {
    "air-balloon": 650.2885268517941,
    "leftovers": 538.8139263187794,
    "life-orb": 1.5819559673779788,
    "choice-scarf": 98.44002754335258,
    "power-herb": 0.5608089315064108,
    "shuca-berry": 2.022072513341148,
    "sitrus-berry": 0.025255730524193276,
    "choice-specs": 39.509056318516066,
    "chople-berry": 2.6813551960115487,
    "rocky-helmet": 0,
    "expert-belt": 0.7695900981659543,
    "eject-button": 0.34322006500022617,
    "flame-plate": 0.00046263028443338516,
    "nothing": 0.000007000344934227076,
    "grip-claw": 0.04118253188544169,
    "focus-sash": 0.0060563048453941,
    "passho-berry": 0.25829225768367,
    "salac-berry": 0,
    "lum-berry": 0.0003536043873704209,
    "custap-berry": 0.001190297311682964,
    "chesto-berry": 0.07606958125553998
  },
  "abilities": {
    "flash-fire": 1335.4194097423633
  },
  "moves": {
    "taunt": 255.4279190984114,
    "fire-blast": 363.6654417298987,
    "dragon-pulse": 163.70687143067966,
    "hidden-power-grass": 180.30982393040077,
    "earth-power": 763.7409898129212,
    "stealth-rock": 337.9524776802115,
    "solar-beam": 151.01500693269793,
    "magma-storm": 541.2591918477497,
    "sunny-day": 144.93390413246496,
    "hidden-power-ice": 646.6822223938952,
    "toxic": 282.84981184707374,
    "dark-pulse": 2.7430415525811433,
    "lava-plume": 375.2287747988523,
    "will-o-wisp": 97.4106995815857,
    "protect": 271.3918976258001,
    "roar": 94.1657852585534,
    "substitute": 88.73000201482766,
    "flame-charge": 296.61253611108606,
    "explosion": 4.149959098265774,
    "ancient-power": 13.943809499410458,
    "flamethrower": 113.97607440832773,
    "heat-wave": 0.6795454850999578,
    "overheat": 64.67129070296019,
    "flash-cannon": 40.24772939520121,
    "eruption": 27.46530903899598,
    "earthquake": 0.7362667925331716,
    "bulldoze": 0.034891617664167596,
    "stone-edge": 13.221210095172191,
    "iron-defense": 0.0000055661461554334934,
    "hidden-power-fighting": 0.00011008245412780227,
    "rest": 0.2044878108478546,
    "sleep-talk": 0.08576780605250423,
    "hidden-power-electric": 0.34866862490333306,
    "iron-head": 0.014215727072597717,
    "torment": 2.132694888274082,
    "hidden-power-dragon": 0.00027762457465679846,
    "hidden-power-dark": 5.694611449058584e-12,
    "rock-tomb": 0.008450279220839407,
    "rock-slide": 0.4407556989715246,
    "": 0.01616974705186619,
    "scary-face": 0,
    "frustration": 0,
    "hidden-power-rock": 0.00001410731537226928,
    "rock-smash": 0.5530371555423476,
    "payback": 0.9200230503860929,
    "facade": 0.0004768873303191423
  },
  "teras": {
    "nothing": 1335.4194097423633
  },
  "spreads": [
    {
      "nature": "modest",
      "usage": "26.7",
      "evs": {
        "hp": 0,
        "atk": 0,
        "def": 4,
        "spa": 252,
        "spd": 0,
        "spe": 252
      }
    },
    {
      "nature": "modest",
      "usage": "6.3",
      "evs": {
        "hp": 0,
        "atk": 0,
        "def": 0,
        "spa": 252,
        "spd": 4,
        "spe": 252
      }
    },
    {
      "nature": "calm",
      "usage": "6.1",
      "evs": {
        "hp": 252,
        "atk": 0,
        "def": 4,
        "spa": 0,
        "spd": 252,
        "spe": 0
      }
    },
    {
      "nature": "timid",
      "usage": "4.7",
      "evs": {
        "hp": 4,
        "atk": 0,
        "def": 0,
        "spa": 252,
        "spd": 0,
        "spe": 252
      }
    },
    {
      "nature": "timid",
      "usage": "4.5",
      "evs": {
        "hp": 56,
        "atk": 0,
        "def": 0,
        "spa": 212,
        "spd": 40,
        "spe": 200
      }
    },
    {
      "nature": "calm",
      "usage": "4.5",
      "evs": {
        "hp": 252,
        "atk": 0,
        "def": 0,
        "spa": 4,
        "spd": 252,
        "spe": 0
      }
    },
    {
      "nature": "timid",
      "usage": "3.5",
      "evs": {
        "hp": 0,
        "atk": 0,
        "def": 0,
        "spa": 252,
        "spd": 4,
        "spe": 252
      }
    },
    {
      "nature": "timid",
      "usage": "3.1",
      "evs": {
        "hp": 8,
        "atk": 0,
        "def": 0,
        "spa": 156,
        "spd": 100,
        "spe": 244
      }
    },
    {
      "nature": "timid",
      "usage": "2.2",
      "evs": {
        "hp": 56,
        "atk": 0,
        "def": 0,
        "spa": 252,
        "spd": 0,
        "spe": 200
      }
    },
    {
      "nature": "modest",
      "usage": "2.2",
      "evs": {
        "hp": 8,
        "atk": 0,
        "def": 0,
        "spa": 232,
        "spd": 64,
        "spe": 204
      }
    }
  ],
  "teammates": {
    "3": 1.9301889738033056,
    "6": 0.9880674309433208,
    "8": 0.22117279726734362,
    "9": 0.13065427035489147,
    "20": 0,
    "31": 0.0026127482012745507,
    "34": 0.8028785387483179,
    "36": 40.578679945998424,
    "38": 307.5279159196444,
    "47": 4.959701020110807,
    "51": 1.876908997666682e-7,
    "55": 0.000018118793161325808,
    "59": 44.91612505314645,
    "65": 111.14768708455496,
    "68": 0.3016383869791951,
    "73": 9.824452050991507,
    "80": 44.342675701139584,
    "82": 0.30108775505365,
    "94": 19.23840395065518,
    "103": 0.0042627782861344166,
    "106": 0.08711578288214034,
    "110": 4.773534734290831,
    "113": 64.17917871463986,
    "121": 136.5188964094848,
    "123": 0,
    "124": 0.00047230086251565107,
    "130": 12.39711743068466,
    "132": 28.398560708530393,
    "134": 0.2064825114452185,
    "135": 4.72943882320235,
    "139": 0.000010950738669024407,
    "141": 5.014500541577909,
    "142": 0.5571124615651167,
    "143": 4.555411546494863,
    "144": 0,
    "145": 29.902901443183513,
    "149": 48.19485066899218,
    "151": 1.0060796068349536,
    "157": 0.6728350394329742,
    "160": 0.1990267578123291,
    "166": 0,
    "169": 4.543927266725519,
    "171": 4.959701020110808,
    "178": 160.53548100751223,
    "184": 1.9426471532433334,
    "186": 5.5237467425032305,
    "189": 0,
    "195": 0.027587041228751386,
    "196": 8.11690616285991,
    "197": 0.005169891438565111,
    "198": 0.197413410844405,
    "199": 7.796456042890062,
    "205": 57.875998492279194,
    "212": 75.49341952717577,
    "213": 0.020864870293864468,
    "214": 6.134304845540679,
    "219": 0.000010872515718740594,
    "221": 0.001048422709063912,
    "227": 135.30919483053356,
    "229": 1.4701376488827145,
    "230": 0.21559697004400502,
    "232": 149.40873661108986,
    "233": 0.0021077158226305293,
    "237": 1.0594571993176034,
    "242": 26.19725801313477,
    "243": 1.0225951690000477,
    "244": 0.00017831023999331785,
    "245": 11.45121887285013,
    "248": 573.9505501710519,
    "251": 132.19167671982308,
    "254": 0.3450160051016064,
    "260": 11.132701005135583,
    "272": 0.013709224326179159,
    "275": 0.00021670399714873723,
    "277": 0.002838043611176344,
    "282": 0.17290800403308082,
    "284": 0,
    "286": 347.5149232173294,
    "289": 2.5794237490465095,
    "291": 0,
    "292": 0.47896754209275716,
    "297": 0.29161050635366265,
    "299": 0,
    "302": 0.06078180170720682,
    "304": 0.0041041228472685765,
    "306": 0.21013716995914544,
    "308": 1.0519789899148084,
    "310": 0,
    "313": 2.265787006974774,
    "319": 0.014659413123750686,
    "323": 0,
    "324": 1.0089428328722967,
    "330": 1.239650204816059,
    "332": 1.8794575813139511,
    "344": 0.8050477864665925,
    "346": 0.0001380697021592936,
    "350": 1.2885970659731347,
    "351": 0,
    "352": 0,
    "356": 0.00017037505850864276,