{
  "id": "571",
  "name": "Zoroark",
  "format_id": "showdown_gen5ou-1630",
  "usage_metrics": {
    "raw": 858,
    "base_weight": 43.987304094183195,
    "percent": 1.0675625233296004
  },
  "roles": [
    {
      "role": "role_sweeper_special",
      "label": "Special Sweeper",
      "category": "OFF"
    }
  ],
  "items": {
    "focus-sash": 0.34035817286640346,
    "lagging-tail": 0,
    "choice-specs": 5.917810761926767,
    "life-orb": 3.0030823821732104,
    "expert-belt": 34.500726262166296,
    "sitrus-berry": 0.00016042490926765351,
    "choice-scarf": 0.00002345160456274087,
    "leftovers": 0.0031824351560670316,
    "wise-glasses": 0.00009343752464002764,
    "rocky-helmet": 8.31562985137424e-10,
    "wide-lens": 0.014444976762943262,
    "black-glasses": 0.06567530306354213,
    "sticky-barb": 2.8470559243487514e-12,
    "air-balloon": 0.14168189193192643,
    "flame-orb": 0,
    "nothing": 1.0366613123480306e-10,
    "quick-claw": 1.1750632133988859e-9,
    "choice-band": 0.00006459198446373549
  },
  "abilities": {
    "illusion": 43.987304094183195
  },
  "moves": {
    "dark-pulse": 42.794797319976965,
    "calm-mind": 0.00417372590855547,
    "extrasensory": 3.9782110357761615,
    "shadow-ball": 1.3795256374682097,
    "nasty-plot": 1.9247555251782538,
    "foul-play": 0,
    "u-turn": 4.521729943627054,
    "trick": 0.18046974190011889,
    "flamethrower": 43.92915261539816,
    "focus-blast": 32.730636395788565,
    "night-daze": 1.1829022545382915,
    "hidden-power-flying": 0.0001093418782754374,
    "hidden-power-ice": 36.807716227490374,
    "snarl": 0,
    "protect": 0.000020654913902462546,
    "detect": 0.0032694380239344234,
    "attract": 0.00009343752464002764,
    "sucker-punch": 0.07506168273434927,
    "swords-dance": 0.009297269149770804,
    "low-sweep": 0.009297268067635034,
    "taunt": 0.030769866293160975,
    "low-kick": 0.00018360494442609676,
    "agility": 0.04508024516379794,
    "frustration": 0.04508024516379794,
    "hidden-power-water": 6.638108285272892e-9,
    "night-slash": 0.00022505191347832465,
    "hyper-voice": 0,
    "counter": 0,
    "memento": 0,
    "hidden-power-grass": 0.170102845783968,
    "hidden-power-dragon": 0,
    "retaliate": 0.00009449456387033983,
    "grass-knot": 6.120115317178827,
    "hidden-power-fighting": 1.2777520153051114e-9,
    "shadow-claw": 0.00013055734960798482,
    "hidden-power-electric": 0.006031020174368351,
    "pursuit": 0.00018360494442609676
  },
  "teras": {
    "nothing": 43.987304094183195
  },
  "spreads": [
    {
      "nature": "timid",
      "usage": "88.2",
      "evs": {
        "hp": 0,
        "atk": 0,
        "def": 0,
        "spa": 252,
        "spd": 4,
        "spe": 252
      }
    },
    {
      "nature": "modest",
      "usage": "8.2",
      "evs": {
        "hp": 0,
        "atk": 0,
        "def": 0,
        "spa": 252,
        "spd": 4,
        "spe": 252
      }
    },
    {
      "nature": "timid",
      "usage": "2.9",
      "evs": {
        "hp": 24,
        "atk": 0,
        "def": 0,
        "spa": 252,
        "spd": 0,
        "spe": 232
      }
    },
    {
      "nature": "timid",
      "usage": "0.2",
      "evs": {
        "hp": 4,
        "atk": 0,
        "def": 0,
        "spa": 252,
        "spd": 0,
        "spe": 252
      }
    },
    {
      "nature": "hasty",
      "usage": "0.1",
      "evs": {
        "hp": 0,
        "atk": 4,
        "def": 0,
        "spa": 252,
        "spd": 0,
        "spe": 252
      }
    },
    {
      "nature": "mild",
      "usage": "0.1",
      "evs": {
        "hp": 0,
        "atk": 4,
        "def": 0,
        "spa": 252,
        "spd": 0,
        "spe": 252
      }
    },
    {
      "nature": "timid",
      "usage": "0.1",
      "evs": {
        "hp": 0,
        "atk": 0,
        "def": 0,
        "spa": 252,
        "spd": 0,
        "spe": 252
      }
    },
    {
      "nature": "timid",
      "usage": "0.0",
      "evs": {
        "hp": 6,
        "atk": 0,
        "def": 0,
        "spa": 252,
        "spd": 0,
        "spe": 252
      }
    },
    {
      "nature": "naive",
      "usage": "0.0",
      "evs": {
        "hp": 0,
        "atk": 4,
        "def": 0,
        "spa": 252,
        "spd": 0,
        "spe": 252
      }
    },
    {
      "nature": "lonely",
      "usage": "0.0",
      "evs": {
        "hp": 0,
        "atk": 252,
        "def": 0,
        "spa": 0,
        "spd": 0,
        "spe": 252
      }
    }
  ],
  "teammates": {
    "3": 0.011770338806681047,
    "6": 6.521751300114786e-8,
    "34": 3.6690237908976187e-7,
    "36": 0.006031020174368351,
    "38": 0.00003731295891945541,
    "45": 0,
    "51": 0,
    "59": 0.02831910603406368,
    "65": 28.700696834717274,
    "68": 4.999967211195491,
    "73": 0.18333399311587734,
    "80": 0.8439633249194125,
    "82": 0.0000012242225197467427,
    "94": 0.08373523932347432,
    "112": 0.00008989670533199323,
    "113": 1.2186830433691398e-9,
    "121": 1.062130956294858,
    "122": 0,
    "130": 1.8095845974036173,
    "134": 0.0000018903499806044444,
    "135": 7.124451029127954e-11,
    "139": 1.0821357143697696e-9,
    "141": 1.2807029553529858e-7,
    "145": 0.008064154113631927,
    "146": 0,
    "148": 0.04253300750907474,
    "149": 1.3012066016690667,
    "151": 0.000020654913902462546,
    "169": 0.00008989753689497837,
    "176": 0.017364453024610538,
    "178": 0.00002490936010252076,
    "181": 0,
    "186": 0.08372543658473097,
    "196": 1.1114991888423587,
    "197": 0.06559396696639802,
    "205": 0.046102017467457235,
    "207": 0.07957995211993296,
    "212": 36.49836936013836,
    "213": 0,
    "214": 0.1990049338373825,
    "219": 0,
    "226": 0.006031020174368351,
    "227": 5.141675498622422,
    "229": 0,
    "230": 0.001405828792229058,
    "232": 0.9989883147474048,
    "241": 1.2186830433691398e-9,
    "242": 28.584918956744207,
    "245": 28.583820620421285,
    "248": 0.017641581362696224,
    "254": 0.000008212280214525691,
    "260": 0.02936206972401434,
    "262": 0.000016592827503991714,
    "272": 0,
    "277": 0.09642196116581236,
    "286": 1.1114755275820802,
    "292": 0.042532028781623876,
    "302": 0.06560317332777943,
    "305": 6.005138499243223e-7,
    "306": 0.0041530709946530076,
    "308": 0.43260381224996197,
    "319": 0.011770338806681047,
    "330": 0.1990049338373825,
    "342": 0,
    "346": 0,
    "350": 9.349143681447458e-11,
    "356": 0.000026426258041167827,
    "357": 0.0014061956946081478,
    "359": 0,
    "373": 0.02387146800489448,
    "376": 0.13234329156792007,
    "381": 6.669127870383616,
    "385": 0.7672841613888073,
    "392": 0.12014862729521991,
    "395": 0,
    "398": 0.11913955293539208,
    "405": 0.000008579182593615453,
    "419": 0.000008212280214525691,
    "423": 0.004675266816163481,
    "424": 0.000020654913902462546,
    "430": 8.31562985137424e-10,
    "442": 0.0655808084996718,
    "445": 29.130892380514624,
    "448": 1.2758993144273896,
    "450": 0.14168192129950818,
    "454": 0.019944671135773306,
    "460": 0,
    "461": 0.04861596446847255,
    "462": 0.20332767184932765,
    "465": 8.360570774579301e-8,
    "466": 0.016842009045879403,
    "471": 1.4200982223488978e-8,
    "472": 0.6122821322406355,
    "473": 0,
    "474": 0.05453001238340677,
    "475": 0.03351514071866735,
    "485": 0.6316150683606079,
    "486": 3.6690237908976187e-7,
    "488": 0.000023421154845215675,
    "494": 0.0000014869395851269118,
    "497": 0.003161780190779784,
    "500": 0.1418423179233298,
    "503": 0.007181579544070504,
    "505": 0,
    "510": 0,
    "512": 0.00016042490926765351,
    "518": 0.001990546369982471,
    "521": 0.00013055734960798482,
    "523": 0.00016042490926765351,
    "526": 0,
    "528": 0,
    "530": 3.9711113684534083,
    "534": 1.0031700190000623,
    "537": 0,
    "538": 0.0010921350177497402,
    "542": 0.00012020060026540769,
    "547": 0.01005955994304264,
    "549": 0.002368366740448602,