{
  "id": "80",
  "name": "Slowbro",
  "format_id": "showdown_gen5ou-1630",
  "usage_metrics": {
    "raw": 1294,
    "base_weight": 266.357193950161,
    "percent": 1.610053502550703
  },
  "roles": [
    {
      "role": "role_disruptor",
      "label": "Disruptor",
      "category": "SUP"
    },
    {
      "role": "role_wall_physical",
      "label": "Physical Wall",
      "category": "DEF"
    },
    {
      "role": "role_speed_control",
      "label": "Speed Control",
      "category": "SUP"
    }
  ],
  "items": {
    "rocky-helmet": 172.4876107950959,
    "leftovers": 76.95503536347799,
    "leppa-berry": 0.6251833398759705,
    "sitrus-berry": 0.32344884457832407,
    "full-incense": 0.032851700900044745,
    "eject-button": 14.433806477482856,
    "lum-berry": 1.0391209389264575,
    "choice-specs": 0,
    "expert-belt": 0.26187706524914495,
    "colbur-berry": 0.09902961735491772,
    "life-orb": 0,
    "eviolite": 0.0992298072191039
  },
  "abilities": {
    "regenerator": 265.2017883364551,
    "oblivious": 1.1554056136943658,
    "own-tempo": 1.1541823052851896e-11
  },
  "moves": {
    "scald": 259.14098099513234,
    "ice-beam": 198.8280033436264,
    "thunder-wave": 129.94020843364004,
    "slack-off": 258.5489195059616,
    "future-sight": 3.274671814599411,
    "fire-blast": 18.23924831921455,
    "calm-mind": 6.672417900676395,
    "trick-room": 9.03033164288812,
    "psychic": 91.72418938423196,
    "shadow-ball": 1.4473749441390131,
    "flamethrower": 48.82033789216842,
    "focus-blast": 0.093224609179555,
    "psyshock": 14.875914843276687,
    "curse": 7.044365091246618e-14,
    "recycle": 0.6251833398759705,
    "block": 0.6251833398759705,
    "toxic": 12.556304501223226,
    "surf": 3.0483643921918286,
    "protect": 0.321984955994405,
    "trick": 0.03285173838413741,
    "counter": 1.1541823052851896e-11,
    "light-screen": 0.0000048256292382586885,
    "heal-pulse": 0.6202430676972918,
    "aqua-tail": 1.1015854894935728e-11,
    "avalanche": 0,
    "blizzard": 5.92303983637521e-14,
    "brick-break": 0,
    "zen-headbutt": 1.1015854894935728e-11,
    "disable": 0.0000072035125469605,
    "hidden-power-grass": 0.0017674772401928274,
    "foul-play": 0.008404032156081931,
    "rain-dance": 0,
    "iron-defense": 4.769555425790768,
    "giga-impact": 0.16680816291261824,
    "magic-coat": 2.0162896862102606,
    "substitute": 2.316980279859493e-8,
    "belly-drum": 1.0956624496571976e-11,
    "rest": 0
  },
  "teras": {
    "nothing": 266.357193950161
  },
  "spreads": [
    {
      "nature": "bold",
      "usage": "45.5",
      "evs": {
        "hp": 248,
        "atk": 0,
        "def": 252,
        "spa": 0,
        "spd": 8,
        "spe": 0
      }
    },
    {
      "nature": "bold",
      "usage": "17.2",
      "evs": {
        "hp": 252,
        "atk": 0,
        "def": 252,
        "spa": 4,
        "spd": 0,
        "spe": 0
      }
    },
    {
      "nature": "bold",
      "usage": "8.2",
      "evs": {
        "hp": 252,
        "atk": 0,
        "def": 252,
        "spa": 0,
        "spd": 4,
        "spe": 0
      }
    },
    {
      "nature": "calm",
      "usage": "5.4",
      "evs": {
        "hp": 248,
        "atk": 0,
        "def": 8,
        "spa": 0,
        "spd": 252,
        "spe": 0
      }
    },
    {
      "nature": "bold",
      "usage": "4.3",
      "evs": {
        "hp": 248,
        "atk": 0,
        "def": 252,
        "spa": 8,
        "spd": 0,
        "spe": 0
      }
    },
    {
      "nature": "relaxed",
      "usage": "3.0",
      "evs": {
        "hp": 248,
        "atk": 0,
        "def": 252,
        "spa": 4,
        "spd": 4,
        "spe": 0
      }
    },
    {
      "nature": "relaxed",
      "usage": "2.5",
      "evs": {
        "hp": 252,
        "atk": 0,
        "def": 224,
        "spa": 32,
        "spd": 0,
        "spe": 0
      }
    },
    {
      "nature": "bold",
      "usage": "2.3",
      "evs": {
        "hp": 252,
        "atk": 0,
        "def": 248,
        "spa": 4,
        "spd": 4,
        "spe": 0
      }
    },
    {
      "nature": "bold",
      "usage": "2.3",
      "evs": {
        "hp": 252,
        "atk": 0,
        "def": 128,
        "spa": 0,
        "spd": 128,
        "spe": 0
      }
    },
    {
      "nature": "relaxed",
      "usage": "2.1",
      "evs": {
        "hp": 248,
        "atk": 0,
        "def": 252,
        "spa": 0,
        "spd": 8,
        "spe": 0
      }
    }
  ],
  "teammates": {
    "3": 0.08603625572454421,
    "20": 1.0956624496571976e-11,
    "36": 40.615589879089484,
    "38": 1.0711265800418504,
    "49": 0.1714471418135764,
    "59": 0.40812812603595944,
    "63": 2.1421753260142395e-13,
    "64": 2.1421753260142395e-13,
    "65": 2.3681338055406846,
    "68": 4.352592709230451,
    "73": 2.373266305444577,
    "87": 0,
    "94": 3.3203619168123826,
    "103": 0,
    "106": 0.04530640841645933,
    "113": 10.980669042141429,
    "121": 0.18215900577978555,
    "124": 0,
    "128": 1.0956624496571976e-11,
    "130": 0.0000034992217330942488,
    "131": 0,
    "132": 6.153049070180923,
    "135": 0.32209188117923965,
    "142": 0.17274955813388077,
    "143": 3.5740929660299514e-9,
    "145": 21.418184802037594,
    "149": 5.060994171317236,
    "151": 0.16331797847534146,
    "157": 0.10480160940049171,
    "160": 1.0956624496571976e-11,
    "169": 0.2633308307338464,
    "178": 0.9682593820481786,
    "184": 0.06982596853001449,
    "186": 2.97936701088435,
    "195": 0.000025112079406752752,
    "196": 0.0865830496651257,
    "197": 0.17402464961900926,
    "199": 4.396048392343003,
    "200": 0.08658304966491415,
    "205": 12.94531506685598,
    "212": 4.574983776355968,
    "214": 0.32209187031141523,
    "217": 0.8097967394354153,
    "221": 0,
    "227": 13.702519222621607,
    "229": 0.08326582706134505,
    "232": 16.15298754352177,
    "233": 4.074010736973063,
    "242": 19.91793367696719,
    "243": 0.0013569742559522147,
    "245": 5.396876289753827e-7,
    "248": 197.32280727395045,
    "251": 95.84599526700484,
    "254": 0.044165342723063605,
    "260": 0.09922980723064573,
    "272": 0.09926767817803428,
    "286": 0.0015856279194759737,
    "288": 0.13317145053729668,
    "292": 0,
    "297": 0.0010369813306816966,
    "302": 7.749035194709823,
    "308": 2.1421753260142395e-13,
    "319": 0.09923947998843069,
    "321": 0.0992298072191039,
    "332": 0.00001297115978865504,
    "334": 0.0004106898078727883,
    "338": 0,
    "344": 0.00001297115978865504,
    "356": 0.6554474208016242,
    "365": 8.221201497349284e-14,
    "373": 2.159200986932571,
    "376": 0.03323837952400249,
    "380": 40.45299407665971,
    "381": 24.5832154615175,
    "385": 2.741588731588345,
    "392": 3.8083925847680993,
    "398": 0.8010458164984704,
    "407": 0.00011030354540630949,
    "409": 0.000003499210191271196,
    "424": 0.032976671593471174,
    "430": 0.3299924222167972,
    "436": 0.0010369813306816966,
    "437": 5.621810498745517,
    "442": 0.15610502659376846,
    "445": 1.9886795719294015,
    "447": 0,
    "448": 0.19020094490907752,
    "450": 18.137472323915,
    "454": 7.307759112950106,
    "460": 0.003249748614631398,
    "461": 0.17642150753999886,
    "462": 17.656837589968166,
    "464": 0.06982596853001449,
    "465": 8.267006318424324,
    "468": 1.1996906765629518,
    "469": 1.1996906765629518,
    "472": 39.73750597728063,
    "473": 4.875932026669425,
    "477": 0.008400754711644143,
    "480": 0.06982596853001449,
    "485": 44.342675701139584,
    "488": 0.06211398345134145,
    "494": 0.000009672769326785069,
    "497": 0,
    "510": 0.32123182651052545,
    "530": 212.84728989432634,
    "531": 0.0013024619892899603,
    "534": 7.231065216045193,
    "538": 0,
    "547": 0.21961503587199732,
    "549": 0.32123182651052545,
    "553": 0,
    "555": 0.32123182651052545,
    "560": 0.24126550724654577,
    "561": 0.4498647131778992,
    "563": 0.26313285882620063,