{
  "id": "277",
  "name": "Swellow",
  "format_id": "showdown_gen3ou-1500",
  "usage_metrics": {
    "raw": 1616,
    "base_weight": 292.74160209243047,
    "percent": 0.3773461543850145
  },
  "roles": [
    {
      "role": "role_sweeper_physical",
      "label": "Physical Sweeper",
      "category": "OFF"
    }
  ],
  "items": {
    "liechi-berry": 149.2598567069671,
    "silk-scarf": 10.893800983039482,
    "choice-band": 56.235611619982755,
    "sharp-beak": 0.06896938539246866,
    "petaya-berry": 24.564822303753072,
    "lum-berry": 1.6250619375307318,
    "ganlon-berry": 0.09244140142769264,
    "leftovers": 23.85295932777323,
    "apicot-berry": 11.36061490667308,
    "salac-berry": 2.785593990082156,
    "sitrus-berry": 0.4655327158967084,
    "nothing": 1.7924392704411558,
    "leppa-berry": 0.13474065605037155,
    "shell-bell": 0.5880959296897206,
    "focus-band": 0.8358500057253361,
    "lansat-berry": 5.47940518165633,
    "chesto-berry": 1.6493810585257331,
    "metal-coat": 0.3178354948156626,
    "kings-rock": 0.0006646284498140198,
    "scope-lens": 0.7359829063445285,
    "starf-berry": 0.00027820747376078314,
    "quick-claw": 0.0016634747398084904
  },
  "abilities": {
    "guts": 292.74160209243047
  },
  "moves": {
    "substitute": 217.7682237275437,
    "endeavor": 206.99301341036895,
    "baton-pass": 78.9923789686534,
    "return": 62.92158212718369,
    "endure": 3.334834930455564,
    "facade": 58.922476231809036,
    "hidden-power-flying": 17.202457017138258,
    "double-edge": 161.27536200443012,
    "quick-attack": 17.78930807196382,
    "aerial-ace": 50.639461992486,
    "wing-attack": 8.765772113084461,
    "steel-wing": 19.832504618353603,
    "hidden-power-rock": 0.43773390599234946,
    "focus-energy": 12.838474470818621,
    "hidden-power-ghost": 135.82683536374688,
    "hidden-power-fighting": 73.88669598085603,
    "toxic": 0.7281751364729974,
    "fly": 3.441432776329544,
    "sky-attack": 1.1182401395514951,
    "feather-dance": 1.791364398576064,
    "agility": 3.060298053454661,
    "hyper-beam": 2.2812898199096154,
    "sleep-talk": 3.195377305363306,
    "hidden-power-ground": 5.59356444296339,
    "protect": 2.0936240903681367,
    "mirror-move": 1.100663219005698,
    "sunny-day": 0.24097909344370727,
    "hidden-power-bug": 0.03417080447478815,
    "counter": 3.979504990818112,
    "attract": 0.07264041839074559,
    "rain-dance": 0.7756450794550751,
    "thief": 12.025101126785747,
    "pursuit": 0.3718771984604321,
    "hidden-power-fire": 0.00006611131975720053,
    "peck": 0.589522936746322,
    "": 0.25554553258625906,
    "mud-slap": 0.1640714384831961,
    "rest": 0.09677037515825687,
    "rage": 0.5293689467213405
  },
  "teras": {
    "nothing": 292.74160209243047
  },
  "spreads": [
    {
      "nature": "jolly",
      "usage": "59.9",
      "evs": {
        "hp": 4,
        "atk": 252,
        "def": 0,
        "spa": 0,
        "spd": 0,
        "spe": 252
      }
    },
    {
      "nature": "jolly",
      "usage": "10.3",
      "evs": {
        "hp": 0,
        "atk": 252,
        "def": 0,
        "spa": 0,
        "spd": 0,
        "spe": 252
      }
    },
    {
      "nature": "jolly",
      "usage": "5.4",
      "evs": {
        "hp": 0,
        "atk": 252,
        "def": 4,
        "spa": 0,
        "spd": 0,
        "spe": 252
      }
    },
    {
      "nature": "jolly",
      "usage": "4.2",
      "evs": {
        "hp": 0,
        "atk": 252,
        "def": 0,
        "spa": 0,
        "spd": 4,
        "spe": 252
      }
    },
    {
      "nature": "jolly",
      "usage": "3.9",
      "evs": {
        "hp": 232,
        "atk": 0,
        "def": 0,
        "spa": 0,
        "spd": 24,
        "spe": 252
      }
    },
    {
      "nature": "timid",
      "usage": "3.4",
      "evs": {
        "hp": 4,
        "atk": 0,
        "def": 252,
        "spa": 0,
        "spd": 0,
        "spe": 252
      }
    },
    {
      "nature": "jolly",
      "usage": "2.1",
      "evs": {
        "hp": 4,
        "atk": 252,
        "def": 0,
        "spa": 0,
        "spd": 0,
        "spe": 220
      }
    },
    {
      "nature": "jolly",
      "usage": "1.2",
      "evs": {
        "hp": 80,
        "atk": 176,
        "def": 0,
        "spa": 0,
        "spd": 0,
        "spe": 252
      }
    },
    {
      "nature": "jolly",
      "usage": "0.9",
      "evs": {
        "hp": 0,
        "atk": 216,
        "def": 36,
        "spa": 0,
        "spd": 4,
        "spe": 252
      }
    },
    {
      "nature": "timid",
      "usage": "0.7",
      "evs": {
        "hp": 0,
        "atk": 0,
        "def": 252,
        "spa": 0,
        "spd": 4,
        "spe": 252
      }
    }
  ],
  "teammates": {
    "3": 0.47376676058869177,
    "6": 6.947703949967586,
    "25": 4.794394916301,
    "26": 4.996003610813204e-16,
    "34": 0.3718771984604321,
    "36": 0.8436023427709872,
    "38": 1.0907595593041686,
    "45": 1.1363505753034238,
    "47": 0.005988612203836174,
    "51": 11.150394942008674,
    "57": 14.20647107480059,
    "59": 14.490933440509838,
    "62": 0.601185478977531,
    "64": 2.220446049250313e-15,
    "65": 6.995562694562913,
    "68": 0.06324084576508887,
    "76": 0.12974701287151652,
    "78": 1.2395599278887008,
    "80": 0.9367293809812272,
    "82": 57.13843979289573,
    "85": 0.17407112074665565,
    "91": 5.472792304961317,
    "94": 47.33155379899566,
    "101": 3.6885438992919495,
    "103": 4.000911407813464,
    "105": 12.745675390515197,
    "106": 0.43761314822771147,
    "107": 0.08669428081654151,
    "108": 0.7927604645069131,
    "110": 0.15873576495351527,
    "112": 0.009555447203128231,
    "113": 0.04958801025348253,
    "115": 0.8172824459111481,
    "121": 8.13784337727992,
    "128": 119.97771573290146,
    "130": 15.916762186770367,
    "131": 0.14567267138515266,
    "132": 0,
    "135": 59.04411033863747,
    "136": 0.4289907832074133,
    "142": 15.018938442810411,
    "143": 124.9651632287051,
    "144": 0.7184989544602931,
    "145": 12.890210324204293,
    "146": 5.468760104984828,
    "149": 8.090911090363939,
    "157": 0.5705468180764078,
    "162": 0.43761314822771147,
    "169": 4.512837565728016,
    "176": 0.7350143375586868,
    "181": 0.341269213505062,
    "184": 0.00011577129307588363,
    "186": 0.13478043889077057,
    "190": 0.37231421385534114,
    "193": 5.25701907061471e-7,
    "196": 1.0919598558700727e-12,
    "197": 2.220446049250313e-15,
    "199": 10.024768711650724,
    "203": 0.09677037515825687,
    "205": 1.4532543256537525,
    "207": 1.5837103674826787,
    "208": 0.010025599851573419,
    "210": 116.00067457596691,
    "211": 0.9919864830824223,
    "212": 4.833651044674657,
    "213": 0.000002337394153006933,
    "214": 30.443193328641296,
    "215": 2.7755575615628914e-16,
    "217": 116.85959759385402,
    "226": 0.00011410772059178287,
    "227": 38.31454936653514,
    "229": 3.151392017055386,
    "230": 4.392134476774762,
    "232": 0.9851527161591049,
    "233": 3.607822173707161,
    "234": 0.31303075617089865,
    "235": 0.0030851476017001445,
    "237": 0.12986300359817132,
    "241": 2.848661638556708,
    "242": 15.007651576135448,
    "243": 9.417446318398559,
    "245": 33.4499772416644,
    "248": 46.129495176395494,
    "251": 18.826587582812024,
    "253": 5.109995749874585e-7,
    "254": 9.632589573492039,
    "256": 0.309671275116374,
    "257": 8.923640404853327,
    "260": 69.72221129123373,
    "262": 0.2582946837868364,
    "264": 0.7536917747619745,
    "272": 17.564483017295508,
    "275": 0.13826367667904027,
    "279": 2.455762158800031,
    "282": 6.115396774210804,
    "284": 1.2256705650415256e-9,
    "286": 8.098264622440961,
    "289": 1.2549656103059907,
    "291": 0.13261329718499293,
    "297": 0.7122180823713475,
    "306": 4.613483968513799,
    "308": 8.550627351150295,
    "310": 6.124156146121872,
    "313": 0.3442783020694395,
    "317": 0.5293689467213405,