{
  "id": "10090",
  "name": "Beedrill mega",
  "format_id": "showdown_gen9nationaldexdoubles-1500",
  "usage_metrics": {
    "raw": 4673,
    "base_weight": 1719.0488988553752,
    "percent": 2.2427959837969627
  },
  "roles": [
    {
      "role": "role_sweeper_physical",
      "label": "Physical Sweeper",
      "category": "OFF"
    },
    {
      "role": "role_pivot",
      "label": "Pivot",
      "category": "DEF"
    }
  ],
  "items": {
    "beedrillite": 1719.0488988553752
  },
  "abilities": {
    "adaptability": 1719.0488988553752
  },
  "moves": {
    "protect": 852.6856845381899,
    "fell-stinger": 1232.057248588431,
    "x-scissor": 335.0767868499628,
    "poison-jab": 1593.0875164653623,
    "knock-off": 440.68376352506976,
    "drill-run": 1294.0071509621118,
    "brick-break": 15.015976703207873,
    "u-turn": 739.798657179071,
    "throat-chop": 28.81216521555016,
    "swords-dance": 59.372409956159075,
    "baton-pass": 5.216653286996819,
    "agility": 10.959838928015627,
    "laser-focus": 0.0005672332697832516,
    "electroweb": 4.204162717186594,
    "outrage": 6.13093345041242,
    "toxic": 0.5623207861903884,
    "focus-energy": 1.6821599215007639,
    "pin-missile": 0.0000010335551529627729,
    "pursuit": 19.73387554996595,
    "roost": 20.740671352746922,
    "tailwind": 69.09187992588956,
    "brutal-swing": 6.3926481902805925,
    "acrobatics": 4.933454818175864,
    "toxic-spikes": 5.691574315495192,
    "twineedle": 5.195475317991534,
    "double-edge": 3.6354937509347205,
    "substitute": 23.164798169828593,
    "sludge-bomb": 10.647041146290325,
    "giga-drain": 3.322509253162332,
    "frustration": 0.2021304009694253,
    "giga-impact": 20.593630796465376,
    "": 2.546478984141652,
    "endeavor": 25.04496179687622,
    "fury-cutter": 4.5104803462031136,
    "string-shot": 0.5353976152551417,
    "venoshock": 5.656385867315706,
    "reflect": 0.3352623855540742,
    "hidden-power-bug": 1.466900520870182,
    "hidden-power-electric": 1.340616719015585,
    "defog": 5.261908681100998,
    "hidden-power-water": 2.9558575514886742,
    "silver-wind": 0.8745162712647246,
    "return": 0.8533838714502107,
    "swift": 0.7475912083103325,
    "aerial-ace": 0.3021063050053808,
    "payback": 0.00033909076313920483,
    "struggle-bug": 0.162527820178744,
    "hidden-power-ice": 0.24517910464607479,
    "infestation": 3.302657976277003,
    "hyper-beam": 2.952186135447108,
    "hidden-power-dragon": 0.970234819130561,
    "iron-defense": 1.3612161398057765e-10,
    "bug-bite": 0.35047184082989524,
    "endure": 0.23037942218423046,
    "hidden-power-rock": 2.850590759615415
  },
  "teras": {
    "nothing": 1719.0488988553752
  },
  "spreads": [
    {
      "nature": "jolly",
      "usage": "55.9",
      "evs": {
        "hp": 0,
        "atk": 252,
        "def": 0,
        "spa": 0,
        "spd": 4,
        "spe": 252
      }
    },
    {
      "nature": "jolly",
      "usage": "14.7",
      "evs": {
        "hp": 4,
        "atk": 252,
        "def": 0,
        "spa": 0,
        "spd": 0,
        "spe": 252
      }
    },
    {
      "nature": "adamant",
      "usage": "10.1",
      "evs": {
        "hp": 4,
        "atk": 252,
        "def": 0,
        "spa": 0,
        "spd": 0,
        "spe": 252
      }
    },
    {
      "nature": "adamant",
      "usage": "8.5",
      "evs": {
        "hp": 0,
        "atk": 252,
        "def": 0,
        "spa": 0,
        "spd": 4,
        "spe": 252
      }
    },
    {
      "nature": "adamant",
      "usage": "1.8",
      "evs": {
        "hp": 0,
        "atk": 252,
        "def": 0,
        "spa": 0,
        "spd": 0,
        "spe": 252
      }
    },
    {
      "nature": "naughty",
      "usage": "1.1",
      "evs": {
        "hp": 4,
        "atk": 252,
        "def": 0,
        "spa": 0,
        "spd": 0,
        "spe": 252
      }
    },
    {
      "nature": "jolly",
      "usage": "1.0",
      "evs": {
        "hp": 0,
        "atk": 252,
        "def": 0,
        "spa": 0,
        "spd": 0,
        "spe": 252
      }
    },
    {
      "nature": "jolly",
      "usage": "0.8",
      "evs": {
        "hp": 20,
        "atk": 68,
        "def": 4,
        "spa": 0,
        "spd": 164,
        "spe": 252
      }
    },
    {
      "nature": "jolly",
      "usage": "0.7",
      "evs": {
        "hp": 0,
        "atk": 252,
        "def": 0,
        "spa": 0,
        "spd": 12,
        "spe": 244
      }
    },
    {
      "nature": "adamant",
      "usage": "0.7",
      "evs": {
        "hp": 0,
        "atk": 252,
        "def": 4,
        "spa": 0,
        "spd": 0,
        "spe": 252
      }
    }
  ],
  "teammates": {
    "6": 0.011386963676577155,
    "9": 5.04694307795079,
    "11": 0.8678886349039765,
    "12": 0.5931278259458714,
    "19": 1.1740897735516906,
    "20": 0.5977493786095514,
    "24": 0.011440647455800312,
    "25": 0.5621245611035317,
    "26": 2.2051243664844273,
    "31": 2.3567108162273396,
    "34": 7.305362194454462,
    "35": 33.68260650554085,
    "36": 6.9428527849113415,
    "38": 10.566207230423698,
    "39": 5.377922718263761e-8,
    "42": 0.0006095680455323604,
    "47": 0.7594664743497871,
    "48": 6.805915114523818,
    "49": 0.34479988591800037,
    "50": 0.34288901523138426,
    "51": 0.6830936193855005,
    "53": 0.10731525992623997,
    "55": 0.0005672325535563405,
    "57": 0.5578000191204427,
    "59": 7.849405020953393,
    "62": 0.4966758253447853,
    "65": 48.72075060953792,
    "68": 0.0994736030127481,
    "71": 0.25674311428104307,
    "73": 0.5977493786095514,
    "76": 4.403015174681002e-10,
    "80": 7.614382801570135,
    "91": 43.12751377855736,
    "93": 0.6665138389885921,
    "94": 3.4011055245355015,
    "99": 0.19255434403799954,
    "101": 0.030696213101818248,
    "103": 0.29021450407092153,
    "105": 0.09380802360739338,
    "107": 3.777279847896286,
    "108": 0.25674311428104307,
    "110": 4.821980097041693,
    "113": 5.229961694051456,
    "122": 2.3189185286024054,
    "123": 23.051805291008627,
    "125": 5.9027576606913374,
    "126": 17.077053120533325,
    "127": 0.34479988591800037,
    "129": 0.33595187520336744,
    "130": 22.996396530446734,
    "132": 1.112754944324628,
    "134": 4.192642879000893,
    "135": 0.23037942218423046,
    "141": 1.1000689802386887,
    "142": 1.2622262695277189,
    "143": 0.7360672953066786,
    "145": 20.069610623279246,
    "146": 4.251311788469599,
    "149": 19.046868921742703,
    "151": 69.02586131767208,
    "160": 2.761963842004509,
    "168": 1.0814512595928878,
    "169": 27.866634921706588,
    "182": 0.26509170645244695,
    "184": 2.678977340427389,
    "186": 15.912820267678125,
    "192": 0.6052451385526858,
    "195": 0.9303865092492687,
    "196": 4.6352512103851184,
    "197": 1.3455627730706525,
    "198": 28.17103110730305,
    "199": 2.266619610916498,
    "202": 0.6784480275280806,
    "205": 0.5379669778293025,
    "206": 5.859645923954351,
    "212": 13.569656628512654,
    "213": 9.48872888559101,
    "214": 0.660228768969171,
    "217": 0.6460415066460339,
    "226": 0.25674311428104307,
    "227": 6.281115759773661,
    "229": 1.7265670117550276,
    "230": 3.356955499151289,
    "233": 0.6960098058259852,
    "234": 0.25538099770892486,
    "235": 69.57326163327201,
    "237": 10.461588414247235,
    "242": 4.767822757363083,
    "245": 3.3205703740269916,
    "248": 24.490016674251265,
    "254": 1.5993982457889193,
    "257": 2.906042637534031,
    "260": 6.391432057531995,
    "264": 0.00005796595401708071,
    "269": 0.7596990805170883,
    "272": 0.8468026322616233,
    "275": 14.24455318597487,
    "279": 202.77597896049878,
    "284": 0.47616583559000186,
    "286": 15.69636405081267,
    "289": 9.582376741616148,
    "291": 0.37458118635605286,
    "302": 15.850290592215305,
    "304": 2.2011399772762403,
    "306": 12.572367618657832,
    "308": 5.720149365599856,
    "311": 0.24172252634700309,
    "313": 17.098063429181554,