{
  "id": "3",
  "name": "Venusaur",
  "format_id": "showdown_gen9doublesou-1825",
  "usage_metrics": {
    "raw": 10809,
    "base_weight": 9.816977095126104,
    "percent": 1.8329348323752352
  },
  "roles": [
    {
      "role": "role_sweeper_special",
      "label": "Special Sweeper",
      "category": "OFF"
    }
  ],
  "items": {
    "wide-lens": 2.3644132834680396,
    "leftovers": 0.8374802403952254,
    "persim-berry": 7.704947790898586e-14,
    "life-orb": 5.992515329116398,
    "rocky-helmet": 0.0030355788136751105,
    "power-herb": 0.002242416790606827,
    "black-sludge": 0.06602419693554534,
    "sitrus-berry": 0.011631672239981072,
    "assault-vest": 0.11765465284081955,
    "shell-bell": 0.015428056298117943,
    "big-root": 0.0212609007119251,
    "covert-cloak": 0.006948528931704001,
    "air-balloon": 0.0000447023532211821,
    "red-card": 1.837028195672552e-7,
    "clear-amulet": 0.000037667665766849545,
    "focus-sash": 0.039954768245148486,
    "choice-specs": 0.04418091389247969,
    "miracle-seed": 0.03310732628674523,
    "heat-rock": 0.0008166273560002435,
    "weakness-policy": 0.20927092035422157,
    "mental-herb": 0.006396696608169439,
    "occa-berry": 6.428191312579656e-14,
    "nothing": 0.0002781394846929075,
    "eject-pack": 2.1967590524418767e-9,
    "salac-berry": 0,
    "safety-goggles": 0.0000014605975882098221,
    "flame-orb": 0,
    "quick-claw": 0,
    "wise-glasses": 0.000021650207766288343,
    "focus-band": 0.03459777896520039,
    "aguav-berry": 0.00020371908513561188,
    "expert-belt": 0.000010144575539716705,
    "heavy-duty-boots": 0.0015100785300989905,
    "scope-lens": 0.0000019399759368932123,
    "bright-powder": 0.0008891861186370864,
    "zoom-lens": 0.005676850979266956,
    "white-herb": 0,
    "meadow-plate": 8.732059192384511e-8,
    "loaded-dice": 0,
    "choice-band": 0.0000070343015744489534,
    "choice-scarf": 0.0013343597702583088,
    "kee-berry": 1.27675647831893e-15,
    "chesto-berry": 0,
    "pecha-berry": 1.092459456231154e-13,
    "poison-barb": 1.0215939205693303e-11
  },
  "abilities": {
    "chlorophyll": 9.802332367222187,
    "overgrow": 0.014644727903917742
  },
  "moves": {
    "sludge-bomb": 4.828768343134732,
    "sleep-powder": 4.5988748630814,
    "weather-ball": 5.9296575552647335,
    "sunny-day": 0.011109916411699894,
    "leech-seed": 0.23426078524734756,
    "solar-beam": 1.8657439392566553,
    "petal-dance": 0.0017431029895985106,
    "giga-drain": 8.006112905779583,
    "earth-power": 5.6348179565238725,
    "protect": 6.257232109451867,
    "toxic": 0.0372176369352345,
    "growth": 0.6176679887732182,
    "acid-spray": 0.000020263529079633802,
    "leaf-storm": 0.2850462270264414,
    "energy-ball": 0.12080508628825087,
    "": 0.005320256642688426,
    "synthesis": 0.0646792222160435,
    "poison-jab": 0.0003468289723354001,
    "earthquake": 0.010292815615622009,
    "body-slam": 0.00007207538329578878,
    "double-edge": 0,
    "knock-off": 0.08839663224744759,
    "tera-blast": 0.5876003343772165,
    "grass-pledge": 0.007092998207811618,
    "poison-powder": 0.00006466284302736325,
    "grassy-terrain": 1.558320139594116e-11,
    "worry-seed": 4.04121180963557e-14,
    "power-whip": 0.001983880594681575,
    "substitute": 0.0075635011087523685,
    "petal-blizzard": 0.0021179779117790343,
    "stomping-tantrum": 2.220446049250313e-16,
    "curse": 0.000050268645021001035,
    "bulldoze": 0.01418030179652996,
    "hyper-beam": 0.0000019275805204777008,
    "facade": 0,
    "seed-bomb": 4.704209877193222e-8,
    "trailblaze": 0.00001314738883040345,
    "giga-impact": 0,
    "roar": 0.0000013336202440705769,
    "ingrain": 8.890036908293375e-7,
    "helping-hand": 0.04613293490645454,
    "frenzy-plant": 0,
    "swords-dance": 3.986899500540986e-7,
    "venoshock": 1.6052459250737172e-8,
    "grassy-glide": 1.558320139594116e-11,
    "magical-leaf": 0,
    "charm": 0.00001631454093747875,
    "sweet-scent": 0.00001554818447851991,
    "rest": 0.0012862226962161993,
    "false-swipe": 0,
    "razor-leaf": 0.00000651782980481963,
    "scary-face": 2.9630498998844956e-8,
    "amnesia": 0,
    "sleep-talk": 0.00002217037595036997,
    "bullet-seed": 0,
    "grass-knot": 0.0015704466751800816
  },
  "teras": {
    "fire": 5.630284886593539,
    "grass": 2.753581104270155,
    "ground": 0.29323240838156617,
    "poison": 0.006552101287461309,
    "water": 0.20044249333021397,
    "dark": 0.7179186708705043,
    "steel": 0.056441742210319834,
    "dragon": 0.13888177685931213,
    "normal": 0.00023920613863620543,
    "ice": 3.682927296466687e-10,
    "rock": 0.003301002121118446,
    "ghost": 0.010701087572730028,
    "electric": 0.0000160694426770136,
    "flying": 0.0014756395440933545,
    "stellar": 0.000059256396410356516,
    "fairy": 0.003848717869323781,
    "psychic": 9.318697837268353e-7
  },
  "spreads": [
    {
      "nature": "timid",
      "usage": "49.9",
      "evs": {
        "hp": 4,
        "atk": 0,
        "def": 0,
        "spa": 252,
        "spd": 0,
        "spe": 252
      }
    },
    {
      "nature": "modest",
      "usage": "26.9",
      "evs": {
        "hp": 0,
        "atk": 0,
        "def": 0,
        "spa": 252,
        "spd": 4,
        "spe": 252
      }
    },
    {
      "nature": "timid",
      "usage": "8.5",
      "evs": {
        "hp": 0,
        "atk": 0,
        "def": 0,
        "spa": 252,
        "spd": 4,
        "spe": 252
      }
    },
    {
      "nature": "modest",
      "usage": "4.7",
      "evs": {
        "hp": 4,
        "atk": 0,
        "def": 0,
        "spa": 252,
        "spd": 0,
        "spe": 252
      }
    },
    {
      "nature": "timid",
      "usage": "1.6",
      "evs": {
        "hp": 192,
        "atk": 0,
        "def": 4,
        "spa": 104,
        "spd": 4,
        "spe": 204
      }
    },
    {
      "nature": "timid",
      "usage": "1.6",
      "evs": {
        "hp": 0,
        "atk": 0,
        "def": 0,
        "spa": 252,
        "spd": 0,
        "spe": 252
      }
    },
    {
      "nature": "modest",
      "usage": "1.4",
      "evs": {
        "hp": 156,
        "atk": 0,
        "def": 52,
        "spa": 220,
        "spd": 16,
        "spe": 64
      }
    },
    {
      "nature": "timid",
      "usage": "0.7",
      "evs": {
        "hp": 252,
        "atk": 0,
        "def": 0,
        "spa": 4,
        "spd": 0,
        "spe": 252
      }
    },
    {
      "nature": "modest",
      "usage": "0.5",
      "evs": {
        "hp": 0,
        "atk": 0,
        "def": 0,
        "spa": 252,
        "spd": 0,
        "spe": 252
      }
    },
    {
      "nature": "hardy",
      "usage": "0.5",
      "evs": {
        "hp": 0,
        "atk": 0,
        "def": 124,
        "spa": 156,
        "spd": 128,
        "spe": 100
      }
    }
  ],
  "teammates": {
    "6": 0.35922671573818,
    "9": 0.019245672228206112,
    "24": 2.2545405703455756e-7,
    "25": 0.005185847825823042,
    "26": 0.08546170328606617,
    "28": 2.256904541031446e-7,
    "35": 0.09009322157660382,
    "36": 0.0386246890848822,
    "37": 0.000011703546773100815,
    "38": 0.3292129264479579,
    "45": 0.0007624902424632207,
    "48": 0,
    "49": 0,
    "51": 0.0000010341728153284713,
    "53": 1.992850329202156e-14,
    "55": 8.221842120459399e-7,
    "57": 0.00007067427130991177,
    "59": 0.017402314722588574,
    "62": 0.0006548236525258933,
    "71": 0.01667467578647619,
    "73": 1.642555980119198e-9,
    "76": 0.006798687305900053,
    "80": 0.0036924768104735217,
    "82": 2.8498869930615456e-12,
    "85": 0.00009375466496364115,
    "87": 0.000008364020881945766,
    "89": 3.3306690738754696e-15,
    "91": 0.001937610763564579,
    "93": 0.0000010692592677941093,
    "94": 0.0028209540913716746,
    "97": 9.928602384690066e-10,
    "102": 1.680655614677562e-12,
    "103": 0.00001890077867744422,
    "106": 0.0053311831498357165,
    "107": 0.0006168252385851947,