{
  "id": "314",
  "name": "Illumise",
  "format_id": "showdown_gen9doublesuu-1760",
  "usage_metrics": {
    "raw": 1318,
    "base_weight": 26.85593238797891,
    "percent": 2.5922429391865314
  },
  "roles": [
    {
      "role": "role_pivot",
      "label": "Pivot",
      "category": "DEF"
    },
    {
      "role": "role_disruptor",
      "label": "Disruptor",
      "category": "SUP"
    },
    {
      "role": "role_speed_control",
      "label": "Speed Control",
      "category": "SUP"
    }
  ],
  "items": {
    "leftovers": 0.0027695444373774802,
    "eject-button": 0.000034917206102047516,
    "covert-cloak": 25.238548773493747,
    "sitrus-berry": 0.001695455605667362,
    "focus-sash": 1.5054177525380281,
    "choice-scarf": 0.0015071607598773351,
    "bright-powder": 3.6944467485255927e-9,
    "heavy-duty-boots": 5.837371819250592e-8,
    "aguav-berry": 0,
    "mental-herb": 0.0046656632647433804,
    "rocky-helmet": 0.0806130762740302,
    "iron-ball": 3.835820550079916e-14,
    "safety-goggles": 0.020576418367752036,
    "ability-shield": 0.00010356396339483709
  },
  "abilities": {
    "prankster": 26.85593238797891,
    "oblivious": 0
  },
  "moves": {
    "tailwind": 26.75376529103646,
    "encore": 25.284007426797796,
    "trick": 0.08171191870877725,
    "bug-buzz": 0.00251713447797669,
    "helping-hand": 1.6887686214745714,
    "protect": 0.048982335664932763,
    "u-turn": 8.40235829921487,
    "charm": 23.29991896505512,
    "thunder-wave": 1.6529563660794822,
    "roost": 0.08190020370963519,
    "flatter": 0.000936547787505182,
    "struggle-bug": 16.719507809728306,
    "light-screen": 0.038618080094954654,
    "moonlight": 0,
    "fake-tears": 0.2830552346109557,
    "endeavor": 0.021193815645492053,
    "rain-dance": 0.2453790325429852,
    "air-slash": 0.014391336715032677,
    "sunny-day": 0.07140695078513737,
    "infestation": 0.036705406634801485,
    "confuse-ray": 0.000659249679999363,
    "attract": 0.00007158752717567607,
    "thunderbolt": 0,
    "dazzling-gleam": 3.835820550079916e-14,
    "mud-slap": 1.3137224963964835,
    "wish": 1.313725487688898,
    "psych-up": 0.06448138642916862,
    "baton-pass": 0.0027977588343073845,
    "ice-punch": 4.7906123512575505e-14,
    "growth": 0,
    "skitter-smack": 0,
    "": 0.00019080859472747624,
    "sweet-scent": 4.996003610813204e-16
  },
  "teras": {
    "bug": 1.6411184095824072,
    "water": 8.688595354191078,
    "steel": 1.3137224969245251,
    "rock": 0.002501689638144511,
    "dark": 15.20269589231783,
    "flying": 0,
    "ghost": 0.0026144554060902325,
    "normal": 0.00007158752717567607,
    "fire": 0.000003972848414857122,
    "fairy": 0.0046085295432359286
  },
  "spreads": [
    {
      "nature": "bold",
      "usage": "55.5",
      "evs": {
        "hp": 252,
        "atk": 0,
        "def": 116,
        "spa": 4,
        "spd": 136,
        "spe": 0
      }
    },
    {
      "nature": "impish",
      "usage": "31.3",
      "evs": {
        "hp": 252,
        "atk": 4,
        "def": 152,
        "spa": 0,
        "spd": 96,
        "spe": 4
      }
    },
    {
      "nature": "calm",
      "usage": "5.9",
      "evs": {
        "hp": 252,
        "atk": 0,
        "def": 0,
        "spa": 4,
        "spd": 252,
        "spe": 0
      }
    },
    {
      "nature": "calm",
      "usage": "4.9",
      "evs": {
        "hp": 4,
        "atk": 0,
        "def": 252,
        "spa": 0,
        "spd": 252,
        "spe": 0
      }
    },
    {
      "nature": "bold",
      "usage": "0.8",
      "evs": {
        "hp": 148,
        "atk": 0,
        "def": 204,
        "spa": 0,
        "spd": 156,
        "spe": 0
      }
    },
    {
      "nature": "calm",
      "usage": "0.6",
      "evs": {
        "hp": 116,
        "atk": 0,
        "def": 232,
        "spa": 0,
        "spd": 160,
        "spe": 0
      }
    },
    {
      "nature": "calm",
      "usage": "0.3",
      "evs": {
        "hp": 252,
        "atk": 0,
        "def": 4,
        "spa": 0,
        "spd": 252,
        "spe": 0
      }
    },
    {
      "nature": "bold",
      "usage": "0.2",
      "evs": {
        "hp": 252,
        "atk": 0,
        "def": 128,
        "spa": 0,
        "spd": 128,
        "spe": 0
      }
    },
    {
      "nature": "bold",
      "usage": "0.1",
      "evs": {
        "hp": 252,
        "atk": 0,
        "def": 116,
        "spa": 20,
        "spd": 116,
        "spe": 4
      }
    },
    {
      "nature": "timid",
      "usage": "0.1",
      "evs": {
        "hp": 0,
        "atk": 0,
        "def": 4,
        "spa": 252,
        "spd": 0,
        "spe": 252
      }
    }
  ],
  "teammates": {
    "9": 0.0015641918858657622,
    "24": 0,
    "35": 1.1797710748173937,
    "36": 0.0037275372427438835,
    "38": 0.023565813160413895,
    "40": 0,
    "48": 0.00024973918285531305,
    "57": 0.000034917206102047516,
    "59": 0.030659919107753453,
    "80": 6.902922677909373e-12,
    "85": 0.0013775479075252561,
    "91": 6.22959783758148e-9,
    "93": 0.000034917206102047516,
    "94": 8.760979275379555e-9,
    "113": 0.0018196148583767835,
    "125": 0.000056750210423117675,
    "126": 0.0035788398000211052,
    "128": 0.00019195885094824838,
    "132": 3.006745130651467e-9,
    "151": 0.17125018925589436,
    "171": 0,
    "182": 0.00040832380134026014,
    "184": 2.6367796834847468e-14,
    "186": 0.0006592416403660151,
    "198": 0.002750593797125278,
    "212": 1.402388158933121e-7,
    "215": 0,
    "217": 0.0004093583393890432,
    "227": 0.00004925592357951647,
    "229": 9.933165401321276e-13,
    "230": 0.0006592416403660151,
    "233": 0.000994165597538288,
    "235": 0.0000039728405705763414,
    "237": 0.0004434222324450343,
    "257": 7.98962367324485,
    "272": 8.760979275379555e-9,
    "275": 6.902922677909373e-12,
    "284": 0.00040846404015615345,
    "286": 5.4997851273164144e-9,
    "289": 0,
    "302": 6.902922677909373e-12,
    "308": 0,
    "313": 9.786615962070755e-14,
    "342": 0,
    "350": 0.0005150097596207104,
    "356": 0.0037275145409420563,
    "357": 0.002029648147940988,
    "358": 0.00040832380088134945,
    "370": 0.00040832380088134945,
    "373": 4.7197791785968946e-9,
    "376": 0.00046238075037957627,
    "381": 0.0005550922120570734,
    "385": 0.01978985459606375,
    "389": 0.000355526886978097,
    "395": 4.996003610813204e-16,
    "405": 0,
    "409": 6.903422278270455e-12,
    "419": 0.22660330226189795,
    "424": 0.000004031214308808373,
    "426": 0.030659919107753453,
    "437": 4.996003610813204e-16,
    "445": 0.004076152701372848,
    "449": 0,
    "450": 4.996003610813204e-16,
    "460": 0.1701950472512488,
    "461": 0.005024208439534272,
    "469": 0.00438073934433808,
    "471": 0.0016954512604807626,
    "472": 6.953460368053221e-7,
    "473": 3.957278948973908e-12,
    "474": 2.2712901281973785e-8,
    "475": 0,
    "478": 0,
    "485": 15.221966442406854,
    "497": 0.001819619577142606,
    "501": 0.0016693900251065208,
    "534": 0.0037275145298426016,
    "553": 0.000034917206102047516,
    "560": 4.996003610813204e-16,
    "573": 0.003489009603262483,
    "594": 4.589106872288085e-13,
    "596": 0.0000039728405705763414,
    "609": 0.001819619598523059,
    "614": 0.0006592416403660151,
    "625": 0.45817922447094744,
    "637": 0.10670145405594422,
    "639": 0,
    "642": 0.08020475244915443,
    "652": 1.3015368702455827,
    "658": 7.991319124505331,
    "663": 6.902922677909373e-12,
    "666": 0.08360152411360633,
    "668": 0.000034917206102047516,
    "671": 0,
    "678": 0,
    "700": 7.98962367324485,
    "701": 0.0004434222324450343,
    "702": 0,
    "706": 0,
    "715": 0.0000039728405705763414,
    "721": 0.02045306907700034,
    "726": 0.002750593269083612,
    "733": 0,
    "738": 0.09799188457049429,
    "743": 0,
    "745": 0,
    "748": 6.953460368053221e-7,
    "752": 0.15234452242083862,
    "763": 0.0004093583393890432,
    "764": 1.6609914554877037e-9,