{
  "id": "700",
  "name": "Sylveon",
  "format_id": "showdown_gen9doublesuu-1760",
  "usage_metrics": {
    "raw": 1647,
    "base_weight": 80.81717641603082,
    "percent": 3.239320273778617
  },
  "roles": [
    {
      "role": "role_setup",
      "label": "Setup Sweeper",
      "category": "OFF"
    },
    {
      "role": "role_sweeper_special",
      "label": "Special Sweeper",
      "category": "OFF"
    }
  ],
  "items": {
    "sitrus-berry": 0.001270431447595255,
    "leftovers": 3.856527980475554,
    "life-orb": 0.015336320196843,
    "throat-spray": 50.50615447540423,
    "choice-scarf": 0.0002586874616012924,
    "pixie-plate": 22.99366131230642,
    "rocky-helmet": 0.00010251301947983293,
    "nothing": 6.251949014046687e-9,
    "fairy-feather": 0.052607543358263786,
    "safety-goggles": 0.009256579609722482,
    "weakness-policy": 0,
    "choice-specs": 3.381635318318673,
    "big-root": 0.00007282725069240881,
    "heavy-duty-boots": 0,
    "covert-cloak": 0,
    "ability-shield": 0,
    "clear-amulet": 0,
    "focus-sash": 0.000024417053032244063,
    "assault-vest": 0.00021693212050838406,
    "lum-berry": 0.000051071756227316634
  },
  "abilities": {
    "pixilate": 80.76454813032792,
    "cute-charm": 0.05262828570289996
  },
  "moves": {
    "hyper-voice": 80.74619700678325,
    "hyper-beam": 25.910198215937186,
    "yawn": 3.461690290208166,
    "protect": 57.33475919665885,
    "wish": 1.8156332462823608,
    "calm-mind": 23.74198707727393,
    "roar": 2.8439172757719247,
    "psyshock": 18.427376120928166,
    "light-screen": 0.0000049639935836842675,
    "psychic": 0.8692528467082176,
    "draining-kiss": 4.60941472104406,
    "helping-hand": 0.4122714446629897,
    "skill-swap": 0.31422461161853343,
    "shadow-ball": 15.48295724090743,
    "moonblast": 19.883629961270692,
    "charm": 0.000006068561192229538,
    "sunny-day": 9.975353876257032e-14,
    "quick-attack": 5.723449832831389,
    "alluring-voice": 0.00011688423472983045,
    "weather-ball": 0.4817779988492915,
    "baton-pass": 0.6567438539655137,
    "psych-up": 0.21673915052376336,
    "stored-power": 9.395197453354598e-9,
    "tera-blast": 29.397848706395045,
    "reflect": 0.0000049639935836842675,
    "detect": 19.10988179895548,
    "dazzling-gleam": 1.0188468935190542e-7,
    "substitute": 5.3694162440229185,
    "curse": 1.176795882962267e-10,
    "body-slam": 0.0003355846865164547,
    "misty-explosion": 0.05216454878128729,
    "": 0.05216454878128729,
    "sleep-talk": 2.2918564728025475,
    "bite": 0,
    "copycat": 0.052588194600927785,
    "flail": 0,
    "misty-terrain": 4.008212754278727,
    "rest": 0,
    "double-edge": 0.00025208839372775627,
    "fake-tears": 0.0016316380184313029
  },
  "teras": {
    "fire": 11.27299211678074,
    "fairy": 43.18379351336008,
    "steel": 6.955435107540718,
    "poison": 0.00008352409297290864,
    "dark": 0.0014295760841419591,
    "ground": 13.939076299513907,
    "water": 5.400576986020311,
    "psychic": 0,
    "ghost": 0.05288890327896956,
    "normal": 0.0025756621371926802,
    "dragon": 0,
    "fighting": 0.0001523833583788603,
    "electric": 0.008172343863452947
  },
  "spreads": [
    {
      "nature": "quiet",
      "usage": "24.3",
      "evs": {
        "hp": 252,
        "atk": 0,
        "def": 4,
        "spa": 252,
        "spd": 0,
        "spe": 0
      }
    },
    {
      "nature": "quiet",
      "usage": "22.7",
      "evs": {
        "hp": 252,
        "atk": 0,
        "def": 0,
        "spa": 252,
        "spd": 0,
        "spe": 0
      }
    },
    {
      "nature": "modest",
      "usage": "10.4",
      "evs": {
        "hp": 4,
        "atk": 0,
        "def": 88,
        "spa": 252,
        "spd": 8,
        "spe": 156
      }
    },
    {
      "nature": "modest",
      "usage": "8.1",
      "evs": {
        "hp": 228,
        "atk": 0,
        "def": 124,
        "spa": 124,
        "spd": 4,
        "spe": 28
      }
    },
    {
      "nature": "sassy",
      "usage": "3.9",
      "evs": {
        "hp": 252,
        "atk": 0,
        "def": 0,
        "spa": 4,
        "spd": 252,
        "spe": 0
      }
    },
    {
      "nature": "modest",
      "usage": "3.7",
      "evs": {
        "hp": 0,
        "atk": 0,
        "def": 0,
        "spa": 252,
        "spd": 0,
        "spe": 252
      }
    },
    {
      "nature": "modest",
      "usage": "3.7",
      "evs": {
        "hp": 252,
        "atk": 0,
        "def": 80,
        "spa": 172,
        "spd": 4,
        "spe": 0
      }
    },
    {
      "nature": "modest",
      "usage": "2.9",
      "evs": {
        "hp": 252,
        "atk": 0,
        "def": 0,
        "spa": 252,
        "spd": 4,
        "spe": 0
      }
    },
    {
      "nature": "quiet",
      "usage": "2.8",
      "evs": {
        "hp": 228,
        "atk": 0,
        "def": 120,
        "spa": 156,
        "spd": 4,
        "spe": 0
      }
    },
    {
      "nature": "quiet",
      "usage": "2.2",
      "evs": {
        "hp": 208,
        "atk": 0,
        "def": 124,
        "spa": 156,
        "spd": 20,
        "spe": 0
      }
    }
  ],
  "teammates": {
    "3": 0.21700528623262938,
    "6": 0.21715916248304012,
    "9": 7.506506527477086e-11,
    "26": 0.000002043426740594434,
    "35": 0.5821173320275557,
    "36": 0.0011773345956276882,
    "38": 1.1704507310790533,
    "59": 3.2314755787145932,
    "76": 0.000051071756227316634,
    "80": 0,
    "91": 0.006546810701697714,
    "94": 2.791773912047546e-8,
    "110": 0.0015492133060093782,
    "125": 0.03006868459124662,
    "126": 0.29841662989953005,
    "130": 1.9609985348973236,
    "132": 0.000053370794590390513,
    "133": 6.563022265648755e-7,
    "134": 0.7697489679702554,
    "135": 0.04070983523530397,
    "136": 0.7380309543568344,
    "143": 0.0000013421978451444438,
    "145": 1.7158382182632796,
    "146": 9.117476607034547e-9,
    "151": 2.619286627522473,
    "154": 0,
    "157": 0,
    "160": 9.117476607034547e-9,
    "168": 0.00000981917625114681,
    "181": 0,
    "184": 0.4127483168990174,
    "186": 3.1419480779848312,
    "195": 0,
    "196": 0.7691585391382776,
    "197": 0.7759933160299306,
    "198": 7.132012289553819,
    "199": 0.06602217652612713,
    "207": 0,
    "212": 0.08035550130299507,
    "214": 0,
    "217": 0,
    "227": 0.000041878013005536285,
    "233": 21.89583673766792,
    "234": 0.4127203079902216,
    "235": 2.9980848368915587,
    "237": 0.016261565721374327,
    "243": 0.18554988311879433,
    "244": 0.05852873021722749,
    "245": 2.0006464086686355,
    "257": 9.252712634110535,
    "260": 8.853782373918762e-9,
    "275": 0.05263550177708132,
    "282": 0.03805322917941517,
    "286": 0.006546826500265335,
    "289": 0.0015736303590416223,
    "297": 0.021695214485913217,
    "302": 0.42265512921246395,
    "308": 0,
    "314": 7.98962367324485,
    "323": 0,
    "330": 0.052588194600927785,
    "334": 0.0000020456404635771364,
    "340": 0.0000013421978451444438,
    "350": 0.000011436738374781541,
    "356": 0.9139745424828359,
    "357": 0.00011804434831658162,
    "373": 0.2530693033938284,
    "376": 3.160322839341684,
    "377": 6.307251881095377,
    "379": 2.968532851505941,
    "381": 0.09986570260831651,
    "385": 0.0003156796238273363,
    "386": 1.551959137443035,
    "392": 16.927427271162564,
    "395": 0,
    "398": 0.06330594777646104,
    "405": 0,
    "417": 0.007724145297325402,
    "423": 0.05222496951884548,
    "424": 0,
    "426": 0.038058244383600115,
    "429": 0.03805348531443686,
    "437": 0.0119890491398289,
    "442": 0.07705538573549214,
    "445": 7.5217274833520875,
    "448": 0.0007179003158868658,
    "450": 0.4629342871926486,
    "459": 0,
    "460": 0.00028766988858441866,
    "461": 0.011635183105860092,
    "470": 0.034412697544467075,
    "471": 0.7287969271334052,
    "472": 0.0036641388130553842,
    "473": 0.2623090213232995,
    "475": 2.1091351495122517,
    "477": 0.000005015204184943833,