{
  "id": "591",
  "name": "Amoonguss",
  "format_id": "showdown_gen6doublesou-1500",
  "usage_metrics": {
    "raw": 426,
    "base_weight": 276.7600549398644,
    "percent": 16.160849772382395
  },
  "items": {
    "rocky-helmet": 148.61932291306934,
    "sitrus-berry": 35.154457025047485,
    "leftovers": 26.74060226402083,
    "black-sludge": 43.77975598728688,
    "occa-berry": 4.538998466415611,
    "coba-berry": 0.40169716901216923,
    "red-card": 1.2583409327505348,
    "quick-claw": 1.9997744943697795,
    "wide-lens": 2.047661070091336,
    "assault-vest": 0.3859274336343879,
    "focus-sash": 4.744483850105121,
    "mental-herb": 2.2638017279496605,
    "eject-button": 2.2001105551557156,
    "life-orb": 1.3445807192051076,
    "nothing": 0.26716383420613987,
    "aguav-berry": 0.4134231206785385,
    "absorb-bulb": 0.5999533768657493
  },
  "abilities": {
    "effect-spore": 33.539280661587576,
    "regenerator": 243.22077427827685
  },
  "moves": {
    "giga-drain": 121.68452338804202,
    "toxic": 19.734119241555092,
    "protect": 217.60731537989474,
    "synthesis": 11.5008669771537,
    "spore": 263.5536895598977,
    "rage-powder": 232.58675448575855,
    "sludge-bomb": 59.071941468021535,
    "energy-ball": 106.85444078952729,
    "foul-play": 8.570025646216392,
    "body-slam": 2.3114223583392315,
    "worry-seed": 0.3718771984604321,
    "hidden-power-ice": 0.7437543969208642,
    "stun-spore": 1.2297673172696244,
    "clear-smog": 29.60389961897395,
    "sunny-day": 11.47616989297967,
    "hidden-power-fire": 1.4982019527720865,
    "seed-bomb": 2.3220742238126526,
    "substitute": 4.319712259288949,
    "venoshock": 0.10922916756212059,
    "return": 0.8905652331901637,
    "gastro-acid": 2.140422961460195,
    "giga-impact": 2.140422961460195,
    "solar-beam": 2.140422961460195,
    "": 0.802598166355485,
    "rain-dance": 1.7812899397253343,
    "hidden-power-grass": 0.5186880347297316,
    "grass-knot": 1.4760241786297472
  },
  "teras": {
    "nothing": 276.7600549398646
  },
  "spreads": [
    {
      "nature": "Relaxed",
      "usage": "35.6",
      "evs": {
        "hp": 252,
        "atk": 0,
        "def": 172,
        "spa": 0,
        "spd": 84,
        "spe": 0
      }
    },
    {
      "nature": "Calm",
      "usage": "8.3",
      "evs": {
        "hp": 248,
        "atk": 0,
        "def": 0,
        "spa": 8,
        "spd": 252,
        "spe": 0
      }
    },
    {
      "nature": "Bold",
      "usage": "3.9",
      "evs": {
        "hp": 236,
        "atk": 0,
        "def": 156,
        "spa": 0,
        "spd": 116,
        "spe": 0
      }
    },
    {
      "nature": "Relaxed",
      "usage": "3.6",
      "evs": {
        "hp": 252,
        "atk": 0,
        "def": 148,
        "spa": 0,
        "spd": 108,
        "spe": 0
      }
    },
    {
      "nature": "Calm",
      "usage": "2.9",
      "evs": {
        "hp": 252,
        "atk": 0,
        "def": 4,
        "spa": 0,
        "spd": 252,
        "spe": 0
      }
    },
    {
      "nature": "Bold",
      "usage": "2.8",
      "evs": {
        "hp": 252,
        "atk": 0,
        "def": 252,
        "spa": 0,
        "spd": 4,
        "spe": 0
      }
    },
    {
      "nature": "Calm",
      "usage": "2.7",
      "evs": {
        "hp": 252,
        "atk": 0,
        "def": 0,
        "spa": 4,
        "spd": 252,
        "spe": 0
      }
    },
    {
      "nature": "Bold",
      "usage": "2.7",
      "evs": {
        "hp": 0,
        "atk": 0,
        "def": 208,
        "spa": 84,
        "spd": 216,
        "spe": 0
      }
    },
    {
      "nature": "Bold",
      "usage": "2.5",
      "evs": {
        "hp": 252,
        "atk": 0,
        "def": 144,
        "spa": 0,
        "spd": 112,
        "spe": 0
      }
    },
    {
      "nature": "Relaxed",
      "usage": "2.3",
      "evs": {
        "hp": 252,
        "atk": 0,
        "def": 252,
        "spa": 0,
        "spd": 4,
        "spe": 0
      }
    }
  ],
  "teammates": {
    "9": 0.8136307716863593,
    "11": 0.03946319552588251,
    "26": 1.8980143838410717,
    "34": 0.7853003191389706,
    "35": 7.161788421661846,
    "36": 2.5166862025672017,
    "38": 2.0723832543335727,
    "40": 0.03946319552588251,
    "59": 10.907322753018054,
    "80": 0.9782882948440503,
    "94": 8.631649410648729,
    "105": 1.319185972704171,
    "132": 0,
    "133": 1.0791454997787024,
    "135": 0.08451362584441635,
    "143": 4.475788483078274,
    "145": 7.443602363763098,
    "149": 0.40169716901216923,
    "151": 1.5580324456833639,
    "160": 2.530324271765709,
    "169": 0.8529013337797979,
    "171": 0.9750112239015163,
    "184": 6.736063910185781,
    "186": 17.93443074252902,
    "197": 0.2717452541757073,
    "212": 3.380298342242025,
    "213": 0.6991930998257212,
    "214": 1.7019191437265784,
    "227": 4.155423591581163,
    "230": 1.3131188104749936,
    "232": 0.03946319552588251,
    "233": 2.702724851795009,
    "235": 3.4078074350339875,
    "237": 68.92303497239621,
    "242": 1.3222378118467466,
    "245": 5.447062794242725,
    "248": 13.292391856556138,
    "251": 0.26716383420613987,
    "257": 1.5263195536171925,
    "260": 0.3718771984604321,
    "272": 11.733741041167892,
    "279": 0.7686315105315723,
    "286": 0.6896456048335208,
    "289": 2.140422961460195,
    "291": 2.047661070091336,
    "302": 0.9771984529161959,
    "306": 0.3718771984604321,
    "330": 0.3577893464845232,
    "350": 0.7244019806345503,
    "352": 0.3718771984604321,
    "356": 1.2273293672626413,
    "366": 1.8071127540726524,
    "373": 3.4868247826931524,
    "376": 3.3055646162184447,
    "378": 1.3861614611042947,
    "380": 0.4254131130151557,
    "381": 21.846706416917375,
    "389": 0.00014481204945654413,
    "392": 0.794306850498283,
    "395": 0.6281228015395679,
    "409": 2.253474252803737,
    "417": 3.864216881992357,
    "423": 13.849350043951391,
    "437": 3.029615801653425,
    "442": 0.9470236431351267,
    "445": 5.990284060658656,
    "452": 1.3131188104749936,
    "454": 1.3131188104749936,
    "461": 5.30034746491147,
    "462": 1.0791454997787024,
    "464": 2.047661070091336,
    "468": 4.747963803421317,
    "472": 8.91047954762682,
    "473": 2.718810166607815,
    "485": 59.81317876773417,
    "488": 29.604799982082938,
    "491": 1.908712850001383,
    "494": 3.730582315699632,
    "497": 2.140422961460195,
    "530": 15.099646870207746,
    "534": 8.529489169357687,
    "545": 2.912123032074594,
    "547": 13.89290784324297,
    "553": 0.9238975172091102,
    "560": 11.801966637523233,
    "561": 0.5667745729868268,
    "563": 1.0791454997787024,
    "575": 0.26716383420613987,
    "576": 4.215500019463511,
    "579": 2.222098912768528,
    "584": 1.3861614611042947,
    "589": 1.0067709720699993,
    "592": 0.40169716901216923,
    "593": 1.319185972704171,
    "598": 17.066077581080368,
    "604": 3.286659163031636,
    "609": 4.266183751629738,
    "620": 0.40169716901216923,
    "625": 4.432345364436871,
    "635": 18.14927288857615,
    "637": 9.51782188323017,
    "639": 6.409395714214028,
    "641": 5.225968316047156,
    "642": 50.971937374561065,
    "645": 2.1094618336691733,
    "647": 13.978955955444365,
    "648": 1.9997744943697795,
    "649": 13.381668267423574,
    "652": 3.2149537683495546,
    "655": 0.4687082287380338,
    "658": 0.6362586311761869,
    "663": 13.923346596804818,
    "681": 31.826023229269047,
    "687": 2.1090036619319,
    "695": 0.9902049462012537,
    "700": 11.272852061664366,
    "706": 1.5416968560232882,
    "707": 1.5263195536171925,
    "709": 0.00014481204945654413,
    "719": 5.852045090666225,
    "721": 76.71734497889209,
    "10003": 0.959921601206842,
    "10009": 26.235608243474832,
    "10020": 3.7984267038052963,
    "10021": 141.54874339515231,
    "10022": 50.99748579937724,
    "10032": 0.6053212544557638,
    "10033": 1.3541839251981584,
    "10034": 2.484667580579967,
    "10035": 11.470872521884127,