{
  "id": "145",
  "name": "Zapdos",
  "format_id": "showdown_gen8nationaldex-1500",
  "usage_metrics": {
    "raw": 5055,
    "base_weight": 3844.347888823229,
    "percent": 13.389309742014092
  },
  "items": {
    "heavy-duty-boots": 2526.8217887131555,
    "rocky-helmet": 139.6630595589426,
    "flyinium-z": 484.06580095618193,
    "electrium-z": 20.543878774664446,
    "leftovers": 158.05532133865773,
    "choice-specs": 186.4381551302825,
    "nothing": 23.47152977271159,
    "aguav-berry": 0.9207060415559034,
    "safety-goggles": 18.24484268087887,
    "life-orb": 165.10022408942433,
    "expert-belt": 10.843813879851272,
    "choice-scarf": 40.758831015401746,
    "black-glasses": 0.33936560805063753,
    "weakness-policy": 17.050061558716127,
    "air-balloon": 2.4863261758437183,
    "salac-berry": 3.6187503310287505,
    "magnet": 7.6794699735027,
    "zap-plate": 0.651439689578958,
    "wide-lens": 0.4288693070636608,
    "icium-z": 3.999999988116732,
    "waterium-z": 0.9999999962457802,
    "normalium-z": 0.9999999945056068,
    "wise-glasses": 15.999999981586393,
    "light-clay": 2.999623073769189,
    "eject-button": 0.9999853733007,
    "assault-vest": 1.065911958503147,
    "focus-sash": 7.873018752716597,
    "electirizer": 0.0670077030059138,
    "eviolite": 0.9538544357178937,
    "power-herb": 1.2062529702648825
  },
  "abilities": {
    "static": 3527.7742243180687,
    "pressure": 316.57366450516037
  },
  "moves": {
    "volt-switch": 2156.869095145056,
    "heat-wave": 1876.5810360577773,
    "hidden-power-ice": 786.1733136075486,
    "roost": 3313.9061539175336,
    "defog": 1409.735478257105,
    "hurricane": 2186.3664907885386,
    "thunder": 908.7572476311385,
    "weather-ball": 673.7123153342304,
    "u-turn": 127.01431628760328,
    "substitute": 50.41030781550442,
    "thunderbolt": 613.2513997948465,
    "toxic": 67.9308735839882,
    "discharge": 771.3463957017563,
    "air-cutter": 24.06639244383126,
    "protect": 12.20493440200306,
    "extrasensory": 4.623284954015292,
    "brave-bird": 10.035721137738054,
    "drill-peck": 11.98030868189297,
    "rising-voltage": 3.8120570476809714,
    "wild-charge": 1.0836158088498928,
    "tailwind": 13.872913181358994,
    "whirlwind": 3.942988719109265,
    "thunder-wave": 261.95258556559145,
    "agility": 29.69942255479155,
    "metal-sound": 4.6869133176884485,
    "zap-cannon": 5.480897507625016,
    "detect": 0.29182051940867293,
    "ancient-power": 7.900737084304335,
    "steel-wing": 3.516380451147378,
    "rain-dance": 3.738840970635402,
    "hidden-power-fire": 0.8334942292759305,
    "double-edge": 2.793477552281516,
    "": 0.015048229186425954,
    "reflect": 7.997334982506864,
    "sky-attack": 2.204288297841543,
    "roar": 1.9829221522080072,
    "hidden-power-water": 0.9999999962457802,
    "light-screen": 10.790095247778277,
    "ominous-wind": 0.3090295643547673,
    "fly": 0.00010555103277259947,
    "hidden-power-grass": 0.8688458229330236,
    "hidden-power-dragon": 3.6526753969897854
  },
  "teras": {
    "nothing": 3844.3478888232303
  },
  "spreads": [
    {
      "nature": "Timid",
      "usage": "22.1",
      "evs": {
        "hp": 0,
        "atk": 0,
        "def": 0,
        "spa": 252,
        "spd": 4,
        "spe": 252
      }
    },
    {
      "nature": "Bold",
      "usage": "6.9",
      "evs": {
        "hp": 248,
        "atk": 0,
        "def": 188,
        "spa": 0,
        "spd": 0,
        "spe": 72
      }
    },
    {
      "nature": "Bold",
      "usage": "5.8",
      "evs": {
        "hp": 64,
        "atk": 0,
        "def": 152,
        "spa": 0,
        "spd": 140,
        "spe": 152
      }
    },
    {
      "nature": "Modest",
      "usage": "3.9",
      "evs": {
        "hp": 248,
        "atk": 0,
        "def": 0,
        "spa": 252,
        "spd": 8,
        "spe": 0
      }
    },
    {
      "nature": "Bold",
      "usage": "3.3",
      "evs": {
        "hp": 248,
        "atk": 0,
        "def": 240,
        "spa": 0,
        "spd": 0,
        "spe": 20
      }
    },
    {
      "nature": "Bold",
      "usage": "2.9",
      "evs": {
        "hp": 252,
        "atk": 0,
        "def": 252,
        "spa": 4,
        "spd": 0,
        "spe": 0
      }
    },
    {
      "nature": "Timid",
      "usage": "2.7",
      "evs": {
        "hp": 248,
        "atk": 0,
        "def": 0,
        "spa": 112,
        "spd": 0,
        "spe": 148
      }
    },
    {
      "nature": "Timid",
      "usage": "2.7",
      "evs": {
        "hp": 0,
        "atk": 0,
        "def": 0,
        "spa": 252,
        "spd": 0,
        "spe": 252
      }
    },
    {
      "nature": "Bold",
      "usage": "2.6",
      "evs": {
        "hp": 248,
        "atk": 0,
        "def": 236,
        "spa": 0,
        "spd": 0,
        "spe": 24
      }
    },
    {
      "nature": "Timid",
      "usage": "2.6",
      "evs": {
        "hp": 248,
        "atk": 0,
        "def": 220,
        "spa": 0,
        "spd": 0,
        "spe": 40
      }
    }
  ],
  "teammates": {
    "3": 11.835036486742208,
    "6": 0.26243473249473925,
    "9": 60.81394023493089,
    "19": 0.26243473249473925,
    "25": 0.26716383420613987,
    "26": 0.9332362094132792,
    "34": 13.030015199345282,
    "36": 366.41373465310124,
    "38": 0.5043669023496185,
    "45": 1.0592458722550422,
    "47": 0.3718771984604321,
    "57": 0.7097768083736359,
    "59": 3.108699926214148,
    "60": 1.571900847698822,
    "62": 3.9518920883188473,
    "65": 10.03421792789537,
    "68": 36.46802608704406,
    "73": 6.847438753203702,
    "80": 66.7409153475113,
    "91": 0.7676486200359176,
    "94": 17.207849869449774,
    "101": 2.396568395849788,
    "106": 5.016558154669493,
    "107": 9.895214888754953,
    "113": 232.74859393859757,
    "119": 1.9999814498277662,
    "121": 62.865551436478846,
    "128": 32.30763604721394,
    "130": 102.32958626766182,
    "131": 5.538734868516828,
    "132": 83.62704731560186,
    "135": 0.4288693070636608,
    "142": 0.8718771984604321,
    "143": 3.0890651512328042,
    "144": 3.2767583819081985,
    "146": 4.40769413960362,
    "149": 7.474876121637807,
    "151": 16.45504854178778,
    "157": 0.7097768083736359,
    "169": 13.974001189083785,
    "171": 62.99999999870776,
    "184": 53.14085757950214,
    "186": 60.45526672780736,
    "195": 19.839095409435632,
    "196": 4.9291590766161235,
    "197": 87.0832570245474,
    "199": 9.728581524121465,
    "202": 1.1551403563516,
    "205": 0.7755627821102554,
    "206": 3.3989000971290877,
    "211": 2.9999569355503857,
    "212": 74.74307464756865,
    "213": 12.42881285569504,
    "214": 21.838567618525204,
    "226": 2.0413583750280018,
    "227": 37.266332468679174,
    "230": 66.15841884237282,
    "232": 20.184887670430413,
    "233": 25.21552719173956,
    "235": 6.636133733032927,
    "237": 5.328743842824954,
    "242": 29.554340221208403,
    "245": 7.99824139012367,
    "248": 129.9312900919951,
    "257": 19.820522036223164,
    "260": 13.029870710673329,
    "272": 1.4716771032349265,
    "279": 1114.4274436951562,
    "286": 1.8665062913169401,
    "291": 2.8895570846254213,
    "292": 0.21153087717054925,
    "297": 2.6885813441209074,
    "324": 9.283785042523418,
    "330": 0.00010555103277259947,
    "335": 2.0636082411995087,
    "336": 3.3989000971290877,
    "342": 119.10146892871295,
    "346": 11.073129354869822,
    "350": 6.380149300377124,
    "351": 0.19035164409785338,
    "356": 0.0017297835705067932,
    "373": 35.199774787811336,
    "376": 3.5708174757934357,
    "379": 7.00977800759466,
    "381": 4.11817404924407,
    "385": 17.762110601508866,
    "392": 30.523413742124617,
    "405": 0.0017297835705067932,
    "409": 0.7097768083736359,
    "419": 3.127298088357047,
    "423": 36.657196069985766,
    "424": 1.68057558574555,
    "430": 13.987463756086992,
    "437": 0.6885123935369003,
    "441": 2.8895570846254213,
    "442": 1.3802864695373926,