{
  "id": "681",
  "name": "Aegislash Shield",
  "format_id": "showdown_gen8nationaldex-1500",
  "usage_metrics": {
    "raw": 2039,
    "base_weight": 1123.9046854224239,
    "percent": 5.400752238173438
  },
  "items": {
    "leftovers": 563.7047926812502,
    "weakness-policy": 50.41779968227719,
    "rocky-helmet": 30.45811961260588,
    "spell-tag": 160.42567529320786,
    "focus-sash": 10.443147878483916,
    "life-orb": 79.36408438734668,
    "red-card": 0.0018866290705129574,
    "iron-ball": 19.746235700542123,
    "air-balloon": 78.16097786642557,
    "ghostium-z": 77.43567267126983,
    "rockium-z": 0.000006451504617643877,
    "expert-belt": 3.4616685065205735,
    "choice-scarf": 1.7470139504773807,
    "spooky-plate": 1.4971027447564509,
    "choice-band": 1.9343824273175985,
    "wide-lens": 3.5978335851285776,
    "razor-claw": 0.33345184409796114,
    "nothing": 1.8519582826911458,
    "berry-juice": 0.5296641739698014,
    "assault-vest": 24.405353057715768,
    "colbur-berry": 0.9396948029496592,
    "metal-coat": 0.3718771984604321,
    "zoom-lens": 0.5,
    "choice-specs": 3.632355042859916,
    "heavy-duty-boots": 3.918233949513683,
    "wiki-berry": 0.3560556498549143,
    "blunder-policy": 0.9862270274198592,
    "sitrus-berry": 0.7545265666797998,
    "iron-plate": 0.0808601156790072,
    "muscle-band": 1.734174343178705,
    "aguav-berry": 0.6281228015395679,
    "steelium-z": 0.4857304976295823
  },
  "abilities": {
    "stance-change": 1123.9046854224239
  },
  "moves": {
    "kings-shield": 870.9505183612092,
    "shadow-ball": 189.60150241807466,
    "close-combat": 422.75112834148615,
    "shadow-sneak": 680.0083853002833,
    "gyro-ball": 43.44184418183974,
    "shadow-claw": 418.816934286984,
    "swords-dance": 690.2162331469121,
    "iron-head": 386.2075234544665,
    "head-smash": 16.721524316130775,
    "sacred-sword": 232.76383702846869,
    "flash-cannon": 55.910281857419406,
    "substitute": 74.54614796195204,
    "toxic": 207.9572029474643,
    "iron-defense": 10.82855217769397,
    "brick-break": 47.464141601245416,
    "hidden-power-ice": 2.2714693074960364,
    "steel-beam": 6.489197596299947,
    "psycho-cut": 5.605439596481179,
    "autotomize": 24.119655879158376,
    "protect": 8.246009956102021,
    "night-slash": 13.54977862078648,
    "destiny-bond": 19.081326581271455,
    "air-slash": 11.590952476413209,
    "facade": 0.30610944781839067,
    "hidden-power-fighting": 1.587908864903131,
    "wide-guard": 2.4166051712165237,
    "solar-blade": 0.621206477995814,
    "rock-slide": 29.757941419718527,
    "rest": 0.9716414442599548,
    "": 0.7055410940499378,
    "hidden-power-fire": 14.437357403137073,
    "pursuit": 1.1958778702376813,
    "reversal": 4.47896510072151
  },
  "teras": {
    "nothing": 1123.9046854224239
  },
  "spreads": [
    {
      "nature": "Adamant",
      "usage": "16.2",
      "evs": {
        "hp": 80,
        "atk": 252,
        "def": 0,
        "spa": 0,
        "spd": 0,
        "spe": 176
      }
    },
    {
      "nature": "Adamant",
      "usage": "16.0",
      "evs": {
        "hp": 252,
        "atk": 252,
        "def": 0,
        "spa": 0,
        "spd": 4,
        "spe": 0
      }
    },
    {
      "nature": "Careful",
      "usage": "6.2",
      "evs": {
        "hp": 252,
        "atk": 0,
        "def": 44,
        "spa": 0,
        "spd": 192,
        "spe": 20
      }
    },
    {
      "nature": "Adamant",
      "usage": "5.4",
      "evs": {
        "hp": 0,
        "atk": 252,
        "def": 252,
        "spa": 0,
        "spd": 4,
        "spe": 0
      }
    },
    {
      "nature": "Careful",
      "usage": "4.5",
      "evs": {
        "hp": 0,
        "atk": 4,
        "def": 252,
        "spa": 0,
        "spd": 252,
        "spe": 0
      }
    },
    {
      "nature": "Sassy",
      "usage": "4.5",
      "evs": {
        "hp": 252,
        "atk": 0,
        "def": 4,
        "spa": 0,
        "spd": 252,
        "spe": 0
      }
    },
    {
      "nature": "Calm",
      "usage": "4.5",
      "evs": {
        "hp": 252,
        "atk": 0,
        "def": 44,
        "spa": 0,
        "spd": 192,
        "spe": 20
      }
    },
    {
      "nature": "Sassy",
      "usage": "2.2",
      "evs": {
        "hp": 252,
        "atk": 0,
        "def": 0,
        "spa": 4,
        "spd": 252,
        "spe": 0
      }
    },
    {
      "nature": "Careful",
      "usage": "2.2",
      "evs": {
        "hp": 252,
        "atk": 4,
        "def": 0,
        "spa": 0,
        "spd": 252,
        "spe": 0
      }
    },
    {
      "nature": "Brave",
      "usage": "2.1",
      "evs": {
        "hp": 252,
        "atk": 252,
        "def": 0,
        "spa": 0,
        "spd": 4,
        "spe": 0
      }
    }
  ],
  "teammates": {
    "3": 2.591281055271734,
    "6": 9.344970080081499,
    "19": 0.09691275431352214,
    "20": 0.006909132158872955,
    "24": 2.5459412409628412,
    "25": 0.35312305005469985,
    "26": 0.3785192795050254,
    "34": 16.614580090633027,
    "36": 11.90719412107187,
    "38": 0.6493768951576436,
    "40": 0.9862270274198592,
    "45": 3.672092050000864,
    "59": 13.6060960812043,
    "65": 0.9191308146713115,
    "80": 6.840276111824181,
    "91": 27.59872417994442,
    "94": 7.046323351109671,
    "99": 2.32785125146432,
    "113": 68.32475513682344,
    "115": 2.6309190423346256,
    "122": 0.33345184409796114,
    "123": 3.6636353870322655,
    "130": 10.614712089607696,
    "131": 4.955440478703372,
    "132": 11.539322081101746,
    "134": 0.5779912841673408,
    "135": 2.9923559250803318,
    "143": 1.8579353883593854,
    "145": 105.67584393942145,
    "146": 13.279898241381886,
    "149": 45.581842238758924,
    "151": 5.445656996085833,
    "157": 3.6636353870322655,
    "169": 11.640930505778861,
    "184": 4.520803903863678,
    "196": 9.800619558327757,
    "197": 6.442281471584471,
    "199": 4.099328230218401,
    "202": 0.3560556498549143,
    "205": 5.49107549019824,
    "206": 3.9442496816448207,
    "208": 0.17862392338875144,
    "212": 7.728875856073895,
    "213": 7.06655430996483,
    "226": 0.2602610034239421,
    "227": 11.03813392378638,
    "230": 0.6281228015395679,
    "233": 30.30968790647928,
    "235": 0.6141229194760052,
    "242": 8.235695792834287,
    "243": 0.1120006065116374,
    "244": 0.9465906693929225,
    "245": 6.8394270426789845,
    "248": 8.334211941422332,
    "254": 2.1514393111059564,
    "257": 35.61689486239302,
    "260": 26.928687426421668,
    "262": 4.873786479950431,
    "269": 0.8028158153285303,
    "272": 3.6258062537103553,
    "279": 11.193028496250914,
    "282": 7.143231368079312,
    "286": 7.269345014256525,
    "289": 0.21775700336470266,
    "291": 0.5965251179617022,
    "292": 5.336310735522931,
    "297": 1.0322205498718922,
    "302": 0.5414336056107334,
    "304": 0.7743805763491906,
    "306": 0.9895037351903924,
    "324": 1.217285337674943,
    "330": 7.1956083581763615,
    "335": 0.14503038367757803,
    "342": 0.5,
    "346": 54.24830997744563,
    "348": 0.06686723253476728,
    "350": 28.160552186987136,
    "357": 0.3035694709215889,
    "359": 1.5244835442614244,
    "368": 0.3718771984604321,
    "373": 0.7079935705951017,
    "376": 20.09893595683738,
    "380": 0.8908290691375211,
    "381": 2.9998202796513826,
    "385": 1.1803831911588356,
    "392": 11.956258321558055,
    "395": 20.618052527584865,
    "398": 0.8589623752456275,
    "399": 0.8772032809579771,
    "407": 1.5601366229565126,
    "423": 10.289969408375361,
    "424": 6.141483600777322,
    "426": 0.0808601156790072,
    "428": 0.5,
    "430": 2.6309190423346256,
    "437": 1.0289079946890007,
    "442": 61.97765270482592,
    "445": 124.37655765253328,
    "448": 23.80895375654968,
    "452": 0.44859985459916696,
    "461": 74.50228920375358,
    "462": 23.878808803497414,
    "464": 2.196744357200917,
    "468": 7.560054702057545,
    "472": 86.31309359682376,