{
  "id": "560",
  "name": "Scrafty",
  "format_id": "showdown_gen9nu-1500",
  "usage_metrics": {
    "raw": 2208,
    "base_weight": 1176.668852266146,
    "percent": 6.094060499006403
  },
  "items": {
    "leftovers": 942.045290740166,
    "life-orb": 71.90158669905136,
    "sitrus-berry": 11.897835324487241,
    "clear-amulet": 13.579824835706562,
    "black-belt": 1.933569947389055,
    "aguav-berry": 2.6508525952078825,
    "choice-band": 2.9489184842417635,
    "heavy-duty-boots": 8.22468264657001,
    "air-balloon": 0.3873912207671659,
    "adrenaline-orb": 0.395481205908948,
    "lum-berry": 36.56813175548072,
    "assault-vest": 39.24026826213244,
    "figy-berry": 3.3148011651031983,
    "choice-specs": 0.16887393770157993,
    "expert-belt": 0.5361102094065058,
    "chesto-berry": 1.9330960471960197,
    "mental-herb": 6.534279814695722,
    "roseli-berry": 5.42435298603873,
    "white-herb": 0.5790163048324561,
    "choice-scarf": 3.7760434373486773,
    "punching-glove": 0.3895794256008231,
    "grassy-seed": 5.973457051586708,
    "rocky-helmet": 8.507645421381177,
    "focus-sash": 4.211038565460126,
    "salac-berry": 0.6411309220694459,
    "muscle-band": 0.601516137964658,
    "blunder-policy": 1.2935180188660855,
    "eject-button": 1.0105591037837578
  },
  "abilities": {
    "shed-skin": 860.4294802438978,
    "moxie": 191.85362853854048,
    "intimidate": 124.3857434837076
  },
  "moves": {
    "bulk-up": 580.4750857794335,
    "drain-punch": 996.428056491674,
    "knock-off": 1031.2859255139765,
    "rest": 438.6829808302825,
    "taunt": 15.574630980847239,
    "dragon-dance": 495.54808074688754,
    "poison-jab": 297.13435865776967,
    "close-combat": 203.36589483651687,
    "encore": 73.9437817762439,
    "protect": 30.607293116923607,
    "fire-punch": 51.59278179098099,
    "ice-punch": 87.73073042305505,
    "dragon-tail": 18.526276588575683,
    "zen-headbutt": 5.202294281144479,
    "swords-dance": 11.989286093557633,
    "roar": 15.32526551249034,
    "throat-chop": 12.550989697427331,
    "amnesia": 0.13179824156536912,
    "high-jump-kick": 5.946155329215805,
    "brick-break": 7.956146115663381,
    "double-edge": 1.769183521153792,
    "counter": 2.261075852544716,
    "lash-out": 1.3410150348360115,
    "iron-head": 108.92116835603566,
    "rock-slide": 1.6551289901992814,
    "crunch": 81.20706116177084,
    "substitute": 14.126727060729001,
    "fake-out": 41.624539744662464,
    "stone-edge": 1.0411369124447851,
    "foul-play": 1.6444255374367531,
    "trailblaze": 16.52910325886476,
    "dragon-pulse": 0.16887393770157993,
    "dark-pulse": 0.16887393770157993,
    "sludge-bomb": 0.16887393770157993,
    "focus-blast": 0.16887393770157993,
    "thunder-punch": 5.519496101051322,
    "curse": 11.078243224884929,
    "dragon-claw": 2.192338030333332,
    "body-slam": 0.36393028957513096,
    "head-smash": 7.579050805969625,
    "detect": 4.88059900785558,
    "facade": 1.5025002264790546,
    "super-fang": 3.102372264837298,
    "low-kick": 2.724839334467843,
    "tera-blast": 11.99999999349398,
    "grass-knot": 0.1972673790536148,
    "quick-guard": 1.0626448158116153,
    "sleep-talk": 1.1782536050535497,
    "focus-punch": 0.5
  },
  "teras": {
    "poison": 783.1286402680639,
    "fairy": 46.22703812413097,
    "dark": 104.14977154934826,
    "normal": 2.1704898171000995,
    "fire": 25.2655689434918,
    "ghost": 2.5646125118050893,
    "steel": 177.03133341758328,
    "electric": 4.4829450358621195,
    "ground": 0.42816848631778087,
    "ice": 14.533033740142026,
    "stellar": 2.6351721932854493,
    "dragon": 2.9922368898923937,
    "fighting": 8.256184089384089,
    "rock": 0.5203285900503924,
    "psychic": 0.4123875148689318,
    "grass": 0.1261590901358417,
    "water": 1.7447820046827314
  },
  "spreads": [
    {
      "nature": "Careful",
      "usage": "19.8",
      "evs": {
        "hp": 252,
        "atk": 0,
        "def": 0,
        "spa": 0,
        "spd": 192,
        "spe": 64
      }
    },
    {
      "nature": "Jolly",
      "usage": "16.0",
      "evs": {
        "hp": 0,
        "atk": 252,
        "def": 0,
        "spa": 0,
        "spd": 4,
        "spe": 252
      }
    },
    {
      "nature": "Adamant",
      "usage": "9.1",
      "evs": {
        "hp": 0,
        "atk": 252,
        "def": 0,
        "spa": 0,
        "spd": 4,
        "spe": 252
      }
    },
    {
      "nature": "Careful",
      "usage": "6.7",
      "evs": {
        "hp": 252,
        "atk": 0,
        "def": 0,
        "spa": 0,
        "spd": 188,
        "spe": 68
      }
    },
    {
      "nature": "Adamant",
      "usage": "5.8",
      "evs": {
        "hp": 252,
        "atk": 252,
        "def": 0,
        "spa": 0,
        "spd": 4,
        "spe": 0
      }
    },
    {
      "nature": "Impish",
      "usage": "5.2",
      "evs": {
        "hp": 252,
        "atk": 0,
        "def": 4,
        "spa": 0,
        "spd": 0,
        "spe": 252
      }
    },
    {
      "nature": "Careful",
      "usage": "5.0",
      "evs": {
        "hp": 252,
        "atk": 20,
        "def": 32,
        "spa": 0,
        "spd": 180,
        "spe": 24
      }
    },
    {
      "nature": "Jolly",
      "usage": "3.4",
      "evs": {
        "hp": 0,
        "atk": 252,
        "def": 4,
        "spa": 0,
        "spd": 0,
        "spe": 252
      }
    },
    {
      "nature": "Adamant",
      "usage": "3.0",
      "evs": {
        "hp": 4,
        "atk": 252,
        "def": 0,
        "spa": 0,
        "spd": 0,
        "spe": 252
      }
    },
    {
      "nature": "Careful",
      "usage": "2.9",
      "evs": {
        "hp": 252,
        "atk": 0,
        "def": 0,
        "spa": 0,
        "spd": 140,
        "spe": 116
      }
    }
  ],
  "teammates": {
    "3": 2.771355258499139,
    "6": 1.6624311531197031,
    "24": 10.147610343509799,
    "25": 0.0003975924776672968,
    "44": 0.4968677151395975,
    "45": 71.44690701465504,
    "49": 11.431166472005355,
    "57": 0.9950739811954888,
    "59": 12.2434552974735,
    "71": 0.5139116910901396,
    "73": 221.90731168989166,
    "75": 0.06481069358449693,
    "76": 0.9614186338235862,
    "82": 2.0950310342934033,
    "89": 16.93956681952709,
    "93": 0.6487564675209966,
    "101": 0.46182166930751684,
    "106": 9.99043716636362,
    "107": 0.8942614039141553,
    "110": 5.939707850532334,
    "112": 0.9156538440452406,
    "113": 37.412230902885675,
    "123": 73.2307915686927,
    "131": 1.0626448158116153,
    "132": 0.030284055066100823,
    "134": 114.07414828661666,
    "135": 0.1226920732039734,
    "136": 1.9997415588518668,
    "143": 3.53020140677244,
    "148": 0.16887393770157993,
    "181": 2.5955146969887815,
    "196": 94.14043951599157,
    "206": 12.188143963567635,
    "207": 156.01550934566455,
    "214": 22.02012009025032,
    "215": 1.5025002264790546,
    "217": 2.3159130113457618,
    "219": 12.831126342992444,
    "221": 0.4089706095148881,
    "233": 9.324941648861795,
    "235": 12.104161521733918,
    "237": 0.2521351166839117,
    "243": 61.43446557002253,
    "254": 1.1139126780837683,
    "260": 87.41599592277126,
    "284": 7.538887655398193,
    "297": 2.7026996014707865,
    "299": 1.2174151623491005,
    "302": 2.779278537870223,
    "312": 0.0003975924776672968,
    "317": 0.7754646853540688,
    "323": 0.41567856900060307,
    "324": 2.3251770686617688,
    "326": 4.986124043364846,
    "330": 272.1531212270155,
    "332": 2.3071278434936473,
    "334": 168.97343488703436,
    "335": 2.453653934825021,
    "340": 0.846398734706933,
    "350": 3.205495138191518,
    "356": 1.2054215173509248,
    "377": 1.8972176796040303,
    "378": 0.5729001773425628,
    "391": 0.16887393770157993,
    "392": 76.25310256586833,
    "398": 148.6447739215455,
    "409": 0.37048973372083843,
    "411": 10.858217867888857,
    "419": 0.5535888148263773,
    "424": 3.5062802259464063,
    "426": 19.86381832049845,