{
  "id": "641",
  "name": "Tornadus Incarnate",
  "format_id": "showdown_gen9nu-1500",
  "usage_metrics": {
    "raw": 3058,
    "base_weight": 2142.9993423966275,
    "percent": 8.440052991830427
  },
  "items": {
    "damp-rock": 419.65521024220436,
    "nothing": 42.00016383415839,
    "heat-rock": 54.915658661930266,
    "heavy-duty-boots": 571.7333669656798,
    "life-orb": 214.7458603327396,
    "covert-cloak": 1.0603513314381283,
    "salac-berry": 4.602614785245372,
    "focus-sash": 559.4536271284081,
    "ability-shield": 1.0009669871170266,
    "choice-scarf": 14.266838047473911,
    "mirror-herb": 52.66570337938945,
    "leftovers": 19.747701641002447,
    "sitrus-berry": 24.275142356839787,
    "lum-berry": 0.3950674169068371,
    "choice-specs": 41.17909565335624,
    "rocky-helmet": 2.8463681840120585,
    "eject-button": 53.816095710801115,
    "wise-glasses": 0.5567734132553087,
    "wide-lens": 0.6586217555864611,
    "psychic-seed": 6.986870511046971,
    "electric-seed": 0.5691253409165419,
    "choice-band": 5.743985208355657,
    "chesto-berry": 7.061517492863169,
    "sharp-beak": 2.8214966616021524,
    "mental-herb": 0.25570981867034737,
    "icy-rock": 1.321637069750905,
    "petaya-berry": 8.137314170974985,
    "zoom-lens": 4.64204435729927,
    "sky-plate": 0.3421494763904041,
    "weakness-policy": 2.3512673201390193,
    "clear-amulet": 0.764933497436493,
    "grassy-seed": 3.9292298950845934,
    "aguav-berry": 4.7654329480215365,
    "yache-berry": 0.22602907340038847,
    "air-balloon": 2.834215525476311,
    "adrenaline-orb": 1.757070659296097,
    "assault-vest": 0.5795651916920352,
    "blunder-policy": 1.8633063926098843,
    "red-card": 6.471213958057608
  },
  "abilities": {
    "prankster": 1778.516434417609,
    "defiant": 364.4829079790184
  },
  "moves": {
    "rain-dance": 549.4890987182351,
    "hurricane": 473.33941716115845,
    "u-turn": 595.3334400278009,
    "weather-ball": 416.42191864114494,
    "acrobatics": 143.15175338827473,
    "tailwind": 904.6460486378205,
    "taunt": 258.28754466691726,
    "sunny-day": 58.39412769640305,
    "bleakwind-storm": 1473.6968937503464,
    "knock-off": 636.3971856045563,
    "heat-wave": 358.1070462757245,
    "nasty-plot": 864.1018964705762,
    "focus-blast": 143.89427608986523,
    "grass-knot": 338.9383204727876,
    "dark-pulse": 649.6890791138359,
    "tera-blast": 215.64308158819014,
    "hammer-arm": 22.467502012848854,
    "bulk-up": 85.70731651285544,
    "endure": 4.602614785245372,
    "reversal": 4.602614785245372,
    "sludge-wave": 33.49107310158392,
    "swagger": 51.2677981539257,
    "extrasensory": 3.9672473699044795,
    "sludge-bomb": 25.47675253195277,
    "psychic": 15.215200696932444,
    "protect": 8.969425053341984,
    "metronome": 9.390198142912494,
    "agility": 19.228810486720075,
    "rest": 9.69599100963643,
    "substitute": 24.357918887380144,
    "brick-break": 22.302026691042617,
    "scary-face": 40.41533728957878,
    "air-slash": 44.395590375952864,
    "crunch": 24.441568270830416,
    "icy-wind": 9.44715923497298,
    "chilling-water": 16.81504056555666,
    "sleep-talk": 3.8345733473902346,
    "snowscape": 4.755896683676963,
    "uproar": 1.2606971647730547,
    "foul-play": 1.37555494343077,
    "giga-impact": 0.10130598342796693,
    "lash-out": 0.7892036835317779,
    "": 0.9980370207529617,
    "facade": 2.841854701066147,
    "body-slam": 0.2519317964116469
  },
  "teras": {
    "steel": 503.2301589566214,
    "flying": 371.26534307184806,
    "ground": 866.0929388915349,
    "dark": 49.247973259823986,
    "ghost": 8.389265207515683,
    "fire": 96.84111738629339,
    "grass": 43.8125674792942,
    "fighting": 23.697234173063425,
    "water": 72.79164997268778,
    "poison": 7.838965160597514,
    "electric": 66.91130509456782,
    "ice": 22.743927791924115,
    "psychic": 1.9186930353213012,
    "dragon": 3.613847218884166,
    "normal": 4.126931874863417,
    "fairy": 0.47742382178782466
  },
  "spreads": [
    {
      "nature": "Timid",
      "usage": "22.7",
      "evs": {
        "hp": 0,
        "atk": 0,
        "def": 0,
        "spa": 252,
        "spd": 4,
        "spe": 252
      }
    },
    {
      "nature": "Timid",
      "usage": "17.8",
      "evs": {
        "hp": 0,
        "atk": 0,
        "def": 4,
        "spa": 252,
        "spd": 0,
        "spe": 252
      }
    },
    {
      "nature": "Modest",
      "usage": "14.7",
      "evs": {
        "hp": 4,
        "atk": 0,
        "def": 0,
        "spa": 252,
        "spd": 0,
        "spe": 252
      }
    },
    {
      "nature": "Hasty",
      "usage": "9.6",
      "evs": {
        "hp": 0,
        "atk": 4,
        "def": 0,
        "spa": 252,
        "spd": 0,
        "spe": 252
      }
    },
    {
      "nature": "Naive",
      "usage": "8.6",
      "evs": {
        "hp": 0,
        "atk": 4,
        "def": 0,
        "spa": 252,
        "spd": 0,
        "spe": 252
      }
    },
    {
      "nature": "Modest",
      "usage": "6.9",
      "evs": {
        "hp": 16,
        "atk": 0,
        "def": 0,
        "spa": 252,
        "spd": 0,
        "spe": 240
      }
    },
    {
      "nature": "Jolly",
      "usage": "3.3",
      "evs": {
        "hp": 0,
        "atk": 252,
        "def": 0,
        "spa": 0,
        "spd": 4,
        "spe": 252
      }
    },
    {
      "nature": "Timid",
      "usage": "1.9",
      "evs": {
        "hp": 236,
        "atk": 0,
        "def": 0,
        "spa": 104,
        "spd": 0,
        "spe": 168
      }
    },
    {
      "nature": "Hasty",
      "usage": "1.8",
      "evs": {
        "hp": 0,
        "atk": 252,
        "def": 0,
        "spa": 4,
        "spd": 0,
        "spe": 252
      }
    },
    {
      "nature": "Modest",
      "usage": "1.2",
      "evs": {
        "hp": 252,
        "atk": 0,
        "def": 0,
        "spa": 252,
        "spd": 4,
        "spe": 0
      }
    }
  ],
  "teammates": {
    "3": 41.50372514606377,
    "6": 2.769828063461384,
    "25": 6.918717725917978,
    "28": 10.246979083253667,
    "38": 0.7181962730265081,
    "45": 174.21364299701108,
    "51": 1.1035098217027837,
    "57": 4.572185749460448,
    "59": 28.651349349503466,
    "62": 18.7588829920156,
    "71": 2.2700939756060814,
    "73": 104.35275734136629,
    "76": 14.489975931502736,
    "85": 0.33831858400892584,
    "89": 0.09515039925423902,
    "101": 0.2644818960561389,
    "106": 14.205822380010593,
    "107": 2.005322516171166,
    "110": 0.5819285363561266,
    "112": 9.692249615488468,
    "113": 34.34903437164342,
    "123": 69.27241941964292,
    "131": 3.7691180895719354,
    "132": 0,
    "134": 57.87570426678812,
    "135": 6.760950666382488,
    "136": 0.30826249995257365,
    "143": 5.635559840334968,
    "157": 0.25420959754853006,
    "171": 1.138934653764641,
    "196": 44.264900496685726,
    "200": 0.00019919498434195493,
    "207": 33.93724909993018,
    "211": 5.573614274722727,
    "214": 68.44330891737894,
    "217": 2.9518828524324454,
    "221": 0.7074064963816876,
    "230": 133.5457740878787,
    "233": 4.26608226186047,
    "235": 11.794353142092056,
    "237": 65.01142320281573,
    "243": 144.4590516082795,
    "254": 0.8441800756631173,
    "260": 367.84505469277343,
    "272": 82.03032482889768,
    "275": 185.4567175202498,
    "289": 0.3560798896919853,
    "297": 15.061985266222043,
    "302": 2.8103247425302342,
    "313": 0.0776896377540387,
    "323": 0.00003514524298586785,
    "324": 3.237410424485527,
    "330": 139.68782445918197,
    "334": 41.275044091630946,
    "335": 0.09515039925423902,
    "340": 0.846398734706933,
    "350": 20.09851505189094,
    "354": 0.1463965309088559,
    "356": 3.345299095506297,
    "377": 13.339480590019527,
    "392": 134.43342910255114,
    "396": 0.00019919498434195493,
    "398": 63.45993724404813,
    "405": 0.18189944895351312,
    "409": 1.7608181582812992,
    "411": 1.0892362270750258,