{
  "id": "847",
  "name": "Barraskewda",
  "format_id": "showdown_gen9nu-1500",
  "usage_metrics": {
    "raw": 3106,
    "base_weight": 1801.7004466430353,
    "percent": 8.572532567895783
  },
  "items": {
    "choice-band": 1374.895167720692,
    "choice-scarf": 79.50681716690795,
    "heavy-duty-boots": 106.54453546176782,
    "mystic-water": 76.86453246084974,
    "life-orb": 89.725022820441,
    "damp-rock": 5.493895230270401,
    "focus-sash": 51.124238341378806,
    "leftovers": 0.9083434191167281,
    "clear-amulet": 0.6487564675209966,
    "expert-belt": 8.948785248911822,
    "nothing": 0.8469370121311585,
    "assault-vest": 1.501147598118568,
    "air-balloon": 0.4817865159458381,
    "muscle-band": 0.36258551849605325,
    "loaded-dice": 3.247289643577513,
    "mental-herb": 0.21277186774682494,
    "eject-button": 0.040388201610560504,
    "coba-berry": 0.34744594755183345
  },
  "abilities": {
    "swift-swim": 1770.0414549236216,
    "propeller-tail": 31.658991719413812
  },
  "moves": {
    "flip-turn": 1468.8246947601701,
    "close-combat": 1596.8895310194264,
    "liquidation": 1454.6596756900121,
    "ice-fang": 253.1403835278927,
    "psychic-fangs": 740.3967768396252,
    "aqua-jet": 718.5627774992431,
    "poison-jab": 207.56895774565115,
    "crunch": 356.92201934894734,
    "waterfall": 122.41430357276549,
    "scale-shot": 5.049921225405788,
    "drill-run": 124.16003368157693,
    "rain-dance": 29.224202051570636,
    "protect": 4.3347045566790765,
    "facade": 9.57070217309168,
    "giga-impact": 1.1501761088046836,
    "throat-chop": 19.90089021925972,
    "brick-break": 25.058143854378216,
    "double-edge": 12.18715743116265,
    "substitute": 1.3091734805144968,
    "tera-blast": 38.11060804260918,
    "ice-beam": 1.1794374668003171,
    "hydro-pump": 0.7696904855121425,
    "agility": 2.5395423946846796,
    "surf": 0.3658153371344868,
    "blizzard": 1.203293193497987,
    "chilling-water": 1.4463490204780132,
    "swift": 0.03528292242141379,
    "rest": 5.308583719074197,
    "sleep-talk": 3.247289643577513,
    "night-slash": 0.6610894609921942,
    "whirlpool": 0.610580099180615
  },
  "teras": {
    "fighting": 427.1699534279941,
    "water": 1168.0374527930783,
    "dark": 92.98937902094715,
    "ground": 27.71779020715776,
    "poison": 18.116894783863525,
    "ice": 20.365123845472265,
    "normal": 1.4387159233377516,
    "grass": 28.50039153042643,
    "fire": 7.525794325168555,
    "psychic": 1.2625134677602865,
    "electric": 0.4625735303671015,
    "stellar": 0.9999807287223412,
    "dragon": 6.430331632421976,
    "steel": 0.6835514263183953
  },
  "spreads": [
    {
      "nature": "Adamant",
      "usage": "42.9",
      "evs": {
        "hp": 0,
        "atk": 252,
        "def": 0,
        "spa": 0,
        "spd": 4,
        "spe": 252
      }
    },
    {
      "nature": "Jolly",
      "usage": "11.6",
      "evs": {
        "hp": 4,
        "atk": 252,
        "def": 0,
        "spa": 0,
        "spd": 0,
        "spe": 252
      }
    },
    {
      "nature": "Jolly",
      "usage": "10.7",
      "evs": {
        "hp": 88,
        "atk": 252,
        "def": 0,
        "spa": 0,
        "spd": 0,
        "spe": 168
      }
    },
    {
      "nature": "Jolly",
      "usage": "9.5",
      "evs": {
        "hp": 0,
        "atk": 252,
        "def": 0,
        "spa": 0,
        "spd": 4,
        "spe": 252
      }
    },
    {
      "nature": "Jolly",
      "usage": "4.7",
      "evs": {
        "hp": 0,
        "atk": 252,
        "def": 4,
        "spa": 0,
        "spd": 0,
        "spe": 252
      }
    },
    {
      "nature": "Adamant",
      "usage": "3.7",
      "evs": {
        "hp": 0,
        "atk": 252,
        "def": 4,
        "spa": 0,
        "spd": 0,
        "spe": 252
      }
    },
    {
      "nature": "Jolly",
      "usage": "3.5",
      "evs": {
        "hp": 0,
        "atk": 252,
        "def": 0,
        "spa": 0,
        "spd": 0,
        "spe": 252
      }
    },
    {
      "nature": "Adamant",
      "usage": "3.3",
      "evs": {
        "hp": 4,
        "atk": 252,
        "def": 0,
        "spa": 0,
        "spd": 0,
        "spe": 252
      }
    },
    {
      "nature": "Adamant",
      "usage": "2.6",
      "evs": {
        "hp": 0,
        "atk": 252,
        "def": 0,
        "spa": 0,
        "spd": 0,
        "spe": 252
      }
    },
    {
      "nature": "Adamant",
      "usage": "1.6",
      "evs": {
        "hp": 0,
        "atk": 252,
        "def": 0,
        "spa": 0,
        "spd": 100,
        "spe": 156
      }
    }
  ],
  "teammates": {
    "3": 0.3718771984604321,
    "6": 2.0524690348467907,
    "25": 0.42128423003694043,
    "28": 3.899462695248239,
    "45": 120.83233819491242,
    "51": 1.2385741112347746,
    "57": 4.982538572542068,
    "59": 14.171190573192217,
    "62": 7.509184992672516,
    "73": 125.9182644421755,
    "76": 14.595409542270273,
    "82": 2.901899457259381,
    "89": 12.986162174354448,
    "90": 8.39383480004813,
    "93": 3.373973458363047,
    "101": 30.86241981479321,
    "106": 7.566021799060178,
    "107": 1.3051474727805419,
    "110": 0.27361272018108995,
    "112": 0.23870290072018285,
    "113": 103.88853310799101,
    "123": 46.24324268652811,
    "125": 0.040890228952789154,
    "128": 0.6556014409849461,
    "131": 0.34774264430082763,
    "132": 0,
    "134": 42.068691896964395,
    "135": 16.78561631440689,
    "136": 0.9105798208690337,
    "143": 0.9628433046656585,
    "164": 7.897899729908268,
    "168": 1.5513146652607492,
    "182": 16.303643183151653,
    "193": 2.716689793962653,
    "196": 200.02228263134757,
    "206": 0.8300623398955904,
    "207": 55.83223889161032,
    "214": 70.40521011183003,
    "219": 4.884257391229566,
    "229": 0.5086488378759907,
    "230": 41.41951814162704,
    "233": 3.831607388473484,
    "235": 2.8723660955687516,
    "237": 2.5129378680094776,
    "243": 110.02606906890172,
    "254": 10.472775947415377,
    "260": 155.5822518011946,
    "272": 104.09390403274968,
    "275": 0.9924166975867486,
    "284": 17.135591736630055,
    "289": 1.3550656448282998,
    "297": 114.83902499560695,
    "302": 10.866118400556896,
    "308": 1.5657210868840685,
    "313": 16.016253052340137,
    "314": 0.786029085891303,
    "323": 0.3658153371344868,
    "324": 13.45817733468803,
    "330": 301.0826851476755,
    "332": 0.6621389726797763,
    "334": 75.60848331134969,
    "336": 0.5048144238913649,
    "340": 0.9368699947182277,
    "350": 6.476358933103713,
    "356": 2.7914482301113415,
    "362": 0.35263617107083145,
    "377": 1.5253404811435982,
    "378": 1.1096242237427179,
    "392": 101.83253800182574,
    "398": 109.90241058114646,
    "405": 0.3718771984604321,
    "409": 1.757550266048801,
    "411": 9.15241173061491,
    "416": 0.04132226495292024,
    "419": 3.9328471953302904,
    "424": 13.576285230711253,
    "426": 1.447196055966816,
    "429": 0.6192877556255979,
    "430": 0.7288314686490159,
    "435": 3.13106288153213,
    "437": 142.9504499928751,
    "454": 102.57541923278342,
    "464": 137.35937365924536,
    "471": 3.0060709009844118,
    "478": 1.9220189137993693,
    "479": 0.43772883538739826,
    "480": 64.69978256780557,
    "481": 14.514847301473129,
    "486": 0.8232919796866185,
    "492": 1.1669806368156757,
    "496": 9.716011531055011,
    "500": 14.439318305487456,
    "523": 0.016802294041172394,
    "533": 5.3078744419926505,
    "547": 0.9888323883933615,
    "550": 2.098928676103955,
    "559": 1.1794374668003171,
    "560": 46.020406028582315,
    "573": 99.05673679627495,
    "579": 88.45059060666316,
    "586": 0.871210587381288,
    "591": 81.58111102579834,
    "596": 64.19823378194337,
    "604": 12.997314423925221,
    "609": 211.57701579354912,
    "614": 14.140936037897589,
    "615": 0.9965225301758154,
    "623": 3.5250593201891864,
    "628": 27.576604615737644,
    "641": 375.6660137358077,