{
  "id": "10242",
  "name": "Goodra hisuian",
  "format_id": "showdown_gen9uu-1760",
  "usage_metrics": {
    "raw": 5392,
    "base_weight": 59.326760956279614,
    "percent": 3.590597323033895
  },
  "roles": [
    {
      "role": "role_sweeper_mixed",
      "label": "Mixed Sweeper",
      "category": "OFF"
    },
    {
      "role": "role_wall_physical",
      "label": "Physical Wall",
      "category": "DEF"
    }
  ],
  "items": {
    "assault-vest": 19.456846897598627,
    "rocky-helmet": 0.0671064346594002,
    "zoom-lens": 0,
    "leftovers": 33.3006802023647,
    "choice-specs": 0.6909449313878732,
    "air-balloon": 0.000207967861671432,
    "chesto-berry": 3.762200850396467,
    "smooth-rock": 0,
    "damp-rock": 0,
    "choice-scarf": 0.00008347985373691191,
    "expert-belt": 0.00274896159387783,
    "nothing": 0.000005306862064735629,
    "quick-claw": 0.000014623282423686934,
    "heavy-duty-boots": 0.01553203092480554,
    "eject-pack": 2.0287341921935274,
    "focus-sash": 0,
    "iron-plate": 0.000026681137065331928,
    "ability-shield": 0,
    "sitrus-berry": 0.0003867791896979278,
    "choice-band": 1.040382100470083e-7,
    "kee-berry": 0.0012373191544892137,
    "lum-berry": 0,
    "aguav-berry": 0.0000041880932228899326,
    "salac-berry": 0,
    "weakness-policy": 5.687737336668164e-9,
    "life-orb": 0
  },
  "abilities": {
    "sap-sipper": 37.450206321068634,
    "shell-armor": 4.31706170985551,
    "gooey": 17.559492925355475
  },
  "moves": {
    "dragon-claw": 0.20679397310318565,
    "earthquake": 1.2583001126192581,
    "knock-off": 18.938476887870774,
    "thunder-punch": 1.5979570061608328e-7,
    "shelter": 3.7993509263704177,
    "body-press": 11.973579222206633,
    "life-dew": 0.8968112079962438,
    "fire-blast": 24.16693078038771,
    "draco-meteor": 36.29372354680117,
    "flash-cannon": 44.096608121590684,
    "acid-spray": 0.0515923245719388,
    "blizzard": 0.002246642733008397,
    "thunder": 23.40221725042661,
    "hydro-pump": 4.425235520735067,
    "iron-head": 6.256873596030654,
    "thunderbolt": 9.381825875590932,
    "flamethrower": 11.735650835694118,
    "sludge-wave": 0.007547524756802426,
    "ice-beam": 5.189322132756905,
    "dragon-tail": 16.84428125647917,
    "sludge-bomb": 4.3769821490518686,
    "substitute": 0.003219316471849809,
    "acid-armor": 0.5464996857000739,
    "chilling-water": 0.019910395634889277,
    "dragon-pulse": 0.46802868078772625,
    "surf": 5.557577641038861,
    "curse": 1.0586761946967256,
    "gyro-ball": 0.9817351451315268,
    "rest": 3.987187719023603,
    "heavy-slam": 0.5312890501271883,
    "outrage": 0.005601636259614129,
    "protect": 0.25638044230515833,
    "body-slam": 0,
    "sleep-talk": 0.1540998927102175,
    "counter": 0.07637919449946806,
    "sandstorm": 0,
    "rain-dance": 0,
    "ice-spinner": 0.14140235668839124,
    "dragon-breath": 0,
    "absorb": 0,
    "muddy-water": 0.004499964332726203,
    "charm": 0.00032511066458595916,
    "fire-punch": 0.0000013749117171446557,
    "steel-beam": 0.000026681137065331928,
    "lash-out": 0.000017139687940925796,
    "tera-blast": 0.000004372016109421839,
    "weather-ball": 0.11279400898005082,
    "mud-shot": 8.752998326144734e-13,
    "skitter-smack": 4.238094264419345e-9,
    "rock-slide": 0.0012474050855822982,
    "tearful-look": 0.09579036541973251,
    "iron-tail": 0
  },
  "teras": {
    "ghost": 2.3813652968353263,
    "steel": 9.912085498282126,
    "water": 10.997875783490539,
    "flying": 3.2151466904402626,
    "fairy": 32.23579389549669,
    "dragon": 0.089826454520679,
    "normal": 0.0000011886633881075248,
    "fighting": 0.10275845108103143,
    "ground": 0.01880704070279715,
    "poison": 0.000023545158250704024,
    "electric": 0.00006615948896160351,
    "dark": 0.04164374969725654,
    "psychic": 0.0001125182105468081,
    "bug": 0.0036359350455026918,
    "ice": 0.02151335496255158,
    "grass": 0.3060954565297552,
    "fire": 0.000009937673938364977
  },
  "spreads": [
    {
      "nature": "modest",
      "usage": "38.4",
      "evs": {
        "hp": 76,
        "atk": 0,
        "def": 0,
        "spa": 252,
        "spd": 0,
        "spe": 180
      }
    },
    {
      "nature": "bold",
      "usage": "14.2",
      "evs": {
        "hp": 252,
        "atk": 0,
        "def": 252,
        "spa": 0,
        "spd": 4,
        "spe": 0
      }
    },
    {
      "nature": "relaxed",
      "usage": "9.9",
      "evs": {
        "hp": 204,
        "atk": 0,
        "def": 252,
        "spa": 0,
        "spd": 52,
        "spe": 0
      }
    },
    {
      "nature": "modest",
      "usage": "8.4",
      "evs": {
        "hp": 72,
        "atk": 0,
        "def": 0,
        "spa": 252,
        "spd": 0,
        "spe": 184
      }
    },
    {
      "nature": "calm",
      "usage": "6.3",
      "evs": {
        "hp": 252,
        "atk": 0,
        "def": 0,
        "spa": 4,
        "spd": 252,
        "spe": 0
      }
    },
    {
      "nature": "modest",
      "usage": "4.0",
      "evs": {
        "hp": 60,
        "atk": 0,
        "def": 0,
        "spa": 252,
        "spd": 196,
        "spe": 0
      }
    },
    {
      "nature": "quiet",
      "usage": "3.9",
      "evs": {
        "hp": 252,
        "atk": 4,
        "def": 0,
        "spa": 252,
        "spd": 0,
        "spe": 0
      }
    },
    {
      "nature": "modest",
      "usage": "3.3",
      "evs": {
        "hp": 248,
        "atk": 0,
        "def": 0,
        "spa": 252,
        "spd": 8,
        "spe": 0
      }
    },
    {
      "nature": "modest",
      "usage": "2.1",
      "evs": {
        "hp": 120,
        "atk": 0,
        "def": 0,
        "spa": 252,
        "spd": 0,
        "spe": 136
      }
    },
    {
      "nature": "sassy",
      "usage": "1.6",
      "evs": {
        "hp": 252,
        "atk": 4,
        "def": 0,
        "spa": 0,
        "spd": 252,
        "spe": 0
      }
    }
  ],
  "teammates": {
    "3": 0.000436783438645838,
    "6": 0.04317626921437634,
    "9": 0.09999300726572369,
    "25": 0.044610958314890814,
    "38": 0.10806221248611858,
    "45": 2.0340920947603536e-8,
    "53": 0.00004257516284789098,
    "57": 0.00018358519399436224,
    "59": 0.0000025180372027477915,
    "62": 0.09178622523095759,
    "73": 0.1794184868881037,
    "76": 0.6072389321464926,
    "80": 0.237583742142441,
    "82": 1.0711598275037204e-11,
    "85": 0.004426189584112394,
    "91": 0.054002224478987615,
    "94": 0.03183570490130355,
    "101": 0,
    "103": 0,
    "106": 0.01771388503955318,
    "110": 0.03988650898224677,
    "113": 0.06916565771667704,
    "123": 0.000053019775292650895,
    "128": 9.43689570931383e-16,
    "130": 0.02106153786902676,
    "132": 0.09706144546659479,
    "134": 0.01883402567671577,
    "135": 0.0007729149144759528,
    "143": 0.0036965602463428504,
    "144": 0,
    "151": 3.9702240444628747,
    "154": 2.520996189581126e-10,
    "157": 0.274055014135714,
    "160": 0.0773657913698001,
    "168": 0.00002742128683508316,
    "171": 1.1435297153639112e-14,
    "184": 0.01149567732418627,
    "186": 0.898683862627877,
    "195": 0.21634921699383125,
    "196": 0.000673872564696476,
    "197": 0.08297659764144832,
    "199": 14.834965964168179,
    "203": 0,
    "205": 0.28004798000159054,
    "210": 6.474997948924255e-8,
    "212": 0.5804443461415892,
    "217": 0.0000020242701586625778,
    "219": 0.00007564497125589487,
    "227": 12.773727870807356,
    "230": 0.5251740071626251,
    "232": 17.610582845682934,
    "233": 0.02118527920858093,
    "235": 1.0369739361637542e-7,
    "237": 7.533045409124917e-7,
    "242": 0.06393626510238626,
    "243": 1.5544232567776817e-12,
    "244": 0.0004803167163132116,
    "245": 0,
    "254": 0.5317484068092795,
    "260": 0.2763146238134122,
    "272": 0.0009021519920495158,
    "282": 8.77412299108477,
    "284": 6.512941868597188e-7,
    "286": 0.010597748085048042,
    "297": 0,