{
  "id": "373",
  "name": "Salamence",
  "format_id": "showdown_gen9uu-1760",
  "usage_metrics": {
    "raw": 8464,
    "base_weight": 208.59363085259437,
    "percent": 5.636278883931544
  },
  "items": {
    "lum-berry": 31.881143693811932,
    "assault-vest": 0.02051101161937041,
    "heavy-duty-boots": 97.67321983451858,
    "leftovers": 45.42007420193647,
    "choice-scarf": 28.9890193343935,
    "choice-band": 1.7150774920503862,
    "throat-spray": 0.000004014996344003929,
    "sitrus-berry": 0.03821410520156343,
    "focus-sash": 0.22174098190857106,
    "rocky-helmet": 0.08609540770473584,
    "life-orb": 1.3255725793506088,
    "expert-belt": 0.004246282439227644,
    "clear-amulet": 0.00016932662221114114,
    "shell-bell": 0.0012373325291391013,
    "flame-orb": 0.000043979100715574315,
    "silk-scarf": 2.6819657605869907e-11,
    "blunder-policy": 0.00011763106747353369,
    "choice-specs": 0.7171095451707918,
    "nothing": 0.000006525016095548786,
    "weakness-policy": 0.000017122042154482653,
    "salac-berry": 0.0007623296978659932,
    "draco-plate": 7.196204743209478e-11,
    "scope-lens": 0.3080526812867796,
    "dragon-fang": 0.014502901528534173,
    "fairy-feather": 1.6701397737017842e-7,
    "covert-cloak": 0.0003582171684320956,
    "rawst-berry": 8.693612496557535e-11,
    "wide-lens": 0.0008445563994967098,
    "eject-pack": 0.01889086734105172,
    "air-balloon": 1.2291026085797796e-7,
    "quick-claw": 0.0012552440396400577,
    "persim-berry": 0.03926584159838736,
    "white-herb": 0.000015251249785130927,
    "mirror-herb": 0.11602802358738501,
    "loaded-dice": 0,
    "muscle-band": 4.8276438402439226e-11,
    "aguav-berry": 0.000034247059359615584
  },
  "abilities": {
    "moxie": 78.71084822343082,
    "intimidate": 129.88278262916356
  },
  "moves": {
    "earthquake": 182.24200006130746,
    "dual-wingbeat": 47.64358111605662,
    "dragon-dance": 140.88127163500567,
    "roost": 86.43324453556704,
    "dragon-rush": 4.555311937086259,
    "dragon-claw": 10.029546789749027,
    "temper-flare": 35.42110620946063,
    "zen-headbutt": 0.040723508429142574,
    "outrage": 107.04557035568915,
    "substitute": 0.07690523595674853,
    "iron-head": 35.52567198869151,
    "psychic-fangs": 0.1371642797328178,
    "stone-edge": 0.1929933166121045,
    "fire-fang": 1.8498109442839548,
    "draco-meteor": 22.445415413343483,
    "hurricane": 35.90092687367215,
    "double-edge": 0.15550455288514087,
    "roar": 0.0000025526294254452075,
    "dragon-pulse": 0.03520109196355947,
    "air-slash": 0.4444653699979702,
    "flamethrower": 51.222293257821434,
    "protect": 0.0012409105509368912,
    "hydro-pump": 2.056820459642099,
    "crunch": 0.24951377538103547,
    "dragon-tail": 14.429284448527087,
    "tailwind": 0.004274709176262326,
    "tera-blast": 51.605219873894605,
    "fire-blast": 2.1507098793516253,
    "iron-defense": 0.06695063992402167,
    "facade": 0.4878584799644004,
    "rock-slide": 0.04081602315151239,
    "heat-wave": 0.0007013380351091336,
    "giga-impact": 0.030450154340826208,
    "shadow-claw": 0.0003458445228206597,
    "fly": 0.004441556211815245,
    "focus-energy": 0.3080526812867796,
    "rock-tomb": 1.914617789311457e-7,
    "hyper-voice": 0.0000014623669185587218,
    "brick-break": 0.5160515106345858,
    "fire-spin": 0.0000014623669185587218,
    "aerial-ace": 0.000023091839273292614,
    "": 3.2505718589037613e-7,
    "body-slam": 0.1418121582566385,
    "breaking-swipe": 1.3594337716638094e-7,
    "dragon-breath": 0,
    "sunny-day": 0,
    "thrash": 0.00001747537867413662,
    "thunder-fang": 0.0012237971706954287,
    "headbutt": 0,
    "rest": 0
  },
  "teras": {
    "steel": 58.49686663255421,
    "fire": 66.11594914989843,
    "flying": 1.404437322278908,
    "fairy": 48.76874435070379,
    "ground": 4.801876658311544,
    "dragon": 23.0429474018321,
    "ghost": 0.000004274672588733264,
    "water": 0.6554247150960537,
    "rock": 0.15389374766654373,
    "poison": 0.010855526230711732,
    "normal": 0.5198719197159973,
    "ice": 7.062323462703191e-7,
    "electric": 4.610420278864154,
    "dark": 0.01233816823208922,
    "psychic": 3.0513519488906127e-10
  },
  "spreads": [
    {
      "nature": "Jolly",
      "usage": "25.2",
      "evs": {
        "hp": 0,
        "atk": 252,
        "def": 0,
        "spa": 0,
        "spd": 4,
        "spe": 252
      }
    },
    {
      "nature": "Jolly",
      "usage": "19.1",
      "evs": {
        "hp": 80,
        "atk": 252,
        "def": 0,
        "spa": 0,
        "spd": 0,
        "spe": 176
      }
    },
    {
      "nature": "Impish",
      "usage": "18.6",
      "evs": {
        "hp": 252,
        "atk": 4,
        "def": 252,
        "spa": 0,
        "spd": 0,
        "spe": 0
      }
    },
    {
      "nature": "Lonely",
      "usage": "6.7",
      "evs": {
        "hp": 0,
        "atk": 252,
        "def": 0,
        "spa": 4,
        "spd": 0,
        "spe": 252
      }
    },
    {
      "nature": "Relaxed",
      "usage": "6.6",
      "evs": {
        "hp": 252,
        "atk": 0,
        "def": 252,
        "spa": 0,
        "spd": 0,
        "spe": 4
      }
    },
    {
      "nature": "Modest",
      "usage": "6.1",
      "evs": {
        "hp": 44,
        "atk": 0,
        "def": 52,
        "spa": 216,
        "spd": 0,
        "spe": 196
      }
    },
    {
      "nature": "Jolly",
      "usage": "2.3",
      "evs": {
        "hp": 0,
        "atk": 252,
        "def": 4,
        "spa": 0,
        "spd": 0,
        "spe": 252
      }
    },
    {
      "nature": "Impish",
      "usage": "2.1",
      "evs": {
        "hp": 252,
        "atk": 0,
        "def": 244,
        "spa": 0,
        "spd": 0,
        "spe": 12
      }
    },
    {
      "nature": "Adamant",
      "usage": "1.8",
      "evs": {
        "hp": 0,
        "atk": 252,
        "def": 0,
        "spa": 0,
        "spd": 4,
        "spe": 252
      }
    },
    {
      "nature": "Timid",
      "usage": "1.2",
      "evs": {
        "hp": 0,
        "atk": 0,
        "def": 0,
        "spa": 252,
        "spd": 4,
        "spe": 252
      }
    }
  ],
  "teammates": {
    "3": 0.0017765258672612916,
    "6": 0.00019152245405723578,
    "8": 5.656125567909953e-11,
    "9": 1.3994954023303867,
    "24": 0,
    "26": 8.326672684688674e-16,
    "35": 0.001005584702433393,
    "38": 0.00008062920002260832,
    "45": 0,
    "57": 0.037382175461056266,
    "59": 0.000622371349550177,
    "73": 0.005883601447934539,
    "76": 0.006407729532592499,
    "80": 0.0015082804635342395,
    "82": 0,
    "89": 0,
    "91": 0.19351652839054445,
    "93": 0.000027177530508792902,
    "94": 0.7803949988655092,
    "101": 0,
    "103": 0.0008678800043808166,
    "106": 0.00018165753098953186,
    "107": 0,
    "110": 0,
    "113": 0.0004749901817255875,
    "123": 0.0038882158064833527,
    "125": 0,
    "128": 0.0033075627947182773,
    "130": 0.8695393984015201,
    "131": 0.000011353050110241014,
    "132": 13.085683461037586,
    "134": 0.021597080519502765,
    "135": 0.09729762140085796,
    "136": 0.000002775635615237526,
    "143": 0.000001975340364446243,
    "144": 0,
    "148": 1.2376755176291e-10,
    "151": 1.2372171231918743,
    "157": 0.0003244900780192128,
    "160": 0.29530046781988045,
    "168": 0,
    "182": 0,
    "184": 5.883946309173189,
    "186": 2.342670710144124,
    "189": 3.3441582836246653e-12,
    "195": 0.7312661218027574,
    "196": 0.07684631879104786,
    "197": 0.10993985557112557,
    "199": 14.847190025598039,
    "205": 0.47806507267766135,
    "207": 5.551115123125783e-17,
    "210": 0,
    "211": 0.000005937943658718137,
    "212": 29.67269018306947,
    "214": 0.5854528763350864,
    "217": 0.002133572617559254,
    "227": 1.3816814992657012,
    "229": 0,
    "230": 0.000044083125115834676,
    "232": 83.4860795575611,
    "233": 0.011129972599535187,
    "235": 5.551115123125783e-17,
    "237": 0.002167545538116822,