{
  "id": "534",
  "name": "Conkeldurr",
  "format_id": "showdown_gen9uu-1760",
  "usage_metrics": {
    "raw": 16676,
    "base_weight": 565.7679124697353,
    "percent": 11.104747952320704
  },
  "roles": [
    {
      "role": "role_sweeper_physical",
      "label": "Physical Sweeper",
      "category": "OFF"
    }
  ],
  "items": {
    "flame-orb": 252.87545759970956,
    "punching-glove": 0.21590883275371353,
    "life-orb": 0.6324033491420713,
    "assault-vest": 213.18491232350615,
    "leftovers": 82.3396591357395,
    "toxic-orb": 0.0011154879798807582,
    "heavy-duty-boots": 2.970385261516402,
    "blunder-policy": 0.09922512960745372,
    "black-belt": 0.8132932224987949,
    "choice-band": 12.625619672901168,
    "fist-plate": 0,
    "flame-plate": 1.6925414958457452e-9,
    "rocky-helmet": 9.317778881801075e-9,
    "focus-sash": 0,
    "quick-claw": 1.1693341545049307e-7,
    "nothing": 3.441212552690587e-7,
    "expert-belt": 0.000564595799212253,
    "air-balloon": 0,
    "big-root": 0.004223548264897403,
    "white-herb": 0,
    "chesto-berry": 0.002252803405948023,
    "lum-berry": 0.002890711055717421,
    "choice-scarf": 0,
    "clear-amulet": 3.2378981562608544e-7
  },
  "abilities": {
    "guts": 412.1392844442075,
    "iron-fist": 151.87427148888688,
    "sheer-force": 1.7543565366408518
  },
  "moves": {
    "drain-punch": 528.7051784128635,
    "facade": 197.4361080207553,
    "knock-off": 451.8147187321523,
    "mach-punch": 562.8922987290343,
    "ice-punch": 133.9399440165783,
    "earthquake": 152.37342287532252,
    "defog": 9.849225064081036,
    "thunder-punch": 105.02974233450523,
    "bulk-up": 81.54405738410672,
    "stone-edge": 0.5177888886072057,
    "protect": 0.8141987800266219,
    "fire-punch": 0.6320514445060438,
    "poison-jab": 0.9419832094641113,
    "close-combat": 32.530552067257844,
    "dynamic-punch": 0.10144720193335072,
    "stomping-tantrum": 0.08636854957086337,
    "focus-punch": 0.841443803463936,
    "rock-slide": 0.50322544117603,
    "brick-break": 0.008109933191656149,
    "low-kick": 0.010647547548322311,
    "upper-hand": 0.024802267748095852,
    "taunt": 0.0034181558647154997,
    "": 0.000738497277151029,
    "sunny-day": 5.823468540722132e-9,
    "rest": 0.0022528221998612263,
    "sleep-talk": 0.0022528092294165636,
    "superpower": 0.0008328638755321638,
    "curse": 0.0023810376911563846,
    "double-edge": 0.00009044010823594517,
    "fling": 0.18798271569446046,
    "grass-knot": 0.00002439558332761882,
    "hammer-arm": 0.08370222567819646,
    "body-slam": 0.003999749989071544,
    "focus-energy": 0.00032085188739222614,
    "giga-impact": 8.74400551964527e-12,
    "detect": 0.004218674246860177,
    "tera-blast": 0.00020192925706463694,
    "substitute": 0.7598334344085091,
    "high-horsepower": 0.32785290352679675,
    "slam": 0.000004842485581524336,
    "counter": 0.00012568616352715,
    "hard-press": 1.0940984516841437,
    "rock-tomb": 5.753748608672282e-7,
    "rock-blast": 3.058664432842306e-14,
    "low-sweep": 0.0000021069925293937253,
    "bulldoze": 0,
    "thief": 0,
    "rain-dance": 0
  },
  "teras": {
    "normal": 176.6225140122639,
    "steel": 149.58571033692368,
    "ground": 19.803633248100315,
    "fighting": 34.46224036843825,
    "electric": 72.23170832559876,
    "rock": 0.13725869381454792,
    "dark": 48.94482576586658,
    "water": 0.28892763727650606,
    "fire": 4.060190086962117,
    "ice": 2.3023416034183426,
    "fairy": 46.15804676102833,
    "ghost": 6.915779382515162,
    "flying": 3.9912698575997054,
    "psychic": 6.867668296273166e-7,
    "poison": 0.24998685067845483,
    "bug": 0.00009511798572509056,
    "stellar": 0.004499964332726203,
    "dragon": 0.008883770166516869,
    "grass": 0
  },
  "spreads": [
    {
      "nature": "adamant",
      "usage": "26.0",
      "evs": {
        "hp": 0,
        "atk": 252,
        "def": 4,
        "spa": 0,
        "spd": 0,
        "spe": 252
      }
    },
    {
      "nature": "adamant",
      "usage": "8.6",
      "evs": {
        "hp": 0,
        "atk": 252,
        "def": 0,
        "spa": 0,
        "spd": 216,
        "spe": 40
      }
    },
    {
      "nature": "adamant",
      "usage": "8.1",
      "evs": {
        "hp": 248,
        "atk": 16,
        "def": 0,
        "spa": 0,
        "spd": 228,
        "spe": 16
      }
    },
    {
      "nature": "adamant",
      "usage": "7.3",
      "evs": {
        "hp": 252,
        "atk": 252,
        "def": 0,
        "spa": 0,
        "spd": 4,
        "spe": 0
      }
    },
    {
      "nature": "adamant",
      "usage": "6.9",
      "evs": {
        "hp": 0,
        "atk": 220,
        "def": 0,
        "spa": 0,
        "spd": 244,
        "spe": 44
      }
    },
    {
      "nature": "adamant",
      "usage": "5.0",
      "evs": {
        "hp": 236,
        "atk": 252,
        "def": 20,
        "spa": 0,
        "spd": 0,
        "spe": 0
      }
    },
    {
      "nature": "adamant",
      "usage": "4.4",
      "evs": {
        "hp": 40,
        "atk": 252,
        "def": 0,
        "spa": 0,
        "spd": 0,
        "spe": 216
      }
    },
    {
      "nature": "careful",
      "usage": "3.0",
      "evs": {
        "hp": 248,
        "atk": 0,
        "def": 8,
        "spa": 0,
        "spd": 252,
        "spe": 0
      }
    },
    {
      "nature": "adamant",
      "usage": "2.8",
      "evs": {
        "hp": 252,
        "atk": 252,
        "def": 4,
        "spa": 0,
        "spd": 0,
        "spe": 0
      }
    },
    {
      "nature": "careful",
      "usage": "2.8",
      "evs": {
        "hp": 248,
        "atk": 8,
        "def": 0,
        "spa": 0,
        "spd": 252,
        "spe": 0
      }
    }
  ],
  "teammates": {
    "3": 26.662541118808612,
    "6": 0.008485415511166994,
    "9": 13.940566465604531,
    "24": 0,
    "25": 0.000002739222537573305,
    "26": 0,
    "28": 0,
    "35": 0.003237656282715329,
    "38": 0.011047643347063485,
    "45": 0.03407893747806945,
    "51": 0,
    "53": 0.0011292831146785254,
    "57": 0.0000981548880871208,
    "59": 3.0132563111351374e-12,
    "62": 0.004811876987145525,
    "73": 1.3792747614174994,
    "76": 0.00616539861454013,
    "80": 0.03216396185670395,
    "85": 0.0003028020770912132,
    "91": 0.06432833156104267,
    "94": 2.437472175363765,
    "97": 1.5744999970479512e-7,
    "101": 0,
    "103": 0.0051949431578041105,
    "106": 0.00009592757673343444,
    "107": 0.0016862230236285303,
    "110": 0.0008322033130253037,
    "112": 0.01307542254354993,
    "113": 0.07894210306139887,
    "123": 0.9431773887814452,
    "128": 0.000007771744532758529,
    "130": 1.7137347353229073,
    "131": 0,
    "132": 1.2168785845633048,
    "134": 0.08613194982621392,
    "135": 1.1919135856583898,
    "136": 0,
    "143": 0.1042752871267334,
    "151": 25.544767773931934,
    "157": 7.701833165674188e-8,
    "160": 0.00007648433537082999,
    "164": 0.000003691747475498275,
    "171": 3.746730820042288e-8,
    "184": 44.468751086262394,
    "186": 0.11261383501661348,
    "188": 0,
    "192": 0.023484502307537236,
    "195": 0.0003264749599998229,
    "196": 0.28871660653795994,
    "197": 0.04673465481120698,
    "199": 142.3802537824165,
    "200": 9.836448322531055e-11,
    "205": 1.0501502200150288,
    "207": 0.028680122188152135,
    "211": 0.000014894993330571982,
    "212": 12.650657388226684,
    "214": 1.0772815584036977e-7,
    "217": 1.26914120204934,
    "219": 0.003215814208751444,
    "221": 0,
    "227": 20.542354717698554,
    "229": 2.5064078590375516e-10,
    "230": 0.05877630268906281,
    "232": 61.50912346795085,
    "233": 2.5562519567369244,
    "235": 0,
    "242": 0.02548464789732041,
    "243": 0.014111737180782735,
    "244": 0.0025520515038686686,
    "245": 0.014911748455454121,
    "254": 0.0000019759296390198244,
    "260": 0.40596750601938786,
    "272": 0.0008322033130253037,
    "280": 0,
    "282": 13.007198106918823,