{
  "id": "959",
  "name": "Tinkaton",
  "format_id": "showdown_gen9uu-1760",
  "usage_metrics": {
    "raw": 15184,
    "base_weight": 1122.3003193894042,
    "percent": 10.11120729839515
  },
  "items": {
    "leftovers": 571.6631437443999,
    "iron-plate": 0.0005684466308702452,
    "assault-vest": 0.9269504572705258,
    "air-balloon": 322.45910062587944,
    "rocky-helmet": 51.443962570047404,
    "heavy-duty-boots": 71.0112985600648,
    "life-orb": 47.944555941017676,
    "choice-band": 0.2531072536522651,
    "sitrus-berry": 31.428227290027074,
    "eject-button": 22.87332690028146,
    "focus-sash": 1.1927391806342753,
    "shuca-berry": 0.07680932262473433,
    "nothing": 0.26564917821602246,
    "light-clay": 0.014675841415652924,
    "chesto-berry": 0.00038556177967136174,
    "metal-coat": 0.6066061361352462,
    "enigma-berry": 0,
    "electric-seed": 0.036835736159189614,
    "expert-belt": 0.03973806180050049,
    "weakness-policy": 0.01674679883777741,
    "choice-scarf": 0.00968595520289911,
    "clear-amulet": 0,
    "choice-specs": 0.003895686560628553,
    "rawst-berry": 6.2315586579764215e-9,
    "fairy-feather": 0,
    "salac-berry": 0.0004053869622411832,
    "aguav-berry": 8.099963877405969e-8,
    "lum-berry": 0.004171317559819421,
    "red-card": 0.015392313484586861,
    "mental-herb": 0,
    "figy-berry": 0,
    "muscle-band": 0.011514234324838557,
    "shell-bell": 0,
    "toxic-orb": 0,
    "wide-lens": 0.0008264160475530691,
    "quick-claw": 1.6653345369377348e-16,
    "throat-spray": 3.8515471478817176e-7,
    "covert-cloak": 0,
    "grip-claw": 0,
    "rowap-berry": 0
  },
  "abilities": {
    "pickpocket": 709.2463691303477,
    "mold-breaker": 412.19022066328364,
    "own-tempo": 0.8637295957727495
  },
  "moves": {
    "stealth-rock": 638.648072162779,
    "gigaton-hammer": 1113.0364183750028,
    "knock-off": 800.8383646351037,
    "encore": 908.5320198973446,
    "play-rough": 236.24623839629047,
    "thunder-wave": 501.29996510413173,
    "swords-dance": 187.2441862922655,
    "protect": 19.84440276177392,
    "fake-out": 2.704630959458073,
    "substitute": 0.20213473489429212,
    "ice-hammer": 13.294649499442027,
    "rest": 1.9581367867417803,
    "brick-break": 25.14700650024214,
    "draining-kiss": 0.04390938882764006,
    "stone-edge": 0.42088186511274644,
    "foul-play": 0.7896234347979466,
    "flash-cannon": 0.000001224835377289235,
    "light-screen": 0.022232896382667067,
    "metronome": 1.2445590485965496e-7,
    "reflect": 0.020853902172283445,
    "endeavor": 1.1444650156840854,
    "tera-blast": 4.351761612508341,
    "rock-slide": 0.215615729681508,
    "steel-beam": 0.0000011551084311833826,
    "skill-swap": 0.7721693112235085,
    "bulldoze": 32.33031012610318,
    "slam": 3.359213218701029e-8,
    "metal-claw": 0,
    "helping-hand": 0,
    "fairy-wind": 6.497877474420655e-7,
    "facade": 0.025275561681125103,
    "baby-doll-eyes": 0,
    "skitter-smack": 0.06794419254711159,
    "brutal-swing": 0.000004842485581524336,
    "sleep-talk": 0,
    "hard-press": 0,
    "fling": 0,
    "heavy-slam": 0,
    "metal-sound": 3.8515471478817176e-7
  },
  "teras": {
    "ghost": 494.3674809412648,
    "water": 353.8120300665538,
    "flying": 184.2948249945159,
    "steel": 20.770396970482736,
    "fairy": 39.9558693738496,
    "ice": 8.932579202681335,
    "fire": 12.802348514634312,
    "poison": 3.8657589519266846,
    "ground": 0.07512000332102536,
    "fighting": 0.002396673413986472,
    "dark": 1.0911381180955118,
    "dragon": 1.0829228332699337,
    "psychic": 0.011226650487921264,
    "grass": 0.0279855432376635,
    "rock": 0.00297078662459227,
    "stellar": 1.1814121383960177,
    "normal": 0.023498838606874906,
    "electric": 0.0003587880408200683
  },
  "spreads": [
    {
      "nature": "Careful",
      "usage": "30.9",
      "evs": {
        "hp": 248,
        "atk": 0,
        "def": 184,
        "spa": 0,
        "spd": 76,
        "spe": 0
      }
    },
    {
      "nature": "Jolly",
      "usage": "15.0",
      "evs": {
        "hp": 200,
        "atk": 0,
        "def": 112,
        "spa": 0,
        "spd": 92,
        "spe": 104
      }
    },
    {
      "nature": "Careful",
      "usage": "14.1",
      "evs": {
        "hp": 252,
        "atk": 16,
        "def": 40,
        "spa": 0,
        "spd": 196,
        "spe": 4
      }
    },
    {
      "nature": "Jolly",
      "usage": "5.7",
      "evs": {
        "hp": 0,
        "atk": 252,
        "def": 0,
        "spa": 0,
        "spd": 4,
        "spe": 252
      }
    },
    {
      "nature": "Careful",
      "usage": "2.9",
      "evs": {
        "hp": 252,
        "atk": 0,
        "def": 0,
        "spa": 0,
        "spd": 252,
        "spe": 4
      }
    },
    {
      "nature": "Adamant",
      "usage": "2.2",
      "evs": {
        "hp": 252,
        "atk": 252,
        "def": 0,
        "spa": 0,
        "spd": 4,
        "spe": 0
      }
    },
    {
      "nature": "Adamant",
      "usage": "2.1",
      "evs": {
        "hp": 252,
        "atk": 252,
        "def": 0,
        "spa": 0,
        "spd": 0,
        "spe": 4
      }
    },
    {
      "nature": "Careful",
      "usage": "2.0",
      "evs": {
        "hp": 240,
        "atk": 0,
        "def": 0,
        "spa": 0,
        "spd": 200,
        "spe": 68
      }
    },
    {
      "nature": "Jolly",
      "usage": "1.9",
      "evs": {
        "hp": 88,
        "atk": 252,
        "def": 0,
        "spa": 0,
        "spd": 0,
        "spe": 168
      }
    },
    {
      "nature": "Careful",
      "usage": "1.5",
      "evs": {
        "hp": 252,
        "atk": 56,
        "def": 40,
        "spa": 0,
        "spd": 160,
        "spe": 0
      }
    }
  ],
  "teammates": {
    "3": 0.592313810446689,
    "6": 2.056256510341835,
    "9": 13.247267412572564,
    "25": 7.172040739078511e-14,
    "26": 0.000017887902285407264,
    "28": 0.00004107091159477605,
    "38": 5.387030706567041,
    "45": 0,
    "49": 0,
    "51": 0,
    "55": 0.02867744486243201,
    "57": 1.2373130042764302e-7,
    "59": 0,
    "62": 0.12800455854603232,
    "73": 0.27128793404145185,
    "80": 8.885631267536427,
    "82": 0.09723765495369602,
    "91": 0.12948809049795074,
    "94": 17.86389596437477,
    "103": 0.04612942817010346,
    "106": 1.7208456881689926e-15,
    "107": 2.059130643772278e-12,
    "110": 0.0008323819571737223,
    "113": 0.004364923606691606,
    "123": 0.9261395591492814,
    "125": 1.244559038049431e-7,
    "128": 0,
    "129": 0,
    "130": 4.2967903285098155,
    "131": 0,
    "132": 0.3386592316869568,
    "134": 12.714545381185136,
    "135": 0.809566185649619,
    "143": 0,
    "151": 1.0598139153258452,
    "160": 0.014518101658747784,
    "171": 0.0017684358935788902,
    "181": 0.0000013341901555774527,
    "184": 10.150613485940353,
    "186": 2.2253300323804166,
    "195": 0.8148169535626351,
    "196": 2.107456666081001,
    "197": 0.1441668073551588,
    "198": 0,
    "199": 236.68748584195694,
    "205": 0.014477936633917943,
    "207": 5.126375457257867,
    "210": 0.025782395174676176,
    "212": 15.71365422746543,
    "214": 0.9784898781625058,
    "217": 0.0000020242701586625778,
    "227": 326.93919212461856,
    "229": 0.0808861197508502,
    "230": 0.1448469603451289,
    "232": 83.34322194417344,
    "233": 0.34236635457639647,
    "235": 0.00008500453340798408,
    "237": 0.005585443722048888,
    "242": 13.070696480021493,
    "243": 0.05957313847638651,
    "244": 0.012753076788173001,
    "245": 12.020926880665147,
    "254": 0,
    "260": 7.704365989704128,
    "272": 0.0008322033130253037,
    "275": 0.18094069859661033,
    "282": 6.9568303635155,
    "284": 3.8515471478817176e-7,
    "286": 1.229573462885734,
    "289": 0.0005136931884607843,
    "297": 1.3535434465226388,
    "298": 0,
    "302": 0.1619630625640232,
    "308": 0.32584064787543127,
    "317": 0.00030789633205063893,
    "323": 0.2213105336193295,