{
  "id": "966",
  "name": "Revavroom",
  "format_id": "showdown_gen9uu-1760",
  "usage_metrics": {
    "raw": 8079,
    "base_weight": 422.985497594822,
    "percent": 5.379902776852901
  },
  "roles": [
    {
      "role": "role_sweeper_physical",
      "label": "Physical Sweeper",
      "category": "OFF"
    }
  ],
  "items": {
    "air-balloon": 410.82885178509207,
    "life-orb": 9.107370586661174,
    "heavy-duty-boots": 0.2833482320318774,
    "leftovers": 1.1148955017146436,
    "covert-cloak": 0.03522130720573957,
    "choice-scarf": 0.000028363788310392657,
    "focus-sash": 0.0536506560718254,
    "shuca-berry": 0.025965566529850492,
    "iron-plate": 0,
    "nothing": 0,
    "weakness-policy": 0.20898371372460234,
    "lum-berry": 0.28589136236290236,
    "rocky-helmet": 0.6356457593910885,
    "expert-belt": 0.006779325892556032,
    "assault-vest": 0.008617120836239056,
    "black-sludge": 0.20716610091406268,
    "toxic-plate": 0.000026516999421799525,
    "power-herb": 0,
    "salac-berry": 0,
    "choice-band": 0.00008737180399176481,
    "blunder-policy": 0.013094111254334406,
    "wide-lens": 0.00003223469311230964,
    "grassy-seed": 0.012847834178284334,
    "chesto-berry": 0.015113119085096771,
    "occa-berry": 0,
    "sitrus-berry": 0,
    "choice-specs": 0,
    "eject-pack": 0.003177826908754733,
    "metal-coat": 0.028575324129583413,
    "muscle-band": 0.11012787355202824
  },
  "abilities": {
    "overcoat": 10.961673023454177,
    "filter": 412.0238245713678
  },
  "moves": {
    "shift-gear": 422.0876110843414,
    "gunk-shot": 418.523141190231,
    "temper-flare": 402.8580932834843,
    "high-horsepower": 418.10995247429634,
    "toxic": 0.23250453842414742,
    "iron-head": 23.047842374031383,
    "poison-jab": 4.197835635950009,
    "body-slam": 0.00008758428528615747,
    "toxic-spikes": 0.8838479417491805,
    "haze": 7.689291536827625e-9,
    "double-edge": 0.006469722274882739,
    "parting-shot": 0.35309946394555947,
    "poison-gas": 0,
    "curse": 0.000039632321428229034,
    "spin-out": 0.9566813935384761,
    "tera-blast": 0.016796898447855868,
    "flash-cannon": 0.00007190027830339396,
    "heavy-slam": 0.0011482618457592242,
    "overheat": 0.00007190027830339396,
    "rest": 0.009451025575114402,
    "zen-headbutt": 0.0112155355242618,
    "iron-defense": 5.526190616222948e-12,
    "steel-beam": 0,
    "taunt": 0.6136237966884226,
    "endeavor": 0.000028363788310392657,
    "substitute": 0.000019271553633959382,
    "sludge-wave": 0.00007211275964325026,
    "lash-out": 0.00435449928350129,
    "self-destruct": 0.000005792566789397657,
    "magnet-rise": 0.000007722187506498113,
    "sludge-bomb": 0,
    "protect": 0.005662093510211352,
    "facade": 0.00008737180394630117,
    "sleep-talk": 0.00008737180394630117,
    "lick": 0,
    "thief": 0.000013414501376485255,
    "venoshock": 0,
    "gyro-ball": 0.022066718048380507,
    "acid-spray": 2.2743759653387485e-9
  },
  "teras": {
    "fire": 355.50079650003397,
    "steel": 9.806059689154392,
    "ghost": 0.2029133344021521,
    "flying": 2.279248620081405,
    "ground": 50.144523743997425,
    "water": 0.6052612882739314,
    "poison": 0.49817985675385096,
    "dragon": 0.004181628274011584,
    "psychic": 0.008617556623578104,
    "normal": 0,
    "ice": 0.000007722187506498113,
    "grass": 3.897923585526378,
    "dark": 0.01309411584025949,
    "bug": 0.023984800369857895,
    "stellar": 0,
    "rock": 0.0000016970155150008992,
    "fighting": 0.0007034562878227013
  },
  "spreads": [
    {
      "nature": "adamant",
      "usage": "65.1",
      "evs": {
        "hp": 0,
        "atk": 252,
        "def": 4,
        "spa": 0,
        "spd": 0,
        "spe": 252
      }
    },
    {
      "nature": "adamant",
      "usage": "33.6",
      "evs": {
        "hp": 0,
        "atk": 252,
        "def": 0,
        "spa": 0,
        "spd": 4,
        "spe": 252
      }
    },
    {
      "nature": "jolly",
      "usage": "0.3",
      "evs": {
        "hp": 0,
        "atk": 252,
        "def": 0,
        "spa": 0,
        "spd": 4,
        "spe": 252
      }
    },
    {
      "nature": "adamant",
      "usage": "0.2",
      "evs": {
        "hp": 4,
        "atk": 252,
        "def": 0,
        "spa": 0,
        "spd": 0,
        "spe": 252
      }
    },
    {
      "nature": "adamant",
      "usage": "0.2",
      "evs": {
        "hp": 92,
        "atk": 252,
        "def": 0,
        "spa": 0,
        "spd": 0,
        "spe": 164
      }
    },
    {
      "nature": "hardy",
      "usage": "0.1",
      "evs": {
        "hp": 252,
        "atk": 0,
        "def": 252,
        "spa": 0,
        "spd": 4,
        "spe": 0
      }
    },
    {
      "nature": "jolly",
      "usage": "0.1",
      "evs": {
        "hp": 0,
        "atk": 252,
        "def": 4,
        "spa": 0,
        "spd": 0,
        "spe": 252
      }
    },
    {
      "nature": "adamant",
      "usage": "0.1",
      "evs": {
        "hp": 64,
        "atk": 252,
        "def": 0,
        "spa": 0,
        "spd": 0,
        "spe": 192
      }
    },
    {
      "nature": "adamant",
      "usage": "0.0",
      "evs": {
        "hp": 0,
        "atk": 0,
        "def": 252,
        "spa": 0,
        "spd": 252,
        "spe": 4
      }
    },
    {
      "nature": "adamant",
      "usage": "0.0",
      "evs": {
        "hp": 252,
        "atk": 0,
        "def": 252,
        "spa": 0,
        "spd": 0,
        "spe": 4
      }
    }
  ],
  "teammates": {
    "3": 0,
    "6": 0,
    "9": 10.536042861554357,
    "35": 0.0002157923529475525,
    "38": 1.0439603587096302,
    "45": 0.19972736739122332,
    "53": 0.000009000136009296167,
    "59": 1.2176822083706116,
    "73": 0.20399941736839478,
    "76": 0.22009806607973437,
    "80": 0,
    "91": 0.4151138821961516,
    "94": 0.01132041091526148,
    "106": 0.01771041279561586,
    "107": 0.023200244330225828,
    "113": 0.034746408347897495,
    "123": 0.010828787730109757,
    "128": 0,
    "130": 3.1394603383855744,
    "131": 6.103761940323693e-11,
    "132": 0,
    "135": 0.07926028239538724,
    "143": 0,
    "144": 0.00006700066601650345,
    "151": 87.081778941588,
    "160": 11.382514388551229,
    "171": 0,
    "184": 64.19600171885914,
    "186": 0.2032547035145364,
    "189": 0,
    "195": 0.009054521141273308,
    "196": 0.11137677679067481,
    "197": 0.02546665297299694,
    "199": 0.6660483022102519,
    "205": 0.3648323222298548,
    "211": 0,
    "212": 13.96570740371697,
    "214": 7.663869538987456e-12,
    "217": 0.008615689251206815,
    "219": 0.01300098040625286,
    "227": 0.45034075145778574,
    "229": 0,
    "230": 2.6457757047560717,
    "232": 23.953443802213073,
    "237": 2.646455749544252e-7,
    "242": 0.02798289998032133,
    "243": 0.000014669461901595238,
    "244": 0.06814447323298789,
    "260": 0.0022139293291930096,
    "282": 0.00025294593984415137,
    "286": 0.00113319143227808,
    "297": 0.000019279415655049092,
    "302": 0,
    "323": 0.7744630414178666,
    "324": 0.71722262221752,
    "330": 7.165595117264445e-9,
    "332": 0.7751171090774085,
    "335": 0,
    "336": 0,
    "340": 0,
    "342": 0.000743953968777078,
    "350": 0.00033521272333103536,
    "356": 0,
    "373": 2.058185213251077,
    "376": 21.10360028916406,
    "378": 0.10745076614260901,
    "379": 0,
    "381": 29.56490494175934,
    "385": 0.890352006481633,
    "389": 0.000047089244893272486,
    "392": 0.04583480365331333,
    "395": 3.9661971317794653,
    "398": 0.23475036688268247,
    "402": 0.000007281534812664248,
    "405": 0.00008607225055656809,
    "409": 0.000011207348236896841,
    "411": 0.000026516999421799525,
    "419": 0,
    "423": 0.02227436554781448,
    "424": 0.000001343832131239786,
    "426": 0.013692993420404753,
    "429": 0.00016640839723319756,
    "430": 0.00017540853324249372,
    "437": 0,
    "447": 0,
    "448": 0,
    "450": 0.3351787768665852,
    "454": 0,