{
  "id": "10104",
  "name": "Ninetales alolan",
  "format_id": "showdown_gen9bssregi-1630",
  "usage_metrics": {
    "raw": 478,
    "base_weight": 9.029055509734182,
    "percent": 0.8492946235030737
  },
  "roles": [
    {
      "role": "role_sweeper_special",
      "label": "Special Sweeper",
      "category": "OFF"
    },
    {
      "role": "role_weather",
      "label": "Weather Setter",
      "category": "SUP"
    },
    {
      "role": "role_disruptor",
      "label": "Disruptor",
      "category": "SUP"
    }
  ],
  "items": {
    "choice-specs": 1.2111306676854274,
    "eject-button": 0.00673456190672711,
    "light-clay": 4.155493049829613,
    "sitrus-berry": 7.782978150849829e-10,
    "mental-herb": 0.039498308060794296,
    "focus-sash": 0.3677618226731045,
    "leftovers": 0,
    "rocky-helmet": 0.1085663753785932,
    "bright-powder": 0.003013229878984114,
    "icy-rock": 1.3583813671221299,
    "ability-shield": 0,
    "blunder-policy": 0.08383092534078246,
    "choice-scarf": 0.04680577637039879,
    "salac-berry": 1.3170489396079856,
    "nothing": 0.3307780415030462,
    "heavy-duty-boots": 0.000012443598304101577
  },
  "abilities": {
    "snow-warning": 8.849908563179198,
    "snow-cloak": 0.1791469465549838
  },
  "moves": {
    "dark-pulse": 0.9020996702800578,
    "moonblast": 7.595594617682125,
    "freeze-dry": 4.074281840760613,
    "blizzard": 4.918191238490014,
    "aurora-veil": 7.792477582319452,
    "tera-blast": 0.360348232285472,
    "encore": 6.0740844505505995,
    "baton-pass": 0.046203629360258014,
    "calm-mind": 0.0394979528311884,
    "chilling-water": 0.049951295588431255,
    "icy-wind": 1.135104227111954,
    "protect": 0.3677618226731045,
    "psyshock": 0.0031402742614759505,
    "ice-shard": 0.015315455435236214,
    "disable": 1.1675172024883418,
    "pain-split": 1.0455304535922276,
    "draining-kiss": 0,
    "dazzling-gleam": 0.04995129475504079,
    "hypnosis": 0,
    "misty-terrain": 0.000010728262574533076,
    "helping-hand": 0,
    "roar": 0,
    "snowscape": 0,
    "ice-beam": 0.09522818656082926,
    "charm": 0.0006483855580040054,
    "": 0.30723358569668296,
    "substitute": 0.011704434853479495,
    "agility": 0,
    "avalanche": 0.0643330339412741,
    "zen-headbutt": 0,
    "nasty-plot": 0.000012443598304101577
  },
  "teras": {
    "ice": 1.9352150755871795,
    "ground": 0.45577085062845524,
    "fire": 1.2899177331093234,
    "fairy": 0.6703784623551989,
    "ghost": 0.31105840538391855,
    "water": 1.9828333474737403,
    "psychic": 0.0031402742614759505,
    "dragon": 0.00003585348310708447,
    "steel": 1.4011143790710272,
    "normal": 0.9795911283807595,
    "dark": 0
  },
  "spreads": [
    {
      "nature": "timid",
      "usage": "14.7",
      "evs": {
        "hp": 0,
        "atk": 0,
        "def": 0,
        "spa": 252,
        "spd": 0,
        "spe": 252
      }
    },
    {
      "nature": "modest",
      "usage": "14.6",
      "evs": {
        "hp": 4,
        "atk": 0,
        "def": 0,
        "spa": 252,
        "spd": 0,
        "spe": 252
      }
    },
    {
      "nature": "timid",
      "usage": "13.2",
      "evs": {
        "hp": 252,
        "atk": 0,
        "def": 0,
        "spa": 4,
        "spd": 0,
        "spe": 252
      }
    },
    {
      "nature": "timid",
      "usage": "12.9",
      "evs": {
        "hp": 0,
        "atk": 0,
        "def": 4,
        "spa": 252,
        "spd": 0,
        "spe": 252
      }
    },
    {
      "nature": "timid",
      "usage": "11.6",
      "evs": {
        "hp": 244,
        "atk": 0,
        "def": 4,
        "spa": 4,
        "spd": 4,
        "spe": 252
      }
    },
    {
      "nature": "modest",
      "usage": "8.8",
      "evs": {
        "hp": 4,
        "atk": 0,
        "def": 252,
        "spa": 252,
        "spd": 0,
        "spe": 0
      }
    },
    {
      "nature": "timid",
      "usage": "4.6",
      "evs": {
        "hp": 248,
        "atk": 0,
        "def": 0,
        "spa": 8,
        "spd": 0,
        "spe": 252
      }
    },
    {
      "nature": "modest",
      "usage": "3.9",
      "evs": {
        "hp": 244,
        "atk": 0,
        "def": 12,
        "spa": 252,
        "spd": 0,
        "spe": 0
      }
    },
    {
      "nature": "timid",
      "usage": "3.8",
      "evs": {
        "hp": 4,
        "atk": 0,
        "def": 0,
        "spa": 252,
        "spd": 0,
        "spe": 252
      }
    },
    {
      "nature": "timid",
      "usage": "2.9",
      "evs": {
        "hp": 6,
        "atk": 0,
        "def": 0,
        "spa": 252,
        "spd": 0,
        "spe": 252
      }
    }
  ],
  "teammates": {
    "3": 0,
    "51": 0.005455867421282401,
    "59": 0,
    "82": 0,
    "113": 0.00001703382829709721,
    "131": 0.02663463530954746,
    "132": 0.9633717196075724,
    "144": 0,
    "145": 0,
    "149": 0.11895041174320142,
    "182": 0,
    "184": 0.0010150076384625728,
    "186": 0.0010150076384625728,
    "198": 0,
    "212": 0.08383092534078246,
    "235": 1.160748113420176,
    "242": 0,
    "248": 0.2922596332140997,
    "250": 0.8031948531042141,
    "257": 0.005651521970389761,
    "260": 0.0020028219630652266,
    "279": 0,
    "286": 0,
    "356": 0.04826262190165859,
    "373": 0.009044114627470234,
    "376": 0.008492550977562074,
    "382": 0.300752184885323,
    "383": 8.035851983834164e-10,
    "384": 0.000012443598304101577,
    "395": 0,
    "417": 0.09931715312846973,
    "423": 0.0014960046330520504,
    "445": 3.654804237029907e-10,
    "448": 0,
    "471": 0.1515029264903462,
    "472": 0.09525766398743046,
    "473": 0.03437117687803598,
    "478": 1.2570477083768334,
    "485": 0.0067351302791201495,
    "486": 3.2818081585617165e-10,
    "542": 0.5058922247939636,
    "547": 1.1625381422691452,
    "573": 0.1233295448282114,
    "576": 0.0010150076384625728,
    "591": 0.2922596332140997,
    "594": 0.08928679276206486,
    "637": 0,
    "641": 0.03637399884110121,
    "645": 0,
    "663": 0,
    "666": 0.00001420694974318959,
    "678": 0,
    "707": 0.5394437970161102,
    "713": 0.0005310275740872394,
    "715": 0,
    "727": 0.4970787624322756,
    "730": 0.13968922046136434,
    "748": 0.0032953431315037585,
    "752": 5.68372393039418e-7,
    "758": 0,
    "778": 0.2345556115747202,
    "792": 0.3626557798202635,
    "812": 0.16814067109574043,
    "847": 0,
    "855": 0,
    "861": 1.3761435407397213,
    "873": 0.10079895081177859,
    "875": 0.4196433178718223,
    "876": 0.01618776112017839,
    "879": 0,
    "887": 0.09783584745371565,
    "890": 0.09522818656082926,
    "901": 0.690026489223275,
    "903": 0.906878415840476,
    "908": 3.297312423100607e-11,
    "911": 0.5972200895982382,
    "925": 0.2096927022577405,
    "930": 0.022516387066689625,
    "934": 0.04588832211960725,
    "937": 0,
    "941": 0,
    "956": 1.258214240014192,
    "966": 0,
    "967": 0,
    "970": 1.2087386180325117,
    "975": 0,
    "977": 0.04592591502491222,
    "980": 0.022516387066689625,
    "983": 1.1777409055757304,
    "984": 0.4940720980773771,
    "987": 0.09723100852389449,
    "991": 1.2179293563168414,
    "992": 0.7931732351028339,
    "998": 0.458517617691707,
    "1000": 1.5632896212505982,
    "1002": 0.07875992609071958,
    "1003": 2.5195310040984085,
    "1004": 0.11114148213892533,
    "1006": 0.07442878020555482,
    "1007": 1.2359013177411862,
    "1008": 0.4860133426956703,
    "1018": 0.03988930745834729,
    "1021": 0.20738821211554448,
    "1024": 1.1446418274992947,
    "10021": 0.5896051338008115,
    "10022": 2.99841489287645,
    "10023": 0.041986596361911266,
    "10102": 0,
    "10123": 0,
    "10155": 0.008376673462405726,
    "10156": 0.023794715089542284,
    "10167": 0,
    "10172": 0,
    "10186": 0.011704434853479495,
    "10188": 0.0005318090311433044,
    "10189": 0,
    "10191": 1.1460962769174265,
    "10193": 1.6511012705257684,
    "10194": 1.3657537409265215,
    "10230": 0.01618776112017839,