{
  "id": "991",
  "name": "Iron Bundle",
  "format_id": "showdown_gen9bssregi-1630",
  "usage_metrics": {
    "raw": 872,
    "base_weight": 78.74627114093083,
    "percent": 1.549340819444938
  },
  "roles": [
    {
      "role": "role_sweeper_special",
      "label": "Special Sweeper",
      "category": "OFF"
    },
    {
      "role": "role_pivot",
      "label": "Pivot",
      "category": "DEF"
    },
    {
      "role": "role_disruptor",
      "label": "Disruptor",
      "category": "SUP"
    }
  ],
  "items": {
    "choice-specs": 4.26084427955037,
    "booster-energy": 42.83943146066737,
    "focus-sash": 11.801738324225857,
    "heavy-duty-boots": 0.20556303518487612,
    "life-orb": 1.112376354623041,
    "choice-scarf": 16.433697673837493,
    "leftovers": 0.8638881842550341,
    "light-clay": 0.9795911283807595,
    "jaboca-berry": 0.2491407002060772
  },
  "abilities": {
    "quark-drive": 78.74627114093083
  },
  "moves": {
    "hydro-pump": 77.27664044342367,
    "ice-beam": 30.335364901536874,
    "freeze-dry": 78.41992935992039,
    "flip-turn": 23.56954469265377,
    "protect": 0.29388462363476664,
    "icy-wind": 0.08463194242471822,
    "encore": 56.26659624678793,
    "u-turn": 0.04803930838487097,
    "tera-blast": 3.800360976507128,
    "substitute": 41.697407533365805,
    "chilling-water": 0.8914832701424502,
    "taunt": 0.25122149038947506,
    "blizzard": 0.2671878749120619,
    "present": 0.031552854173034106,
    "rain-dance": 0.1646977419034123,
    "thief": 0.004740753213254678,
    "aurora-veil": 0.9803189052229677,
    "water-pulse": 0.5734066741514319,
    "electric-terrain": 0.028074970975381253
  },
  "teras": {
    "ice": 68.75116986901045,
    "water": 1.0748222562353953,
    "electric": 0.016486454211836865,
    "ghost": 5.779168407868735,
    "steel": 0.026239434882246393,
    "ground": 1.1448337241083086,
    "normal": 1.0163745760452076,
    "fairy": 0.00002234479341228779,
    "stellar": 0.9141120634224927,
    "grass": 0.022961625985459644,
    "fire": 0.0000027367344923590053,
    "fighting": 0.00007764763278650388
  },
  "spreads": [
    {
      "nature": "timid",
      "usage": "51.8",
      "evs": {
        "hp": 0,
        "atk": 0,
        "def": 4,
        "spa": 252,
        "spd": 0,
        "spe": 252
      }
    },
    {
      "nature": "timid",
      "usage": "28.0",
      "evs": {
        "hp": 0,
        "atk": 0,
        "def": 0,
        "spa": 252,
        "spd": 4,
        "spe": 252
      }
    },
    {
      "nature": "timid",
      "usage": "16.3",
      "evs": {
        "hp": 4,
        "atk": 0,
        "def": 0,
        "spa": 252,
        "spd": 0,
        "spe": 252
      }
    },
    {
      "nature": "timid",
      "usage": "1.3",
      "evs": {
        "hp": 0,
        "atk": 0,
        "def": 0,
        "spa": 252,
        "spd": 0,
        "spe": 252
      }
    },
    {
      "nature": "timid",
      "usage": "1.1",
      "evs": {
        "hp": 44,
        "atk": 0,
        "def": 0,
        "spa": 252,
        "spd": 0,
        "spe": 212
      }
    },
    {
      "nature": "timid",
      "usage": "1.0",
      "evs": {
        "hp": 220,
        "atk": 0,
        "def": 0,
        "spa": 252,
        "spd": 0,
        "spe": 36
      }
    },
    {
      "nature": "timid",
      "usage": "0.3",
      "evs": {
        "hp": 6,
        "atk": 0,
        "def": 0,
        "spa": 252,
        "spd": 0,
        "spe": 252
      }
    },
    {
      "nature": "timid",
      "usage": "0.1",
      "evs": {
        "hp": 12,
        "atk": 0,
        "def": 4,
        "spa": 172,
        "spd": 68,
        "spe": 252
      }
    },
    {
      "nature": "naive",
      "usage": "0.0",
      "evs": {
        "hp": 0,
        "atk": 4,
        "def": 0,
        "spa": 252,
        "spd": 0,
        "spe": 252
      }
    },
    {
      "nature": "modest",
      "usage": "0.0",
      "evs": {
        "hp": 0,
        "atk": 0,
        "def": 4,
        "spa": 252,
        "spd": 0,
        "spe": 252
      }
    }
  ],
  "teammates": {
    "35": 0,
    "36": 0.7959217720571773,
    "59": 0,
    "91": 0.000001305700372877805,
    "106": 0.05575319236517684,
    "113": 0.000008820051058455736,
    "123": 0.031552854173034106,
    "132": 0.06005224326307668,
    "149": 1.3958896647209675,
    "197": 0.1332319468913542,
    "212": 23.168468512553453,
    "230": 0.004740753213254678,
    "233": 0.04551616852016577,
    "235": 0.15995698869015762,
    "245": 0,
    "248": 1.1496242828614718,
    "249": 0.1981876004862428,
    "250": 14.324570348266876,
    "279": 0.004740753213254678,
    "282": 0,
    "382": 28.286677132338326,
    "384": 21.88376027193762,
    "398": 0.000003114410381810373,
    "426": 0.000003114410381810373,
    "445": 0.000018035456510856473,
    "462": 0.07543095189518306,
    "471": 0.12575669165537723,
    "472": 0.000008820051058455736,
    "473": 0,
    "478": 0.9048753634814106,
    "483": 0.031552854173034106,
    "485": 0.0005842180408613395,
    "497": 0,
    "534": 0.02412804259683088,
    "542": 2.7856443281058665,
    "547": 16.342671280417132,
    "573": 0,
    "576": 0,
    "579": 1.5700998123868715e-7,
    "591": 0,
    "596": 0,
    "620": 0.0049504384389253975,
    "625": 0,
    "635": 0.6044133688604957,
    "644": 0.30406371440103613,
    "645": 0.5734066741514319,
    "663": 0,
    "701": 0,
    "727": 0.12586529830296334,
    "748": 13.24775265914858,
    "752": 0.0008983371647112159,
    "778": 1.8627587173562867,
    "779": 0.031552854173034106,
    "792": 20.932204254802816,
    "815": 0.004743289544347273,
    "823": 0.6011352910554564,
    "842": 0.07543095189518306,
    "858": 0.15995698869015762,
    "861": 0.6768985449567764,
    "887": 0,
    "890": 0.02678714260362458,
    "892": 0.6044180404713256,
    "901": 2.7856443281058665,
    "902": 16.2519810967133,
    "903": 0.027577667297907504,
    "908": 0,
    "911": 10.35103572353128,
    "925": 0,
    "934": 21.94731340432427,
    "936": 0,
    "959": 0,
    "964": 1.1745419652068885,
    "968": 7.314536309976916e-9,
    "970": 3.5815661001630437,
    "973": 0.10228270301176118,
    "977": 10.628182373930073,
    "979": 0.498837157859285,
    "980": 0.0016261140069194213,
    "981": 0,
    "983": 0.5218045277602479,
    "987": 16.704399548879344,
    "990": 0.04552493548387976,
    "992": 0,
    "994": 0,
    "1002": 1.3800811588953124,
    "1003": 36.19147613826294,
    "1004": 0,
    "1005": 0.004977905572693231,
    "1006": 1.1448921779140933,
    "1007": 18.706369817102274,
    "1008": 31.107496843411685,
    "1009": 0.004740753213254678,
    "1010": 0.002346380622401001,
    "1017": 0.0007277768422082054,
    "1018": 0.9564573453627212,
    "1020": 0,
    "1021": 0.1981914046282719,
    "1022": 0.000008648265876043393,
    "1023": 0.000008648265876043393,
    "1024": 0.000001305700372877805,
    "10007": 0.000003114410381810373,
    "10019": 0.00000432121208626679,
    "10021": 1.8234733173688555,
    "10022": 0.1872973011800534,
    "10104": 1.2179293563168414,
    "10113": 10.218719342175831,
    "10186": 0.02757528585929525,
    "10188": 4.153843496673035,
    "10191": 14.119027189448783,
    "10193": 1.1905892008369268,
    "10194": 4.48961556991393,
    "10234": 0.8230814771777968,
    "10272": 0.8680583633598298,
    "10275": 0.02757528585929525
  }
}