{
  "id": "10002",
  "name": "Deoxys defense",
  "format_id": "showdown_gen9almostanyability-1500",
  "usage_metrics": {
    "raw": 2872,
    "base_weight": 1620.9051928115418,
    "percent": 2.908648977111606
  },
  "roles": [
    {
      "role": "role_disruptor",
      "label": "Disruptor",
      "category": "SUP"
    },
    {
      "role": "role_wall_special",
      "label": "Special Wall",
      "category": "DEF"
    },
    {
      "role": "role_speed_control",
      "label": "Speed Control",
      "category": "SUP"
    }
  ],
  "items": {
    "leftovers": 626.5580469259684,
    "damp-rock": 129.09593323607518,
    "rocky-helmet": 169.97702417014762,
    "clear-amulet": 2.900497669665801,
    "weakness-policy": 20.855571196497202,
    "heavy-duty-boots": 101.49731469386336,
    "light-clay": 301.77436826406995,
    "covert-cloak": 2.860233733364451,
    "iron-ball": 13.784246389423968,
    "sitrus-berry": 2.2747790322132784,
    "colbur-berry": 41.65176927934205,
    "heat-rock": 60.51528011261294,
    "eject-button": 10.075902944910393,
    "power-herb": 0.9606564473804529,
    "terrain-extender": 28.8444701998288,
    "shell-bell": 1.1466024491786766,
    "kee-berry": 6.353106690703969,
    "assault-vest": 2.3712773314943307,
    "bright-powder": 0.44133617649016277,
    "smooth-rock": 2.602648254692374,
    "chesto-berry": 1.8304761875187296,
    "room-service": 1.0756300657101052,
    "light-ball": 0.7050158410365956,
    "lagging-tail": 3.084756822703964,
    "nothing": 9.800440148602581,
    "mind-plate": 1.1710465316817915,
    "life-orb": 2.0222182967275923,
    "mental-herb": 38.791305698019514,
    "ability-shield": 0.9128776320692358,
    "choice-scarf": 2.6585815212657713,
    "red-card": 3.8394535969094097,
    "mirror-herb": 0.32486764988348055,
    "air-balloon": 0.04525795231432017,
    "starf-berry": 27.714585568942994,
    "grassy-seed": 0.2095366246050709,
    "lum-berry": 0.178077475627561
  },
  "abilities": {
    "stamina": 91.07957196597705,
    "magic-guard": 19.367004563404834,
    "drizzle": 130.76128085257002,
    "fluffy": 137.25353871942502,
    "pressure": 6.658030828287163,
    "prankster": 296.7205242260533,
    "intimidate": 6.7669647503481585,
    "regenerator": 150.63805653003652,
    "no-guard": 8.880536942829377,
    "unaware": 425.4956690935286,
    "hadron-engine": 16.715085959960728,
    "vessel-of-ruin": 14.494994917048045,
    "truant": 15.639042269329542,
    "filter": 12.128584645158341,
    "levitate": 1.288180943099662,
    "compound-eyes": 1.3079400676662045,
    "drought": 56.208578727149735,
    "harvest": 27.714649127620362,
    "shell-armor": 8.064378138859077,
    "purifying-salt": 27.25118687085452,
    "psychic-surge": 8.411008749672988,
    "shed-skin": 0.24671533719152472,
    "thick-fat": 0.34996333467218865,
    "chilling-neigh": 0.17337671541252075,
    "multiscale": 1.508443247574782,
    "grassy-surge": 7.617595401932928,
    "sturdy": 1.2386897116715003,
    "aroma-veil": 3.9940189658924363,
    "rough-skin": 13.099047758687513,
    "rattled": 3.9534542083947875,
    "delta-stream": 0.3636076283698608,
    "wandering-spirit": 4.242468902265663,
    "power-spot": 0.3718771984604321,
    "disguise": 3.0205319853610604,
    "sand-veil": 0.14930998158613568,
    "prism-armor": 2.7466024522353405,
    "electric-surge": 3.7908756832587986,
    "sand-stream": 2.602648254692374,
    "iron-barbs": 14.150558529186643,
    "tablets-of-ruin": 1.9564574426070078,
    "clear-body": 0.2698711440671711,
    "analytic": 0.044263907138962166,
    "shadow-shield": 20.919084284295465,
    "competitive": 0.5999587585171348,
    "soundproof": 1.1826739219694604,
    "sticky-hold": 0.42995413230509477,
    "dauntless-shield": 1.0410941874050135,
    "oblivious": 2.925772341978087,
    "embodyaspect-wellspring": 0.8245168394760429,
    "anger-shell": 6.3200414827820275,
    "water-absorb": 10.720207753125422,
    "trace": 18.736809877856317,
    "sap-sipper": 0.6560386872784976,
    "flame-body": 4.436233370344486,
    "opportunist": 0.32486764988348055,
    "white-smoke": 0.6227017518529401,
    "screen-cleaner": 4.914585980514523,
    "protean": 0.2448454566340389,
    "natural-cure": 0.3818164802801965,
    "wonder-skin": 0.396928346868358,
    "grass-pelt": 0.10334439020925518,
    "steam-engine": 15.822104640207765,
    "suction-cups": 0.0333544517997692,
    "misty-surge": 0.5330713464205015
  },
  "moves": {
    "ice-beam": 53.00902283072571,
    "thunderbolt": 33.21135860543115,
    "stored-power": 549.5734501048615,
    "flash-cannon": 9.171385940517244,
    "stealth-rock": 284.90813753770544,
    "thunder-wave": 190.02354660208118,
    "knock-off": 378.67908415037573,
    "recover": 967.3430262555679,
    "spikes": 88.99646135707803,
    "teleport": 795.696686467372,
    "taunt": 427.50799042050556,
    "protect": 118.35400415510541,
    "cosmic-power": 406.5985208690773,
    "meteor-beam": 247.148936560377,
    "night-shade": 392.2452479770967,
    "drain-punch": 48.58256774782031,
    "psychic-noise": 29.76493031062035,
    "agility": 3.883267474521878,
    "dark-pulse": 3.5803025763351974,
    "extreme-speed": 17.018333733939247,
    "reflect": 311.0480996570186,
    "light-screen": 315.79037537404565,
    "focus-blast": 36.87285134929079,
    "calm-mind": 112.56518344840721,
    "nasty-plot": 53.89931624809133,
    "rain-dance": 1.6702667508178508,
    "shadow-ball": 3.5733528921182685,
    "future-sight": 24.439853650527684,
    "psychic": 7.322663230414381,
    "": 0.20727889525765586,
    "charge-beam": 15.814982669979695,
    "psycho-boost": 40.59904716252081,
    "zap-cannon": 9.280336676173622,
    "skill-swap": 15.639042269329542,
    "trick": 32.54535613548409,
    "fling": 13.784246389423968,
    "iron-defense": 8.799541838861572,
    "superpower": 1.3092304792254545,
    "rock-slide": 1.288180943099662,
    "trick-room": 171.91826581298767,
    "amnesia": 2.7113215356720053,
    "rest": 11.75067389909275,
    "substitute": 44.60859834002139,
    "mirror-coat": 17.376117368373166,
    "counter": 14.862241767991677,
    "ice-punch": 1.3170347541858451,
    "gravity": 23.71462411410213,
    "wrap": 0.8100270415245487,
    "zen-headbutt": 1.8841658911495722,
    "low-kick": 0.6047042869615324,
    "pain-split": 118.95243155460551,
    "thunder": 0.3718771984604321,
    "icy-wind": 1.0318539936174886,
    "psychic-terrain": 1.081527864222315,
    "brick-break": 0.3734778234821385,
    "expanding-force": 6.048935656875139,
    "sleep-talk": 0.39734417766302615,
    "energy-ball": 1.3211109995192318,
    "sunny-day": 4.85509853126737,
    "solar-beam": 2.9719019969758786,
    "fire-punch": 0.378782569296697,
    "poison-jab": 2.220209854578239,
    "scary-face": 0.2936406416495224,
    "tera-blast": 0.019335834692117193
  },
  "teras": {
    "nothing": 1620.9051928115432
  },
  "spreads": [
    {
      "nature": "calm",
      "usage": "16.8",
      "evs": {
        "hp": 252,
        "atk": 0,
        "def": 0,
        "spa": 4,
        "spd": 252,
        "spe": 0
      }
    },
    {
      "nature": "bold",
      "usage": "8.8",
      "evs": {
        "hp": 252,
        "atk": 0,
        "def": 24,
        "spa": 0,
        "spd": 0,
        "spe": 232
      }
    },
    {
      "nature": "calm",
      "usage": "6.8",
      "evs": {
        "hp": 248,
        "atk": 0,
        "def": 0,
        "spa": 0,
        "spd": 252,
        "spe": 8
      }
    },
    {
      "nature": "bold",
      "usage": "6.3",
      "evs": {
        "hp": 252,
        "atk": 0,
        "def": 252,
        "spa": 0,
        "spd": 4,
        "spe": 0
      }
    },
    {
      "nature": "bold",
      "usage": "3.3",
      "evs": {
        "hp": 248,
        "atk": 0,
        "def": 252,
        "spa": 0,
        "spd": 8,
        "spe": 0
      }
    },
    {
      "nature": "careful",
      "usage": "3.2",
      "evs": {
        "hp": 4,
        "atk": 0,
        "def": 252,
        "spa": 0,