{
  "id": "1003",
  "name": "Ting Lu",
  "format_id": "showdown_gen9almostanyability-1500",
  "usage_metrics": {
    "raw": 7506,
    "base_weight": 4890.34303716095,
    "percent": 7.6017824589831875
  },
  "roles": [
    {
      "role": "role_wall_special",
      "label": "Special Wall",
      "category": "DEF"
    },
    {
      "role": "role_disruptor",
      "label": "Disruptor",
      "category": "SUP"
    },
    {
      "role": "role_speed_control",
      "label": "Speed Control",
      "category": "SUP"
    }
  ],
  "items": {
    "leftovers": 1535.3076448350782,
    "rocky-helmet": 447.8523827425676,
    "choice-band": 147.35529358727038,
    "heavy-duty-boots": 202.765004541671,
    "assault-vest": 1848.868900067588,
    "red-card": 96.81505499913898,
    "chesto-berry": 6.534077348133572,
    "covert-cloak": 389.64215864423284,
    "custap-berry": 16.63847846370753,
    "smooth-rock": 1.8394545497458916,
    "weakness-policy": 104.12172567602678,
    "flame-orb": 0.781127137486478,
    "air-balloon": 1.599199141395726,
    "damp-rock": 2.987527760971876,
    "sitrus-berry": 13.993343915670865,
    "iapapa-berry": 0.7819280124678303,
    "life-orb": 9.054215682726197,
    "toxic-orb": 0.726939656146487,
    "focus-sash": 7.588678012447394,
    "heat-rock": 0.6578701086565407,
    "chople-berry": 1.138672302292163,
    "eject-button": 14.486938329988831,
    "rindo-berry": 0.00537119614727527,
    "nothing": 0.47183128803883817,
    "expert-belt": 0.311264202220379,
    "bright-powder": 6.0260535494852645,
    "soft-sand": 0.4181030550925303,
    "terrain-extender": 2.2633580490782887,
    "earth-plate": 25.446027644459228,
    "mental-herb": 3.853492304120408,
    "shell-bell": 0.010920356889286442
  },
  "abilities": {
    "vessel-of-ruin": 56.38100984396482,
    "magic-guard": 47.75623815365526,
    "thick-fat": 2.146868517056089,
    "stamina": 90.26273593918235,
    "fluffy": 324.7161077842577,
    "regenerator": 3375.6985969077587,
    "tough-claws": 86.2191732705625,
    "intimidate": 18.909481539529697,
    "dry-skin": 26.202986446478363,
    "analytic": 38.34987445894433,
    "shadow-shield": 1.3459202571850561,
    "prankster": 155.96392310283326,
    "water-absorb": 116.14296799830134,
    "prism-armor": 11.803594419030313,
    "tablets-of-ruin": 23.247050726629077,
    "harvest": 10.724482703926878,
    "wandering-spirit": 0.9999245931952745,
    "effect-spore": 0.30145757739664136,
    "water-compaction": 0.708639238704412,
    "multiscale": 4.584679292946733,
    "adaptability": 47.465432007165916,
    "flame-body": 59.007993740135475,
    "iron-barbs": 10.172005034814514,
    "sand-stream": 2.4291960697634583,
    "unaware": 181.6194783527594,
    "dauntless-shield": 21.123285048040536,
    "serene-grace": 0.1700247737168762,
    "sturdy": 1.5233859868707336,
    "natural-cure": 24.515485810296692,
    "guts": 0.781127137486478,
    "drizzle": 2.987527760971876,
    "tera-shell": 4.985594730998041,
    "surge-surfer": 2.8567714617908875,
    "defiant": 0.40673845655530677,
    "filter": 6.146532959350683,
    "embodyaspect-cornerstone": 1.1627746457708454,
    "mold-breaker": 1.8075865532501103,
    "rocky-payload": 2.011953277661449,
    "cheek-pouch": 4.765963523234734,
    "mummy": 2.896795072358803,
    "sap-sipper": 1.3198218096999161,
    "grassy-surge": 0.38736456271398045,
    "sticky-hold": 47.46185028261015,
    "misty-surge": 5.5472196595010965,
    "sheer-force": 1.0571125202899925,
    "sword-of-ruin": 11.216669007520334,
    "drought": 0.021837034949825473,
    "steam-engine": 0.20391044756369342,
    "early-bird": 4.999999101242581,
    "anger-point": 0.09324166117759669,
    "static": 2.7360891356861305,
    "purifying-salt": 0.4763939578558036,
    "supreme-overlord": 0.000055759086842632755,
    "rough-skin": 23.043941830244343,
    "solid-rock": 5.351924634077961,
    "heavy-metal": 0.8245168394760429,
    "hustle": 0.13168059588726844,
    "poison-touch": 1.569054231285383,
    "rain-dish": 0.10260585004390599,
    "turboblaze": 3.501724471846726,
    "aroma-veil": 0.6067816881534885,
    "psychic-surge": 2.2633580490782887,
    "chilling-neigh": 0.16020150791767357,
    "technician": 0.17755334200452577,
    "bulletproof": 0.9999309313314153,
    "no-guard": 0.19220899319111984,
    "oblivious": 2.3355133735144604,
    "galvanize": 0.8101481669041973,
    "tangled-feet": 0.3300189904627887,
    "beast-boost": 0.25839712038921014,
    "desolate-land": 0.8605464307134822
  },
  "moves": {
    "spikes": 3384.309105924363,
    "earthquake": 3540.5547485720444,
    "whirlwind": 2282.4606114002427,
    "ruination": 4019.348590581345,
    "body-press": 332.3578351515309,
    "stealth-rock": 1902.0127502281123,
    "payback": 1946.5815231417291,
    "heavy-slam": 347.9158695049769,
    "zen-headbutt": 119.43024613008299,
    "protect": 352.54318483101184,
    "memento": 22.485260108632055,
    "stone-edge": 392.64054150322437,
    "substitute": 6.526907447680765,
    "snarl": 0.6315275630189836,
    "taunt": 183.97659635853938,
    "scary-face": 0.43856025692229017,
    "rest": 93.98094652777077,
    "body-slam": 11.36946654721734,
    "stomping-tantrum": 15.232164092087803,
    "throat-chop": 320.79878917203564,
    "mud-slap": 2.0728393129127403,
    "rock-slide": 98.83062677498593,
    "bulldoze": 3.2276335284447972,
    "rock-tomb": 12.38532332148329,
    "lash-out": 91.73775124620076,
    "endure": 16.842388911271218,
    "sleep-talk": 7.463450918281406,
    "sand-tomb": 34.03753332902875,
    "facade": 1.6416735681999604,
    "mean-look": 4.0525211173393085,
    "earth-power": 8.25132421213613,
    "dark-pulse": 0.35903170094819,
    "spite": 0.9782234382635684,
    "giga-impact": 0.35871279848324,
    "double-edge": 0.43592330131427864,
    "sunny-day": 0.6360330737067152,
    "": 0.9999997871216716,
    "hyper-beam": 1.135914270645445,
    "thrash": 0.3300189904627887
  },
  "teras": {
    "nothing": 4890.34303716094
  },
  "spreads": [
    {
      "nature": "careful",
      "usage": "14.5",
      "evs": {
        "hp": 252,
        "atk": 0,
        "def": 4,
        "spa": 0,
        "spd": 252,
        "spe": 0
      }
    },
    {
      "nature": "sassy",
      "usage": "9.1",
      "evs": {
        "hp": 252,
        "atk": 0,
        "def": 4,
        "spa": 0,
        "spd": 252,
        "spe": 0
      }
    },
    {
      "nature": "impish",
      "usage": "8.6",
      "evs": {
        "hp": 252,
        "atk": 0,
        "def": 252,
        "spa": 0,
        "spd": 4,
        "spe": 0
      }
    },
    {
      "nature": "careful",
      "usage": "7.1",
      "evs": {
        "hp": 252,
        "atk": 0,
        "def": 0,
        "spa": 0,
        "spd": 252,
        "spe": 0
      }
    },
    {
      "nature": "sassy",
      "usage": "6.0",
      "evs": {
        "hp": 252,
        "atk": 4,
        "def": 0,
        "spa": 0,
        "spd": 252,
        "spe": 0
      }
    },
    {
      "nature": "adamant",
      "usage": "4.8",
      "evs": {
        "hp": 252,
        "atk": 252,
        "def": 0,
        "spa": 0,
        "spd": 4,
        "spe": 0
      }
    },
    {
      "nature": "careful",
      "usage": "4.2",
      "evs": {
        "hp": 252,
        "atk": 4,
        "def": 0,
        "spa": 0,
        "spd": 252,
        "spe": 0
      }
    },
    {
      "nature": "relaxed",
      "usage": "4.1",
      "evs": {
        "hp": 252,
        "atk": 4,
        "def": 252,
        "spa": 0,
        "spd": 0,
        "spe": 0
      }
    },
    {
      "nature": "bold",
      "usage": "3.8",
      "evs": {
        "hp": 252,
        "atk": 0,
        "def": 252,
        "spa": 0,
        "spd": 4,
        "spe": 0
      }
    },
    {
      "nature": "impish",
      "usage": "3.1",
      "evs": {
        "hp": 248,
        "atk": 0,
        "def": 16,
        "spa": 0,
        "spd": 244,
        "spe": 0
      }
    }
  ],
  "teammates": {
    "3": 23.194001402908544,