{
  "id": "914",
  "name": "Quaquaval",
  "format_id": "showdown_gen9almostanyability-1500",
  "usage_metrics": {
    "raw": 2349,
    "base_weight": 1140.304150388509,
    "percent": 2.3789750860846666
  },
  "roles": [
    {
      "role": "role_sweeper_physical",
      "label": "Physical Sweeper",
      "category": "OFF"
    },
    {
      "role": "role_setup",
      "label": "Setup Sweeper",
      "category": "OFF"
    },
    {
      "role": "role_pivot",
      "label": "Pivot",
      "category": "DEF"
    }
  ],
  "items": {
    "covert-cloak": 10.86645689130768,
    "protective-pads": 5.5824259701107595,
    "focus-sash": 115.87861229108809,
    "leftovers": 90.1412983562557,
    "life-orb": 355.03078768029496,
    "damp-rock": 16.743508144624425,
    "rocky-helmet": 49.26669716930715,
    "electric-seed": 0,
    "expert-belt": 2.525693630817253,
    "flame-orb": 23.508444018688408,
    "liechi-berry": 4.965894642448363,
    "choice-scarf": 12.28803132787362,
    "lum-berry": 10.947394199292793,
    "assault-vest": 37.52349733408878,
    "heavy-duty-boots": 241.94139018205618,
    "mystic-water": 57.97979878045638,
    "clear-amulet": 0.00005695574260000669,
    "choice-band": 66.62507682222005,
    "toxic-orb": 0.3389488438909112,
    "black-belt": 3.106173186883649,
    "splash-plate": 3.235598612448482,
    "salac-berry": 0.28658187688237047,
    "chesto-berry": 1.4593314544698393,
    "fist-plate": 1.7996535379285905,
    "scope-lens": 9.011062082187916,
    "metronome": 3.0050310706404995,
    "shell-bell": 0.0015939827385755834,
    "cell-battery": 0.020547110771419075,
    "weakness-policy": 0.795956196106534,
    "snowball": 4.199801195632394,
    "nothing": 0.0003559113166716754,
    "red-card": 0.3468155559070857,
    "muscle-band": 8.284164105156218,
    "air-balloon": 1.6334574557421047,
    "wide-lens": 0.9640138131321386
  },
  "abilities": {
    "adaptability": 165.35615853206096,
    "tough-claws": 5.164029418891001,
    "fluffy": 115.05475221498814,
    "magic-guard": 337.06495635130693,
    "drizzle": 30.736170388132443,
    "motor-drive": 2.7419978426272573,
    "chilling-neigh": 0.48615231092251726,
    "tinted-lens": 31.848148482956532,
    "guts": 24.995660067296093,
    "sap-sipper": 15.612562177524106,
    "reckless": 0.05699899098541161,
    "sword-of-ruin": 32.07742381348733,
    "minds-eye": 6.303953513901383,
    "air-lock": 0.04137495844199596,
    "dry-skin": 0.019147900713276544,
    "moxie": 2.968550880222137,
    "as-one-glastrier": 4.481544224611352,
    "scrappy": 51.87877186939147,
    "download": 0.39447267278794435,
    "technician": 3.815333868970601,
    "volt-absorb": 31.29682098721043,
    "intimidate": 44.58263752658034,
    "pixilate": 0.9609416321646744,
    "regenerator": 21.70223278257241,
    "primordial-sea": 40.9937500636905,
    "tablets-of-ruin": 34.364913954536924,
    "opportunist": 0.00004994663383184328,
    "sand-rush": 9.26481603936505,
    "multiscale": 3.287220423115415,
    "rock-head": 9.159705058717476,
    "guard-dog": 5.351594545655936,
    "surge-surfer": 5.244459127995284,
    "merciless": 0.8071125490767151,
    "battle-bond": 1.7203940086017053,
    "unseen-fist": 0.09529919595142722,
    "intrepid-sword": 0.9142585434974748,
    "trace": 4.790376428864818e-10,
    "poison-touch": 0.6156222859329193,
    "lightning-rod": 1.1644668654231634,
    "swift-swim": 30.255299773152757,
    "beast-boost": 2.102965510560196,
    "sturdy": 2.385584103947122,
    "sniper": 9.011062082187916,
    "unaware": 5.625616892587592,
    "aerilate": 0.8875392583428405,
    "weak-armor": 0.04825306279307595,
    "turboblaze": 1.4498325209646699,
    "supreme-overlord": 1.0217583527128962,
    "flame-body": 35.68317505356955,
    "mold-breaker": 3.330381288385255,
    "armor-tail": 0.22214928078753798,
    "shadow-shield": 0.004945389743433892,
    "anger-shell": 0.4678049946345693,
    "thick-fat": 0.0071184390575640966,
    "purifying-salt": 3.8989294574119557,
    "defiant": 0.08573992017349691,
    "torrent": 0.2300282999071892,
    "neuroforce": 0.8722435148797624,
    "teravolt": 0.08926717528977679
  },
  "moves": {
    "close-combat": 677.4186145531083,
    "aqua-jet": 331.56784268153626,
    "aqua-step": 556.1748567236419,
    "swords-dance": 313.23462485482867,
    "wave-crash": 400.8980086185026,
    "brave-bird": 169.6711012050773,
    "rapid-spin": 611.872547605633,
    "roost": 352.77772523811586,
    "rain-dance": 0.100871775839118,
    "aqua-cutter": 4.115320434427821,
    "chilling-water": 0.06088397000110324,
    "knock-off": 212.85252007131498,
    "u-turn": 185.80861390344,
    "liquidation": 15.693269514208973,
    "acrobatics": 2.3492481254402806,
    "triple-axel": 34.564203759675,
    "ice-spinner": 102.92854837615963,
    "icy-wind": 0.39822758604394976,
    "flip-turn": 181.59713423228956,
    "upper-hand": 1.5852675757707795,
    "bulk-up": 53.47953592323182,
    "low-kick": 237.94462232415958,
    "last-resort": 0.3718771984604321,
    "brick-break": 41.49735535141149,
    "protect": 1.72644084011983,
    "fling": 0.3389488438909112,
    "encore": 20.82745606115217,
    "detect": 0.09529919595142722,
    "taunt": 6.7840358914950984,
    "agility": 0.41010654461683077,
    "endure": 0.48685670515052576,
    "endeavor": 1.4593314544698393,
    "rest": 1.4593314544698393,
    "facade": 2.7902256299745116,
    "focus-energy": 9.011062082187916,
    "surf": 4,
    "air-slash": 1.0558355563994177,
    "reversal": 1.074071100896612,
    "counter": 1.1011941556030405,
    "tera-blast": 0.5890644337042423,
    "hurricane": 9.522260000816434,
    "work-up": 9.522260000816434,
    "": 0
  },
  "teras": {
    "nothing": 1140.3041503885067
  },
  "spreads": [
    {
      "nature": "jolly",
      "usage": "48.0",
      "evs": {
        "hp": 0,
        "atk": 252,
        "def": 0,
        "spa": 0,
        "spd": 4,
        "spe": 252
      }
    },
    {
      "nature": "adamant",
      "usage": "10.1",
      "evs": {
        "hp": 0,
        "atk": 252,
        "def": 4,
        "spa": 0,
        "spd": 0,
        "spe": 252
      }
    },
    {
      "nature": "relaxed",
      "usage": "8.7",
      "evs": {
        "hp": 252,
        "atk": 0,
        "def": 252,
        "spa": 0,
        "spd": 4,
        "spe": 0
      }
    },
    {
      "nature": "impish",
      "usage": "5.8",
      "evs": {
        "hp": 252,
        "atk": 0,
        "def": 252,
        "spa": 0,
        "spd": 4,
        "spe": 0
      }
    },
    {
      "nature": "adamant",
      "usage": "4.2",
      "evs": {
        "hp": 0,
        "atk": 252,
        "def": 0,
        "spa": 0,
        "spd": 4,
        "spe": 252
      }
    },
    {
      "nature": "impish",
      "usage": "2.4",
      "evs": {
        "hp": 252,
        "atk": 4,
        "def": 252,
        "spa": 0,
        "spd": 0,
        "spe": 0
      }
    },
    {
      "nature": "jolly",
      "usage": "1.8",
      "evs": {
        "hp": 4,
        "atk": 252,
        "def": 0,
        "spa": 0,
        "spd": 0,
        "spe": 252
      }
    },
    {
      "nature": "impish",
      "usage": "1.8",
      "evs": {
        "hp": 252,
        "atk": 0,
        "def": 252,
        "spa": 0,
        "spd": 0,
        "spe": 0
      }
    },
    {
      "nature": "careful",
      "usage": "1.4",
      "evs": {
        "hp": 252,
        "atk": 0,
        "def": 4,
        "spa": 0,
        "spd": 252,
        "spe": 0
      }
    },
    {
      "nature": "adamant",
      "usage": "1.2",
      "evs": {
        "hp": 252,
        "atk": 252,
        "def": 0,
        "spa": 0,
        "spd": 4,
        "spe": 0
      }
    }
  ],
  "teammates": {
    "3": 0.25769590701747436,
    "6": 0,
    "9": 3.5116722533096705,
    "24": 0.03824282625623032,
    "25": 0.78484821739949,
    "36": 20.884656499614614,
    "38": 0.0002002283427259277,
    "59": 1.5638449338495202,
    "71": 5.97222736555714,
    "73": 52.74848584524769,