{
  "id": "994",
  "name": "Iron Moth",
  "format_id": "showdown_gen9almostanyability-1500",
  "usage_metrics": {
    "raw": 17222,
    "base_weight": 9940.64852905557,
    "percent": 17.441766254810613
  },
  "roles": [
    {
      "role": "role_sweeper_special",
      "label": "Special Sweeper",
      "category": "OFF"
    },
    {
      "role": "role_pivot",
      "label": "Pivot",
      "category": "DEF"
    }
  ],
  "items": {
    "choice-scarf": 848.7143227819223,
    "life-orb": 2864.6023510790997,
    "choice-specs": 559.1572164443535,
    "terrain-extender": 49.248775959683854,
    "assault-vest": 140.57565255281045,
    "heavy-duty-boots": 4461.130654951217,
    "expert-belt": 208.73348229319856,
    "air-balloon": 143.6850459197767,
    "metronome": 0.00009662276871053033,
    "power-herb": 126.59256947395984,
    "focus-sash": 245.0822002130932,
    "throat-spray": 0.5774011610970465,
    "booster-energy": 9.01539574932335,
    "covert-cloak": 1.7390040653405323,
    "leftovers": 91.08032031479924,
    "heat-rock": 14.174473859476713,
    "black-sludge": 115.45784986703136,
    "bright-powder": 0.36917806839385164,
    "nothing": 2.5685377623643157,
    "ability-shield": 6.651395033521376,
    "weakness-policy": 13.183199280335117,
    "salac-berry": 4.750286230299514,
    "blunder-policy": 2.9341340392444444,
    "poison-barb": 0.018170753257658434,
    "absorb-bulb": 0.353469188963644,
    "eject-pack": 0.061960261634920744,
    "shuca-berry": 0.4597475094198728,
    "eject-button": 1.3724822068267706,
    "wide-lens": 1.0423582097199577,
    "charcoal": 13.86271446131495,
    "sitrus-berry": 1.082211948559555,
    "rocky-helmet": 1.5342462193426072,
    "loaded-dice": 0.17634743422544336,
    "flame-orb": 1.7687190935417318,
    "mirror-herb": 1.8353556933603492,
    "razor-claw": 0.6545492596741437,
    "wise-glasses": 5.5862976303312575,
    "shell-bell": 0.816355462279494
  },
  "abilities": {
    "dazzling": 0.6532481384675966,
    "hadron-engine": 1155.9954475493346,
    "sheer-force": 2366.9631953327903,
    "desolate-land": 4176.307403544684,
    "serene-grace": 286.50241407670205,
    "teravolt": 34.164228081450325,
    "storm-drain": 114.06933755986013,
    "earth-eater": 227.83930691183866,
    "beast-boost": 81.66353755615191,
    "tinted-lens": 81.0370971611471,
    "solar-power": 31.68495550263936,
    "mold-breaker": 131.55872574058134,
    "magic-guard": 349.6213659464085,
    "surge-surfer": 25.821373729416806,
    "chlorophyll": 98.8001317427171,
    "beads-of-ruin": 204.50615264274933,
    "supreme-overlord": 3.336027001649471,
    "merciless": 31.883567617516057,
    "neuroforce": 3.9079877220586647,
    "levitate": 121.03665715562444,
    "drought": 44.13181935355355,
    "protosynthesis": 13.466629168176718,
    "turboblaze": 65.70328630316754,
    "anger-shell": 15.800765955402422,
    "flash-fire": 2.5500779306903514,
    "adaptability": 69.7343355285289,
    "regenerator": 7.025869734334835,
    "no-guard": 0.45636331977253125,
    "vessel-of-ruin": 2.0600932041246756,
    "quark-drive": 9.599788415423845,
    "protean": 8.436203030796072,
    "sand-veil": 0.36917806839385164,
    "toxic-boost": 0.3718771984604321,
    "drizzle": 4.272951110589665,
    "grim-neigh": 3.9859679999256823,
    "ice-face": 2.509486282752068,
    "slush-rush": 0.629045893508962,
    "water-absorb": 14.774868801846504,
    "opportunist": 0.2882013798719911,
    "berserk": 0.09535964485836262,
    "compound-eyes": 8.267834909069514,
    "steam-engine": 0.8335669893868471,
    "soul-heart": 1.4029696707546873,
    "as-one-spectrier": 15.340842371542488,
    "motor-drive": 4.381064105262645,
    "poison-puppeteer": 0.7924817726521187,
    "purifying-salt": 41.804129230545975,
    "bulletproof": 24.999854034573882,
    "corrosion": 7.344362928305801,
    "refrigerate": 0.00013107835329650985,
    "delta-stream": 0.18433155198418316,
    "unaware": 0.8596628279376638,
    "mimicry": 2.607275423217472,
    "lightning-rod": 3.0198066913760067,
    "libero": 2.461633976590067,
    "download": 3.186584552603258,
    "multiscale": 0.03068318146519744,
    "battle-bond": 6.25070523501475,
    "psychic-surge": 0.3718771984604321,
    "intimidate": 0.6128943929446722,
    "rock-head": 0.17634743422544336,
    "competitive": 5.056587811558565,
    "tablets-of-ruin": 0.31513688007872964,
    "quick-feet": 1.7687190935417318,
    "rocky-payload": 0.3672601622704839,
    "volt-absorb": 1.2907242905021246,
    "air-lock": 3.6999600917139386,
    "sturdy": 3.8686355158274566,
    "dry-skin": 0.00254283212985551,
    "grassy-surge": 5.735593783709357
  },
  "moves": {
    "fiery-dance": 6813.3137802730735,
    "sludge-wave": 6745.140561869875,
    "energy-ball": 4270.494769152656,
    "u-turn": 2724.6183140516637,
    "substitute": 93.59579301642917,
    "flamethrower": 1559.6153079023427,
    "bug-buzz": 193.62140776035866,
    "dazzling-gleam": 1820.172871338497,
    "discharge": 5598.969066535606,
    "psychic": 521.6390015933836,
    "overheat": 385.726534703174,
    "solar-beam": 2296.177919965279,
    "agility": 1029.4315161089396,
    "fire-blast": 1322.2522761078026,
    "toxic-spikes": 632.0766972278616,
    "morning-sun": 2887.461849548557,
    "hurricane": 54.7793660727692,
    "fire-spin": 3.04176061644575,
    "air-slash": 216.36935593644543,
    "flash-cannon": 20.376611223639383,
    "heat-wave": 91.48411468957079,
    "protect": 31.15314794935024,
    "meteor-beam": 128.88600974937003,
    "toxic": 181.27251958526148,
    "venoshock": 42.06787329498568,
    "whirlwind": 10.339799911316542,
    "charge-beam": 2.5551785203775377,
    "acid-spray": 1.746722134260976,
    "": 3.11361904055674,
    "flame-charge": 39.89570928247655,
    "endure": 13.70000600893474,
    "sunny-day": 1.1110923888054014,
    "tera-blast": 0.28250746215716327,
    "acrobatics": 0.3145121594382234,
    "rest": 6.63579626196915,
    "sleep-talk": 6.63579626196915,
    "metal-sound": 2.222846403523153,
    "flare-blitz": 7.98425857468144,
    "lunge": 0.00009346103416252305,
    "light-screen": 0.3574471874393563,
    "electric-terrain": 1.960304889870305
  },
  "teras": {
    "nothing": 9940.648529055587
  },
  "spreads": [
    {
      "nature": "timid",
      "usage": "66.7",
      "evs": {
        "hp": 0,
        "atk": 0,
        "def": 0,
        "spa": 252,
        "spd": 4,
        "spe": 252
      }
    },
    {
      "nature": "modest",
      "usage": "12.6",
      "evs": {
        "hp": 0,
        "atk": 0,
        "def": 0,
        "spa": 252,
        "spd": 4,
        "spe": 252
      }
    },
    {
      "nature": "timid",
      "usage": "3.6",
      "evs": {
        "hp": 4,
        "atk": 0,
        "def": 0,
        "spa": 252,
        "spd": 0,
        "spe": 252
      }
    },
    {
      "nature": "timid",
      "usage": "2.1",
      "evs": {
        "hp": 176,
        "atk": 0,
        "def": 0,
        "spa": 80,
        "spd": 0,
        "spe": 252
      }
    },
    {
      "nature": "timid",
      "usage": "1.6",
      "evs": {
        "hp": 0,
        "atk": 0,
        "def": 0,
        "spa": 252,
        "spd": 0,
        "spe": 252
      }
    },
    {
      "nature": "timid",
      "usage": "1.5",
      "evs": {
        "hp": 0,
        "atk": 0,
        "def": 4,
        "spa": 252,
        "spd": 0,
        "spe": 252
      }
    },
    {
      "nature": "timid",
      "usage": "1.1",
      "evs": {
        "hp": 248,
        "atk": 0,
        "def": 0,
        "spa": 8,
        "spd": 0,
        "spe": 252
      }
    },
    {
      "nature": "modest",
      "usage": "1.0",
      "evs": {
        "hp": 252,
        "atk": 0,
        "def": 0,
        "spa": 236,
        "spd": 20,
        "spe": 0
      }
    },
    {
      "nature": "timid",
      "usage": "0.9",
      "evs": {
        "hp": 0,
        "atk": 0,
        "def": 120,
        "spa": 132,
        "spd": 4,