{
  "id": "135",
  "name": "Jolteon",
  "format_id": "showdown_gen2ou-1630",
  "usage_metrics": {
    "raw": 1554,
    "base_weight": 225.123267240305,
    "percent": 13.987398739873989
  },
  "items": {
    "leftovers": 185.43667451608957,
    "nothing": 2.492073214455104e-11,
    "magnet": 0.023207650083340414,
    "berserk-gene": 0.019281994717583018,
    "kings-rock": 0,
    "never-melt-ice": 0,
    "miracle-berry": 39.596900145720234,
    "light-ball": 0,
    "mint-berry": 0.000004812112684771108,
    "gold-berry": 1.048033932415926e-7,
    "black-glasses": 0,
    "przcure-berry": 0.04719801675330626
  },
  "abilities": {
    "no-ability": 225.123267240305
  },
  "moves": {
    "thunder": 66.4220912985612,
    "hidden-power-ice": 16.120973590999743,
    "baton-pass": 157.9175199337763,
    "agility": 90.44516745103681,
    "thunderbolt": 159.15125879997322,
    "substitute": 52.94338940693839,
    "thunder-wave": 59.18677888575016,
    "hidden-power-water": 79.83393109093933,
    "growth": 140.37251614911372,
    "double-kick": 0.047841580750252743,
    "pin-missile": 2.141620214501927e-13,
    "protect": 0.000005003847313223009,
    "bite": 0,
    "body-slam": 0,
    "hidden-power-flying": 0,
    "zap-cannon": 0,
    "frustration": 0,
    "charm": 0,
    "curse": 2.628191626999211,
    "return": 0,
    "hidden-power-grass": 7.307837275850581,
    "rest": 57.04131554021931,
    "hidden-power-fire": 0.577843683528358,
    "tail-whip": 0.04784158075003858,
    "sleep-talk": 5.645916049280869,
    "reflect": 2.066505415515842,
    "quick-attack": 0,
    "toxic": 2.4706570123100846e-11,
    "rain-dance": 0.01957602442816142,
    "roar": 2.694650937109296,
    "double-edge": 0.00004018851726977912,
    "hidden-power-fighting": 0.0000021754903789528157,
    "hidden-power-dark": 0.02187527179525328,
    "headbutt": 0,
    "attract": 2.4706570123100846e-11,
    "detect": 0,
    "shadow-ball": 0
  },
  "teras": {
    "nothing": 225.123267240305
  },
  "spreads": [
    {
      "nature": "Serious",
      "usage": "58.3",
      "evs": {
        "hp": 252,
        "atk": 252,
        "def": 252,
        "spa": 252,
        "spd": 252,
        "spe": 252
      }
    },
    {
      "nature": "Serious",
      "usage": "22.0",
      "evs": {
        "hp": 252,
        "atk": 0,
        "def": 252,
        "spa": 252,
        "spd": 252,
        "spe": 148
      }
    },
    {
      "nature": "Serious",
      "usage": "19.4",
      "evs": {
        "hp": 252,
        "atk": 0,
        "def": 252,
        "spa": 252,
        "spd": 252,
        "spe": 252
      }
    },
    {
      "nature": "Serious",
      "usage": "0.3",
      "evs": {
        "hp": 252,
        "atk": 0,
        "def": 252,
        "spa": 252,
        "spd": 252,
        "spe": 96
      }
    },
    {
      "nature": "Serious",
      "usage": "0.0",
      "evs": {
        "hp": 240,
        "atk": 239,
        "def": 238,
        "spa": 236,
        "spd": 236,
        "spe": 235
      }
    }
  ],
  "teammates": {
    "3": 0.0015464896012688523,
    "6": 3.507901245885649,
    "9": 0.020877586506208967,
    "22": 0.019332969390592314,
    "25": 0.00006709202476445908,
    "34": 7.539791629515139,
    "36": 0.07569579510758234,
    "38": 1.048033932415926e-7,
    "47": 6.009402424012045e-7,
    "51": 0.000004453941537307937,
    "53": 0,
    "57": 0.09908593985891578,
    "59": 2.141620214501927e-13,
    "65": 1.3450681318451125,
    "68": 16.262200048167173,
    "71": 39.16838041810393,
    "73": 10.73786110484709,
    "76": 11.098579635187045,
    "78": 0.00004018851726977912,
    "85": 0,
    "91": 103.99968786814895,
    "94": 49.81035374046213,
    "99": 0.0000018724856521989963,
    "103": 18.71705133151577,
    "105": 90.9962075010202,
    "106": 0.000440469415437017,
    "112": 2.4706570123100846e-11,
    "113": 0.04131930483069224,
    "121": 43.20413382708716,
    "122": 3.1226966808638634,
    "123": 3.789028463208055e-8,
    "124": 5.63871314826979,
    "126": 0,
    "128": 0,
    "132": 0,
    "133": 0.4277704922443846,
    "134": 24.01714318368835,
    "136": 0.4277704922443846,
    "140": 2.141620214501927e-13,
    "142": 0.16857204325589553,
    "143": 198.69997902079496,
    "145": 107.06317190882729,
    "146": 0.0008147132786441857,
    "149": 0.062130577125127595,
    "154": 0.02191546031252306,
    "157": 0,
    "160": 0,
    "165": 0,
    "169": 0,
    "171": 0,
    "185": 0.020885323917210152,
    "189": 1.600385347268624,
    "190": 0,
    "195": 24.766045965686082,
    "196": 8.015322725138285,
    "197": 12.597648418652216,
    "200": 9.998597232143737,
    "202": 0.000004901283582103844,
    "203": 0,
    "205": 55.87865118887067,
    "207": 0.00004018851726977912,
    "208": 32.00352558800066,
    "210": 0.000440469415437017,
    "211": 0,
    "212": 28.3256959979819,
    "214": 3.416749360202522,
    "217": 0.03305454879233227,
    "221": 0,
    "227": 10.895134709818878,
    "228": 0,
    "229": 48.53675282417564,
    "230": 7.759184278359883,
    "232": 1.1418774716913602,
    "233": 0,
    "235": 13.108114838619045,
    "241": 16.42619891069971,
    "242": 1.6183813274153396,
    "243": 7.913601780794642,
    "244": 0,
    "245": 1.206782608518748,
    "248": 52.39336759480274
  }
}