{
  "id": "235",
  "name": "Smeargle",
  "format_id": "showdown_gen2ou-1630",
  "usage_metrics": {
    "raw": 908,
    "base_weight": 82.19994955168612,
    "percent": 8.172817281728173
  },
  "items": {
    "leftovers": 12.432745551488669,
    "miracle-berry": 69.63844327612351,
    "quick-claw": 0.11530089122175241,
    "gold-berry": 0,
    "mint-berry": 0.007601600696620192,
    "nothing": 0.005858232155529941,
    "focus-band": 0,
    "przcure-berry": 0,
    "berserk-gene": 0
  },
  "abilities": {
    "no-ability": 82.19994955168612
  },
  "moves": {
    "spikes": 50.25951693648762,
    "heal-bell": 0.1785401156520175,
    "spore": 72.02283318967841,
    "sacred-fire": 8.646122034557369,
    "substitute": 24.29495057400924,
    "agility": 61.28514799481632,
    "baton-pass": 63.10658377760252,
    "encore": 3.4784495839644727,
    "spider-web": 10.091411493742205,
    "perish-song": 10.092665756629225,
    "destiny-bond": 18.14981903754049,
    "swords-dance": 0.3173027514293898,
    "acid-armor": 1.0130339736568066,
    "whirlwind": 0.11068634041441033,
    "sunny-day": 0.181277427705535,
    "amnesia": 0.12339495792182387,
    "protect": 0.012932090645623728,
    "aeroblast": 1.600385347268624,
    "belly-drum": 2.258909015698147,
    "present": 0.510931917438108,
    "extreme-speed": 0,
    "shadow-ball": 0.0013671934211439973,
    "haze": 0.0001113586728655469,
    "hypnosis": 0.0000621859650551948,
    "recover": 0.04646903935444391,
    "light-screen": 0.029940694701779458,
    "smokescreen": 0.000007425140731265323,
    "stun-spore": 0.00010274920427416623,
    "mean-look": 0.000008881594138421267,
    "mirror-coat": 0.45780189449731346,
    "double-edge": 0,
    "ancient-power": 0,
    "spite": 0.0000014564534071559443,
    "rest": 0.0000014564534071559443,
    "super-fang": 0,
    "thief": 0.001310637057663766,
    "soft-boiled": 0.013605845724479038,
    "thunder-wave": 0,
    "milk-drink": 0,
    "bind": 0.007831380542035637,
    "reflect": 0.029940694701779458,
    "rapid-spin": 0.000008870648497139033,
    "roar": 0,
    "bonemerang": 0,
    "growth": 0.07747101922619176,
    "leech-seed": 0.3984546852179028,
    "rain-dance": 0.00006309293915324199,
    "return": 0.000014346872978132641,
    "toxic": 0.00032898149680776756,
    "lock-on": 0,
    "cross-chop": 0,
    "body-slam": 0
  },
  "teras": {
    "nothing": 82.19994955168612
  },
  "spreads": [
    {
      "nature": "Serious",
      "usage": "100.0",
      "evs": {
        "hp": 252,
        "atk": 252,
        "def": 252,
        "spa": 252,
        "spd": 252,
        "spe": 252
      }
    },
    {
      "nature": "Serious",
      "usage": "0.0",
      "evs": {
        "hp": 252,
        "atk": 0,
        "def": 252,
        "spa": 252,
        "spd": 252,
        "spe": 252
      }
    }
  ],
  "teammates": {
    "3": 2.678847832449094e-8,
    "6": 0.00016845567496875935,
    "12": 0.00004084791555758471,
    "34": 0.04872450057895056,
    "36": 0.01451316124400226,
    "38": 0.00005932406288117198,
    "53": 0.0008420931339860882,
    "57": 0.11168904900773174,
    "62": 0.0015965393352688206,
    "65": 10.05738133601148,
    "68": 43.22817359923845,
    "73": 9.945845843946733,
    "76": 0.007717767407871667,
    "82": 0,
    "85": 0.06756706104717813,
    "89": 0.15138328134278134,
    "91": 6.159915670685542,
    "94": 12.959693672091712,
    "97": 0.000003063756803090012,
    "101": 0.006717579304713672,
    "103": 6.752185751508211,
    "105": 26.76874700315017,
    "106": 0.006006398396728396,
    "107": 0.0019095982220198593,
    "112": 32.51672209255878,
    "114": 0.006597506929719277,
    "115": 0,
    "121": 4.562909496952289,
    "122": 3.1276574350933566,
    "124": 0.20052392293364357,
    "125": 0.001218579654915397,
    "128": 0.04486819715399948,
    "132": 0,
    "133": 0,
    "134": 2.818740754759415,
    "135": 13.108114838619045,
    "136": 0.0466838666555624,
    "139": 1.2039150482090477e-7,
    "142": 0.16858344928584074,
    "143": 74.63038007734166,
    "144": 0.001218579654915397,
    "145": 17.06530298435824,
    "146": 0.1878745700041879,
    "149": 0.000016979051528143163,
    "154": 0.1812846722051965,
    "157": 0.011426915344478705,
    "169": 0.015962866552460764,
    "181": 0,
    "189": 1.6064544345120082,
    "190": 0,
    "195": 0.006489253998071598,
    "196": 0.18163647519163767,
    "197": 0.24481965569801217,
    "198": 0.00033889570773060207,
    "200": 12.460013512231628,
    "202": 0.011415273357232636,
    "203": 0.06756706104717813,
    "205": 2.098875565286777,
    "208": 1.043920668241907,
    "211": 9.647124349365654e-8,
    "212": 51.52247670711994,
    "214": 0.4452261075056898,
    "215": 0.0009594507704075994,
    "217": 0.06887049664200845,
    "224": 0,
    "225": 0.006006398396728396,
    "227": 0.1405117609519047,
    "229": 0.18175040030375667,
    "230": 0.00001847791774539642,
    "232": 0,
    "233": 0.07747130289615023,
    "241": 1.688162217618602,
    "242": 10.27178016031234,
    "243": 33.02686414674198,
    "244": 0.000006836831767054186,
    "245": 0.0774648038059858,
    "248": 6.768850740178909
  }
}