{
  "id": "36",
  "name": "Clefable",
  "format_id": "showdown_gen2ou-1630",
  "usage_metrics": {
    "raw": 150,
    "base_weight": 0.9590603310839871,
    "percent": 1.3501350135013501
  },
  "items": {
    "leftovers": 0.9590575893266975,
    "charcoal": 0,
    "nothing": 0.0000027417572895371833,
    "pink-bow": 0
  },
  "abilities": {
    "no-ability": 0.9590603310839871
  },
  "moves": {
    "moonlight": 0.8610304102790404,
    "frustration": 0.0006833949718517696,
    "belly-drum": 0.5275280459839171,
    "hidden-power-ground": 0.0006833949718517696,
    "shadow-ball": 0.03534218441113807,
    "sing": 0.013613911201490358,
    "ice-beam": 0.043930572689689806,
    "fire-blast": 0.5085443560724507,
    "metronome": 0.00044058811214281457,
    "counter": 0.0004406633959015416,
    "seismic-toss": 0.00044058811214281457,
    "return": 0.8277221318169818,
    "hidden-power-ghost": 0.00007360853731586126,
    "light-screen": 0.06268466401354861,
    "thunderbolt": 0.02120085861966864,
    "psychic": 0.019332969390592314,
    "thunder-wave": 0.026091435054651335,
    "hidden-power-fighting": 0.014437598021819598,
    "protect": 0.014437598021819598,
    "blizzard": 0.006758465664059021,
    "encore": 0.7308628887199137,
    "fire-punch": 0,
    "flamethrower": 0.0000029970965012005024,
    "sunny-day": 0.0000027417572895371833,
    "toxic": 0.0000029970965012005024,
    "hidden-power-grass": 0,
    "body-slam": 0.0018676338898646616,
    "reflect": 0.043351694622956294,
    "double-edge": 0.07366843139491447,
    "substitute": 6.890760545497088e-8,
    "rest": 6.084636239300778e-9,
    "curse": 0.0005322158999223614,
    "tri-attack": 0,
    "submission": 0.0005322095237690894
  },
  "teras": {
    "nothing": 0.9590603310839871
  },
  "spreads": [
    {
      "nature": "Serious",
      "usage": "100.0",
      "evs": {
        "hp": 252,
        "atk": 252,
        "def": 252,
        "spa": 252,
        "spd": 252,
        "spe": 252
      }
    }
  ],
  "teammates": {
    "3": 2.678847832449094e-8,
    "6": 0.000002959206216568422,
    "9": 0.019332969390592314,
    "12": 0.006758465664059021,
    "22": 0.019332969390592314,
    "26": 0.0066460022642602645,
    "34": 0.07097598881277128,
    "38": 0.0004932929255420659,
    "65": 0.043351694622956294,
    "68": 0.46229693153705564,
    "71": 0.019332969390592314,
    "76": 0.408786278225012,
    "80": 0.0006833949718517696,
    "91": 0.44141116171521894,
    "92": 0.00740115252010376,
    "93": 0.00740115252010376,
    "94": 0.009381645629337021,
    "103": 0.06694456579214225,
    "105": 0.0798261496133677,
    "113": 0.043351694622956294,
    "121": 0,
    "122": 0.006758861483628864,
    "123": 3.789028463208055e-8,
    "124": 0.00044058811214281457,
    "127": 0.0006833949718517696,
    "128": 0.3153180759232372,
    "131": 0,
    "135": 0.07569579510758234,
    "143": 0.46812234630788657,
    "145": 0.08221781119743715,
    "146": 0.002399843413633751,
    "154": 7.499224169427166e-8,
    "171": 6.167809130097623e-7,
    "181": 0,
    "182": 0.00044058811214281457,
    "186": 0,
    "195": 0.0006834997752450112,
    "196": 0.003088393720856064,
    "197": 0.0006833949718517696,
    "200": 0.45953920036031376,
    "203": 0,
    "205": 0,
    "211": 4.643334156062551e-8,
    "212": 0.0006833949718517696,
    "215": 0,
    "217": 0.3153180759232372,
    "225": 0,
    "227": 0.030316661488199448,
    "229": 0.030316661488199448,
    "230": 0.052344631884910287,
    "232": 0.051901149709237704,
    "233": 0.31898814786644014,
    "235": 0.01451316124400226,
    "241": 0.7757473735704281,
    "242": 0.04432456725110989,
    "248": 0
  }
}