{
  "id": "730",
  "name": "Primarina",
  "format_id": "showdown_gen9nationaldexuu-1630",
  "usage_metrics": {
    "raw": 850,
    "base_weight": 128.03250074998812,
    "percent": 7.018992568125516
  },
  "items": {
    "choice-specs": 42.836559625106744,
    "leftovers": 24.369069007160007,
    "choice-scarf": 0,
    "assault-vest": 59.865964503422425,
    "throat-spray": 0.0021351265101559602,
    "primarium-z": 0.3104466537900732,
    "heavy-duty-boots": 0.6444408707602804,
    "eject-button": 0.0031622848949570126,
    "life-orb": 0.0007226221948755107,
    "ability-shield": 0,
    "psychium-z": 5.6148631577546126e-8
  },
  "abilities": {
    "torrent": 106.99917214270747,
    "liquid-voice": 21.033328607280648
  },
  "moves": {
    "surf": 11.027342783972696,
    "moonblast": 97.98191566046665,
    "psychic": 31.88255776455712,
    "hydro-pump": 30.497098870575922,
    "calm-mind": 23.698399904566404,
    "scald": 35.79632514178691,
    "psychic-noise": 26.947750614028717,
    "energy-ball": 19.144603650596228,
    "draining-kiss": 30.345211352706354,
    "hyper-voice": 8.372104869683369,
    "flip-turn": 93.93838071942743,
    "ice-beam": 36.325350181138134,
    "substitute": 16.27239095075969,
    "hidden-power-ground": 0.0021351265101559602,
    "blizzard": 5.589107332604599,
    "sparkling-aria": 34.56184086491417,
    "rest": 1.3117328867015319,
    "encore": 0,
    "sleep-talk": 0.9346258611664355,
    "toxic": 1.2474451493071241,
    "perish-song": 0.0066965705912063744,
    "whirlpool": 0,
    "alluring-voice": 0,
    "hidden-power-fire": 0,
    "rain-dance": 0,
    "acrobatics": 0,
    "dazzling-gleam": 0.3104466537900732,
    "protect": 0.0066965705912063744,
    "aqua-jet": 5.925030763316601,
    "snore": 0.0048127000452923285,
    "shadow-ball": 0,
    "stored-power": 5.6148631577546126e-8
  },
  "teras": {
    "nothing": 128.03250074998815
  },
  "spreads": [
    {
      "nature": "Modest",
      "usage": "23.4",
      "evs": {
        "hp": 252,
        "atk": 0,
        "def": 0,
        "spa": 252,
        "spd": 4,
        "spe": 0
      }
    },
    {
      "nature": "Timid",
      "usage": "11.3",
      "evs": {
        "hp": 0,
        "atk": 0,
        "def": 0,
        "spa": 252,
        "spd": 4,
        "spe": 252
      }
    },
    {
      "nature": "Calm",
      "usage": "9.7",
      "evs": {
        "hp": 248,
        "atk": 0,
        "def": 24,
        "spa": 0,
        "spd": 236,
        "spe": 0
      }
    },
    {
      "nature": "Calm",
      "usage": "7.9",
      "evs": {
        "hp": 252,
        "atk": 0,
        "def": 88,
        "spa": 0,
        "spd": 168,
        "spe": 0
      }
    },
    {
      "nature": "Modest",
      "usage": "7.5",
      "evs": {
        "hp": 80,
        "atk": 0,
        "def": 0,
        "spa": 252,
        "spd": 0,
        "spe": 176
      }
    },
    {
      "nature": "Modest",
      "usage": "6.6",
      "evs": {
        "hp": 244,
        "atk": 0,
        "def": 0,
        "spa": 252,
        "spd": 12,
        "spe": 0
      }
    },
    {
      "nature": "Modest",
      "usage": "5.5",
      "evs": {
        "hp": 76,
        "atk": 0,
        "def": 0,
        "spa": 252,
        "spd": 0,
        "spe": 180
      }
    },
    {
      "nature": "Modest",
      "usage": "4.5",
      "evs": {
        "hp": 0,
        "atk": 0,
        "def": 4,
        "spa": 252,
        "spd": 252,
        "spe": 0
      }
    },
    {
      "nature": "Timid",
      "usage": "4.4",
      "evs": {
        "hp": 4,
        "atk": 0,
        "def": 0,
        "spa": 252,
        "spd": 0,
        "spe": 252
      }
    },
    {
      "nature": "Modest",
      "usage": "4.2",
      "evs": {
        "hp": 0,
        "atk": 0,
        "def": 4,
        "spa": 252,
        "spd": 0,
        "spe": 252
      }
    }
  ],
  "teammates": {
    "3": 5.6148631577546126e-8,
    "9": 0.45650997705674407,
    "28": 0.5256928809406446,
    "34": 7.963873942244552,
    "36": 0.007614955273750557,
    "59": 1.6117735389124852,
    "65": 0.0930611895799513,
    "73": 12.83470776080269,
    "80": 23.030585131943948,
    "94": 1.167686467617623,
    "101": 0.0021351265101559602,
    "113": 0,
    "132": 8.818854918038678,
    "134": 0,
    "135": 0.2940709686316169,
    "151": 0.6153694366292417,
    "160": 0,
    "169": 2.222892993434365,
    "195": 0.6475047050402118,
    "196": 0.24796736122208524,
    "197": 0.410333599232792,
    "199": 6.278036145951129,
    "207": 0.20175509430695754,
    "212": 20.180153634212108,
    "213": 0.8607737498865926,
    "214": 0.2940709686316169,
    "227": 8.657821428691301,
    "232": 0.431885726606686,
    "233": 0.6754213972343814,
    "242": 7.714087590934826,
    "248": 0.007455502651491253,
    "260": 5.183557403707171,
    "282": 0.0021351265101559602,
    "286": 0.6082607464814198,
    "302": 1.0791271346462454,
    "330": 0.5135867358695447,
    "332": 0.003318338281232791,
    "342": 12.83111760877248,
    "373": 9.741324959385254,
    "376": 4.703453803304671,
    "380": 1.8902304159806729,
    "385": 1.822428636197376,
    "389": 0,
    "392": 0.008423976794563415,
    "395": 21.187688141810508,
    "405": 0.0007226221948755107,
    "423": 1.7991532883104768,
    "429": 0,
    "450": 25.767552655186144,
    "462": 0.3489213813291683,
    "464": 0.6446101999528294,
    "465": 0.08296434527751773,
    "468": 0.09516591438571703,
    "473": 7.4914050240595325,
    "474": 1.1268194938557823,
    "475": 7.643663893875181,
    "478": 1.0542094974066114,
    "480": 0.6754213972343814,
    "488": 0.3526708669351005,
    "494": 6.049834300150599,
    "497": 6.057570639793037,
    "530": 29.512962121100347,
    "534": 0.376739856245904,
    "553": 2.3056649690141104,
    "573": 0,
    "591": 1.1040708913776927,
    "596": 11.715174576962703,
    "609": 0.6588828448747484,
    "612": 0,
    "620": 5.602027089955994,
    "625": 1.7811858513062784,
    "630": 5.143457534243818,
    "632": 0,
    "635": 39.401754920681356,
    "638": 1.8989494039633128,
    "639": 0.3126343690661415,
    "642": 0.13795838356360351,
    "647": 1.4498815464603336,
    "660": 0,
    "663": 2.3980824449145626,
    "681": 27.497491532102185,
    "687": 4.982081130977534e-8,
    "691": 0.3489213813291683,
    "703": 0.005392467553391678,
    "706": 0,
    "707": 0.00024186453858804358,
    "715": 0.0033482874916205274,
    "721": 0,
    "724": 0,
    "727": 0,
    "743": 0.026548236670202174,
    "745": 0,
    "746": 0,
    "752": 0.002155113361951788,
    "758": 0.00855475244834869,
    "763": 0.0007226221948755107,
    "768": 13.274782155219455,
    "778": 1.3849120514460287,
    "781": 0,
    "788": 0,
    "794": 18.216057336745383,
    "797": 24.933631050703745,
    "806": 4.8490631074883055,
    "807": 1.6075055618753546,
    "812": 22.326765614337752,
    "842": 0.010356454260609604,
    "845": 0,
    "849": 0.30474109747940076,
    "851": 0.00566527373034309,
    "855": 0.10860048359978364,
    "857": 0.3526708669351005,
    "871": 0.0021351265101559602,
    "876": 0.025606189111878175,
    "880": 7.4943412627897406,
    "894": 0,
    "900": 0.016021727990952694,
    "901": 2.211258915619446,
    "904": 0,
    "905": 0,
    "911": 0,
    "920": 0,
    "934": 0.036664915038183366,
    "949": 0.016021727990952694,
    "959": 0.43696139699642683,
    "967": 0.32848319193870623,
    "970": 10.980987349379301,
    "978": 0,
    "1010": 0.0021351265101559602,
    "1014": 2.0290489271381738,
    "1017": 0.45650997705674407,
    "1018": 3.4071782950562124e-8,
    "1019": 1.787561743343039,
    "1022": 0,
    "1025": 12.802538835592024,
    "10002": 0.0008537033086820078,
    "10008": 3.8756617819056727,
    "10009": 2.7949055734711763,
    "10033": 0.09705759747129489,
    "10042": 30.689071860046653,
    "10045": 0.004579959971983516,
    "10047": 11.10654189767559,
    "10051": 0.04536034634626551,
    "10053": 2.1702580138328047,
    "10055": 2.0301915297044397,