{
  "id": "3",
  "name": "Venusaur",
  "format_id": "showdown_gen9pu-1630",
  "usage_metrics": {
    "raw": 1199,
    "base_weight": 295.53483606334015,
    "percent": 3.2050253942796045
  },
  "items": {
    "leftovers": 78.77745269911388,
    "heavy-duty-boots": 78.12392502008805,
    "coba-berry": 0.010588971611154407,
    "life-orb": 128.52867155436502,
    "black-sludge": 2.9221517676016244,
    "power-herb": 0.05865880587046801,
    "expert-belt": 0.264949709446914,
    "sitrus-berry": 0.021459663548752173,
    "choice-specs": 4.995658531997707,
    "heat-rock": 0.5334291501601262,
    "wise-glasses": 0.2328034679494408,
    "choice-scarf": 0.042961321636177996,
    "salac-berry": 0.178194751023112,
    "rocky-helmet": 1.9606992279763702e-7,
    "big-root": 0,
    "assault-vest": 0.8413970700564307,
    "nothing": 3.4699465523146955e-12,
    "aguav-berry": 0,
    "weakness-policy": 0.002533382797878847
  },
  "abilities": {
    "chlorophyll": 205.3254002173679,
    "overgrow": 90.20943584597225
  },
  "moves": {
    "toxic": 12.823696893326233,
    "sludge-bomb": 278.53970327336657,
    "leech-seed": 28.555703901566854,
    "giga-drain": 204.6685634126005,
    "knock-off": 46.85446727525173,
    "synthesis": 130.95417055760012,
    "earth-power": 176.55570575704806,
    "energy-ball": 0.10461851700152797,
    "solar-beam": 30.171719870768193,
    "weather-ball": 119.6434352653518,
    "growth": 98.60568452313262,
    "leaf-storm": 13.52524965591124,
    "sunny-day": 28.612843768627034,
    "substitute": 11.286895575220077,
    "protect": 0.26662189024314614,
    "acid-spray": 0,
    "tera-blast": 0.8596739135526643,
    "petal-blizzard": 3.4699465523146955e-12,
    "frenzy-plant": 3.4699465523146955e-12,
    "rest": 0,
    "curse": 1.4281115179315407e-10,
    "seed-bomb": 0.058482532553736255,
    "earthquake": 0.017369223409913204,
    "poison-jab": 1.4281115179315407e-10,
    "venoshock": 1.814992600657206e-12,
    "roar": 0,
    "swords-dance": 0.017369223267102052,
    "power-whip": 0.017369223267102052
  },
  "teras": {
    "grass": 17.8469948942305,
    "water": 26.11488088574167,
    "fire": 94.73435708003525,
    "dark": 4.20351028425225,
    "ghost": 35.65304376078885,
    "ground": 38.0368024771207,
    "steel": 0.35140959522571324,
    "dragon": 72.81365846023576,
    "poison": 2.428801994492352,
    "ice": 0,
    "stellar": 0.7341935186838805,
    "electric": 0.23864417852748915,
    "rock": 0.219512437894351,
    "flying": 0.017608901129893606,
    "normal": 2.1414175949814105
  },
  "spreads": [
    {
      "nature": "Modest",
      "usage": "21.5",
      "evs": {
        "hp": 0,
        "atk": 0,
        "def": 4,
        "spa": 252,
        "spd": 0,
        "spe": 252
      }
    },
    {
      "nature": "Timid",
      "usage": "16.6",
      "evs": {
        "hp": 16,
        "atk": 0,
        "def": 0,
        "spa": 240,
        "spd": 0,
        "spe": 252
      }
    },
    {
      "nature": "Timid",
      "usage": "14.5",
      "evs": {
        "hp": 0,
        "atk": 0,
        "def": 0,
        "spa": 252,
        "spd": 4,
        "spe": 252
      }
    },
    {
      "nature": "Modest",
      "usage": "14.2",
      "evs": {
        "hp": 0,
        "atk": 0,
        "def": 0,
        "spa": 252,
        "spd": 4,
        "spe": 252
      }
    },
    {
      "nature": "Bold",
      "usage": "11.0",
      "evs": {
        "hp": 252,
        "atk": 0,
        "def": 168,
        "spa": 0,
        "spd": 32,
        "spe": 56
      }
    },
    {
      "nature": "Bold",
      "usage": "6.4",
      "evs": {
        "hp": 248,
        "atk": 0,
        "def": 168,
        "spa": 0,
        "spd": 28,
        "spe": 64
      }
    },
    {
      "nature": "Bold",
      "usage": "4.0",
      "evs": {
        "hp": 252,
        "atk": 0,
        "def": 0,
        "spa": 0,
        "spd": 252,
        "spe": 0
      }
    },
    {
      "nature": "Calm",
      "usage": "3.8",
      "evs": {
        "hp": 248,
        "atk": 0,
        "def": 0,
        "spa": 8,
        "spd": 252,
        "spe": 0
      }
    },
    {
      "nature": "Timid",
      "usage": "2.7",
      "evs": {
        "hp": 0,
        "atk": 0,
        "def": 4,
        "spa": 252,
        "spd": 0,
        "spe": 252
      }
    },
    {
      "nature": "Bold",
      "usage": "1.2",
      "evs": {
        "hp": 252,
        "atk": 0,
        "def": 160,
        "spa": 0,
        "spd": 0,
        "spe": 96
      }
    }
  ],
  "teammates": {
    "6": 11.465626095597477,
    "8": 0.017917588495159786,
    "25": 0.9236369686473351,
    "26": 0.036186385316195224,
    "28": 0.00951949893163817,
    "38": 0.07256399034444683,
    "40": 0.17401445727064363,
    "49": 0.6155121136666291,
    "51": 0.10486123813339437,
    "53": 0.19575315995998616,
    "57": 3.8214963238542086,
    "59": 21.037352903189824,
    "62": 0.191899736544971,
    "71": 10.177182331918386,
    "76": 0.002533602337088603,
    "82": 1.9606992279763702e-7,
    "85": 0.20934019800710346,
    "89": 0.19574532979444176,
    "101": 0.002021394412032307,
    "103": 1.2797521258166047,
    "106": 1.3397169893124354,
    "107": 0.7076226645814779,
    "112": 72.78376699970015,
    "125": 0.012996340391741967,
    "128": 0.8124416712122063,
    "131": 0.027113887897209032,
    "132": 0.000007877788194388113,
    "135": 21.606567337783506,
    "136": 1.814992600657206e-12,
    "143": 0.008905459215508171,
    "157": 0.1348188636227331,
    "164": 0.3942449278672603,
    "171": 0.34596166192577127,
    "181": 0.0106590501695773,
    "182": 0.2499259141784294,
    "192": 0.000007830165544397971,
    "198": 0.017917588495159786,
    "215": 0.018702615123092625,
    "217": 2.1953920975592567e-7,
    "219": 0.001316661932142138,
    "221": 0.006056335981117433,
    "229": 0.10270983241605258,
    "230": 0.18952147382517698,
    "233": 60.845517486027376,
    "235": 0,
    "237": 0.07830620757984219,
    "254": 1.373012814553931e-12,
    "256": 0.027998372053062104,
    "262": 0.8079868388234972,
    "275": 10.153294044573542,
    "284": 0.027775783346082383,
    "289": 0.07205965680995075,
    "297": 4.655660412103941,
    "302": 21.645251357417653,
    "308": 0.03385641544471141,
    "311": 0.012097591269638996,
    "313": 47.11213379378112,
    "314": 11.761280462817759,
    "322": 0.00541493998122855,
    "323": 2.860157312914573,
    "324": 0.0844292207437164,
    "335": 0.060792014449334075,
    "340": 0.0000051708109776171796,
    "350": 33.78708549565342,
    "354": 0.0007649999875134483,
    "356": 0,
    "358": 0.0005769123039118251,
    "377": 20.21846175080145,
    "405": 0.021459663548752173,
    "411": 1.2878518557065655,
    "419": 3.071646380093076,
    "424": 33.39807087681713,
    "426": 1.2798115248951927,
    "429": 1.305782977434959,
    "430": 0.020691922202592028,
    "435": 19.197019832770543,
    "444": 0.08877350513217314,
    "454": 0.05809785822311159,
    "457": 0.0030977145023345365,
    "466": 0.003097724954581438,
    "467": 1.458783814015544,
    "470": 4.672578438035761,
    "471": 0.0445163294077901,
    "476": 0.0023292339989661737,
    "477": 0.09873866298007727,
    "478": 24.16243072587191,
    "479": 13.60313237084689,
    "480": 70.26042133411218,
    "481": 10.997398933303112,
    "486": 0.015903534743291148,
    "500": 2.6989166602855423,
    "503": 1.814992600657206e-12,
    "533": 0.003576148367895604,
    "542": 0.002533382797878847,
    "547": 35.7675328065067,
    "549": 15.77836670978254,
    "552": 0.03537878260471522,
    "571": 40.66702455440658,
    "578": 0.0011884219925845096,
    "581": 0.021476635712550707,
    "586": 0.8372094552193619,
    "591": 0.14214129866883124,
    "596": 0.5499135101487773,
    "604": 0.002394883542820858,
    "611": 0.001316661932142138,
    "615": 0.22954633002257274,
    "623": 28.731994845538683,
    "629": 0.05145186410324415,
    "640": 2.940275733691215,
    "655": 6.295941802227379,