{
  "id": "424",
  "name": "Ambipom",
  "format_id": "showdown_gen9pu-1630",
  "usage_metrics": {
    "raw": 6975,
    "base_weight": 660.5207878213762,
    "percent": 18.644747393744986
  },
  "items": {
    "silk-scarf": 155.926812117545,
    "normal-gem": 10.328833363095566,
    "choice-band": 65.02452247873623,
    "wide-lens": 15.345968435838543,
    "focus-sash": 3.6193520380803563,
    "heavy-duty-boots": 200.05120575301603,
    "loaded-dice": 0.97043166810685,
    "expert-belt": 3.0527139299690442,
    "sitrus-berry": 0.7279768249171288,
    "leftovers": 0.33817811620555444,
    "life-orb": 98.0185349753557,
    "muscle-band": 1.594161457555904,
    "choice-scarf": 0.8799590949502287,
    "air-balloon": 0,
    "protective-pads": 89.77827370699538,
    "assault-vest": 1.4586722812466106,
    "razor-claw": 2.735703682521538,
    "rocky-helmet": 0.031879231635853045,
    "lum-berry": 2.3066228613843283,
    "chople-berry": 0.019779233451534428,
    "toxic-orb": 0.0033608882455950506,
    "nothing": 0.861257864926888,
    "salac-berry": 0,
    "metronome": 0.00857350443297511,
    "never-melt-ice": 1.3033472725034017,
    "flame-orb": 0,
    "light-ball": 0,
    "heat-rock": 4.846760260465074,
    "clear-amulet": 0.5147201097331866,
    "power-herb": 0,
    "wise-glasses": 0.7731866704576565,
    "scope-lens": 0,
    "lagging-tail": 0,
    "choice-specs": 3.741063014928159e-12,
    "eject-button": 0
  },
  "abilities": {
    "technician": 659.0381389172766,
    "skill-link": 1.0831403244089992,
    "pickup": 0.39950857969068604
  },
  "moves": {
    "fake-out": 616.4592524733856,
    "u-turn": 491.98293702740085,
    "knock-off": 424.1916910220818,
    "triple-axel": 442.240213542043,
    "thief": 0.7817360417756628,
    "last-resort": 59.278633872065974,
    "double-hit": 76.83491522073184,
    "aerial-ace": 21.448453668010416,
    "low-kick": 74.31117478572956,
    "thunder-wave": 4.18736261748871,
    "double-edge": 186.84724222770362,
    "trailblaze": 2.454729394274109,
    "facade": 4.710177914138343,
    "taunt": 9.8719961398509,
    "tera-blast": 0.5865912932894553,
    "substitute": 0.05173811317720528,
    "focus-punch": 2.7959079903753574,
    "brick-break": 5.7834828813121835,
    "covet": 14.375282646559201,
    "acrobatics": 2.1069581663444117,
    "": 118.37570098141825,
    "fire-punch": 1.333672333515116,
    "agility": 0.3429942174989262,
    "fury-swipes": 1.2049254623016497,
    "shadow-claw": 0.053426471753475424,
    "switcheroo": 0.9155771750740259,
    "beat-up": 50.780110080018275,
    "fling": 0.0028766441163528556,
    "gunk-shot": 0.32790982812952635,
    "endeavor": 0.0005016327585227187,
    "water-pulse": 1.2475442965252674,
    "smack-down": 0.346633317337014,
    "thunder-punch": 0.0011215267841314658,
    "ice-punch": 0.13329768401083802,
    "rain-dance": 1.48027165827473,
    "upper-hand": 1.2734469728323976,
    "throat-chop": 1.9833236912723589,
    "foul-play": 0.0153711766819154,
    "metronome": 0.011238436979553956,
    "endure": 0,
    "nasty-plot": 3.3545075354764218,
    "grass-knot": 1.8259635227676845,
    "shadow-ball": 1.8219326406169531,
    "swift": 3.028852917683594,
    "dig": 0.8727788507519392,
    "mud-slap": 1.1102230246251565e-16,
    "sand-attack": 5.551115123125783e-17,
    "seed-bomb": 0.0011215267841314658,
    "thunderbolt": 8.278690621921214e-9,
    "counter": 0,
    "slam": 0,
    "scratch": 0,
    "chilling-water": 0.05499921453805684,
    "protect": 3.6088164715021227,
    "low-sweep": 0,
    "sunny-day": 4.846760260465074,
    "giga-impact": 0,
    "solar-beam": 8.41742120449851e-10,
    "astonish": 0.002782626281562006,
    "mud-shot": 1.5342150844978475
  },
  "teras": {
    "normal": 437.0253125121184,
    "ghost": 69.70736276502704,
    "ice": 61.222046751543985,
    "flying": 2.226270859107351,
    "fighting": 25.675130849259514,
    "dark": 58.74329211577856,
    "poison": 0.2536322903611156,
    "grass": 4.395774411136699e-9,
    "water": 0.04905156302722102,
    "stellar": 3.499860481728954,
    "bug": 0.2855705150438704,
    "fairy": 0,
    "psychic": 0.9169026022185792,
    "electric": 0.0011215427844966097,
    "fire": 0,
    "rock": 0.6786981090159365,
    "ground": 0.23653485996553186
  },
  "spreads": [
    {
      "nature": "Jolly",
      "usage": "75.5",
      "evs": {
        "hp": 0,
        "atk": 252,
        "def": 0,
        "spa": 0,
        "spd": 4,
        "spe": 252
      }
    },
    {
      "nature": "Jolly",
      "usage": "12.9",
      "evs": {
        "hp": 4,
        "atk": 252,
        "def": 0,
        "spa": 0,
        "spd": 0,
        "spe": 252
      }
    },
    {
      "nature": "Adamant",
      "usage": "4.3",
      "evs": {
        "hp": 0,
        "atk": 252,
        "def": 4,
        "spa": 0,
        "spd": 0,
        "spe": 252
      }
    },
    {
      "nature": "Jolly",
      "usage": "3.3",
      "evs": {
        "hp": 0,
        "atk": 252,
        "def": 4,
        "spa": 0,
        "spd": 0,
        "spe": 252
      }
    },
    {
      "nature": "Adamant",
      "usage": "1.9",
      "evs": {
        "hp": 0,
        "atk": 252,
        "def": 0,
        "spa": 0,
        "spd": 4,
        "spe": 252
      }
    },
    {
      "nature": "Jolly",
      "usage": "0.6",
      "evs": {
        "hp": 0,
        "atk": 252,
        "def": 0,
        "spa": 0,
        "spd": 0,
        "spe": 252
      }
    },
    {
      "nature": "Adamant",
      "usage": "0.4",
      "evs": {
        "hp": 0,
        "atk": 252,
        "def": 0,
        "spa": 0,
        "spd": 0,
        "spe": 252
      }
    },
    {
      "nature": "Adamant",
      "usage": "0.4",
      "evs": {
        "hp": 4,
        "atk": 252,
        "def": 0,
        "spa": 0,
        "spd": 0,
        "spe": 252
      }
    },
    {
      "nature": "Timid",
      "usage": "0.3",
      "evs": {
        "hp": 0,
        "atk": 0,
        "def": 0,
        "spa": 252,
        "spd": 4,
        "spe": 252
      }
    },
    {
      "nature": "Timid",
      "usage": "0.1",
      "evs": {
        "hp": 4,
        "atk": 0,
        "def": 0,
        "spa": 252,
        "spd": 0,
        "spe": 252
      }
    }
  ],
  "teammates": {
    "3": 33.39807087681713,
    "6": 1.5379982843969262,
    "8": 0.08189491237527724,
    "24": 3.7423503995474827,
    "25": 0.9402115655335056,
    "26": 0.019427532763845345,
    "27": 0.012453130887019603,
    "28": 9.768713395590314,
    "35": 0,
    "38": 0.6302186303769811,
    "40": 0,
    "49": 43.01148298211638,
    "51": 0.03906760120714925,
    "53": 2.1961177898967192,
    "57": 5.11077444836939,
    "58": 0,
    "59": 67.67758776126738,
    "62": 1.5393361278996611,
    "71": 0.28329820785277193,
    "76": 5.281979847828766,
    "79": 0.015234917497266631,
    "82": 12.516158290793866,
    "85": 0.6100376378154395,
    "89": 2.0277429900074897,
    "93": 0,
    "97": 0.2017467782653185,
    "101": 0.000052941863621758234,
    "103": 0.11039003735196518,
    "106": 55.00194763047753,
    "107": 1.9584014515418862,
    "110": 5.179667009844384,
    "112": 43.99707549736146,
    "117": 0,
    "125": 0.12205031675730615,
    "126": 0.019438768289000208,
    "128": 0.47082037044351155,
    "131": 0.8200881162920912,
    "132": 1.1334777420955806,
    "135": 24.55636990655029,
    "136": 0.01629874223802069,
    "143": 0.841266300201711,
    "144": 0.0027754267706415203,
    "154": 0.4900951532616655,
    "157": 0.06938843024548397,
    "162": 0.08678637674568584,
    "164": 0.7450182928081746,
    "168": 0.000554460844936322,
    "171": 0.48355251774974406,
    "181": 2.814791363197181,
    "182": 10.522208804157433,
    "185": 0,
    "189": 0.0886015914509426,
    "192": 0.01626937482496016,
    "198": 0,
    "200": 1.5092155147492434,
    "203": 0,
    "206": 4.673451589725928,
    "210": 0.03509877902352837,
    "211": 90.5985763275312,
    "215": 0.08737002251703085,
    "217": 0.41176864418335923,