{
  "id": "423",
  "name": "Gastrodon",
  "format_id": "showdown_gen6doublesou-1760",
  "usage_metrics": {
    "raw": 591,
    "base_weight": 29.714777922993708,
    "percent": 22.420333839150228
  },
  "items": {
    "sitrus-berry": 6.119089755582508,
    "leftovers": 5.918587423086051,
    "soft-sand": 0,
    "assault-vest": 7.841377547279649e-11,
    "red-card": 3.589767560430168e-7,
    "choice-specs": 6.175605896663328e-7,
    "rindo-berry": 0.11885783035867031,
    "quick-claw": 0.04793795347124674,
    "safety-goggles": 0,
    "rocky-helmet": 17.060286471886908,
    "choice-scarf": 0,
    "expert-belt": 0.44492123962928026,
    "lum-berry": 0.005096272363281917
  },
  "abilities": {
    "storm-drain": 29.714777922993708,
    "sticky-hold": 0
  },
  "moves": {
    "earth-power": 22.55471182866541,
    "scald": 9.014682218878852,
    "ice-beam": 19.71259467935344,
    "recover": 17.170839077398874,
    "earthquake": 0.05571503585729504,
    "curse": 0.007777082386048295,
    "toxic": 0.06937943457429036,
    "bulldoze": 0,
    "protect": 12.580552925734649,
    "hidden-power-ice": 0,
    "muddy-water": 7.124793806174882,
    "icy-wind": 9.735807814973228,
    "sludge-bomb": 0.10009458103303853,
    "blizzard": 7.152235101936125,
    "substitute": 1.0038884245672737,
    "yawn": 12.360129392419704,
    "acid-armor": 0,
    "surf": 0.09636365189466162,
    "body-slam": 0,
    "clear-smog": 0,
    "ancient-power": 0.0037315468625648274,
    "mirror-coat": 0,
    "stockpile": 0.0000020061519882541567,
    "rest": 0.11581200749548837,
    "mud-slap": 0.0000010756170200076909,
    "sludge-wave": 0,
    "amnesia": 0,
    "mud-bomb": 0,
    "rock-slide": 0
  },
  "teras": {
    "nothing": 29.714777922993708
  },
  "spreads": [
    {
      "nature": "Modest",
      "usage": "41.6",
      "evs": {
        "hp": 148,
        "atk": 0,
        "def": 152,
        "spa": 196,
        "spd": 12,
        "spe": 0
      }
    },
    {
      "nature": "Modest",
      "usage": "23.9",
      "evs": {
        "hp": 252,
        "atk": 0,
        "def": 0,
        "spa": 252,
        "spd": 4,
        "spe": 0
      }
    },
    {
      "nature": "Modest",
      "usage": "18.4",
      "evs": {
        "hp": 68,
        "atk": 0,
        "def": 232,
        "spa": 68,
        "spd": 140,
        "spe": 0
      }
    },
    {
      "nature": "Bold",
      "usage": "7.5",
      "evs": {
        "hp": 252,
        "atk": 0,
        "def": 252,
        "spa": 4,
        "spd": 0,
        "spe": 0
      }
    },
    {
      "nature": "Quiet",
      "usage": "3.3",
      "evs": {
        "hp": 238,
        "atk": 0,
        "def": 132,
        "spa": 82,
        "spd": 56,
        "spe": 0
      }
    },
    {
      "nature": "Calm",
      "usage": "2.2",
      "evs": {
        "hp": 0,
        "atk": 0,
        "def": 160,
        "spa": 128,
        "spd": 220,
        "spe": 0
      }
    },
    {
      "nature": "Quiet",
      "usage": "1.5",
      "evs": {
        "hp": 232,
        "atk": 0,
        "def": 176,
        "spa": 48,
        "spd": 52,
        "spe": 0
      }
    },
    {
      "nature": "Calm",
      "usage": "0.4",
      "evs": {
        "hp": 252,
        "atk": 0,
        "def": 4,
        "spa": 0,
        "spd": 252,
        "spe": 0
      }
    },
    {
      "nature": "Calm",
      "usage": "0.4",
      "evs": {
        "hp": 252,
        "atk": 0,
        "def": 0,
        "spa": 4,
        "spd": 252,
        "spe": 0
      }
    },
    {
      "nature": "Bold",
      "usage": "0.3",
      "evs": {
        "hp": 248,
        "atk": 0,
        "def": 128,
        "spa": 0,
        "spd": 132,
        "spe": 0
      }
    }
  ],
  "teammates": {
    "3": 0,
    "26": 1.6653345369377348e-16,
    "38": 0,
    "47": 0.00012625392274717706,
    "59": 4.055057236175067,
    "65": 0.0204949645323928,
    "68": 0.00004869989287958898,
    "91": 0,
    "94": 5.855950491652699,
    "97": 0.001314634186294572,
    "110": 0.000020416979551518555,
    "122": 0.00003541521888067445,
    "132": 0,
    "133": 0,
    "145": 0.04488720643925648,
    "151": 0,
    "157": 1.7684934937903012,
    "169": 7.805339707900316e-11,
    "176": 6.175605896663328e-7,
    "184": 6.175605896663328e-7,
    "186": 0.05634145008270075,
    "196": 7.22457094148865e-11,
    "198": 0.00002305114658135432,
    "210": 7.224426612495449e-11,
    "212": 1.7684934937903012,
    "213": 0,
    "214": 0.005096272363281917,
    "227": 0,
    "230": 0.056340832522111084,
    "233": 6.5724190909383,
    "234": 0.000010026032439214294,
    "235": 0.0001286397765024594,
    "237": 6.574324071251247e-7,
    "244": 0.0000010756170200076909,
    "245": 0.006282418564325543,
    "248": 6.137154957028195,
    "257": 0.04488720643925648,
    "272": 0.056340832522111084,
    "279": 0,
    "282": 0.007595341304885872,
    "286": 0,
    "292": 0,
    "297": 0.000017046755985683504,
    "302": 0.0000010756170200076909,
    "346": 0,
    "348": 0,
    "350": 0,
    "356": 0.0204949645323928,
    "362": 3.149110915923181e-7,
    "373": 0.02249902350240357,
    "378": 0,
    "380": 0.10431179214692576,
    "381": 0,
    "392": 0.10431179214692576,
    "407": 0,
    "409": 0.00012314978348682004,
    "417": 0.007595341304885872,
    "429": 0.0004557700651451335,
    "430": 7.79962761043862e-11,
    "437": 7.822598124818114e-11,
    "442": 0,
    "445": 2.426622340765547,
    "460": 0.00008505591008356461,
    "461": 0,
    "462": 0,
    "466": 0.004808013720092819,
    "468": 0.02464828206236197,
    "472": 0.004808013792509502,
    "485": 0.038820561859903735,
    "488": 1.7815210712490444,
    "491": 0,
    "497": 0.07185794062916884,
    "530": 0.006282418564325543,
    "534": 0.020631050171606657,
    "545": 0,
    "547": 0.5628722848225531,
    "555": 0,
    "560": 1.789181809415888,
    "563": 0,
    "565": 0.00018193235230212768,
    "571": 0.00000769771408304365,
    "576": 0,
    "579": 0,
    "584": 0,
    "589": 0,
    "591": 1.0024686609522697,
    "593": 0,
    "598": 2.7019068379782185,
    "604": 0.5628406069326453,
    "609": 0.9882966962160603,
    "625": 0,
    "630": 0.000008420565927813595,
    "632": 6.55463007399533,
    "635": 0,
    "637": 0,
    "639": 0,
    "642": 12.218063563854887,
    "645": 0,
    "649": 9.88030145359601,
    "652": 0.014172279647301222,
    "663": 5.282595402682404,
    "676": 0.000005565745170132974,
    "681": 0.02073788726393222,
    "683": 0.0013157098033145798,
    "700": 5.492913621973321,
    "706": 0,
    "707": 3.9410361461733188,
    "709": 3.796382212359206,
    "719": 0.9832001089416869,
    "721": 2.506758915919661,
    "10003": 6.554623651123396,
    "10006": 0,
    "10008": 0,
    "10009": 0,
    "10021": 12.905406272147873,
    "10022": 0.0006462458906961177,
    "10033": 0.0204949645323928,
    "10034": 0.24424722528032017,
    "10035": 2.3328334831567448,
    "10036": 0,
    "10038": 0,
    "10039": 12.830933644785135,
    "10041": 0.007595341304885872,
    "10046": 0,
    "10048": 0,
    "10049": 0.006282418564325543,
    "10050": 0,
    "10051": 11.792475398279944,
    "10052": 0.005096272363281917,
    "10058": 0,
    "10059": 0,
    "10060": 0,
    "10063": 0.000031677889909376145,
    "10064": 0.056340832522111084,
    "10065": 0.024648596973222414,
    "10066": 0.000010354870999096377,
    "10071": 0.0033083163752017364,
    "10075": 0.014172279647301222,
    "10076": 0.10431179214692576,
    "10086": 0.997372388588988,
    "10087": 0.001314634186294572,
    "10088": 1.5047169066306765e-10,
    "10089": 0.020689412642706184
  }
}