{
  "id": "94",
  "name": "Gengar",
  "format_id": "showdown_gen6doublesou-1760",
  "usage_metrics": {
    "raw": 240,
    "base_weight": 6.674875371703631,
    "percent": 9.104704097116842
  },
  "items": {
    "choice-scarf": 0,
    "focus-sash": 6.549430887540136,
    "sitrus-berry": 0.00002728056532119716,
    "life-orb": 0,
    "choice-specs": 0.09827492800542625,
    "leftovers": 0.000024910973312697315,
    "black-sludge": 0.027108290900722865,
    "rocky-helmet": 0,
    "weakness-policy": 0,
    "bright-powder": 0,
    "assault-vest": 0,
    "lum-berry": 0.00000907371871455842,
    "normal-gem": 0
  },
  "abilities": {
    "levitate": 6.674875371703631
  },
  "moves": {
    "shadow-ball": 6.647721279579924,
    "dazzling-gleam": 0.07377216014893007,
    "sludge-bomb": 6.674814085004505,
    "giga-drain": 0.00002728056532119716,
    "hypnosis": 2.1441777797726047e-8,
    "mean-look": 2.1441777797726047e-8,
    "nightmare": 2.1441777797726047e-8,
    "protect": 0.11512668150523903,
    "venoshock": 0.000031612936415681414,
    "toxic": 0.00002728056532119716,
    "hex": 0.00002728056532119716,
    "dark-pulse": 0,
    "curse": 0,
    "focus-blast": 0.17069545024617966,
    "psychic": 6.104917475935207,
    "will-o-wisp": 0.6842492358760524,
    "icy-wind": 0.09989428242316534,
    "sludge-wave": 1.1102230246251565e-15,
    "thunder": 0.0479470271899613,
    "energy-ball": 0.04793795347124674,
    "thunderbolt": 0.00002057860221821306,
    "destiny-bond": 5.671658966495015,
    "trick": 0.09827492800542625,
    "night-shade": 0.0000017322590332158327,
    "hidden-power-fighting": 0.0000017322590332158327,
    "substitute": 0.0000017322590332158327,
    "taunt": 0.23520564965627894,
    "brick-break": 0.00002057860221821306,
    "drain-punch": 0,
    "disable": 0,
    "explosion": 0.00000907371871455842,
    "haze": 0.027108290900722865,
    "shadow-claw": 0,
    "perish-song": 0,
    "body-slam": 0,
    "hidden-power-ice": 0,
    "torment": 0,
    "clear-smog": 0,
    "knock-off": 0,
    "ice-punch": 0,
    "rain-dance": 0.00000907371871455842,
    "dream-eater": 0
  },
  "teras": {
    "nothing": 6.674875371703631
  },
  "spreads": [
    {
      "nature": "Timid",
      "usage": "83.2",
      "evs": {
        "hp": 0,
        "atk": 0,
        "def": 0,
        "spa": 252,
        "spd": 4,
        "spe": 252
      }
    },
    {
      "nature": "Timid",
      "usage": "11.3",
      "evs": {
        "hp": 4,
        "atk": 0,
        "def": 0,
        "spa": 252,
        "spd": 0,
        "spe": 252
      }
    },
    {
      "nature": "Timid",
      "usage": "3.2",
      "evs": {
        "hp": 140,
        "atk": 0,
        "def": 0,
        "spa": 116,
        "spd": 0,
        "spe": 252
      }
    },
    {
      "nature": "Timid",
      "usage": "1.1",
      "evs": {
        "hp": 0,
        "atk": 0,
        "def": 4,
        "spa": 252,
        "spd": 0,
        "spe": 252
      }
    },
    {
      "nature": "Hardy",
      "usage": "0.7",
      "evs": {
        "hp": 84,
        "atk": 88,
        "def": 80,
        "spa": 88,
        "spd": 80,
        "spe": 88
      }
    },
    {
      "nature": "Timid",
      "usage": "0.4",
      "evs": {
        "hp": 196,
        "atk": 0,
        "def": 44,
        "spa": 16,
        "spd": 0,
        "spe": 252
      }
    },
    {
      "nature": "Hardy",
      "usage": "0.0",
      "evs": {
        "hp": 0,
        "atk": 0,
        "def": 0,
        "spa": 252,
        "spd": 0,
        "spe": 252
      }
    },
    {
      "nature": "Modest",
      "usage": "0.0",
      "evs": {
        "hp": 252,
        "atk": 0,
        "def": 0,
        "spa": 0,
        "spd": 0,
        "spe": 252
      }
    },
    {
      "nature": "Hardy",
      "usage": "0.0",
      "evs": {
        "hp": 100,
        "atk": 96,
        "def": 76,
        "spa": 56,
        "spd": 56,
        "spe": 124
      }
    },
    {
      "nature": "Hasty",
      "usage": "0.0",
      "evs": {
        "hp": 252,
        "atk": 0,
        "def": 0,
        "spa": 4,
        "spd": 0,
        "spe": 252
      }
    }
  ],
  "teammates": {
    "3": 0,
    "6": 2.1441777797726047e-8,
    "9": 2.1441777797726047e-8,
    "15": 0,
    "18": 0,
    "25": 0,
    "26": 0.000026624742080427755,
    "36": 0.025290118039320908,
    "38": 0,
    "51": 0.000015631779123503886,
    "53": 0.000007437323698400444,
    "57": 0,
    "59": 0.000015632903897611072,
    "65": 0,
    "68": 2.1441777797726047e-8,
    "101": 0,
    "112": 0.00039496344970041397,
    "115": 0,
    "121": 0.000008195580199210628,
    "122": 0,
    "125": 0.00000907371871455842,
    "127": 0,
    "128": 1.124774107186255e-9,
    "130": 0,
    "131": 0.00040595528788323065,
    "135": 0.00039496344970041397,
    "142": 0.000015632903897611072,
    "143": 0,
    "144": 0.0724205222407523,
    "145": 0.12719943413485008,
    "146": 0,
    "149": 0.00039496344970041397,
    "169": 0,
    "184": 0.0823122276955936,
    "186": 0.0724205222407523,
    "199": 0.0013284591938982904,
    "200": 0,
    "208": 2.1441777797726047e-8,
    "212": 0.09989428242316534,
    "227": 0,
    "230": 0.00000907371871455842,
    "234": 0,
    "237": 0,
    "242": 0.0000017322590332158327,
    "245": 0,
    "248": 5.811063285213444,
    "251": 0,
    "257": 0.04488720643925648,
    "260": 0.00000907371871455842,
    "272": 0.00000907371871455842,
    "286": 0,
    "295": 0,
    "330": 0,
    "376": 0.00000907371871455842,
    "378": 0.000010991838182816682,
    "381": 0,
    "392": 0,
    "395": 0,
    "423": 5.855950491652699,
    "424": 0,
    "437": 0,
    "441": 0,
    "445": 0.0013284591938982904,
    "461": 0,
    "463": 2.1441777797726047e-8,
    "464": 0.0013284591938982904,
    "468": 0,
    "472": 0.09989861479425982,
    "475": 0.07996412623950527,
    "477": 0,
    "485": 0,
    "486": 0.000010991838182816682,
    "488": 0,
    "497": 0.04489153881035096,
    "526": 0.07996412623950527,
    "530": 0,
    "547": 0.5628449393037382,
    "553": 0.16614445254454852,
    "560": 0,
    "563": 0.1408543345052276,
    "571": 0.07996412623950527,
    "591": 0.10978598787800664,
    "593": 0.16614445254454852,
    "598": 0.009891705454841304,
    "604": 0.5628406069326438,
    "609": 0,
    "625": 0,
    "635": 0,
    "638": 0.0000026001120612684225,
    "639": 0,
    "642": 0,
    "647": 0.09989428242316534,
    "652": 0,
    "655": 0,
    "658": 0,
    "663": 5.2482226782808,
    "681": 0,
    "700": 5.2482226782808,
    "709": 0,
    "713": 0.16614445254454852,
    "10001": 0.07996412623950527,
    "10006": 0,
    "10009": 0.07996412623950527,
    "10021": 0,
    "10022": 0.0013284591938982904,
    "10033": 0.00039496344970041397,
    "10034": 0.00990269729302412,
    "10035": 0.5628406069326438,
    "10036": 0,
    "10039": 5.293109884720055,
    "10040": 0,
    "10048": 0,
    "10049": 0,
    "10051": 0,
    "10055": 0,
    "10064": 0.07374898143465058,
    "10066": 0.16614618480358173,
    "10073": 0,
    "10076": 0,
    "10086": 0,
    "10087": 0.0000026001120612684225,
    "10089": 0.09989428242316534
  }
}