{
  "id": "149",
  "name": "Dragonite",
  "format_id": "showdown_gen8ou-1500",
  "usage_metrics": {
    "raw": 7836,
    "base_weight": 6072.287630158142,
    "percent": 9.801370891079202
  },
  "roles": [
    {
      "role": "role_sweeper_physical",
      "label": "Physical Sweeper",
      "category": "OFF"
    },
    {
      "role": "role_setup",
      "label": "Setup Sweeper",
      "category": "OFF"
    },
    {
      "role": "role_staller",
      "label": "Staller",
      "category": "DEF"
    }
  ],
  "items": {
    "heavy-duty-boots": 4963.053018098789,
    "weakness-policy": 107.77614886342813,
    "leftovers": 112.98414367386967,
    "silk-scarf": 1.1222598310520606,
    "choice-band": 26.88663223234592,
    "dragon-fang": 3.939541327543352,
    "life-orb": 496.35481058898483,
    "razor-claw": 0.39495046077076545,
    "choice-specs": 2.1414620052996627,
    "choice-scarf": 2.5394938768177795,
    "normal-gem": 304.4098214881777,
    "expert-belt": 3.3495503296085243,
    "assault-vest": 1.3931181499430425,
    "lum-berry": 15.81700195306475,
    "yache-berry": 11.298775001479857,
    "red-card": 1.7379683763785916,
    "light-clay": 2.936323094300877,
    "quick-claw": 0.19937483503116243,
    "air-balloon": 2.817424578643133,
    "nothing": 4.363970095190325,
    "rocky-helmet": 1.694270324750477,
    "focus-sash": 0.6430799304307279,
    "master-ball": 0.9052424250984648,
    "grepa-berry": 0.7144246581981901,
    "salac-berry": 5.235553657279013e-10,
    "roseli-berry": 0.9937251691169096,
    "persim-berry": 0.9786558898705382,
    "damp-rock": 0.015433867798812728,
    "white-herb": 0.8270090316296583
  },
  "abilities": {
    "multiscale": 5769.740972893982,
    "inner-focus": 302.54665726415953
  },
  "moves": {
    "dragon-dance": 5103.854089911125,
    "dual-wingbeat": 1896.0612572603452,
    "earthquake": 5570.388477866927,
    "roost": 3642.4445468608665,
    "ice-punch": 3251.823894354292,
    "extreme-speed": 1901.0505218952826,
    "thunderbolt": 8.035978768352555,
    "brutal-swing": 0.007879263259888858,
    "waterfall": 24.289301112467008,
    "ice-beam": 113.09721254422098,
    "draco-meteor": 20.683519243247567,
    "dragon-claw": 137.338957629164,
    "fire-punch": 527.6235269245822,
    "brick-break": 7.609365404047054,
    "fire-blast": 40.01742040241187,
    "hurricane": 5.02665473141515,
    "hyper-beam": 0.46970530956610074,
    "outrage": 160.3378159752777,
    "heal-bell": 321.8284168696872,
    "superpower": 150.6085408427857,
    "blizzard": 0.9758080934572864,
    "dragon-rush": 1.8893656602969482,
    "air-slash": 13.594326401114852,
    "aqua-tail": 3.8890091978177557,
    "dragon-pulse": 4.30338862148024,
    "thunder-wave": 29.381919972132287,
    "dragon-tail": 29.500475662769002,
    "whirlpool": 0.8857039737858571,
    "iron-head": 67.00002022736771,
    "focus-blast": 0.6723784557739289,
    "flamethrower": 509.4177132138976,
    "substitute": 39.88398514433222,
    "defog": 488.0771941435835,
    "power-up-punch": 111.78023351530248,
    "thunder": 3.6361888255348975,
    "surf": 1.128122801539568,
    "scale-shot": 10.361950427794811,
    "thunder-punch": 26.43686914621938,
    "rock-slide": 4.764297885045985,
    "aerial-ace": 0.6183620776460854,
    "aqua-jet": 6.838589597006595,
    "tailwind": 2.1039888087360765,
    "reflect": 2.9430559945335495,
    "light-screen": 2.936323094300877,
    "bind": 0,
    "breaking-swipe": 0,
    "fly": 4.786523241492596,
    "giga-impact": 0.6130189612099758,
    "stone-edge": 6.659271818679486,
    "haze": 2.936323094300877,
    "toxic": 9.621509910007553,
    "dragon-breath": 0.7868524203896423,
    "detect": 1.709393225037832,
    "agility": 0.9774430612558502,
    "body-slam": 3.5917310331381866,
    "body-press": 0.9052424250984648,
    "protect": 1.2336618982330863,
    "rest": 3.4544347994481144,
    "sleep-talk": 2.4080197075814844,
    "double-edge": 0.9964887653601897,
    "rain-dance": 0.015433867798812728,
    "roar": 1.7786642524962613,
    "focus-punch": 0.3718771984604321,
    "iron-tail": 0.6600977991269581,
    "fire-spin": 0.02817904265082022
  },
  "teras": {
    "nothing": 6072.287630158138
  },
  "spreads": [
    {
      "nature": "adamant",
      "usage": "15.6",
      "evs": {
        "hp": 0,
        "atk": 252,
        "def": 0,
        "spa": 0,
        "spd": 4,
        "spe": 252
      }
    },
    {
      "nature": "jolly",
      "usage": "13.9",
      "evs": {
        "hp": 0,
        "atk": 252,
        "def": 0,
        "spa": 0,
        "spd": 4,
        "spe": 252
      }
    },
    {
      "nature": "adamant",
      "usage": "6.6",
      "evs": {
        "hp": 0,
        "atk": 252,
        "def": 4,
        "spa": 0,
        "spd": 0,
        "spe": 252
      }
    },
    {
      "nature": "adamant",
      "usage": "6.0",
      "evs": {
        "hp": 248,
        "atk": 52,
        "def": 56,
        "spa": 0,
        "spd": 0,
        "spe": 152
      }
    },
    {
      "nature": "jolly",
      "usage": "4.1",
      "evs": {
        "hp": 184,
        "atk": 72,
        "def": 0,
        "spa": 0,
        "spd": 0,
        "spe": 252
      }
    },
    {
      "nature": "adamant",
      "usage": "3.9",
      "evs": {
        "hp": 248,
        "atk": 24,
        "def": 68,
        "spa": 0,
        "spd": 8,
        "spe": 160
      }
    },
    {
      "nature": "jolly",
      "usage": "3.8",
      "evs": {
        "hp": 0,
        "atk": 252,
        "def": 4,
        "spa": 0,
        "spd": 0,
        "spe": 252
      }
    },
    {
      "nature": "jolly",
      "usage": "3.0",
      "evs": {
        "hp": 248,
        "atk": 0,
        "def": 116,
        "spa": 0,
        "spd": 0,
        "spe": 144
      }
    },
    {
      "nature": "adamant",
      "usage": "2.7",
      "evs": {
        "hp": 248,
        "atk": 92,
        "def": 0,
        "spa": 0,
        "spd": 8,
        "spe": 160
      }
    },
    {
      "nature": "adamant",
      "usage": "2.3",
      "evs": {
        "hp": 252,
        "atk": 0,
        "def": 0,
        "spa": 0,
        "spd": 16,
        "spe": 240
      }
    }
  ],
  "teammates": {
    "3": 8.529848869455142,
    "4": 0.18993492500838577,
    "6": 6.133593582651054,
    "9": 120.74880208784933,
    "25": 5.437811419402716,
    "26": 0.08235819578002446,
    "34": 440.6823039161857,
    "36": 1865.670991194814,
    "38": 1.0434092270639166,
    "40": 0.015433867798812728,
    "51": 0.6618036394626987,
    "59": 1.0426864745891504,
    "65": 51.38558111452823,
    "68": 1.11826641171983,
    "78": 1.8571679356254154,
    "80": 60.65261717782201,
    "91": 219.01141637216398,
    "93": 1.939699075949799,
    "94": 138.48267216412742,
    "98": 0.639041032666572,
    "106": 22.693746738540845,
    "110": 0.00015633328334069274,
    "113": 34.021208720437116,
    "115": 0.7535565765244843,
    "121": 69.72237157384025,
    "130": 59.92117969077008,
    "131": 1.3589864500529585,
    "132": 2.56366628677617,
    "134": 0.44123663942210856,
    "142": 0.9390797496437417,
    "143": 118.74498120565349,
    "144": 0.022623903981648597,
    "145": 182.78850424889163,
    "146": 0.8032811097140498,
    "151": 1323.3869025778924,
    "178": 41.912691473392684,
    "184": 20.511292081441393,
    "186": 1.4700889620603863,
    "194": 0.32760623371597497,
    "195": 16.890796295390125,
    "196": 2.665218432050522,
    "197": 16.437710759711138,
    "199": 349.1426838751324,
    "202": 0.24221489517292144,
    "212": 172.19557826328347,
    "213": 375.63516633608884,
    "214": 0.24213797494660422,
    "227": 127.39437789989195,
    "230": 7.244325186141904,
    "233": 0.6996158804357544,
    "242": 107.40151836618176,
    "244": 107.05089949965549,
    "245": 114.23335957862037,
    "248": 39.5363030732581,
    "251": 2.9676261448230434e-13,
    "254": 0.37191497254091704,
    "257": 319.3815329864079,
    "260": 64.19331050830303,
    "279": 48.24789318961756,
    "282": 0.21285218997284888,