{
  "id": "448",
  "name": "Lucario",
  "format_id": "showdown_gen8ou-1500",
  "usage_metrics": {
    "raw": 479,
    "base_weight": 119.8427536045438,
    "percent": 0.5991394406364137
  },
  "roles": [
    {
      "role": "role_sweeper_mixed",
      "label": "Mixed Sweeper",
      "category": "OFF"
    },
    {
      "role": "role_setup",
      "label": "Setup Sweeper",
      "category": "OFF"
    }
  ],
  "items": {
    "leftovers": 3.5861810668061413,
    "choice-specs": 2.7474181459531337,
    "nothing": 0.9910759060162195,
    "salac-berry": 1.5493864352866957,
    "focus-sash": 10.264468384386927,
    "life-orb": 78.64675730349737,
    "expert-belt": 3.4328674912318276,
    "wise-glasses": 1.4723646859351343,
    "apicot-berry": 0.3718771984604321,
    "choice-scarf": 5.29288891464822,
    "shuca-berry": 1.4861163864408522,
    "custap-berry": 0,
    "assault-vest": 2.341135113417962,
    "air-balloon": 0.8681790348509468,
    "quick-claw": 0.3256593960349464,
    "chople-berry": 0,
    "heavy-duty-boots": 1.8073481679603958,
    "sitrus-berry": 1.253629659028254,
    "weakness-policy": 1.7410261636753264,
    "rocky-helmet": 0.3033671022167208,
    "black-belt": 0.40542877536274274,
    "protective-pads": 0.9555782733334919
  },
  "abilities": {
    "inner-focus": 84.6606517614034,
    "steadfast": 29.56983573562991,
    "justified": 5.6122661075104965
  },
  "moves": {
    "aura-sphere": 19.5711440558326,
    "flash-cannon": 9.621736447743576,
    "dark-pulse": 10.201456896333497,
    "calm-mind": 0.8314504128367641,
    "crunch": 2.366200834689941,
    "poison-jab": 1.4537821975745144,
    "bullet-punch": 13.858771487095884,
    "bone-rush": 0.7832694084521961,
    "dragon-pulse": 4.0177437348582465,
    "swords-dance": 46.442500143337966,
    "extreme-speed": 42.01720831120265,
    "close-combat": 43.509270818633865,
    "meteor-mash": 38.76728264784068,
    "counter": 0.46497730903342444,
    "reversal": 0.41702181800798044,
    "drain-punch": 4.226494883561425,
    "psychic": 1.641648153750842,
    "earthquake": 11.01295751265025,
    "nasty-plot": 43.78989773325738,
    "focus-blast": 51.34021520855091,
    "vacuum-wave": 42.87907408951792,
    "iron-defense": 0.7538008136266104,
    "ice-punch": 12.435221947789683,
    "shadow-ball": 1.6915340985882692,
    "water-pulse": 1.3572571524230435,
    "focus-punch": 0.6486459693357348,
    "brick-break": 2.1912796420187712,
    "endure": 1.7410261636753264,
    "thunder-punch": 1.4280194241643807,
    "toxic": 0.09162174453849808,
    "circle-throw": 0.09162174027998643,
    "terrain-pulse": 9.231469960659064,
    "final-gambit": 1.6192953444135656,
    "steel-beam": 41.386824037432284,
    "substitute": 0.34194434698048715,
    "mega-punch": 0.23658730274746131,
    "shadow-claw": 1.0254465323442932,
    "blaze-kick": 2.604582134731083,
    "bulk-up": 1.5442834577650366,
    "magnet-rise": 0,
    "power-up-punch": 0.5794552498965673,
    "high-jump-kick": 2.9598302954934046,
    "detect": 0.9052424250984648,
    "protect": 1.8073481679603958,
    "stone-edge": 1.600763839412131,
    "cross-chop": 0.2395300406125948,
    "": 0.23953003635408315,
    "agility": 0.171846183513929,
    "low-sweep": 0.2643371106859471,
    "life-dew": 0.30323066714177943,
    "follow-me": 0.30323066714177943,
    "screech": 0.36210381658789664
  },
  "teras": {
    "nothing": 119.84275360454382
  },
  "spreads": [
    {
      "nature": "modest",
      "usage": "31.3",
      "evs": {
        "hp": 0,
        "atk": 0,
        "def": 0,
        "spa": 252,
        "spd": 4,
        "spe": 252
      }
    },
    {
      "nature": "jolly",
      "usage": "20.8",
      "evs": {
        "hp": 0,
        "atk": 252,
        "def": 0,
        "spa": 0,
        "spd": 4,
        "spe": 252
      }
    },
    {
      "nature": "adamant",
      "usage": "8.1",
      "evs": {
        "hp": 0,
        "atk": 252,
        "def": 0,
        "spa": 0,
        "spd": 4,
        "spe": 252
      }
    },
    {
      "nature": "hasty",
      "usage": "7.7",
      "evs": {
        "hp": 0,
        "atk": 40,
        "def": 0,
        "spa": 228,
        "spd": 0,
        "spe": 240
      }
    },
    {
      "nature": "timid",
      "usage": "6.6",
      "evs": {
        "hp": 0,
        "atk": 0,
        "def": 0,
        "spa": 252,
        "spd": 4,
        "spe": 252
      }
    },
    {
      "nature": "jolly",
      "usage": "3.8",
      "evs": {
        "hp": 4,
        "atk": 252,
        "def": 0,
        "spa": 0,
        "spd": 0,
        "spe": 252
      }
    },
    {
      "nature": "hasty",
      "usage": "2.3",
      "evs": {
        "hp": 0,
        "atk": 4,
        "def": 0,
        "spa": 252,
        "spd": 0,
        "spe": 252
      }
    },
    {
      "nature": "adamant",
      "usage": "1.8",
      "evs": {
        "hp": 252,
        "atk": 252,
        "def": 0,
        "spa": 0,
        "spd": 0,
        "spe": 4
      }
    },
    {
      "nature": "timid",
      "usage": "1.4",
      "evs": {
        "hp": 252,
        "atk": 0,
        "def": 0,
        "spa": 4,
        "spd": 0,
        "spe": 252
      }
    },
    {
      "nature": "adamant",
      "usage": "1.3",
      "evs": {
        "hp": 4,
        "atk": 252,
        "def": 0,
        "spa": 0,
        "spd": 0,
        "spe": 252
      }
    }
  ],
  "teammates": {
    "3": 1.4903630532024057,
    "6": 6.1152961937987484,
    "12": 1.1904883891904188,
    "25": 3.6547229654947513,
    "26": 0.4206181191562556,
    "34": 0.5865385623763859,
    "36": 5.058036233109695,
    "38": 0,
    "59": 0.818277071532419,
    "65": 0.3718771984604321,
    "68": 0.061999398229436065,
    "73": 0,
    "80": 11.804930932433182,
    "91": 1.2928887736592456,
    "94": 4.7778106843151775,
    "98": 0.639041032666572,
    "99": 2.44638689309579,
    "121": 2.0142536319493747,
    "130": 3.121039302471876,
    "131": 0.4206181191562556,
    "132": 1.707140602123431,
    "134": 0.4143635221642594,
    "135": 0.753812751174501,
    "143": 0.001473277338665091,
    "145": 2.418103206094102,
    "149": 3.6179571750028496,
    "151": 36.65279277415325,
    "169": 2.0664306576617277,
    "178": 2.44638689309579,
    "184": 1.6192953444135656,
    "194": 0.1830087192181461,
    "195": 0.7627231328764004,
    "196": 0.5533155860091301,
    "197": 4.824071774337996,
    "208": 1.128122801539568,
    "212": 2.037998870863446,
    "213": 0.1830087192181461,
    "227": 0.9994445976545208,
    "242": 0.6872516866358745,
    "243": 4.2585116544202606e-9,
    "248": 6.459645107486916,
    "251": 4.2585116544202606e-9,
    "254": 0.7437921710013491,
    "257": 0.8655091864673325,
    "260": 1.128122801539568,
    "275": 0,
    "279": 0.6613896059928412,
    "282": 2.561160919134897,
    "292": 0.4186201121421284,
    "324": 0.4084644085812415,
    "330": 1.972633198565687,
    "334": 4.403453655181741,
    "337": 0,
    "350": 22.279706077953513,
    "359": 0.1912117694212334,
    "365": 0.00013643507494137674,
    "376": 0.22925769564576842,
    "377": 0.5166522129330122,
    "380": 3.082289248911902,
    "405": 1.5558807929289973,
    "407": 21.673594525429266,
    "416": 0.4206181191562556,
    "423": 2.2654257767023003,
    "428": 1.8073481679603958,
    "437": 0.9550761250829621,
    "442": 16.435642129898977,
    "445": 55.50824825680255,
    "450": 0.7304370040001145,
    "454": 0.1830087192181461,
    "461": 36.200053222588686,
    "462": 0.5865385623763859,
    "464": 1.6192953444135656,
    "466": 0.00013643507494137674,
    "468": 24.436151164966667,
    "473": 0.29728822041429587,
    "474": 1.1399885940417875,
    "477": 0.187525906725169,
    "478": 0,
    "485": 8.686421345998388,
    "494": 2.0561073520596875,
    "510": 0,
    "530": 0.4885355772063496,
    "537": 5.834920085128016,
    "545": 0.3239628486028112,
    "549": 0.6486459693357348,
    "553": 0.3718771984604321,
    "555": 1.0924615735209011,
    "558": 0,
    "560": 1.0979364465697912,