{
  "id": "815",
  "name": "Cinderace",
  "format_id": "showdown_gen9almostanyability-1630",
  "usage_metrics": {
    "raw": 9302,
    "base_weight": 1715.1713496203188,
    "percent": 9.420700830463845
  },
  "roles": [
    {
      "role": "role_sweeper_physical",
      "label": "Physical Sweeper",
      "category": "OFF"
    },
    {
      "role": "role_setup",
      "label": "Setup Sweeper",
      "category": "OFF"
    },
    {
      "role": "role_pivot",
      "label": "Pivot",
      "category": "DEF"
    }
  ],
  "items": {
    "heavy-duty-boots": 910.6907524527674,
    "life-orb": 574.3490553217067,
    "liechi-berry": 0.008415468558160055,
    "choice-scarf": 69.7506895954003,
    "focus-sash": 18.27653817508337,
    "air-balloon": 3.312465227649228,
    "choice-band": 104.05980628571413,
    "wide-lens": 0.19318568835990796,
    "heat-rock": 22.404398344564132,
    "assault-vest": 2.104882819269512,
    "nothing": 0.781584073127455,
    "adrenaline-orb": 0.5892358704554641,
    "expert-belt": 0.0009426803592843536,
    "muscle-band": 0.0007649017649027368,
    "charcoal": 7.56153637204779,
    "salac-berry": 0.37542489116371874,
    "leftovers": 0.0183225093747994,
    "sitrus-berry": 0.00016859765052884557,
    "shell-bell": 0,
    "flame-plate": 0.0020245027019393236,
    "psychic-seed": 6.078607062143249e-10,
    "clear-amulet": 3.382152036213171e-8,
    "figy-berry": 0.00007625952000533953,
    "red-card": 0.2146038951486971,
    "big-nugget": 0,
    "black-glasses": 1.297846022874083e-7,
    "rocky-helmet": 0.00942199332916982,
    "toxic-orb": 0.0002911724432594909,
    "white-herb": 0.45410311841108425,
    "weakness-policy": 0.000009889521221939646,
    "terrain-extender": 0.012649350012129024,
    "electric-seed": 0,
    "lum-berry": 0,
    "covert-cloak": 0
  },
  "abilities": {
    "earth-eater": 0.48039278438798466,
    "magic-guard": 578.6581509692603,
    "sturdy": 0.14982524590846796,
    "sheer-force": 15.23827069475214,
    "desolate-land": 919.5559128955402,
    "turboblaze": 28.79171717434504,
    "libero": 0.3312309757074741,
    "water-absorb": 1.704172359207747,
    "sword-of-ruin": 5.040646588658325,
    "prankster": 19.998778728661247,
    "mold-breaker": 39.84922074596886,
    "surge-surfer": 0.003554855565708781,
    "drought": 26.187283425956604,
    "intrepid-sword": 0,
    "regenerator": 0.31427099887415516,
    "supreme-overlord": 31.333014354360387,
    "embodyaspect-teal": 0,
    "adaptability": 0.11548733934104805,
    "fluffy": 0.0002637540002737859,
    "defiant": 1.0510663382017498,
    "no-guard": 4.356203592959441,
    "flash-fire": 0.06122644614566025,
    "reckless": 0.8437436578843596,
    "disguise": 0.0022299675798168606,
    "compound-eyes": 1.4672805741430521,
    "protean": 8.222351616238299e-8,
    "cud-chew": 0.0000821534287380743,
    "quark-drive": 4.26023199458842,
    "teravolt": 18.099189532458148,
    "as-one-glastrier": 0.22385544938474217,
    "chlorophyll": 3.786303937096646,
    "download": 0.07511585945108828,
    "frisk": 0.6188083545633702,
    "beast-boost": 0.00025447276320478274,
    "hustle": 0.05964939306570438,
    "chilling-neigh": 0.17450863163954533,
    "moxie": 0.13029232335775143,
    "pressure": 3.1171487985259816e-7,
    "blaze": 0.5124983951617506,
    "tinted-lens": 1.7066975976921475,
    "slush-rush": 0,
    "purifying-salt": 0.00028458772048517433,
    "static": 0,
    "guts": 8.54682075113189e-9,
    "refrigerate": 0,
    "intimidate": 3.06918333757741,
    "flame-body": 0.03159558785144506,
    "tough-claws": 0.051084024817018014,
    "dry-skin": 0.06863000871770608,
    "serene-grace": 0.036548256076981256,
    "psychic-surge": 0.556698348127374,
    "galvanize": 1.3567151682642966,
    "levitate": 2.0136514699602217,
    "protosynthesis": 0.00015188330045251552,
    "dauntless-shield": 0.033790256894263904,
    "rock-head": 0,
    "technician": 0,
    "costar": 0,
    "aerilate": 4.172789558332113e-9,
    "neuroforce": 1.0224660618174397e-8,
    "motor-drive": 0,
    "perish-body": 0.0955064928784834,
    "unaware": 0.012414770435606959,
    "dazzling": 0.0007344990962547815,
    "weak-armor": 0.02593712657119701,
    "anger-shell": 0.18264104310009205,
    "bulletproof": 2.3794732772631506,
    "pixilate": 0.00001975746787574728,
    "filter": 0.053401854002813665,
    "hadron-engine": 0,
    "electric-surge": 0.012649350012129024,
    "quick-feet": 0.0002911632996576152,
    "merciless": 0.008103956109117738,
    "wind-rider": 0,
    "trace": 0.0004104218305993612
  },
  "moves": {
    "pyro-ball": 1229.2994762160213,
    "high-jump-kick": 895.7941499072762,
    "court-change": 1253.7666298957772,
    "will-o-wisp": 356.7766334399937,
    "flare-blitz": 484.75119669596677,
    "swords-dance": 501.3800806796905,
    "u-turn": 1192.2001833015072,
    "acrobatics": 0.6487331303629277,
    "reversal": 0.3646756895017337,
    "sucker-punch": 564.3052047812884,
    "gunk-shot": 248.95143483655158,
    "trailblaze": 3.8203954709279,
    "taunt": 84.53523835114194,
    "weather-ball": 0.00810455151216094,
    "bulk-up": 2.819928426577064,
    "double-edge": 7.67477710223597,
    "fling": 0.0026244949486431968,
    "super-fang": 11.771784214401807,
    "low-kick": 2.8334245314705555,
    "zen-headbutt": 8.08389677487158,
    "flame-charge": 0.09277237605243654,
    "overheat": 0.09745895383590192,
    "smack-down": 0.000027595737932928355,
    "iron-head": 3.2810232125128818,
    "fire-punch": 0.5912603731574033,
    "protect": 0.005788121321852857,
    "quick-attack": 0.08078940254695172,
    "coaching": 0,
    "low-sweep": 3.5766167805206805e-11,
    "counter": 0.4602142010888285,
    "endure": 0.2146959380986571,
    "agility": 0.04594520304189309,
    "focus-blast": 0,
    "electro-ball": 1.6145327499129665,
    "": 1.023606835283115,
    "facade": 0.00029116389643873974,
    "fire-blast": 0.005102714173928935,
    "sunny-day": 0.043352900674614,
    "fire-fang": 0.006625915747643818,
    "temper-flare": 0.010633200769538664,
    "sand-attack": 0.00039177358553410535,
    "substitute": 0.009422010672275993,
    "scorching-sands": 2.1778824735790825,
    "flamethrower": 0,
    "burning-jealousy": 0,
    "tera-blast": 0,
    "headbutt": 0.00007972336013883918,
    "bounce": 1.134929150149442,
    "double-kick": 0
  },
  "teras": {
    "nothing": 1715.1713496203167
  },
  "spreads": [
    {
      "nature": "jolly",
      "usage": "63.0",
      "evs": {
        "hp": 0,
        "atk": 252,
        "def": 0,
        "spa": 0,
        "spd": 4,
        "spe": 252
      }
    },
    {
      "nature": "jolly",
      "usage": "18.4",
      "evs": {
        "hp": 0,
        "atk": 252,
        "def": 4,
        "spa": 0,
        "spd": 0,
        "spe": 252
      }
    },
    {
      "nature": "jolly",
      "usage": "3.9",
      "evs": {
        "hp": 252,
        "atk": 4,
        "def": 0,
        "spa": 0,
        "spd": 0,
        "spe": 252
      }
    },
    {
      "nature": "jolly",
      "usage": "2.8",
      "evs": {
        "hp": 232,
        "atk": 0,
        "def": 24,
        "spa": 0,
        "spd": 0,
        "spe": 252
      }
    },
    {
      "nature": "jolly",
      "usage": "2.6",
      "evs": {
        "hp": 4,
        "atk": 252,
        "def": 0,
        "spa": 0,
        "spd": 0,
        "spe": 252
      }
    },
    {
      "nature": "adamant",
      "usage": "1.8",
      "evs": {
        "hp": 0,
        "atk": 252,
        "def": 0,
        "spa": 0,
        "spd": 0,
        "spe": 252
      }
    },
    {
      "nature": "jolly",
      "usage": "1.6",
      "evs": {
        "hp": 84,
        "atk": 172,
        "def": 0,
        "spa": 0,
        "spd": 0,
        "spe": 252
      }
    },
    {
      "nature": "adamant",
      "usage": "1.2",
      "evs": {
        "hp": 0,
        "atk": 252,
        "def": 0,
        "spa": 0,
        "spd": 4,
        "spe": 252
      }
    },
    {
      "nature": "jolly",
      "usage": "1.2",