{
  "id": "989",
  "name": "Sandy Shocks",
  "format_id": "showdown_gen9almostanyability-1630",
  "usage_metrics": {
    "raw": 2694,
    "base_weight": 488.5726446508981,
    "percent": 2.7283775572209845
  },
  "roles": [
    {
      "role": "role_sweeper_special",
      "label": "Special Sweeper",
      "category": "OFF"
    },
    {
      "role": "role_terrain",
      "label": "Terrain Setter",
      "category": "SUP"
    }
  ],
  "items": {
    "terrain-extender": 46.58342077889672,
    "choice-scarf": 184.98327836376916,
    "air-balloon": 0.12143533657228328,
    "assault-vest": 3.4837899581654614,
    "leftovers": 44.71761073479259,
    "heavy-duty-boots": 48.670741488062205,
    "life-orb": 47.68283102649542,
    "choice-specs": 14.549057448251258,
    "focus-sash": 5.4270431209941385,
    "rocky-helmet": 1.311453577989214,
    "magnet": 3.56960829035814,
    "wise-glasses": 4.301204640404632,
    "power-herb": 0,
    "covert-cloak": 0.00000523517344791502,
    "zap-plate": 0.008631653381867832,
    "expert-belt": 79.956964188583,
    "smooth-rock": 0.0010748297630471804,
    "nothing": 0.0004897094670975322,
    "stone-plate": 0.1285721517647424,
    "light-clay": 0.044130969022248334,
    "ability-shield": 7.690163185691823e-7,
    "booster-energy": 0,
    "shuca-berry": 1.6953854458104032,
    "sitrus-berry": 0.0000300706449013477,
    "eject-button": 0,
    "heat-rock": 1.320401826429349,
    "clear-amulet": 0.012602317514551986,
    "red-card": 0.0028807195761006987,
    "flame-orb": 0,
    "earth-plate": 0
  },
  "abilities": {
    "hadron-engine": 319.7622691794251,
    "no-guard": 6.5389816357853325,
    "quark-drive": 0.00011260475515939561,
    "pixilate": 0.6385755501459551,
    "teravolt": 12.910845721474166,
    "mold-breaker": 6.038233928954942,
    "serene-grace": 0.4474262598669731,
    "storm-drain": 19.081718849283686,
    "surge-surfer": 1.7787777306741823,
    "sheer-force": 15.044860501860311,
    "prankster": 0.9773662521975237,
    "normalize": 0,
    "turboblaze": 7.269377461824218,
    "download": 0.010235503091924447,
    "adaptability": 7.153263505556012,
    "transistor": 0,
    "tinted-lens": 0.041958860845147994,
    "water-absorb": 4.010810422554018,
    "regenerator": 2.6798735713970494,
    "refrigerate": 59.43761206088946,
    "protean": 0,
    "electromorphosis": 0.2313880795058963,
    "trace": 0,
    "earth-eater": 15.41400306639316,
    "electric-surge": 0.4320766781204696,
    "beads-of-ruin": 0.5565568085802879,
    "sand-stream": 0.0010748297630471804,
    "protosynthesis": 0.8554561950741132,
    "bulletproof": 1.7766702021724692,
    "technician": 0.0001265187497852538,
    "fluffy": 0.015349597965459705,
    "tablets-of-ruin": 0,
    "drizzle": 0,
    "volt-absorb": 0,
    "galvanize": 0.000052851843597379045,
    "drought": 1.320401826429349,
    "beast-boost": 0,
    "levitate": 1.5289813809071675,
    "magic-guard": 0.005904808693935781,
    "competitive": 2.610118531954846,
    "sand-force": 0.00218367416345272,
    "flare-boost": 0
  },
  "moves": {
    "volt-switch": 465.70292050565996,
    "earth-power": 486.2217230592078,
    "power-gem": 73.15456282884668,
    "thunderbolt": 353.5856100722144,
    "stealth-rock": 280.842122175097,
    "tera-blast": 0.7297452329435157,
    "zap-cannon": 6.539471282614206,
    "reflect": 0.044130969022248334,
    "light-screen": 0.04413099006228993,
    "flash-cannon": 8.69711141785389,
    "tri-attack": 61.76775694853562,
    "discharge": 6.728680301801758,
    "spikes": 154.63295214767058,
    "thunder": 3.510918799706502,
    "scorching-sands": 2.957965169277135,
    "substitute": 0.43521501158849585,
    "thunder-wave": 14.965803158434063,
    "hyper-beam": 0.11706613735627663,
    "mirror-coat": 4.1204444695411775,
    "charge-beam": 0.0015902669672058223,
    "protect": 15.926758098856654,
    "": 0.008633097968580472,
    "gravity": 10.397367218330041,
    "earthquake": 0.3770372611648304,
    "body-slam": 0,
    "supersonic": 0.0007725654295610007,
    "screech": 0.02651233488118987,
    "metal-sound": 0.02651233488118987,
    "body-press": 1.3204996445946495,
    "iron-defense": 1.3204996445946495,
    "mud-shot": 0.0001265187497852538,
    "electroweb": 0.003892304026191007,
    "charge": 0,
    "electro-ball": 0.04266688738379898,
    "supercell-slam": 0.039379748332445175
  },
  "teras": {
    "nothing": 488.57264465089867
  },
  "spreads": [
    {
      "nature": "timid",
      "usage": "74.1",
      "evs": {
        "hp": 0,
        "atk": 0,
        "def": 0,
        "spa": 252,
        "spd": 4,
        "spe": 252
      }
    },
    {
      "nature": "modest",
      "usage": "13.4",
      "evs": {
        "hp": 0,
        "atk": 0,
        "def": 0,
        "spa": 252,
        "spd": 4,
        "spe": 252
      }
    },
    {
      "nature": "modest",
      "usage": "3.4",
      "evs": {
        "hp": 4,
        "atk": 0,
        "def": 0,
        "spa": 252,
        "spd": 0,
        "spe": 252
      }
    },
    {
      "nature": "timid",
      "usage": "3.0",
      "evs": {
        "hp": 0,
        "atk": 0,
        "def": 0,
        "spa": 252,
        "spd": 0,
        "spe": 252
      }
    },
    {
      "nature": "timid",
      "usage": "1.0",
      "evs": {
        "hp": 4,
        "atk": 0,
        "def": 0,
        "spa": 252,
        "spd": 0,
        "spe": 252
      }
    },
    {
      "nature": "modest",
      "usage": "0.9",
      "evs": {
        "hp": 0,
        "atk": 0,
        "def": 4,
        "spa": 252,
        "spd": 0,
        "spe": 252
      }
    },
    {
      "nature": "timid",
      "usage": "0.7",
      "evs": {
        "hp": 0,
        "atk": 0,
        "def": 4,
        "spa": 252,
        "spd": 0,
        "spe": 252
      }
    },
    {
      "nature": "calm",
      "usage": "0.6",
      "evs": {
        "hp": 252,
        "atk": 0,
        "def": 0,
        "spa": 4,
        "spd": 252,
        "spe": 0
      }
    },
    {
      "nature": "timid",
      "usage": "0.6",
      "evs": {
        "hp": 248,
        "atk": 0,
        "def": 0,
        "spa": 8,
        "spd": 0,
        "spe": 252
      }
    },
    {
      "nature": "timid",
      "usage": "0.4",
      "evs": {
        "hp": 76,
        "atk": 0,
        "def": 0,
        "spa": 88,
        "spd": 96,
        "spe": 248
      }
    }
  ],
  "teammates": {
    "3": 0.00303190844556811,
    "9": 3.6577904805446146,
    "25": 1.1461187206977532,
    "28": 0.017372695245741643,
    "36": 0,
    "49": 0.00037274829970473933,
    "50": 0.1244499375323943,
    "62": 0.00303190844556811,
    "71": 0.00037274829970473933,
    "73": 0.797152813966512,
    "76": 1.3943436029134073,
    "91": 17.55637065230663,
    "94": 2.371525093305333,
    "113": 0,
    "123": 1.1440618774693105,
    "132": 0,
    "134": 0.9161841649079274,
    "135": 0.00841574224872077,
    "136": 2.0432916666702656,
    "143": 0,
    "145": 22.10088321037566,
    "146": 59.41936817331166,
    "151": 0,
    "168": 2.632151198770976,
    "182": 0,
    "195": 0.03478303366633123,
    "196": 4.960109878382468e-9,
    "197": 2.52971635581073,
    "199": 0.6316936531111352,
    "205": 2.0547917910305795,
    "212": 1.0055036396656518,
    "214": 0.14820355629498844,
    "225": 0.020207835492662363,
    "227": 6.7742702698286426,
    "230": 3.3306690738754696e-16,
    "233": 0.6370697545569846,
    "235": 0.05832763379287975,
    "242": 0.6188363920673319,
    "243": 16.082890772242468,
    "244": 22.559592008013787,
    "245": 1.783312873361339,
    "248": 0.0014643520087189166,
    "257": 0.015349597965459705,
    "260": 31.636201664436033,
    "282": 4.5993283758391605,
    "284": 0,
    "323": 0.00037274829970473933,
    "324": 0.03503219457036261,
    "330": 0.0006888989018448144,
    "332": 2.4445165253784538,
    "334": 0.000006355914557554243,
    "335": 0.280448930087942,
    "336": 0.0014637254650847198,
    "340": 0,
    "342": 0.006772949358079705,