{
  "id": "635",
  "name": "Hydreigon",
  "format_id": "showdown_gen6ou-1500",
  "usage_metrics": {
    "raw": 1807,
    "base_weight": 982.0375262181774,
    "percent": 2.709064195976133
  },
  "roles": [
    {
      "role": "role_sweeper_special",
      "label": "Special Sweeper",
      "category": "OFF"
    }
  ],
  "items": {
    "life-orb": 326.1060149326119,
    "choice-specs": 263.24199946333766,
    "assault-vest": 27.57144565517486,
    "choice-scarf": 97.56437583518351,
    "expert-belt": 110.36918227880898,
    "leftovers": 20.141962801827393,
    "black-glasses": 110.69407313611646,
    "lum-berry": 0.010397985502138274,
    "choice-band": 1.093656008222136,
    "scope-lens": 1.2208901190202919,
    "roseli-berry": 0.17733099971953215,
    "dread-plate": 9.274185037904585,
    "wise-glasses": 2.7577933777247963,
    "sitrus-berry": 1.1337847194864263,
    "air-balloon": 0.5646263315500823,
    "nothing": 1.40245402996249,
    "white-herb": 4.825431900433944,
    "yache-berry": 2.999611279648284,
    "metal-coat": 0.3191157296816511,
    "nomel-berry": 0.567638896333954,
    "dragon-fang": 0.0015556999257123616
  },
  "abilities": {
    "levitate": 982.0375262181774
  },
  "moves": {
    "draco-meteor": 722.6206297217695,
    "dark-pulse": 925.8081398028365,
    "fire-blast": 371.85733929535184,
    "earth-power": 309.342347189392,
    "flash-cannon": 537.6961521346267,
    "flamethrower": 379.2224622780758,
    "u-turn": 124.8592802901483,
    "earthquake": 2.0089463073212914,
    "surf": 108.93109969038815,
    "focus-blast": 38.473581337541304,
    "roost": 160.54324018127969,
    "thunder-wave": 127.23563936275421,
    "dragon-pulse": 34.21767784201578,
    "hidden-power-psychic": 0.010397985502138274,
    "hidden-power-grass": 0.747576200633536,
    "acrobatics": 1.165397774315561,
    "outrage": 0.05056774811645043,
    "crunch": 5.32330728734488,
    "reflect": 0.33187330155615413,
    "signal-beam": 1.795551213977443,
    "focus-energy": 1.2208901190202919,
    "heat-wave": 1.6096911401864116,
    "work-up": 1.9468395073867504,
    "taunt": 18.44828977387694,
    "superpower": 11.007368701362502,
    "tailwind": 18.247752373498027,
    "tri-attack": 2.5812483194135476,
    "substitute": 10.710288271993917,
    "head-smash": 2.24695726929097,
    "rock-tomb": 0.3723791797921337,
    "dragon-rush": 2.0465047037135915,
    "scary-face": 1.1337847194864263,
    "fire-fang": 0.07100653495422432,
    "bite": 0.4936197965958579,
    "protect": 0.4936197965958579,
    "fly": 0.35618797428981325,
    "charge-beam": 2.166018665617609,
    "toxic": 0.5936042545455139,
    "zen-headbutt": 0.1628468261429083
  },
  "teras": {
    "nothing": 982.0375262181774
  },
  "spreads": [
    {
      "nature": "timid",
      "usage": "33.8",
      "evs": {
        "hp": 0,
        "atk": 0,
        "def": 0,
        "spa": 252,
        "spd": 4,
        "spe": 252
      }
    },
    {
      "nature": "timid",
      "usage": "25.0",
      "evs": {
        "hp": 4,
        "atk": 0,
        "def": 0,
        "spa": 252,
        "spd": 0,
        "spe": 252
      }
    },
    {
      "nature": "modest",
      "usage": "14.2",
      "evs": {
        "hp": 0,
        "atk": 0,
        "def": 4,
        "spa": 252,
        "spd": 0,
        "spe": 252
      }
    },
    {
      "nature": "timid",
      "usage": "6.7",
      "evs": {
        "hp": 0,
        "atk": 0,
        "def": 4,
        "spa": 252,
        "spd": 0,
        "spe": 252
      }
    },
    {
      "nature": "modest",
      "usage": "4.1",
      "evs": {
        "hp": 0,
        "atk": 0,
        "def": 0,
        "spa": 252,
        "spd": 4,
        "spe": 252
      }
    },
    {
      "nature": "hasty",
      "usage": "2.2",
      "evs": {
        "hp": 0,
        "atk": 4,
        "def": 0,
        "spa": 252,
        "spd": 0,
        "spe": 252
      }
    },
    {
      "nature": "modest",
      "usage": "1.8",
      "evs": {
        "hp": 4,
        "atk": 0,
        "def": 72,
        "spa": 244,
        "spd": 0,
        "spe": 188
      }
    },
    {
      "nature": "timid",
      "usage": "1.7",
      "evs": {
        "hp": 0,
        "atk": 0,
        "def": 24,
        "spa": 252,
        "spd": 0,
        "spe": 232
      }
    },
    {
      "nature": "hardy",
      "usage": "1.1",
      "evs": {
        "hp": 0,
        "atk": 0,
        "def": 0,
        "spa": 252,
        "spd": 4,
        "spe": 252
      }
    },
    {
      "nature": "hardy",
      "usage": "0.9",
      "evs": {
        "hp": 132,
        "atk": 0,
        "def": 0,
        "spa": 124,
        "spd": 0,
        "spe": 252
      }
    }
  ],
  "teammates": {
    "3": 212.04353770221343,
    "6": 0.06512701909141766,
    "8": 2.6817573257515344,
    "9": 1.1300381628624496,
    "25": 2.264991038018313,
    "26": 0.3129690580030613,
    "36": 60.2177769109323,
    "59": 4.359033951411861,
    "65": 4.672631445626253,
    "68": 211.77310721716586,
    "73": 62.283557658846576,
    "80": 22.73894215236838,
    "91": 1.2504229899906678,
    "94": 4.78333514359584,
    "113": 10.981415828538545,
    "121": 41.303645186594395,
    "130": 4.25313222499227,
    "132": 1.675720925734613,
    "134": 3.508461491037664,
    "135": 4.682206354112575,
    "139": 0.2904979342941497,
    "142": 0.00012707146140927827,
    "143": 0.5657858626374229,
    "145": 35.72989274356496,
    "149": 11.95884055487746,
    "151": 21.242711187999678,
    "157": 0.7795452638472731,
    "169": 3.5284524694383914,
    "184": 40.183473640814384,
    "186": 12.339831565963399,
    "195": 0.9015384003079067,
    "196": 0.5139247752910521,
    "197": 17.46515644637124,
    "198": 14.5358627077008,
    "199": 3.4442207924364,
    "205": 1.705760944485645,
    "212": 66.2861031579852,
    "213": 0.8076085229607922,
    "214": 4.440869017809815,
    "217": 0.17733099970451338,
    "227": 12.544719493478025,
    "230": 3.912287002042604,
    "232": 2.951662937364105,
    "233": 1.0691605926662258,
    "235": 0.1735195089431476,
    "237": 1.7648029802140155,
    "242": 0.7861472711065225,
    "244": 0.007200567224929955,
    "245": 4.002339104368653,
    "248": 79.06204555333458,
    "251": 3.9226013252988885,
    "254": 0.16284682615792706,
    "260": 6.037002642621032,
    "272": 2.072544789134409,
    "282": 9.147918901676297,
    "286": 20.923197745386602,
    "292": 0.6323419172409168,
    "295": 0.669434937103734,
    "302": 0.06599709316304475,
    "306": 212.01212821498672,
    "330": 0.00009393533961915557,
    "336": 0.8921552217309855,
    "342": 5.226865932189681,
    "350": 0.000031962049345857224,
    "354": 0.3191157296816511,
    "356": 0.3718771984604321,
    "359": 0.09202992079053263,
    "373": 2.0416913700965065,
    "376": 1.257628380919816,
    "380": 9.544902360461704,
    "381": 18.78520236084894,
    "385": 56.54430012381524,
    "389": 1.1337847194864263,
    "392": 46.97056882985723,
    "398": 0.0003486921804669585,
    "405": 2.137671808225827,
    "407": 5.459661646484936,
    "423": 2.4439743870757367,
    "428": 0.06512701909141766,
    "430": 0.6961535947063897,
    "437": 1.416221980979337,
    "442": 9.964466583825992,
    "445": 39.500871975486945,
    "448": 3.5420168925428164,
    "450": 8.749068307986951,
    "452": 0.49876019561510476,
    "454": 2.5605298135094348,
    "460": 0.006166050181779237,
    "461": 22.42109372709408,
    "462": 20.120854911938107,
    "464": 7.116872962672057,
    "465": 0.2979761080999401,
    "466": 1.9607248416207073,
    "468": 4.40837416560608,
    "471": 1.8636735526393604,
    "472": 27.384869989733374,
    "473": 22.0537752565554,
    "474": 0.010065034395810635,
    "477": 212.42934049224056,
    "480": 0.16431466068219425,
    "482": 0.5763233064635596,
    "485": 91.00698083776085,
    "488": 7.053812304910404,
    "490": 4.6776034474229675,
    "494": 9.463983230494227,
    "497": 62.50005022863991,
    "500": 6.638018384024625,
    "503": 1.2070990509299582,