{
  "id": "380",
  "name": "Latias",
  "format_id": "showdown_gen5ou",
  "usage_metrics": {
    "raw": 3084,
    "base_weight": 233.98787344896476,
    "percent": 3.8372527062336697
  },
  "items": {
    "colbur-berry": 63.230809360364475,
    "haban-berry": 0.042065703101691665,
    "leftovers": 20.652530073586018,
    "light-clay": 23.563985602945518,
    "choice-scarf": 25.20934424531776,
    "choice-specs": 68.20343069281375,
    "life-orb": 0.5967270530900399,
    "eject-button": 0.762381507417674,
    "white-herb": 0.27665762537511573,
    "rocky-helmet": 31.292391813237426,
    "expert-belt": 0.003507669464400287,
    "dragon-fang": 0.000013098895009278078,
    "nothing": 0.00003726912388446468,
    "apicot-berry": 0,
    "lum-berry": 0.013966321500845424,
    "red-card": 0.12443868688451953,
    "choice-band": 0,
    "sitrus-berry": 0,
    "focus-sash": 0,
    "yache-berry": 0.015586611873320222,
    "mental-herb": 1.1397381305400245e-7
  },
  "abilities": {
    "levitate": 233.98787344896476
  },
  "moves": {
    "draco-meteor": 178.27727480440515,
    "surf": 153.99027766174396,
    "thunder-wave": 111.15663879811234,
    "roost": 46.73698655603132,
    "psychic": 7.281878982541141,
    "reflect": 50.37918409158349,
    "dragon-pulse": 41.141273060906116,
    "hiddenpowerfire": 15.397147057455236,
    "calm-mind": 8.196954886466973,
    "protect": 0.000007596926618169686,
    "recover": 76.5061299873122,
    "substitute": 7.988628274720703,
    "light-screen": 23.650351809058936,
    "healing-wish": 116.59950463419653,
    "wish": 0.02286479293535454,
    "roar": 3.299189590141639,
    "rest": 1.3573940754740832e-7,
    "sleep-talk": 1.3573940754740832e-7,
    "psycho-shift": 0.0033491477464285824,
    "psyshock": 3.7192174976286805,
    "thunderbolt": 0.04474368778391047,
    "trick": 81.51610668954683,
    "shadow-ball": 0.04256760330126397,
    "energy-ball": 0,
    "tailwind": 0.5849935615087588,
    "ice-beam": 7.7647119217824025,
    "thunder": 0.9837912971699827,
    "toxic": 0.1524551392253452,
    "defog": 0.03406393638401384,
    "hiddenpowerfighting": 0.014623498438566196,
    "reflect-type": 0.020474098838218713,
    "attract": 5.10702591327572e-15,
    "grass-knot": 0.20128660308988905,
    "refresh": 0,
    "sucker-punch": 4.60785211431336e-7,
    "dragon-claw": 0,
    "covet": 0.12443868688451953,
    "outrage": 0,
    "zen-headbutt": 0,
    "shadow-claw": 0,
    "magic-coat": 0.06943972232849072,
    "mist-ball": 3.367450079894141e-8,
    "dragon-breath": 7.237617044575373e-8,
    "facade": 0.014461934700035484,
    "earthquake": 0.00001354619391724654,
    "hiddenpowerground": 0.03646180045657954,
    "dream-eater": 0,
    "charge-beam": 0,
    "charm": 0
  },
  "teras": {
    "nothing": 233.98787344896476
  },
  "spreads": [
    {
      "nature": "Timid",
      "usage": "60.8",
      "evs": {
        "hp": 0,
        "atk": 0,
        "def": 0,
        "spa": 252,
        "spd": 4,
        "spe": 252
      }
    },
    {
      "nature": "Timid",
      "usage": "12.6",
      "evs": {
        "hp": 252,
        "atk": 0,
        "def": 4,
        "spa": 0,
        "spd": 0,
        "spe": 252
      }
    },
    {
      "nature": "Timid",
      "usage": "7.4",
      "evs": {
        "hp": 252,
        "atk": 0,
        "def": 0,
        "spa": 4,
        "spd": 0,
        "spe": 252
      }
    },
    {
      "nature": "Timid",
      "usage": "4.4",
      "evs": {
        "hp": 216,
        "atk": 0,
        "def": 0,
        "spa": 40,
        "spd": 0,
        "spe": 252
      }
    },
    {
      "nature": "Timid",
      "usage": "4.1",
      "evs": {
        "hp": 208,
        "atk": 0,
        "def": 0,
        "spa": 48,
        "spd": 0,
        "spe": 252
      }
    },
    {
      "nature": "Timid",
      "usage": "2.5",
      "evs": {
        "hp": 248,
        "atk": 0,
        "def": 0,
        "spa": 8,
        "spd": 0,
        "spe": 252
      }
    },
    {
      "nature": "Timid",
      "usage": "1.8",
      "evs": {
        "hp": 248,
        "atk": 0,
        "def": 0,
        "spa": 0,
        "spd": 8,
        "spe": 252
      }
    },
    {
      "nature": "Timid",
      "usage": "1.6",
      "evs": {
        "hp": 0,
        "atk": 0,
        "def": 4,
        "spa": 252,
        "spd": 0,
        "spe": 252
      }
    },
    {
      "nature": "Timid",
      "usage": "1.4",
      "evs": {
        "hp": 248,
        "atk": 0,
        "def": 8,
        "spa": 0,
        "spd": 0,
        "spe": 252
      }
    },
    {
      "nature": "Bold",
      "usage": "1.4",
      "evs": {
        "hp": 248,
        "atk": 0,
        "def": 228,
        "spa": 0,
        "spd": 0,
        "spe": 32
      }
    }
  ],
  "teammates": {
    "1": 0,
    "9": 0.015816680195698762,
    "25": 0,
    "31": 0.08765920196876992,
    "34": 0.04051820456627431,
    "36": 79.50296191531439,
    "38": 0.7679591065764111,
    "55": 2.991717192313281e-7,
    "59": 1.7474910407599964e-13,
    "65": 47.77114039551823,
    "68": 0.000023125840104332163,
    "73": 1.3441012830264993,
    "80": 1.402317526833053,
    "82": 1.9322632693824418,
    "94": 0.9098724524775457,
    "113": 3.0733889295311365,
    "121": 40.490880650237656,
    "130": 2.2126894089753013,
    "132": 0,
    "135": 0.019948375339063795,
    "139": 4.9113704436720695e-8,
    "141": 0.008284207397342647,
    "142": 0.010999641396390869,
    "145": 0.8957022768425779,
    "149": 50.114730349960496,
    "151": 0.5889362634093462,
    "157": 0.00009305838233697461,
    "160": 4.468109615629601e-8,
    "169": 5.10702591327572e-15,
    "178": 0.7711480971386961,
    "186": 10.656584704397108,
    "195": 0.00001354619391724654,
    "196": 0.00005563352796628118,
    "197": 0.00002377051327856483,
    "199": 0,
    "205": 2.2655855917785086,
    "207": 0,
    "212": 12.261266748434647,
    "221": 1.9129142714291447e-13,
    "227": 93.30892245003798,
    "229": 5.10702591327572e-15,
    "230": 0.14890221033845868,
    "232": 3.109843033144024,
    "233": 0.0005402437999934562,
    "237": 8.039578368035372e-7,
    "241": 0.042065700541907225,
    "242": 3.1745661896041213,
    "243": 0.034073578840855434,
    "244": 0,
    "245": 0.00008364825446999236,
    "248": 36.19020623976936,
    "251": 0.017654508435139826,
    "256": 1.942890293094024e-15,
    "272": 0,
    "282": 0.000007891726734210458,
    "286": 29.414109431310415,
    "302": 0.0035707075029871027,
    "306": 0,
    "308": 0.000007891726734210458,
    "319": 7.822666958645641e-10,
    "324": 4.9113704436720695e-8,
    "330": 0,
    "344": 0.6399493380607473,
    "346": 0.017169607386189556,
    "348": 2.991717192313281e-7,
    "350": 0.010244267110444072,
    "351": 0,
    "354": 7.237614163546624e-8,
    "356": 0.00002377051327856483,
    "365": 0.02569211937346816,
    "373": 4.164567695208776,
    "376": 7.188326433368607,
    "379": 0.12443868688451953,
    "381": 6.235072992118459,
    "385": 71.75081157694403,
    "389": 0.000008570397975082855,
    "392": 0.019925904608274314,
    "395": 0.000002703792831737495,
    "423": 0.04206570619776906,
    "424": 0.00001474544300000824,
    "429": 0,
    "430": 4.9113704436720695e-8,
    "437": 42.470473855223375,
    "445": 33.98465092805001,
    "448": 10.427618950887418,
    "450": 77.83408640552015,
    "454": 2.727503008567325,
    "460": 2.008428449072998,
    "461": 3.0811758159611498,
    "462": 9.29674991615902,
    "463": 2.991717192313281e-7,
    "464": 0.0000026314166901020286,
    "465": 0.000008130450082799445,
    "468": 0.024426871747142254,
    "472": 20.696112236078246,
    "473": 3.3596986231109227,
    "474": 0.00000808905278526506,
    "477": 3.461234265866864e-8,
    "478": 0.02037930253452136,
    "482": 0.6249112976343034,
    "485": 29.107321918770303,
    "488": 3.183682207872545,
    "492": 0,
    "494": 0.6571004217907014,
    "503": 0,
    "526": 0,
    "530": 35.27359755489504,
    "531": 0,
    "533": 0,