{
  "id": "763",
  "name": "Tsareena",
  "format_id": "showdown_gen9ru-1500",
  "usage_metrics": {
    "raw": 1633,
    "base_weight": 1000.2562071626905,
    "percent": 2.186545980397408
  },
  "roles": [
    {
      "role": "role_sweeper_physical",
      "label": "Physical Sweeper",
      "category": "OFF"
    },
    {
      "role": "role_pivot",
      "label": "Pivot",
      "category": "DEF"
    }
  ],
  "items": {
    "assault-vest": 217.84624594171342,
    "heavy-duty-boots": 580.6504008009149,
    "sitrus-berry": 1.0882784208987317,
    "covert-cloak": 46.411992847072256,
    "focus-sash": 0.19160583823311345,
    "wide-lens": 24.399451116622366,
    "life-orb": 16.178710781788297,
    "choice-scarf": 39.10791186887067,
    "lum-berry": 5.941738786972335,
    "protective-pads": 7.393574105269997,
    "muscle-band": 1.2000476619537235,
    "leftovers": 37.87005992904849,
    "choice-band": 2.701488485885579,
    "rocky-helmet": 2.4486902180718695,
    "expert-belt": 5.073234000348188,
    "miracle-seed": 0.017338784094938775,
    "liechi-berry": 0.046700992676334374,
    "meadow-plate": 0.7826435496019812,
    "eject-button": 1.770252444038893,
    "power-herb": 0.3181784511026654,
    "kebia-berry": 5.975459780750473,
    "mirror-herb": 1.9622512401376633,
    "loaded-dice": 0.6281228015395679,
    "salac-berry": 0.25182831508428694
  },
  "abilities": {
    "queenly-majesty": 950.7460313812292,
    "leaf-guard": 49.510175781461385
  },
  "moves": {
    "trop-kick": 233.32934648743282,
    "knock-off": 754.5753614631349,
    "u-turn": 523.5666077529328,
    "triple-axel": 289.16478891675126,
    "rapid-spin": 978.1236041204214,
    "power-whip": 681.6763029687069,
    "petal-blizzard": 66.39696850143036,
    "acrobatics": 4.4359595990825165,
    "synthesis": 178.23149020977195,
    "tera-blast": 3.6263167582453737,
    "reflect": 0.7619322682025084,
    "high-jump-kick": 247.09414502594947,
    "taunt": 8.668712496174159,
    "zen-headbutt": 2.315447047477653,
    "play-rough": 15.210593531142248,
    "trailblaze": 3.6603727351486097,
    "low-kick": 3.0109824512080285,
    "low-sweep": 2.485852365924541,
    "flail": 0.046700992676334374,
    "endure": 0.046700992676334374,
    "seed-bomb": 0.6036597378079271,
    "solar-blade": 0.3181784511026654,
    "swagger": 1.9622512401376633,
    "sleep-talk": 0.5422148678425203,
    "rest": 0.5422148678425203,
    "bullet-seed": 0.6281228015395679
  },
  "teras": {
    "steel": 52.462016837586454,
    "water": 307.6458095447449,
    "poison": 70.86108489826255,
    "fire": 33.75920860575015,
    "dark": 35.62978522346,
    "flying": 2.153857078370777,
    "grass": 240.33455068604314,
    "rock": 7.16284567192082,
    "ice": 7.683884475570043,
    "dragon": 103.41110101505399,
    "fairy": 38.19806518886581,
    "fighting": 75.91273200394008,
    "stellar": 6.4530366509129,
    "ghost": 18.588229282208918
  },
  "spreads": [
    {
      "nature": "adamant",
      "usage": "17.8",
      "evs": {
        "hp": 252,
        "atk": 252,
        "def": 0,
        "spa": 0,
        "spd": 4,
        "spe": 0
      }
    },
    {
      "nature": "jolly",
      "usage": "13.6",
      "evs": {
        "hp": 0,
        "atk": 252,
        "def": 0,
        "spa": 0,
        "spd": 4,
        "spe": 252
      }
    },
    {
      "nature": "impish",
      "usage": "9.3",
      "evs": {
        "hp": 248,
        "atk": 4,
        "def": 136,
        "spa": 0,
        "spd": 0,
        "spe": 120
      }
    },
    {
      "nature": "jolly",
      "usage": "6.8",
      "evs": {
        "hp": 248,
        "atk": 4,
        "def": 176,
        "spa": 0,
        "spd": 0,
        "spe": 80
      }
    },
    {
      "nature": "adamant",
      "usage": "4.7",
      "evs": {
        "hp": 4,
        "atk": 252,
        "def": 0,
        "spa": 0,
        "spd": 0,
        "spe": 252
      }
    },
    {
      "nature": "careful",
      "usage": "4.5",
      "evs": {
        "hp": 252,
        "atk": 0,
        "def": 92,
        "spa": 0,
        "spd": 164,
        "spe": 0
      }
    },
    {
      "nature": "adamant",
      "usage": "4.4",
      "evs": {
        "hp": 0,
        "atk": 252,
        "def": 0,
        "spa": 0,
        "spd": 4,
        "spe": 252
      }
    },
    {
      "nature": "jolly",
      "usage": "4.3",
      "evs": {
        "hp": 4,
        "atk": 252,
        "def": 0,
        "spa": 0,
        "spd": 0,
        "spe": 252
      }
    },
    {
      "nature": "impish",
      "usage": "2.8",
      "evs": {
        "hp": 252,
        "atk": 0,
        "def": 252,
        "spa": 0,
        "spd": 0,
        "spe": 4
      }
    },
    {
      "nature": "adamant",
      "usage": "1.9",
      "evs": {
        "hp": 252,
        "atk": 252,
        "def": 0,
        "spa": 0,
        "spd": 0,
        "spe": 4
      }
    }
  ],
  "teammates": {
    "3": 7.392311867323048,
    "6": 7.392311867323048,
    "38": 18.360552842706554,
    "45": 0.04575147430359472,
    "55": 2.3944582777096146,
    "59": 16.59240062836004,
    "73": 0.46656929405239944,
    "80": 50.820956818332014,
    "91": 36.63449082256573,
    "94": 81.05296694822967,
    "103": 3.0514982737966463,
    "106": 8.772557232659377,
    "110": 1.777138462217854,
    "112": 0.400048223899966,
    "113": 43.09648644556912,
    "117": 0.00006083972362441736,
    "123": 2.9667839531999567,
    "125": 0.004949103901023599,
    "132": 4.371737060601351,
    "134": 6.950057678884144,
    "135": 1.7160300564388817,
    "136": 0.0417031594163092,
    "151": 16.904446600145466,
    "157": 5.195105751650583,
    "160": 21.609881994322418,
    "168": 1.4694511662628615,
    "171": 2.0619783025807568,
    "181": 0.01692144043527083,
    "185": 2.9442112198041857,
    "186": 82.30589525218723,
    "195": 221.2979360129818,
    "196": 7.864393593820963,
    "197": 97.41747638344661,
    "200": 2.485852365924541,
    "205": 8.295614665541681,
    "207": 20.710587136815903,
    "211": 0.9919249135326418,
    "214": 2.938994896625336,
    "217": 3.5077902700846852,
    "229": 0.018096046924806763,
    "230": 1.2774035981340228,
    "235": 1.0620470755277196,
    "242": 11.539735940564098,
    "243": 38.00198999966201,
    "244": 40.10947287130553,
    "245": 46.03964502899559,
    "254": 1.522049463399942,
    "260": 8.939908558070814,
    "272": 13.64183074445184,
    "282": 26.013682719886766,
    "284": 0.03772708785058709,
    "286": 4.201142291845417,
    "302": 0.8452633161656653,
    "324": 7.154755424024147,
    "326": 0.014459522576025563,
    "330": 19.70950653510694,
    "334": 1.2931994626441419,
    "342": 62.230887733495635,
    "350": 19.304143436177423,
    "354": 0.3718771984604321,
    "356": 15.89766533535628,
    "379": 51.40355611944191,
    "385": 128.07035060415865,
    "389": 8.082959754371076,
    "392": 25.879806953055297,
    "395": 78.62188039040637,
    "398": 14.663913211079496,
    "405": 0.03559265041753279,
    "409": 1.422161756404244,
    "411": 0.014459522576025563,
    "416": 0.6409990108138501,
    "423": 70.479983476016,
    "424": 1.0514412061228946,
    "426": 0.00732924556928749,
    "429": 1.6744936736569018,
    "437": 8.909315154994617,
    "442": 2.7250286260588164,
    "448": 10.43010563061763,
    "454": 1.770252444038893,
    "462": 98.45126804495831,
    "464": 27.04809829109457,
    "470": 7.503179347222069,
    "474": 52.498069885459415,
    "475": 107.16944649239342,
    "478": 1.984501757454391,
    "479": 0.3098102536304468,
    "481": 0.003379088358135496,
    "482": 19.94989411331861,
    "488": 3.4984519227076287,
    "500": 0.08059726493739056,
    "503": 0.3718771984604321,
    "542": 0.6850585773205451,
    "549": 1.5637356193043046,
    "553": 140.97648595598827,
    "571": 2.0552516428235537,
    "573": 2.485852365924541,
    "576": 0.8615184218466049,
    "579": 5.856021230396774,
    "586": 3.0514982737966463,
    "591": 6.983825085345554,
    "596": 16.435330793384757,