{
  "id": "849",
  "name": "Toxtricity Amped",
  "format_id": "showdown_gen9ru-1500",
  "usage_metrics": {
    "raw": 3373,
    "base_weight": 2335.826819289814,
    "percent": 4.516362273043758
  },
  "roles": [
    {
      "role": "role_sweeper_special",
      "label": "Special Sweeper",
      "category": "OFF"
    }
  ],
  "items": {
    "throat-spray": 1943.5399200386262,
    "choice-specs": 173.6791620529996,
    "nothing": 0.00340871866650605,
    "choice-scarf": 107.14547501719727,
    "heavy-duty-boots": 0.5844220561623699,
    "assault-vest": 8.480844997655241,
    "starf-berry": 0.04825836311949683,
    "life-orb": 22.98923206364234,
    "miracle-seed": 0.4203485681381148,
    "silk-scarf": 0.36887985972576126,
    "black-sludge": 1.0980205180476377,
    "air-balloon": 15.902308145950386,
    "shuca-berry": 0.04749204712345306,
    "focus-sash": 1.9681028999596304,
    "leftovers": 6.203463962758893,
    "lum-berry": 46.278952095979044,
    "mental-herb": 2.931055460824736,
    "sitrus-berry": 2.6816633380121284,
    "wise-glasses": 0.4146078810660444,
    "choice-band": 0.06766342285342253,
    "kee-berry": 0.973537781302214
  },
  "abilities": {
    "punk-rock": 2279.5765195136137,
    "technician": 55.621697284990354,
    "plus": 0.6286024912099514
  },
  "moves": {
    "boomburst": 2272.162870204158,
    "overdrive": 2243.81152224335,
    "shift-gear": 1966.8637901123702,
    "toxic-spikes": 1301.4512792114972,
    "sludge-wave": 241.79005250695835,
    "volt-switch": 323.77708411650275,
    "sludge-bomb": 177.79859758132318,
    "gunk-shot": 10.232538415521564,
    "drain-punch": 552.2793336858855,
    "psychic-noise": 34.918968205850966,
    "shock-wave": 0.05166708178600288,
    "acid-spray": 7.389214872005234,
    "venoshock": 0.4641261606940792,
    "thunder-wave": 0.7269146328014898,
    "encore": 7.058557769151281,
    "snarl": 16.328734100129026,
    "brick-break": 0.6025193501938222,
    "stored-power": 0.04825836311949683,
    "trailblaze": 45.86590828724121,
    "discharge": 14.226066405448517,
    "thief": 17.891745757167847,
    "poison-tail": 0.4203485681381148,
    "fire-punch": 1.105130389292144,
    "thunder": 0.7771466768471806,
    "nuzzle": 1.6333216821698753,
    "thunderbolt": 2.507511603269996,
    "poison-jab": 44.744406322488715,
    "wild-charge": 3.5799269278143746,
    "hex": 0.24695088490938655,
    "tera-blast": 16.110871600648217,
    "toxic": 4.5213567347796495,
    "hyper-beam": 0.2739759158116447,
    "substitute": 7.13384426609244,
    "protect": 16.84322178636292,
    "taunt": 0.261070429352075,
    "thunder-punch": 4.81416559852066,
    "hyper-voice": 0.5508966179806329,
    "charge": 0.973537781302214,
    "charge-beam": 0.973537781302214,
    "endeavor": 0.09630652901361836
  },
  "teras": {
    "normal": 2045.9929843701411,
    "poison": 4.415600063960962,
    "flying": 45.012900408880675,
    "fighting": 111.47916789573526,
    "electric": 62.25952290768508,
    "water": 9.307261023587388,
    "dark": 0.6543441986959666,
    "ghost": 4.087295520382408,
    "grass": 43.72054899866335,
    "ice": 5.941583849666726,
    "ground": 0.9933588122728145,
    "dragon": 1.9622512401376633
  },
  "spreads": [
    {
      "nature": "modest",
      "usage": "55.6",
      "evs": {
        "hp": 0,
        "atk": 0,
        "def": 4,
        "spa": 252,
        "spd": 0,
        "spe": 252
      }
    },
    {
      "nature": "modest",
      "usage": "8.5",
      "evs": {
        "hp": 0,
        "atk": 0,
        "def": 0,
        "spa": 252,
        "spd": 4,
        "spe": 252
      }
    },
    {
      "nature": "timid",
      "usage": "6.7",
      "evs": {
        "hp": 0,
        "atk": 0,
        "def": 0,
        "spa": 252,
        "spd": 4,
        "spe": 252
      }
    },
    {
      "nature": "naive",
      "usage": "5.4",
      "evs": {
        "hp": 0,
        "atk": 4,
        "def": 0,
        "spa": 252,
        "spd": 0,
        "spe": 252
      }
    },
    {
      "nature": "hasty",
      "usage": "4.3",
      "evs": {
        "hp": 0,
        "atk": 4,
        "def": 0,
        "spa": 252,
        "spd": 0,
        "spe": 252
      }
    },
    {
      "nature": "rash",
      "usage": "3.5",
      "evs": {
        "hp": 0,
        "atk": 4,
        "def": 0,
        "spa": 252,
        "spd": 0,
        "spe": 252
      }
    },
    {
      "nature": "adamant",
      "usage": "2.2",
      "evs": {
        "hp": 8,
        "atk": 252,
        "def": 0,
        "spa": 0,
        "spd": 4,
        "spe": 244
      }
    },
    {
      "nature": "mild",
      "usage": "2.2",
      "evs": {
        "hp": 252,
        "atk": 4,
        "def": 0,
        "spa": 252,
        "spd": 0,
        "spe": 0
      }
    },
    {
      "nature": "mild",
      "usage": "1.6",
      "evs": {
        "hp": 0,
        "atk": 4,
        "def": 0,
        "spa": 252,
        "spd": 0,
        "spe": 252
      }
    },
    {
      "nature": "modest",
      "usage": "1.4",
      "evs": {
        "hp": 4,
        "atk": 0,
        "def": 0,
        "spa": 252,
        "spd": 0,
        "spe": 252
      }
    }
  ],
  "teammates": {
    "6": 0.973537781302214,
    "38": 0.36887985972576126,
    "45": 2.607442223740195,
    "57": 1.413465436315056,
    "59": 0.7924891058172696,
    "73": 0.5465776398909299,
    "80": 58.43828039619634,
    "89": 0.2513570412320967,
    "91": 59.812819671514525,
    "94": 45.715563373508765,
    "106": 24.053639890043446,
    "110": 3.6888230855328232,
    "113": 14.535135717603467,
    "123": 9.417991856479158,
    "131": 0.8292306148108204,
    "132": 4.1995031111870995,
    "134": 3.1724246597190136,
    "135": 0.023910572732655733,
    "151": 70.04734734341966,
    "160": 52.92707722035453,
    "162": 8.641029259644444,
    "168": 0.23423853935566286,
    "171": 0.8792311738607371,
    "185": 0.7745206737367514,
    "186": 1.799919021887873,
    "195": 2.337393568861546,
    "196": 1.6696668271180888,
    "197": 23.040441455434713,
    "205": 29.531818035576972,
    "207": 8.469400569488261,
    "210": 0.24613664283716002,
    "214": 5.655362410658956,
    "215": 0.181631318003867,
    "217": 0.06028101200867636,
    "225": 0.3280367061914768,
    "230": 4.110360213490226,
    "237": 0.329553342895674,
    "242": 9.013152460116935,
    "243": 5.725157319013177,
    "244": 27.69927377794492,
    "245": 48.13728100853803,
    "256": 0.15831801684662006,
    "260": 19.65492717608232,
    "275": 0.33920047242165247,
    "282": 20.94823224439487,
    "286": 101.75330803967707,
    "289": 0.2817305864791159,
    "302": 1.4175589745310397,
    "330": 36.38040871255365,
    "334": 1.945290570721546,
    "335": 6.940636371442468,
    "342": 134.80215591737132,
    "350": 4.702722485950479,
    "375": 0.181631318003867,
    "379": 19.01198245125452,
    "385": 23.282902475627925,
    "389": 1508.7708132500359,
    "392": 34.397626360638135,
    "395": 33.74261896108267,
    "398": 25.56105912882428,
    "405": 1.1134697132164,
    "409": 0.581033138530076,
    "423": 43.57013105493888,
    "424": 2.018570197675819,
    "426": 8.469400569488261,
    "429": 0.8684121825175479,
    "430": 0.23423853935566286,
    "437": 3.6898652071248947,
    "442": 2.607442223740195,
    "448": 17.52838332997974,
    "453": 0.13759043825371864,
    "454": 0.43237236392948364,
    "460": 3.1456393893463446,
    "462": 0.8113322443831638,
    "464": 33.36344418468889,
    "470": 0.973537781302214,
    "471": 8.945539954633466,
    "474": 37.020942916993846,
    "475": 51.00280949165103,
    "478": 5.863197888379078,
    "480": 0.6176240415744463,
    "481": 0.005534011993980459,
    "482": 36.5101762238199,
    "488": 25.06632427485885,
    "503": 0.06028101200867636,
    "547": 24.023910808444278,
    "550": 0.04749204712345306,
    "553": 186.04497216771844,
    "560": 17.44285513205658,
    "571": 1.1936683120467333,
    "573": 4.291076801105967,
    "579": 8.555127582761997,