{
  "id": "947",
  "name": "Brambleghast",
  "format_id": "showdown_gen9ru-1500",
  "usage_metrics": {
    "raw": 1549,
    "base_weight": 858.274594031908,
    "percent": 2.074072090407584
  },
  "roles": [
    {
      "role": "role_sweeper_physical",
      "label": "Physical Sweeper",
      "category": "OFF"
    },
    {
      "role": "role_staller",
      "label": "Staller",
      "category": "DEF"
    }
  ],
  "items": {
    "heavy-duty-boots": 462.0056567367355,
    "life-orb": 90.02613611243035,
    "wide-lens": 2.7761085420883793,
    "leftovers": 34.09281779431432,
    "rocky-helmet": 1.828491456234055,
    "focus-sash": 83.01005552243319,
    "miracle-seed": 66.0413727617816,
    "colbur-berry": 23.14177328497747,
    "air-balloon": 0.5795590423009743,
    "assault-vest": 34.53725709292181,
    "choice-band": 5.4774524148293136,
    "protective-pads": 2.3029504941581784,
    "nothing": 5.238042533310559,
    "covert-cloak": 2.3653151831212598,
    "liechi-berry": 44.517609039358454,
    "metronome": 0.18017195588655927,
    "clear-amulet": 0.011260114517931463,
    "lum-berry": 0.1425639505083891
  },
  "abilities": {
    "wind-rider": 649.5899772414278,
    "infiltrator": 208.6846167904801
  },
  "moves": {
    "rapid-spin": 819.2842656830169,
    "seed-bomb": 59.562442801921215,
    "poltergeist": 652.8967188526145,
    "strength-sap": 493.51016027698773,
    "leech-seed": 230.40824549345274,
    "power-whip": 550.7583022072052,
    "tera-blast": 36.46687398264957,
    "spikes": 167.36915290421317,
    "leaf-storm": 0.36776710488445286,
    "shadow-sneak": 198.22116523295668,
    "night-shade": 67.5449208640375,
    "curse": 67.91552734949482,
    "substitute": 21.746330393506746,
    "infestation": 1.1385426200773878,
    "shadow-ball": 9.846450006963583,
    "disable": 0.8907930504457169,
    "phantom-force": 2.21973833639139,
    "trailblaze": 1.2027875514070596,
    "protect": 0.3590420580555006,
    "skitter-smack": 3.1571946947100056,
    "bullet-seed": 3.1457353594247004,
    "pain-split": 44.517609039358454,
    "hex": 0.022310794075104612,
    "energy-ball": 0.022310794075104612,
    "rollout": 0.3597957556221075,
    "defense-curl": 0.1641929200848366
  },
  "teras": {
    "fire": 8.439319082589073,
    "ghost": 158.8024905987324,
    "water": 83.79249238803982,
    "flying": 8.865735353911992,
    "fairy": 135.28405257052867,
    "grass": 285.79713665519193,
    "normal": 15.714635469276379,
    "dark": 126.8701882075843,
    "steel": 4.693697657576506,
    "fighting": 26.128350027823192,
    "bug": 0.3252329361590636,
    "rock": 3.5612630844952045
  },
  "spreads": [
    {
      "nature": "jolly",
      "usage": "52.9",
      "evs": {
        "hp": 0,
        "atk": 252,
        "def": 0,
        "spa": 0,
        "spd": 4,
        "spe": 252
      }
    },
    {
      "nature": "impish",
      "usage": "9.2",
      "evs": {
        "hp": 252,
        "atk": 4,
        "def": 252,
        "spa": 0,
        "spd": 0,
        "spe": 0
      }
    },
    {
      "nature": "jolly",
      "usage": "5.8",
      "evs": {
        "hp": 0,
        "atk": 252,
        "def": 0,
        "spa": 0,
        "spd": 0,
        "spe": 252
      }
    },
    {
      "nature": "jolly",
      "usage": "4.0",
      "evs": {
        "hp": 252,
        "atk": 4,
        "def": 0,
        "spa": 0,
        "spd": 0,
        "spe": 252
      }
    },
    {
      "nature": "jolly",
      "usage": "3.3",
      "evs": {
        "hp": 252,
        "atk": 0,
        "def": 0,
        "spa": 0,
        "spd": 0,
        "spe": 252
      }
    },
    {
      "nature": "adamant",
      "usage": "2.6",
      "evs": {
        "hp": 4,
        "atk": 252,
        "def": 0,
        "spa": 0,
        "spd": 0,
        "spe": 252
      }
    },
    {
      "nature": "jolly",
      "usage": "2.5",
      "evs": {
        "hp": 0,
        "atk": 252,
        "def": 4,
        "spa": 0,
        "spd": 0,
        "spe": 252
      }
    },
    {
      "nature": "jolly",
      "usage": "2.5",
      "evs": {
        "hp": 4,
        "atk": 252,
        "def": 0,
        "spa": 0,
        "spd": 0,
        "spe": 252
      }
    },
    {
      "nature": "adamant",
      "usage": "2.1",
      "evs": {
        "hp": 0,
        "atk": 252,
        "def": 0,
        "spa": 0,
        "spd": 4,
        "spe": 252
      }
    },
    {
      "nature": "impish",
      "usage": "1.9",
      "evs": {
        "hp": 248,
        "atk": 0,
        "def": 240,
        "spa": 0,
        "spd": 0,
        "spe": 20
      }
    }
  ],
  "teammates": {
    "3": 10.432340174827562,
    "6": 0.030413761610743162,
    "35": 1.5491551458266888,
    "38": 10.333681576963155,
    "45": 1.007362152073467,
    "55": 0.38555996451669505,
    "59": 1.7531980029492489,
    "62": 3.866474032358849,
    "73": 5.216678017815459,
    "76": 4.3373422042074505,
    "80": 42.96608699209524,
    "89": 10.937382072668157,
    "91": 19.453271048859573,
    "94": 28.484019017448983,
    "106": 19.821442763628422,
    "110": 0.9431032778131462,
    "113": 1.2762990872991222,
    "123": 3.955847222788761,
    "132": 12.579236447735255,
    "134": 5.093272412065364,
    "151": 35.035394288746254,
    "160": 40.767020010778026,
    "162": 0.38555996451669505,
    "164": 1.0248808042512332,
    "185": 0.011299453323825426,
    "186": 63.64740073118411,
    "195": 241.40984574852922,
    "196": 14.995693372484268,
    "197": 34.72280367872468,
    "198": 0.8651776419663522,
    "205": 4.733703087742491,
    "207": 2.6145630011738863,
    "210": 11.128268201751947,
    "214": 1.9992588522345114,
    "215": 10.937382072668157,
    "229": 1.9999937607224738,
    "230": 5.7938602272717326,
    "235": 3.978042443538128,
    "237": 5.9913884392181975,
    "242": 115.90661437814902,
    "243": 18.288810207172542,
    "244": 100.83683221660547,
    "245": 18.465108991443802,
    "254": 0.18457965819903155,
    "260": 20.38205559548982,
    "275": 2.238558583840308,
    "282": 35.50964054477045,
    "284": 0.1608876125328978,
    "286": 5.790712280327542,
    "289": 0.3718771984604321,
    "297": 2.119498467053559,
    "302": 0.1794097987138863,
    "313": 0.5750211184043672,
    "324": 8.995664368924023,
    "330": 27.054708919053418,
    "332": 0.0006319047604221861,
    "334": 1.7096394290780437,
    "342": 49.81427365564428,
    "350": 3.793910865413909,
    "377": 0.37849235187491603,
    "378": 0.37849235187491603,
    "379": 53.68036952113076,
    "385": 27.73415160980188,
    "389": 49.21508444147929,
    "392": 5.864214796888965,
    "395": 62.57762534331317,
    "398": 23.996478303871736,
    "409": 5.789269216748804,
    "423": 71.01061066309786,
    "424": 8.312078714579384,
    "430": 11.930609247858877,
    "437": 3.1216135411721604,
    "448": 8.08570445805615,
    "454": 0.2282177429954123,
    "462": 44.5072133344109,
    "464": 2.915071589445607,
    "466": 0.25312559935607726,
    "467": 1.8712374138351087,
    "474": 126.79091089706186,
    "475": 133.59591056713555,
    "478": 0.08204599458747969,
    "482": 3.0290136435304302,
    "486": 0.37849235187491603,
    "488": 11.229099928937591,
    "500": 10.937382072668157,
    "547": 39.049288534359384,
    "553": 72.48949272989898,
    "560": 2.963641722008551,
    "571": 18.118699938285058,
    "573": 3.9061614048017184,
    "579": 5.96411710634318,
    "591": 1.703423765928641,
    "596": 16.104190682923218,
    "609": 7.230486780400799,
    "614": 0.6896567802729056,
    "615": 0.0011617947782747162,
    "620": 64.20590040035114,
    "623": 0.8871986354897028,
    "625": 123.06530898125774,
    "639": 30.31878714693041,
    "641": 4.971257140107415,
    "652": 150.11839937778944,
    "655": 1.074609544557525,
    "663": 70.88011457322747,
    "671": 0.0009288046860466137,
    "673": 0.0006319047604221861,
    "693": 0.6101141682399792,
    "700": 4.103144006367945,
    "706": 1.1814655749230565,
    "707": 12.682808423182449,