{
  "id": "3",
  "name": "Venusaur",
  "format_id": "showdown_gen7vgc2019-1500",
  "usage_metrics": {
    "raw": 444,
    "base_weight": 289.3907838926299,
    "percent": 1.800632654716522
  },
  "items": {
    "focus-sash": 235.18673646517806,
    "grassium-z": 23.37730902821877,
    "life-orb": 10.544189157969734,
    "assault-vest": 0.7088683704806819,
    "figy-berry": 3.7836110349138723,
    "poisonium-z": 5.4970766551626395,
    "black-sludge": 2.3776170323863965,
    "leftovers": 2.0084247538324282,
    "eject-button": 0.3714389386139608,
    "choice-specs": 2.497945364106059,
    "iapapa-berry": 1.4030288587045474,
    "wide-lens": 1.6345382330628648
  },
  "abilities": {
    "chlorophyll": 283.0929623744522,
    "overgrow": 6.297821518177679
  },
  "moves": {
    "sleep-powder": 277.66882226940214,
    "protect": 282.49127307495155,
    "sludge": 73.20180513824454,
    "grass-knot": 232.45350995588245,
    "leaf-storm": 29.88949533694881,
    "sludge-bomb": 214.75862964439688,
    "giga-drain": 16.81602555578603,
    "energy-ball": 5.487645543156493,
    "hidden-power-ground": 0.381575876334075,
    "hidden-power-rock": 0.3513202175106487,
    "solar-beam": 10.156957570813033,
    "growth": 3.9199589692246755,
    "synthesis": 1.4303775835612105,
    "toxic": 1.1291125947515148,
    "earthquake": 0.3718771984604321,
    "sunny-day": 0.3714389386139608,
    "knock-off": 0.3714389386139608,
    "leech-seed": 1.2646703569115645,
    "hidden-power-fire": 2.060471027446125,
    "substitute": 0.3575481529700332,
    "grassy-terrain": 0.41680123271472974,
    "petal-dance": 0.43747433665993407,
    "poison-powder": 0.3718771984604321,
    "hidden-power-ice": 1.4030288587045474
  },
  "teras": {
    "nothing": 289.3907838926299
  },
  "spreads": [
    {
      "nature": "Timid",
      "usage": "54.1",
      "evs": {
        "hp": 4,
        "atk": 0,
        "def": 0,
        "spa": 252,
        "spd": 0,
        "spe": 252
      }
    },
    {
      "nature": "Modest",
      "usage": "32.6",
      "evs": {
        "hp": 4,
        "atk": 0,
        "def": 0,
        "spa": 252,
        "spd": 0,
        "spe": 252
      }
    },
    {
      "nature": "Modest",
      "usage": "8.5",
      "evs": {
        "hp": 0,
        "atk": 0,
        "def": 0,
        "spa": 252,
        "spd": 4,
        "spe": 252
      }
    },
    {
      "nature": "Timid",
      "usage": "1.8",
      "evs": {
        "hp": 0,
        "atk": 0,
        "def": 0,
        "spa": 252,
        "spd": 4,
        "spe": 252
      }
    },
    {
      "nature": "Timid",
      "usage": "1.3",
      "evs": {
        "hp": 80,
        "atk": 0,
        "def": 100,
        "spa": 0,
        "spd": 76,
        "spe": 252
      }
    },
    {
      "nature": "Hardy",
      "usage": "0.4",
      "evs": {
        "hp": 104,
        "atk": 0,
        "def": 132,
        "spa": 152,
        "spd": 112,
        "spe": 0
      }
    },
    {
      "nature": "Modest",
      "usage": "0.3",
      "evs": {
        "hp": 0,
        "atk": 0,
        "def": 0,
        "spa": 252,
        "spd": 0,
        "spe": 252
      }
    },
    {
      "nature": "Modest",
      "usage": "0.1",
      "evs": {
        "hp": 0,
        "atk": 0,
        "def": 4,
        "spa": 252,
        "spd": 0,
        "spe": 252
      }
    },
    {
      "nature": "Calm",
      "usage": "0.1",
      "evs": {
        "hp": 252,
        "atk": 0,
        "def": 0,
        "spa": 4,
        "spd": 252,
        "spe": 0
      }
    },
    {
      "nature": "Modest",
      "usage": "0.1",
      "evs": {
        "hp": 28,
        "atk": 0,
        "def": 28,
        "spa": 240,
        "spd": 8,
        "spe": 204
      }
    }
  ],
  "teammates": {
    "9": 0.3714389386139608,
    "25": 0.3714389386139608,
    "26": 10.781144475592265,
    "36": 0.41680123271472974,
    "59": 3.8578284166078687,
    "94": 1.994190567260362,
    "132": 0.3513202175106487,
    "142": 3.420354079947935,
    "143": 3.7917930185618953,
    "150": 0.3714389386139608,
    "196": 0.3857964576771218,
    "197": 19.95050541916129,
    "227": 0.3513202175106487,
    "230": 1.5750193419945449,
    "233": 0.8410336661921045,
    "235": 0.3718771984604321,
    "237": 1.8982608065023312,
    "245": 0.381575876334075,
    "250": 0.7886784311751618,
    "257": 0.7886784311751618,
    "292": 2.060471027446125,
    "302": 2.085472420834016,
    "324": 1.3833411061260024,
    "350": 1.9610746153389307,
    "356": 157.6557831442402,
    "383": 149.67393441856683,
    "384": 5.541381505962182,
    "421": 0.3575481529700332,
    "437": 1.946896540454977,
    "445": 6.194876029878983,
    "472": 0.3857964576771218,
    "474": 0.9032117547516388,
    "485": 2.1152999780968695,
    "488": 4.140515144777805,
    "547": 0.7088683704806819,
    "591": 0.41680123271472974,
    "625": 0.3857964576771218,
    "637": 1.8411269924390954,
    "642": 0.381575876334075,
    "681": 1.8033514349633148,
    "716": 40.57253428997169,
    "717": 49.28107467888247,
    "727": 250.79598282931667,
    "764": 0.6462244309382319,
    "785": 46.44620271132582,
    "786": 172.14103485431215,
    "788": 17.681426555887395,
    "792": 7.7468397641241635,
    "793": 3.337508796398115,
    "797": 2.509373408456517,
    "798": 0.9498690260839242,
    "805": 8.3628855649059,
    "10009": 1.7021446935714986,
    "10021": 2.707391914105179,
    "10034": 0.3714389386139608,
    "10035": 5.354626102049531,
    "10036": 1.157127004025083,
    "10038": 4.930205672967419,
    "10039": 5.804719700269307,
    "10052": 0.381575876334075,
    "10053": 0.41680123271472974,
    "10076": 45.41258724055423,
    "10077": 157.18996311387798,
    "10078": 123.74745223922136,
    "10089": 51.86937923109671,
    "10155": 14.909521635810428,
    "10156": 0.9582331546878134
  }
}