{
  "id": "591",
  "name": "Amoonguss",
  "format_id": "showdown_gen7vgc2019-1500",
  "usage_metrics": {
    "raw": 4574,
    "base_weight": 2836.8505688215705,
    "percent": 18.54976072674183
  },
  "items": {
    "occa-berry": 132.53431402391845,
    "sitrus-berry": 40.83669628789839,
    "mental-herb": 486.9959442495641,
    "eject-button": 35.58601292994706,
    "focus-sash": 1259.971836642855,
    "mago-berry": 2.138673745733367,
    "figy-berry": 0.639041032666572,
    "aguav-berry": 205.91387074742266,
    "payapa-berry": 178.69327563483375,
    "red-card": 139.10859306221224,
    "wiki-berry": 88.05326811402993,
    "lum-berry": 1.0223833108151559,
    "poisonium-z": 1.2254315076348248,
    "leftovers": 20.124353735661856,
    "black-sludge": 24.289680400195515,
    "rocky-helmet": 129.95289593621095,
    "iapapa-berry": 16.74491567223791,
    "psychic-seed": 0.03026874064668622,
    "coba-berry": 64.54042584874297,
    "white-herb": 2.0194799366516594,
    "life-orb": 0.7045831812726753,
    "leppa-berry": 1.5617652815670149,
    "focus-band": 0.03610581306026084,
    "assault-vest": 0.7399140830198003,
    "nothing": 2.401787295362288,
    "heat-rock": 0.41680123271472974,
    "chesto-berry": 0.5682503746911535
  },
  "abilities": {
    "regenerator": 2611.8984627703876,
    "effect-spore": 224.95210605118294
  },
  "moves": {
    "spore": 2823.801583535883,
    "clear-smog": 1522.6959170464124,
    "rage-powder": 2812.3360409073716,
    "protect": 1960.1400763176332,
    "grass-knot": 1636.5527290093753,
    "sludge-bomb": 170.0431682515239,
    "snore": 0.6281228015395679,
    "foul-play": 227.9455892790442,
    "giga-drain": 79.86330508913976,
    "energy-ball": 30.713113408129242,
    "synthesis": 13.096009599429461,
    "toxic": 14.464233544275556,
    "substitute": 3.723607865461005,
    "poison-powder": 1.7182923886119366,
    "hidden-power-ice": 0.7045831812726753,
    "after-you": 27.078838905271635,
    "frustration": 0.23700165322636924,
    "stun-spore": 8.196265256644159,
    "facade": 0.36066757279970263,
    "hidden-power-flying": 4.2176839140730475,
    "seed-bomb": 0.3718771984604321,
    "sleep-talk": 0.7867835376443352,
    "hidden-power-fire": 1.094518104468746,
    "": 0.535144653281143,
    "worry-seed": 3.833705014733726,
    "sunny-day": 1.0558422653813015,
    "solar-beam": 0.6393246105045332,
    "rest": 0.5682503746911535
  },
  "teras": {
    "nothing": 2836.850568821573
  },
  "spreads": [
    {
      "nature": "Calm",
      "usage": "17.0",
      "evs": {
        "hp": 236,
        "atk": 0,
        "def": 76,
        "spa": 0,
        "spd": 196,
        "spe": 0
      }
    },
    {
      "nature": "Sassy",
      "usage": "11.7",
      "evs": {
        "hp": 236,
        "atk": 0,
        "def": 180,
        "spa": 0,
        "spd": 92,
        "spe": 0
      }
    },
    {
      "nature": "Sassy",
      "usage": "5.7",
      "evs": {
        "hp": 236,
        "atk": 0,
        "def": 164,
        "spa": 0,
        "spd": 108,
        "spe": 0
      }
    },
    {
      "nature": "Calm",
      "usage": "4.5",
      "evs": {
        "hp": 236,
        "atk": 0,
        "def": 196,
        "spa": 0,
        "spd": 76,
        "spe": 0
      }
    },
    {
      "nature": "Sassy",
      "usage": "4.1",
      "evs": {
        "hp": 252,
        "atk": 0,
        "def": 156,
        "spa": 0,
        "spd": 100,
        "spe": 0
      }
    },
    {
      "nature": "Sassy",
      "usage": "4.1",
      "evs": {
        "hp": 244,
        "atk": 0,
        "def": 76,
        "spa": 0,
        "spd": 188,
        "spe": 0
      }
    },
    {
      "nature": "Sassy",
      "usage": "3.8",
      "evs": {
        "hp": 252,
        "atk": 0,
        "def": 4,
        "spa": 0,
        "spd": 252,
        "spe": 0
      }
    },
    {
      "nature": "Sassy",
      "usage": "3.0",
      "evs": {
        "hp": 252,
        "atk": 0,
        "def": 180,
        "spa": 0,
        "spd": 76,
        "spe": 0
      }
    },
    {
      "nature": "Sassy",
      "usage": "2.9",
      "evs": {
        "hp": 236,
        "atk": 0,
        "def": 76,
        "spa": 0,
        "spd": 196,
        "spe": 0
      }
    },
    {
      "nature": "Calm",
      "usage": "2.9",
      "evs": {
        "hp": 244,
        "atk": 0,
        "def": 12,
        "spa": 0,
        "spd": 252,
        "spe": 0
      }
    }
  ],
  "teammates": {
    "3": 0.41680123271472974,
    "6": 8.585616731683059,
    "25": 0.23700165322636924,
    "26": 12.299967083842525,
    "34": 1.13393667413792,
    "35": 4.127509506480936,
    "36": 3.581277323713038,
    "57": 12.979144099148888,
    "59": 7.170287435899808,
    "65": 0.5576776489419214,
    "85": 4.0181398625409575,
    "91": 0.7089899535173272,
    "94": 26.73756083578325,
    "113": 0.42085750297649993,
    "130": 0.1421437302815186,
    "131": 1.2733566897006863,
    "132": 12.802072313225107,
    "133": 1.7447805233909839,
    "143": 3.6074797203766105,
    "149": 2.947783197286535,
    "150": 53.493806183758295,
    "160": 0.26716383420613987,
    "168": 0.639041032666572,
    "169": 190.9464265209974,
    "171": 0.9533318504494654,
    "181": 0.3978562890063615,
    "184": 4.407197317755314,
    "186": 0.7361430427596721,
    "197": 3.0769392375314077,
    "198": 0.43529686651142335,
    "202": 0.36426584429924,
    "205": 0.1935231145014955,
    "212": 2.3959452945914177,
    "213": 0.7357808482938505,
    "217": 3.013275251034058,
    "232": 0.328120039577977,
    "233": 9.706662734160709,
    "235": 56.103904269889924,
    "237": 42.13046250142435,
    "242": 0.8760426858929412,
    "245": 17.111763077961626,
    "248": 1.45105870977098,
    "249": 9.605114705390967,
    "250": 0.7886784311751618,
    "257": 1.8675647824566286,
    "260": 0.3799642866519747,
    "286": 0.007416157851780236,
    "292": 7.90382437624419,
    "297": 0.007416157851780236,
    "302": 1.5605910092826953,
    "306": 0.6544107559805065,
    "308": 0.39391393588195683,
    "324": 3.6721777701962792,
    "330": 0.09469440195828266,
    "342": 0.6281228015395679,
    "346": 2.8704532442571606,
    "350": 1.942307676799711,
    "356": 1.3073189278721045,
    "359": 0.36066757279970263,
    "373": 0.834992939488199,
    "376": 3.6529455379856133,
    "380": 2.387030682750855,
    "381": 0.328120039577977,
    "382": 6.541575811407799,
    "383": 1.7839355379648636,
    "384": 945.2020450596813,
    "395": 0.3718771984604321,
    "423": 9.07605898368004,
    "424": 0.3978562890063615,
    "426": 1.320621103360227,
    "437": 24.658636940697992,
    "445": 2.7686583048873636,
    "448": 1.0480262524077482,
    "454": 4.604392545569021,
    "461": 2.513345357953059,
    "464": 3.0676807242171162,
    "468": 0.3481480375137275,
    "472": 2.0317289574930752,
    "473": 1.673157188710646,
    "477": 1.16595228383745,
    "479": 0.7361462333992956,
    "482": 0.23279040934628353,
    "483": 1.801727905630473,
    "484": 9.316027847886653,
    "485": 6.750456114767632,
    "487": 0.3718771984604321,
    "488": 5.261667366432328,
    "497": 5.936773854474351,
    "500": 0.37562364125982384,
    "509": 0.01327075804777289,
    "510": 0.01327075804777289,
    "526": 0.880436365812238,
    "530": 0.6782472443854072,
    "531": 0.6431401579531166,
    "534": 6.41571877513242,
    "537": 4.2176839140730475,
    "547": 21.83816485512817,
    "553": 3.0181372130916704,
    "555": 2.3344501640033766,
    "560": 7.415122765069732,
    "563": 0.37562364125982384,
    "565": 0.08046374932682976,
    "567": 0.6431401579531166,
    "576": 2.763676903209847,
    "579": 6.115713490047526,
    "589": 1.7798961718822244,
    "593": 3.4395579226775483,
    "596": 0.4788808764647783,
    "598": 4.143178108866948,
    "604": 2.074652456100488,
    "609": 1.9751307677705208,
    "612": 0.09596399053793198,
    "620": 0.3718771984604321,
    "625": 0.6913782072513244,
    "635": 1.933642480027447,
    "637": 2.8197706169603385,