{
  "id": "151",
  "name": "Mew",
  "format_id": "showdown_gen8doublesou",
  "usage_metrics": {
    "raw": 91,
    "base_weight": 49.5319767293459,
    "percent": 4.030115146147033
  },
  "items": {
    "sitrus-berry": 47.35109256208204,
    "salac-berry": 1.325291421050423e-8,
    "safety-goggles": 1.9967725229437607,
    "leftovers": 0.14091963971538907,
    "focus-sash": 0,
    "mental-herb": 0.04319199135179369,
    "rocky-helmet": 0,
    "weakness-policy": 0,
    "nothing": 0
  },
  "abilities": {
    "synchronize": 49.5319767293459
  },
  "moves": {
    "snarl": 4.354483044763592,
    "fake-out": 45.976312101181655,
    "spikes": 2.3577105218198304,
    "will-o-wisp": 4.354483044763592,
    "coaching": 2.990222577084535,
    "fling": 1.325291421050423e-8,
    "psych-up": 1.325291421050423e-8,
    "baton-pass": 1.325291421050423e-8,
    "tailwind": 46.99015456320596,
    "ally-switch": 0,
    "life-dew": 0.38133042001252143,
    "trick-room": 0.14091963971538907,
    "pollen-puff": 0,
    "earth-power": 0.14091963971538907,
    "energy-ball": 0,
    "ice-beam": 43.99993199937434,
    "stealth-rock": 42.993383007546974,
    "skill-swap": 0,
    "air-slash": 0,
    "aura-sphere": 0,
    "avalanche": 0,
    "defog": 0,
    "heal-bell": 0.04319199135179369,
    "psychic": 0.9934500408878602,
    "beat-up": 0.04319199135179369,
    "imprison": 0.04319199135179369,
    "transform": 0.04319199135179369,
    "gravity": 0.14091963971538907,
    "shadow-ball": 0.14091963971538907,
    "helping-hand": 0,
    "taunt": 1.9999990327152262,
    "heat-wave": 0,
    "hypnosis": 0,
    "dragon-pulse": 0,
    "future-sight": 0,
    "psychic-fangs": 0,
    "aurora-veil": 0,
    "electroweb": 0,
    "calm-mind": 0,
    "u-turn": 0,
    "protect": 0,
    "toxic-spikes": 0,
    "": 0
  },
  "teras": {
    "nothing": 49.5319767293459
  },
  "spreads": [
    {
      "nature": "Timid",
      "usage": "90.8",
      "evs": {
        "hp": 252,
        "atk": 0,
        "def": 0,
        "spa": 4,
        "spd": 0,
        "spe": 252
      }
    },
    {
      "nature": "Timid",
      "usage": "8.0",
      "evs": {
        "hp": 252,
        "atk": 0,
        "def": 4,
        "spa": 0,
        "spd": 0,
        "spe": 252
      }
    },
    {
      "nature": "Timid",
      "usage": "0.8",
      "evs": {
        "hp": 252,
        "atk": 0,
        "def": 0,
        "spa": 0,
        "spd": 4,
        "spe": 252
      }
    },
    {
      "nature": "Modest",
      "usage": "0.3",
      "evs": {
        "hp": 4,
        "atk": 0,
        "def": 252,
        "spa": 0,
        "spd": 252,
        "spe": 0
      }
    },
    {
      "nature": "Bold",
      "usage": "0.1",
      "evs": {
        "hp": 248,
        "atk": 0,
        "def": 44,
        "spa": 0,
        "spd": 0,
        "spe": 216
      }
    },
    {
      "nature": "Timid",
      "usage": "0.0",
      "evs": {
        "hp": 0,
        "atk": 0,
        "def": 128,
        "spa": 0,
        "spd": 128,
        "spe": 252
      }
    },
    {
      "nature": "Relaxed",
      "usage": "0.0",
      "evs": {
        "hp": 0,
        "atk": 0,
        "def": 252,
        "spa": 0,
        "spd": 252,
        "spe": 0
      }
    },
    {
      "nature": "Hardy",
      "usage": "0.0",
      "evs": {
        "hp": 252,
        "atk": 0,
        "def": 0,
        "spa": 252,
        "spd": 4,
        "spe": 0
      }
    },
    {
      "nature": "Timid",
      "usage": "0.0",
      "evs": {
        "hp": 252,
        "atk": 4,
        "def": 0,
        "spa": 0,
        "spd": 0,
        "spe": 252
      }
    },
    {
      "nature": "Jolly",
      "usage": "0.0",
      "evs": {
        "hp": 252,
        "atk": 0,
        "def": 128,
        "spa": 0,
        "spd": 128,
        "spe": 0
      }
    }
  ],
  "teammates": {
    "50": 0,
    "55": 0.04319199135179369,
    "59": 0.04319199135179369,
    "94": 0,
    "122": 0,
    "132": 0,
    "212": 1.0044335252423764e-8,
    "230": 1.0044335252423764e-8,
    "233": 4.9999771170127305,
    "242": 0,
    "248": 2.3577105218198304,
    "292": 0.04319199135179369,
    "334": 0,
    "350": 0,
    "377": 0,
    "378": 0,
    "462": 0,
    "485": 40.999933854544224,
    "526": 0,
    "528": 1.0044335252423764e-8,
    "547": 0,
    "563": 0.14091963971538907,
    "576": 0,
    "589": 0.14091963971538907,
    "591": 1.0044335252423764e-8,
    "620": 0,
    "637": 0,
    "645": 0,
    "649": 38.35766725935133,
    "681": 0.14091963971538907,
    "699": 0,
    "700": 0,
    "701": 0.04319199135179369,
    "718": 43.99015641837584,
    "719": 0.9934500408878602,
    "721": 2.9698301426951694,
    "727": 2.378102942956282,
    "730": 0,
    "773": 0,
    "784": 0,
    "785": 0,
    "788": 41.38126427455675,
    "793": 0,
    "797": 2.9902225638316207,
    "805": 0,
    "807": 1.0044335252423764e-8,
    "812": 46.34786694019568,
    "823": 0,
    "858": 0,
    "867": 0.14091963971538907,
    "882": 1.976380101807309,
    "887": 0,
    "893": 0,
    "894": 0,
    "10019": 0,
    "10021": 0,
    "10022": 0,
    "10032": 0.14091963971538907,
    "10186": 0.04319199135179369,
    "10191": 1.9967725229437607
  }
}