{
  "id": "423",
  "name": "Gastrodon",
  "format_id": "showdown_gen7doublesou-1760",
  "usage_metrics": {
    "raw": 625,
    "base_weight": 101.8266771740131,
    "percent": 8.35338144881048
  },
  "items": {
    "leftovers": 2.6772095487015624,
    "aguav-berry": 0.007289462595871599,
    "groundium-z": 17.277631828087607,
    "waterium-z": 0,
    "zoom-lens": 0.0002463835031165096,
    "life-orb": 0.12286022932526419,
    "iapapa-berry": 5.656441293058383,
    "assault-vest": 0.7944033346162143,
    "wiki-berry": 9.04215136466721,
    "rindo-berry": 0.05739678684548111,
    "choice-specs": 0,
    "safety-goggles": 0,
    "lum-berry": 0,
    "figy-berry": 0.44679124800159425,
    "sitrus-berry": 0.24605339474110266,
    "damp-rock": 0,
    "nothing": 3.5809197829195227e-9,
    "flame-orb": 0,
    "quick-claw": 0,
    "focus-sash": 65.49530854091063,
    "mago-berry": 0,
    "normalium-z": 0.0028937553780813974,
    "rocky-helmet": 0
  },
  "abilities": {
    "storm-drain": 101.82525814283908,
    "sticky-hold": 0.0014190311740179262,
    "sand-force": 0
  },
  "moves": {
    "sludge-wave": 0.13913321677226514,
    "muddy-water": 7.77041842685049,
    "ice-beam": 93.96067811477953,
    "earth-power": 95.79566473806928,
    "scald": 74.8790593160242,
    "recover": 20.961765329530962,
    "protect": 92.51740971271025,
    "icy-wind": 5.781489780962652,
    "stomping-tantrum": 0.0013854862783216348,
    "clear-smog": 3.509265904710185,
    "pain-split": 0.00029068708211787975,
    "blizzard": 0,
    "sludge-bomb": 0.6064297718565208,
    "toxic": 5.65757270980621,
    "surf": 0.0574443095101011,
    "yawn": 5.65522197575714,
    "ancient-power": 0,
    "water-pulse": 0.000004372221706405721,
    "rain-dance": 0,
    "waterfall": 0.0000016096494170891873,
    "return": 0.0000016096494170891873,
    "earthquake": 0.006736544827832647,
    "stockpile": 0.0028937562379203197,
    "whirlpool": 0,
    "hidden-power-fire": 0,
    "acid-armor": 0,
    "body-slam": 0,
    "facade": 0,
    "sandstorm": 0,
    "bulldoze": 1.429654358786614e-7,
    "curse": 0.00384117980033416,
    "mist": 0,
    "substitute": 0
  },
  "teras": {
    "nothing": 101.82667717401308
  },
  "spreads": [
    {
      "nature": "Modest",
      "usage": "64.3",
      "evs": {
        "hp": 252,
        "atk": 0,
        "def": 4,
        "spa": 252,
        "spd": 0,
        "spe": 0
      }
    },
    {
      "nature": "Quiet",
      "usage": "16.7",
      "evs": {
        "hp": 232,
        "atk": 0,
        "def": 80,
        "spa": 192,
        "spd": 4,
        "spe": 0
      }
    },
    {
      "nature": "Relaxed",
      "usage": "8.1",
      "evs": {
        "hp": 236,
        "atk": 0,
        "def": 152,
        "spa": 36,
        "spd": 84,
        "spe": 0
      }
    },
    {
      "nature": "Bold",
      "usage": "5.6",
      "evs": {
        "hp": 4,
        "atk": 0,
        "def": 252,
        "spa": 0,
        "spd": 252,
        "spe": 0
      }
    },
    {
      "nature": "Bold",
      "usage": "2.1",
      "evs": {
        "hp": 252,
        "atk": 0,
        "def": 252,
        "spa": 4,
        "spd": 0,
        "spe": 0
      }
    },
    {
      "nature": "Quiet",
      "usage": "0.8",
      "evs": {
        "hp": 208,
        "atk": 0,
        "def": 124,
        "spa": 160,
        "spd": 16,
        "spe": 0
      }
    },
    {
      "nature": "Modest",
      "usage": "0.8",
      "evs": {
        "hp": 208,
        "atk": 0,
        "def": 0,
        "spa": 48,
        "spd": 252,
        "spe": 0
      }
    },
    {
      "nature": "Quiet",
      "usage": "0.6",
      "evs": {
        "hp": 0,
        "atk": 0,
        "def": 252,
        "spa": 4,
        "spd": 252,
        "spe": 0
      }
    },
    {
      "nature": "Quiet",
      "usage": "0.4",
      "evs": {
        "hp": 252,
        "atk": 0,
        "def": 0,
        "spa": 252,
        "spd": 4,
        "spe": 0
      }
    },
    {
      "nature": "Modest",
      "usage": "0.3",
      "evs": {
        "hp": 0,
        "atk": 0,
        "def": 252,
        "spa": 4,
        "spd": 252,
        "spe": 0
      }
    }
  ],
  "teammates": {
    "59": 0.22169715268470158,
    "65": 1.9580574217581415e-8,
    "73": 0,
    "80": 0.7574854811140965,
    "94": 6.107373285435536e-7,
    "97": 0.0067349351784155576,
    "110": 0,
    "127": 0,
    "130": 0.0002463835031165096,
    "132": 0,
    "145": 57.49765212660917,
    "151": 10.73492210140828,
    "154": 0,
    "157": 0.00283152686109317,
    "168": 0.000002575772753421468,
    "176": 0,
    "184": 0,
    "186": 0.0000016096494170891873,
    "198": 0,
    "202": 0.0014190311740179262,
    "212": 0.7574854811140965,
    "227": 0,
    "230": 0.001836513183427424,
    "233": 0.005803537225330391,
    "234": 0.000047522664619992216,
    "235": 0.44679124800159425,
    "237": 0.0008031748773377756,
    "245": 1.8141612938563738,
    "248": 0.608433401365047,
    "272": 0.057396929810916986,
    "279": 0.05927791994407672,
    "289": 0,
    "297": 0.5362695976662049,
    "311": 0.0000016096494170891873,
    "312": 0.0000016096494170891873,
    "324": 0.5362695976662049,
    "346": 0,
    "348": 0,
    "350": 0.000047522664619992216,
    "373": 0.15034079672912531,
    "376": 0.4277954449993269,
    "380": 11.31623056100217,
    "381": 0.0005911172909227047,
    "409": 0,
    "426": 0.06502438139113115,
    "429": 0.002785991322871495,
    "445": 0.22452867954579475,
    "452": 0,
    "455": 0.0014190311740179262,
    "461": 0.7967115262291032,
    "465": 0,
    "468": 0.0632003240708115,
    "472": 0,
    "477": 0,
    "485": 0.14469037049449113,
    "488": 0.0014880925744964468,
    "494": 0,
    "497": 0.44679124800159425,
    "526": 0.7579667503509063,
    "528": 0,
    "530": 1.9580574217581415e-8,
    "534": 0.05739678684548111,
    "547": 3.0968577455562776,
    "560": 1.5541970073431874,
    "563": 5.079700125651138,
    "565": 0,
    "576": 0.13888683326914864,
    "591": 0.1528804783847466,
    "593": 0.05739678684548111,
    "594": 0,
    "598": 0.004914423547637103,
    "609": 0.12161555934105533,
    "612": 0.0000017964489529842531,
    "625": 0,
    "630": 0.0028937553780813974,
    "632": 0.0028937553780813974,
    "635": 0.12161555934105533,
    "637": 0.7967115262290911,
    "639": 2.824306512915963,
    "640": 0,
    "649": 0,
    "658": 0.0000019394143888629145,
    "663": 1.9580574217581415e-8,
    "678": 0.000002575772753421468,
    "681": 0.003085341070705905,
    "683": 0.0067349351784155576,
    "693": 0,
    "700": 0.003845552022040566,
    "706": 0.06502695716388457,
    "707": 0,
    "719": 2.4887716393541295,
    "721": 0.1687299651456145,
    "724": 0,
    "727": 89.07619947880319,
    "730": 0.06502438139113115,
    "746": 0.0008111759570897936,
    "754": 0,
    "765": 0.5362695976662049,
    "768": 0,
    "778": 2.4884777331863916,
    "781": 0,
    "784": 56.47919764525855,
    "785": 13.67592025130339,
    "786": 73.12553661870975,
    "787": 7.568178469574859,
    "788": 1.5942971258286995,
    "793": 0.7967115262290911,
    "796": 0.00004813340194853577,
    "797": 0.2222916757384059,
    "798": 13.504452298385848,
    "805": 8.598389222846947e-10,
    "807": 0,
    "10008": 0,
    "10009": 1.429654358786614e-7,
    "10020": 0.001836513183427424,
    "10021": 0.003308154642837846,
    "10033": 3.1642384323653983,
    "10034": 0.0000031865100819650216,
    "10035": 0.7626669319515651,
    "10036": 0.000048486468400554816,
    "10041": 0.00024201976285570526,
    "10042": 0.0011013824542854267,
    "10046": 8.598389222846947e-10,
    "10047": 0.0058241121574083565,
    "10048": 0,
    "10049": 0,
    "10050": 0,
    "10051": 0.15085752033079974,
    "10052": 5.079700125651138,
    "10058": 0,
    "10059": 1.5420039356506265e-8,
    "10064": 0.0018366561488633026,
    "10065": 0.0006414349810078823,
    "10073": 0,
    "10075": 0,
    "10076": 62.140828079904644,
    "10087": 3.031484062479966,