{
  "id": "488",
  "name": "Cresselia",
  "format_id": "showdown_gen7doublesou-1760",
  "usage_metrics": {
    "raw": 276,
    "base_weight": 8.070261043409264,
    "percent": 3.6888532477947074
  },
  "items": {
    "leftovers": 4.926201807388866,
    "mental-herb": 0.00006906235183673504,
    "wiki-berry": 0.19901284767357047,
    "light-clay": 1.0353623736136797e-8,
    "electric-seed": 0.1309293369725394,
    "lum-berry": 0,
    "nothing": 6.345595416901162e-7,
    "sitrus-berry": 0.24582688156505544,
    "aguav-berry": 0.9335006624517589,
    "iapapa-berry": 0,
    "mind-plate": 0,
    "iron-ball": 0.000007869612299093998,
    "eject-button": 0,
    "rocky-helmet": 0.00011703537387569574,
    "expert-belt": 0.3621445391328833,
    "fairium-z": 1.2724503559734113
  },
  "abilities": {
    "levitate": 8.070261043409264
  },
  "moves": {
    "trick-room": 5.6201779544616945,
    "gravity": 0,
    "future-sight": 0,
    "skill-swap": 0.000007869612299093998,
    "calm-mind": 1.0155030461017978,
    "moonblast": 2.3045690829542216,
    "psychic": 7.721136718330954,
    "icy-wind": 3.6486897559854032,
    "ally-switch": 0.3526827513909636,
    "helping-hand": 0.5712633585840858,
    "moonlight": 1.6766060779286542,
    "ice-beam": 0.304749101614087,
    "toxic": 3.795372039656928,
    "psyshock": 0.1954307257419628,
    "lunar-dance": 0.013682326265805067,
    "reflect": 0.9809890247439685,
    "protect": 0.0018330622357384807,
    "light-screen": 1.7408618430060208,
    "thunder-wave": 1.0353623736136797e-8,
    "safeguard": 0,
    "shadow-ball": 1.6346027647185934,
    "recycle": 0.09748605175698771,
    "substitute": 0.09748605175698771,
    "rest": 0,
    "charge-beam": 0,
    "psych-up": 0.01472308998920352,
    "energy-ball": 0.4931914664470679
  },
  "teras": {
    "nothing": 8.070261043409264
  },
  "spreads": [
    {
      "nature": "Calm",
      "usage": "24.9",
      "evs": {
        "hp": 252,
        "atk": 0,
        "def": 120,
        "spa": 72,
        "spd": 64,
        "spe": 0
      }
    },
    {
      "nature": "Modest",
      "usage": "21.6",
      "evs": {
        "hp": 252,
        "atk": 0,
        "def": 0,
        "spa": 252,
        "spd": 4,
        "spe": 0
      }
    },
    {
      "nature": "Quiet",
      "usage": "20.3",
      "evs": {
        "hp": 252,
        "atk": 0,
        "def": 0,
        "spa": 252,
        "spd": 4,
        "spe": 0
      }
    },
    {
      "nature": "Calm",
      "usage": "18.3",
      "evs": {
        "hp": 252,
        "atk": 0,
        "def": 0,
        "spa": 4,
        "spd": 252,
        "spe": 0
      }
    },
    {
      "nature": "Bold",
      "usage": "3.9",
      "evs": {
        "hp": 252,
        "atk": 0,
        "def": 252,
        "spa": 4,
        "spd": 0,
        "spe": 0
      }
    },
    {
      "nature": "Calm",
      "usage": "3.0",
      "evs": {
        "hp": 164,
        "atk": 0,
        "def": 80,
        "spa": 108,
        "spd": 112,
        "spe": 12
      }
    },
    {
      "nature": "Sassy",
      "usage": "2.3",
      "evs": {
        "hp": 252,
        "atk": 0,
        "def": 164,
        "spa": 28,
        "spd": 64,
        "spe": 0
      }
    },
    {
      "nature": "Bold",
      "usage": "1.6",
      "evs": {
        "hp": 252,
        "atk": 0,
        "def": 16,
        "spa": 68,
        "spd": 52,
        "spe": 120
      }
    },
    {
      "nature": "Quiet",
      "usage": "1.3",
      "evs": {
        "hp": 252,
        "atk": 0,
        "def": 16,
        "spa": 240,
        "spd": 0,
        "spe": 0
      }
    },
    {
      "nature": "Relaxed",
      "usage": "1.2",
      "evs": {
        "hp": 252,
        "atk": 0,
        "def": 252,
        "spa": 0,
        "spd": 4,
        "spe": 0
      }
    }
  ],
  "teammates": {
    "35": 1.946805381347616e-7,
    "38": 1.0353623736136797e-8,
    "59": 0.000021538360532147305,
    "73": 0,
    "89": 0,
    "103": 0,
    "145": 2.251562305511673,
    "151": 1.4729455949375783,
    "160": 0.029111847290258674,
    "176": 0,
    "184": 0,
    "186": 0.01088834400437183,
    "197": 0,
    "202": 0.001806815718797261,
    "212": 0.010847187436792083,
    "217": 1.946805381347616e-7,
    "230": 1.4729826696822992,
    "233": 1.7430631345367362,
    "235": 0,
    "237": 6.637982873924919e-7,
    "245": 4.398790035553546e-7,
    "248": 1.8291207875886637,
    "279": 1.4729826696822992,
    "286": 0,
    "292": 0,
    "297": 0.038854419059643375,
    "300": 0.000007869612299093998,
    "324": 9.513582144293764e-10,
    "327": 0.01472308998920352,
    "342": 0.10827578095830975,
    "346": 0.010847187436792083,
    "348": 0,
    "350": 0.000048551950243058695,
    "354": 0,
    "356": 0.00019245847213206213,
    "359": 0,
    "379": 0,
    "409": 0.038854419059643375,
    "423": 0.0014880925744964468,
    "437": 0,
    "445": 1.2470979965073627,
    "455": 0.001806815718797261,
    "461": 0.000021538360532147305,
    "465": 0,
    "468": 0,
    "485": 1.2470984373377245,
    "491": 0.000007869612299093998,
    "494": 0.014723100342827256,
    "526": 0,
    "530": 0.0001666570882923879,
    "534": 0.00019245847213206213,
    "547": 0.014392160536514265,
    "549": 9.513582144293764e-10,
    "560": 0.1309293369725394,
    "563": 0.0001641841716905068,
    "579": 9.4638309910966e-8,
    "591": 1.779969455036406,
    "598": 0.02911228716926223,
    "620": 0,
    "637": 0.000004092176482561882,
    "639": 0.014392160536514265,
    "645": 2.0088032114198033,
    "649": 0.014392824334801657,
    "658": 0.14506458274556783,
    "681": 0,
    "689": 0,
    "693": 0,
    "695": 0,
    "707": 0,
    "718": 0,
    "719": 1.0771375313911591e-7,
    "727": 1.8011781815081642,
    "738": 0.10827806040876004,
    "748": 0,
    "752": 0,
    "764": 0.01472308998920352,
    "765": 0.06796626634990205,
    "768": 0,
    "777": 6.637982873924919e-7,
    "779": 0,
    "780": 0.0000018023724085436399,
    "781": 0,
    "784": 2.9878270624943615,
    "785": 0.13548692007010293,
    "786": 3.0021295564309,
    "787": 0.019232121136524005,
    "788": 1.3501698952349765,
    "793": 0,
    "796": 0,
    "797": 2.8968062305157374,
    "798": 0.010888771436748435,
    "805": 0.2533403637038776,
    "807": 0.6455970685271109,
    "10001": 0,
    "10006": 0.0003877845447793349,
    "10008": 0,
    "10012": 0.0001666570882923879,
    "10021": 1.2102801212940877,
    "10022": 0.1309293369725394,
    "10033": 0,
    "10035": 0.2805029508654277,
    "10036": 0.00007002482893270212,
    "10046": 0,
    "10047": 0.00002057493207796579,
    "10049": 0.029112511088546067,
    "10050": 0,
    "10051": 0.014392160536514265,
    "10052": 1.6345948951062943,
    "10053": 0,
    "10055": 2.008636554331511,
    "10058": 0,
    "10064": 1.48383393894195,
    "10066": 0.038854419059643375,
    "10069": 4.398790035553546e-7,
    "10071": 0,
    "10072": 0.000048551950243058695,
    "10075": 0.08133536302257088,
    "10076": 1.4337485341854737,
    "10086": 0,
    "10087": 0.11933121043470879,
    "10088": 0.001806815718797261,
    "10089": 0.8068344104820646,
    "10090": 0,
    "10100": 0,
    "10102": 0,
    "10104": 0,
    "10108": 0.01472308998920352,
    "10113": 0.000028274300441555322,
    "10123": 1.0353623736136797e-8,
    "10124": 0.0000040818228588257455
  }
}