{
  "id": "134",
  "name": "Vaporeon",
  "format_id": "showdown_gen1ou",
  "usage_metrics": {
    "raw": 175,
    "base_weight": 0.5880647685676598,
    "percent": 0.6350704020902889
  },
  "items": {
    "nothing": 0.5880647685676598
  },
  "abilities": {
    "noability": 0.5880647685676598
  },
  "moves": {
    "surf": 0.44010645762500306,
    "ice-beam": 0.15225397016534353,
    "acid-armor": 0.5875297467021242,
    "rest": 0.5880646953251091,
    "blizzard": 0.19174810619282334,
    "hydro-pump": 7.195406337423549e-8,
    "body-slam": 0.00033566424801312333,
    "toxic": 0.0000024057603423832674,
    "sand-attack": 0.3917947704962366,
    "hyper-beam": 0,
    "quick-attack": 7.194980711222598e-8,
    "mist": 7.194980711222598e-8,
    "aurora-beam": 7.194980711222598e-8,
    "swift": 0,
    "substitute": 0,
    "haze": 0.00042296995215940214,
    "bite": 0,
    "focus-energy": 0
  },
  "teras": {
    "nothing": 0.5880647685676598
  },
  "spreads": [
    {
      "nature": "Serious",
      "usage": "99.5",
      "evs": {
        "hp": 252,
        "atk": 252,
        "def": 252,
        "spa": 252,
        "spd": 252,
        "spe": 252
      }
    },
    {
      "nature": "Serious",
      "usage": "0.5",
      "evs": {
        "hp": 252,
        "atk": 0,
        "def": 252,
        "spa": 252,
        "spd": 252,
        "spe": 252
      }
    },
    {
      "nature": "Serious",
      "usage": "0.0",
      "evs": {
        "hp": 236,
        "atk": 235,
        "def": 234,
        "spa": 233,
        "spd": 233,
        "spe": 232
      }
    },
    {
      "nature": "Serious",
      "usage": "0.0",
      "evs": {
        "hp": 8,
        "atk": 168,
        "def": 160,
        "spa": 136,
        "spd": 136,
        "spe": 96
      }
    }
  ],
  "teammates": {
    "3": 0.000002405758926404822,
    "6": 0.04018039058686074,
    "9": 0,
    "10": 0,
    "15": 0.37346728950996494,
    "18": 0.04018039058686074,
    "22": 0,
    "25": 0,
    "26": 0.00002483025800731342,
    "28": 7.194980711222598e-8,
    "31": 0,
    "34": 2.840283563898538e-12,
    "36": 0.0006223392692431551,
    "38": 7.195406337423549e-8,
    "40": 0,
    "43": 0,
    "45": 0,
    "46": 0,
    "47": 0,
    "51": 0,
    "53": 0,
    "57": 0.04018039058686074,
    "59": 0,
    "61": 1.2260747972447916e-12,
    "62": 0,
    "64": 3.3306690738754696e-14,
    "65": 0.04022367484030753,
    "68": 0.000002405756086121258,
    "71": 0,
    "78": 0.000002405756086121258,
    "80": 0,
    "82": 7.194980711222598e-8,
    "83": 0,
    "85": 2.840283563898538e-12,
    "89": 2.840283563898538e-12,
    "91": 0,
    "94": 0.04288403286378839,
    "95": 0.000002405756086121258,
    "97": 0,
    "101": 0.000002405756086121258,
    "103": 0.5269171806683711,
    "106": 0,
    "110": 0,
    "112": 0.003037115062342055,
    "113": 0.52403797479275,
    "121": 0,
    "122": 0,
    "123": 0,
    "124": 0.15323111525607302,
    "128": 0.5290416240187003,
    "130": 0,
    "131": 0,
    "132": 0,
    "135": 0.3790684792338755,
    "136": 0.002922377704990209,
    "137": 0,
    "143": 0.15315955871405557,
    "144": 3.148404903452473e-8,
    "145": 0.00004324378343245616,
    "146": 3.148404903452473e-8,
    "149": 0
  }
}