{
  "id": "91",
  "name": "Cloyster",
  "format_id": "showdown_gen1ou",
  "usage_metrics": {
    "raw": 3599,
    "base_weight": 376.5285325409599,
    "percent": 13.06067644070257
  },
  "items": {
    "nothing": 376.5285325409599
  },
  "abilities": {
    "noability": 376.5285325409599
  },
  "moves": {
    "clamp": 376.24575824198894,
    "blizzard": 372.71894915591423,
    "hyper-beam": 15.419879387586828,
    "explosion": 372.9852490909495,
    "surf": 2.6505446094486804,
    "reflect": 0.11325794144072776,
    "toxic": 1.1946353708270174,
    "double-edge": 3.5456024547257585,
    "rest": 356.4703154370969,
    "supersonic": 1.4555023852835802e-13,
    "aurora-beam": 0.0007662207061868709,
    "ice-beam": 3.8177896002114173,
    "substitute": 0.0020462240490183303,
    "tri-attack": 5.706829493967724e-7,
    "mimic": 0.0015272995664695754,
    "spike-cannon": 0.0009421154925827735,
    "bubble-beam": 0.9459247673361191,
    "rage": 0,
    "swift": 0.0009416758175836981,
    "withdraw": 0,
    "water-gun": 0,
    "leer": 0,
    "bide": 0,
    "teleport": 0,
    "": 0
  },
  "teras": {
    "nothing": 376.5285325409599
  },
  "spreads": [
    {
      "nature": "Serious",
      "usage": "100.0",
      "evs": {
        "hp": 252,
        "atk": 252,
        "def": 252,
        "spa": 252,
        "spd": 252,
        "spe": 252
      }
    },
    {
      "nature": "Serious",
      "usage": "0.0",
      "evs": {
        "hp": 0,
        "atk": 252,
        "def": 252,
        "spa": 252,
        "spd": 252,
        "spe": 252
      }
    },
    {
      "nature": "Serious",
      "usage": "0.0",
      "evs": {
        "hp": 252,
        "atk": 0,
        "def": 252,
        "spa": 252,
        "spd": 252,
        "spe": 252
      }
    },
    {
      "nature": "Serious",
      "usage": "0.0",
      "evs": {
        "hp": 252,
        "atk": 252,
        "def": 252,
        "spa": 160,
        "spd": 160,
        "spe": 252
      }
    }
  ],
  "teammates": {
    "3": 1.9838797549955394,
    "6": 0.0004274364395239205,
    "9": 5.711354976178917e-7,
    "12": 0,
    "15": 0.000024857729198912715,
    "20": 0.0004023883307398557,
    "22": 0.00001797877506198864,
    "24": 0.0016206208805267797,
    "25": 1.368536844403856e-7,
    "26": 0.06099731233893502,
    "28": 0.16821409287016909,
    "31": 0.000001567491800913423,
    "34": 2.170589843564621,
    "36": 1.112755116854957,
    "38": 0.6674150425886509,
    "41": 0,
    "42": 0.0000010329764797423202,
    "45": 7.605533144938725e-7,
    "47": 0.00353555612521006,
    "51": 0.019708123178497627,
    "53": 6.583802897350839,
    "55": 0,
    "57": 0,
    "59": 0.000014147065399372494,
    "62": 0.00173181663675126,
    "64": 0.03196491282082842,
    "65": 112.36733666194972,
    "68": 0.006133538486327639,
    "71": 2.3640331127706116,
    "73": 0.00511253407845047,
    "76": 4.8398759087978,
    "78": 0.00009664831752098646,
    "80": 98.32873955495637,
    "82": 0.00001658603607346265,
    "85": 0.04945103196048839,
    "87": 3.885780586188048e-16,
    "89": 0,
    "92": 0,
    "93": 0,
    "94": 68.24268580106164,
    "95": 0.36215026569121367,
    "97": 0.44210197560198744,
    "99": 4.058460234546146e-9,
    "101": 4.769011027896681,
    "103": 274.3755664496786,
    "105": 8.220645697498696e-8,
    "106": 5.703887175356748e-7,
    "107": 0,
    "108": 0,
    "110": 0.0000069098528291400285,
    "111": 0,
    "112": 146.88381450790155,
    "113": 191.9564228749839,
    "114": 0,
    "115": 0.00001778216062764404,
    "121": 55.0324325453112,
    "122": 0.03136153924171636,
    "123": 5.703887175356748e-7,
    "124": 119.1843053983412,
    "125": 0.000006216961076110916,
    "127": 3.303483140926211e-7,
    "128": 267.67838673575346,
    "130": 0.004171466456040329,
    "131": 0.10679031694452562,
    "132": 0,
    "133": 0,
    "134": 0,
    "135": 4.452642599042884,
    "136": 0,
    "137": 0.002682891748546745,
    "139": 0.00001797877506198864,
    "141": 0,
    "142": 0.000015749823990662826,
    "143": 298.1839780939418,
    "144": 30.113819716512992,
    "145": 146.51951755239222,
    "146": 6.062330479018452,
    "148": 0.049234647108251706,
    "149": 0.178939998586635
  }
}