{
  "id": "10021",
  "name": "Landorus Therian",
  "format_id": "showdown_gen9vgc2026regfbo3-1630",
  "usage_metrics": {
    "raw": 30640,
    "base_weight": 5871.823117103594,
    "percent": 5.870384065662469
  },
  "items": {
    "life-orb": 108.26705322959462,
    "choice-band": 4175.3396608459925,
    "sitrus-berry": 198.81335845462655,
    "choice-scarf": 935.9242502069966,
    "assault-vest": 229.2541028293264,
    "clear-amulet": 198.52627063608014,
    "rocky-helmet": 11.31331211682985,
    "yache-berry": 0.21671415396453497,
    "focus-sash": 0.5643020487160335,
    "soft-sand": 0.03308928793970345,
    "ability-shield": 1.3683040700242453,
    "mirror-herb": 2.43413622591504e-11,
    "covert-cloak": 2.1784415793527887,
    "leftovers": 0.19073484333580826,
    "safety-goggles": 9.47703520901365,
    "choice-specs": 0.08931505274424995,
    "nothing": 0.010443630798150083,
    "blunder-policy": 0,
    "eject-button": 9.314073717847648e-8,
    "heavy-duty-boots": 4.4239345520225015e-9,
    "weakness-policy": 0.0040609743110074925,
    "kings-rock": 0,
    "silk-scarf": 0.000345771663139427,
    "lum-berry": 0.12737026313493577,
    "eject-pack": 0.0053152734815331,
    "iron-ball": 0.017063439363210697,
    "adrenaline-orb": 2.7969293547869256e-12,
    "shell-bell": 0.0021359629098672284,
    "power-herb": 0,
    "room-service": 0.00024765047929703465,
    "charti-berry": 0,
    "zoom-lens": 0,
    "razor-claw": 0,
    "wide-lens": 0.012348733699659775,
    "earth-plate": 0.016167625432110144,
    "expert-belt": 0.0046302754928798096,
    "mago-berry": 0.06704284073476263
  },
  "abilities": {
    "intimidate": 5871.823117103594
  },
  "moves": {
    "mud-shot": 0.00036883879519084006,
    "earthquake": 4284.772920729634,
    "substitute": 0.06146468566633062,
    "swords-dance": 35.927551792475455,
    "u-turn": 5408.301161339793,
    "stomping-tantrum": 5701.556057752959,
    "rock-slide": 5298.384842335106,
    "protect": 492.6352590779852,
    "tera-blast": 1702.2134283510177,
    "stone-edge": 239.9754906293539,
    "bulldoze": 20.709028213334946,
    "earth-power": 2.5716336699544176,
    "sludge-bomb": 2.191196103355847,
    "sandsear-storm": 2.1848092901445,
    "taunt": 225.6169939647299,
    "rock-tomb": 33.67577235982311,
    "endure": 0,
    "grass-knot": 0.03158563876951903,
    "sand-tomb": 0.6696629087219828,
    "fissure": 6.255797974764062,
    "sunny-day": 1.6372365041990953,
    "bulk-up": 0.7870697457515043,
    "crunch": 2.9327932697468353,
    "outrage": 0.758526810522681,
    "stealth-rock": 10.874505746713378,
    "nasty-plot": 0.0006689472203564306,
    "fly": 4.3358442899109315,
    "smack-down": 0.14722592442203675,
    "brick-break": 2.5955472646940008,
    "giga-impact": 0.03621687688194081,
    "gravity": 5.74473801862041e-12,
    "rain-dance": 0.14527879531427407,
    "hammer-arm": 0.1726602798775555,
    "weather-ball": 0.2167437420513238,
    "block": 0,
    "facade": 0.00023418907430400315,
    "dig": 0.0000011391289015949546,
    "sludge-wave": 0.008840313038540937,
    "focus-blast": 0.0005999767901925801,
    "": 0.10473279889415077,
    "sleep-talk": 0.9931269020539926,
    "leer": 3.6696165270505823,
    "calm-mind": 0.08906330438931703,
    "psychic": 0.0009112735607891276,
    "body-slam": 0.02186176816769475,
    "scorching-sands": 0.00021496759319494796,
    "extrasensory": 0.00013524775502049557,
    "sandstorm": 0.010722713892960645,
    "fling": 0.017063439363210697,
    "hyper-beam": 0
  },
  "teras": {
    "ground": 64.06151198488526,
    "flying": 1542.8108440470712,
    "steel": 2427.86452146961,
    "water": 422.84170289815654,
    "stellar": 0.07373724848388358,
    "ghost": 935.3823750085463,
    "poison": 125.82668255533653,
    "fairy": 207.08653161965657,
    "grass": 20.56421779548342,
    "fire": 77.39883660649328,
    "rock": 8.574794525999843,
    "bug": 0.49512802432357933,
    "dragon": 28.326160364586247,
    "fighting": 0.0009629169471334631,
    "ice": 2.900759968216894,
    "electric": 6.456190057145648,
    "dark": 1.1581600126035367,
    "normal": 7.866862716809919e-11
  },
  "spreads": [
    {
      "nature": "Jolly",
      "usage": "7.5",
      "evs": {
        "hp": 92,
        "atk": 148,
        "def": 12,
        "spa": 0,
        "spd": 4,
        "spe": 252
      }
    },
    {
      "nature": "Adamant",
      "usage": "5.7",
      "evs": {
        "hp": 68,
        "atk": 252,
        "def": 44,
        "spa": 0,
        "spd": 4,
        "spe": 140
      }
    },
    {
      "nature": "Adamant",
      "usage": "5.2",
      "evs": {
        "hp": 4,
        "atk": 252,
        "def": 0,
        "spa": 0,
        "spd": 0,
        "spe": 252
      }
    },
    {
      "nature": "Jolly",
      "usage": "4.4",
      "evs": {
        "hp": 4,
        "atk": 252,
        "def": 0,
        "spa": 0,
        "spd": 0,
        "spe": 252
      }
    },
    {
      "nature": "Adamant",
      "usage": "4.0",
      "evs": {
        "hp": 4,
        "atk": 204,
        "def": 44,
        "spa": 0,
        "spd": 4,
        "spe": 252
      }
    },
    {
      "nature": "Impish",
      "usage": "3.3",
      "evs": {
        "hp": 252,
        "atk": 0,
        "def": 132,
        "spa": 0,
        "spd": 124,
        "spe": 0
      }
    },
    {
      "nature": "Adamant",
      "usage": "3.2",
      "evs": {
        "hp": 124,
        "atk": 204,
        "def": 44,
        "spa": 0,
        "spd": 4,
        "spe": 132
      }
    },
    {
      "nature": "Adamant",
      "usage": "2.5",
      "evs": {
        "hp": 116,
        "atk": 204,
        "def": 44,
        "spa": 0,
        "spd": 4,
        "spe": 140
      }
    },
    {
      "nature": "Jolly",
      "usage": "2.3",
      "evs": {
        "hp": 4,
        "atk": 244,
        "def": 4,
        "spa": 0,
        "spd": 4,
        "spe": 252
      }
    },
    {
      "nature": "Jolly",
      "usage": "2.3",
      "evs": {
        "hp": 84,
        "atk": 172,
        "def": 4,
        "spa": 0,
        "spd": 4,
        "spe": 244
      }
    }
  ],
  "teammates": {
    "3": 0.0009785183420549237,
    "6": 0.6865564804950803,
    "9": 3.7351098676850074,
    "25": 2.3869795029440866e-15,
    "26": 0.5137265917811176,
    "35": 8.710733277160864,
    "36": 4.1061860134306016e-8,
    "38": 0.4439869985475958,
    "40": 0,
    "49": 0,
    "51": 0.0004696854950946294,
    "59": 0.11640382562407081,
    "73": 0.00404396886281555,
    "87": 1.432187701766452e-13,
    "89": 0,
    "94": 0.0018248713182665854,
    "103": 1.270986380813947,
    "106": 3.884598198666822e-11,
    "110": 3.049306842643298,
    "123": 0,
    "125": 0.0004819010274890734,
    "126": 0.2147366313410497,
    "130": 0.8147460751852433,
    "131": 0,
    "132": 0.006975449562793057,
    "134": 0.02243947850524991,
    "135": 0,
    "136": 0,
    "143": 4.062913767606183,
    "144": 267.46041842783734,
    "145": 2.1601592953983406,
    "146": 0.5436093010188587,
    "149": 80.07326411784865,
    "171": 0,
    "182": 0,
    "184": 0.0787627416873421,
    "186": 4.493450577522515,
    "189": 0.011488636063586466,
    "196": 0,
    "197": 1.6276591375666567,
    "198": 4.263781668871075,
    "199": 0.0027278727761727573,
    "203": 2.2684050193788607e-9,
    "206": 7.743250485248154e-13,
    "210": 0,
    "212": 0.13669039186299364,
    "214": 0.006960796585059936,
    "227": 0,
    "230": 0.5958821763171138,
    "233": 16.267626643668354,
    "234": 4.1061860134306016e-8,
    "235": 26.495142529425877,
    "237": 0.02689586959399698,
    "242": 0.00017908781356551495,
    "243": 0.023295548058670568,
    "244": 32.4430358713674,
    "245": 0.6632274619110072,
    "248": 21.31386748699709,
    "254": 0.00004800313154318392,
    "257": 0.0000013042375715532906,
    "260": 0.0027383918476900915,
    "272": 0.07266377504151889,
    "275": 0.534128735632468,
    "279": 149.3744588586872,
    "282": 0.8449635374760561,
    "284": 0.00010840981391951887,