{
  "id": "149",
  "name": "Dragonite",
  "format_id": "showdown_gen9vgc2026regfbo3-1630",
  "usage_metrics": {
    "raw": 59988,
    "base_weight": 14937.586451686446,
    "percent": 11.49323104866058
  },
  "roles": [
    {
      "role": "role_sweeper_physical",
      "label": "Physical Sweeper",
      "category": "OFF"
    }
  ],
  "items": {
    "loaded-dice": 5383.10651121202,
    "choice-band": 9055.32899798478,
    "assault-vest": 417.0955951284671,
    "life-orb": 37.72202472494093,
    "clear-amulet": 20.869637678634582,
    "figy-berry": 0.021371872916537193,
    "weakness-policy": 11.408819836659339,
    "lum-berry": 4.45789384941607,
    "leftovers": 0.3033618593134741,
    "heavy-duty-boots": 0.004556406951607084,
    "roseli-berry": 4.84268181111247e-12,
    "muscle-band": 0.006602934242235681,
    "focus-sash": 0.005303162012565477,
    "choice-specs": 0.0003715174107049579,
    "sitrus-berry": 0.2703575061157093,
    "rocky-helmet": 0.5867639061986898,
    "safety-goggles": 0.21582479543904187,
    "normal-gem": 0.4737643096855435,
    "razor-claw": 0,
    "choice-scarf": 0.000008333614633926345,
    "covert-cloak": 0.9530698035974301,
    "silk-scarf": 3.2454964687591494,
    "expert-belt": 0.00091942267416667,
    "shell-bell": 0.024984235923850462,
    "electric-seed": 0.08510040537297486,
    "nothing": 0.3164479290472784,
    "fairy-feather": 0.00009547846661245307,
    "eject-button": 0,
    "scope-lens": 0,
    "dragon-fang": 0.0000011881262591550978,
    "wide-lens": 1.0017052477903625,
    "draco-plate": 0,
    "power-herb": 0.005475733179688247,
    "sharp-beak": 0,
    "yache-berry": 0.000003786232412872348,
    "kings-rock": 0.010738506096309774,
    "adrenaline-orb": 1.4055423491754482e-13,
    "air-balloon": 1.9385509864022765e-10,
    "room-service": 1.2738394450373391e-8,
    "red-card": 0.03597894338654578,
    "flame-orb": 0,
    "ability-shield": 0,
    "blunder-policy": 4.096112338203284e-12,
    "mental-herb": 0,
    "mirror-herb": 0.028667401075461396,
    "aguav-berry": 1.0491671964540927e-7,
    "persim-berry": 0
  },
  "abilities": {
    "inner-focus": 10577.061021379524,
    "multiscale": 4360.525430306921
  },
  "moves": {
    "scale-shot": 5545.075246221043,
    "iron-head": 7077.74987137681,
    "protect": 5396.751861416706,
    "extreme-speed": 14634.842636434816,
    "outrage": 6628.220726320236,
    "tailwind": 196.7270705358178,
    "haze": 169.98647313726644,
    "dragon-claw": 2034.2464656210773,
    "ice-spinner": 417.5961708817117,
    "stomping-tantrum": 5883.098068180297,
    "fire-punch": 2.0145421095423988,
    "earthquake": 2904.58670547104,
    "aerial-ace": 5412.914556135978,
    "dragon-dance": 31.145343557596146,
    "low-kick": 606.0891297733971,
    "aqua-tail": 0.5446036391958364,
    "giga-impact": 166.4517441800899,
    "rock-slide": 570.0616351571528,
    "thunder-punch": 2.8357156487653787,
    "waterfall": 7.837371724506368,
    "wing-attack": 833.4646979266461,
    "stone-edge": 21.71114202218251,
    "aqua-jet": 950.3444485542152,
    "": 4.070010862893612,
    "breaking-swipe": 13.87480932789176,
    "icy-wind": 1.1394523067633369,
    "brick-break": 30.015386034571495,
    "body-slam": 0.00410259227037213,
    "roost": 0.9762123076787901,
    "dragon-rush": 0.007115368992483884,
    "fly": 3.310433533668921,
    "thunder": 0.12533635560297357,
    "surf": 0.0005252900095735202,
    "hurricane": 0.07242162917885109,
    "draco-meteor": 1.9489003909000733,
    "ice-punch": 24.062446817374155,
    "encore": 74.42055029727243,
    "facade": 0.11750580503638491,
    "thunder-wave": 0.6076586247374925,
    "body-press": 0.0992791349840898,
    "tera-blast": 94.4179169565968,
    "fire-spin": 0.9396399871075821,
    "thunderbolt": 0.5379292529130446,
    "rain-dance": 0.016790830386521904,
    "dragon-tail": 0.4765315898309674,
    "dragon-cheer": 0.007108258364422693,
    "air-cutter": 0.0199763165953446,
    "substitute": 1.0394934832344873,
    "bulldoze": 0.07715294977049564,
    "helping-hand": 0.7445115240931941,
    "agility": 0.00907642757544791,
    "weather-ball": 0.000013917199150115245,
    "focus-punch": 0.03441226237737188,
    "dragon-pulse": 0.43814340592613066,
    "wrap": 0,
    "heat-wave": 0.021502761812700277,
    "sunny-day": 0.002746078406607122,
    "air-slash": 0.33123254405059926,
    "safeguard": 0.04354653709652373,
    "rest": 7.368550214437164e-13,
    "ice-beam": 0.2759369295390794,
    "focus-blast": 0.00010319052531515549,
    "hydro-pump": 0.007479775775127595,
    "fire-blast": 1.0326573067837417,
    "blizzard": 0.0007508240853381642,
    "scary-face": 0.01528325144507553,
    "hyper-beam": 2.5778065182446852e-8,
    "metronome": 0.0034125952753053523,
    "flamethrower": 0.10001488885715765,
    "sleep-talk": 0,
    "fling": 0.00007501844545526604,
    "twister": 0,
    "light-screen": 0.03969044823123585,
    "snowscape": 0.4959195394684773,
    "dragon-breath": 0,
    "roar": 0.0010164408960448568,
    "rock-tomb": 0.059400775884048906,
    "sandstorm": 0.007967945405958854
  },
  "teras": {
    "steel": 5479.878403347147,
    "normal": 9115.337045582963,
    "fairy": 208.21441565796115,
    "fighting": 1.890966547261006,
    "ground": 13.246935938655351,
    "flying": 89.38179608734964,
    "dragon": 14.376698347548515,
    "stellar": 2.714343559640933,
    "grass": 0.00000758281453977494,
    "water": 3.3922423929091075,
    "fire": 3.919113021420413,
    "ghost": 0.2734981601673566,
    "bug": 0.5319511698140921,
    "poison": 3.7703621915404826,
    "electric": 0.006576898148994981,
    "ice": 0.6520952010896696,
    "rock": 0
  },
  "spreads": [
    {
      "nature": "adamant",
      "usage": "7.2",
      "evs": {
        "hp": 196,
        "atk": 252,
        "def": 0,
        "spa": 0,
        "spd": 0,
        "spe": 60
      }
    },
    {
      "nature": "adamant",
      "usage": "4.4",
      "evs": {
        "hp": 252,
        "atk": 252,
        "def": 4,
        "spa": 0,
        "spd": 0,
        "spe": 0
      }
    },
    {
      "nature": "adamant",
      "usage": "4.3",
      "evs": {
        "hp": 180,
        "atk": 252,
        "def": 4,
        "spa": 0,
        "spd": 4,
        "spe": 68
      }
    },
    {
      "nature": "adamant",
      "usage": "4.2",
      "evs": {
        "hp": 244,
        "atk": 252,
        "def": 4,
        "spa": 0,
        "spd": 4,
        "spe": 4
      }
    },
    {
      "nature": "adamant",
      "usage": "4.0",
      "evs": {
        "hp": 20,
        "atk": 252,
        "def": 4,
        "spa": 0,
        "spd": 4,
        "spe": 228
      }
    },
    {
      "nature": "adamant",
      "usage": "3.3",
      "evs": {
        "hp": 4,
        "atk": 252,
        "def": 0,
        "spa": 0,
        "spd": 0,
        "spe": 252
      }
    },
    {
      "nature": "adamant",
      "usage": "3.1",
      "evs": {
        "hp": 4,
        "atk": 204,
        "def": 4,
        "spa": 0,
        "spd": 44,
        "spe": 252
      }
    },
    {
      "nature": "adamant",
      "usage": "3.1",
      "evs": {
        "hp": 0,
        "atk": 236,
        "def": 0,
        "spa": 0,
        "spd": 52,
        "spe": 220
      }
    },
    {
      "nature": "adamant",
      "usage": "2.4",
      "evs": {
        "hp": 52,
        "atk": 212,
        "def": 4,
        "spa": 0,
        "spd": 4,
        "spe": 236
      }
    },
    {
      "nature": "adamant",
      "usage": "2.4",
      "evs": {
        "hp": 28,
        "atk": 212,
        "def": 4,
        "spa": 0,
        "spd": 12,
        "spe": 252
      }
    }
  ],
  "teammates": {
    "3": 4.069883216997084,
    "6": 3.9691184151835337,
    "9": 0.043353716886456006,
    "25": 0.004730510036270064,
    "26": 6.955040747199793,
    "35": 0.46077215012946154,
    "36": 3.563720984476814,
    "38": 4.783028374931338,
    "45": 0,
    "51": 0.001112412538821106,
    "55": 0.010022874555157713,
    "57": 0,
    "59": 2.989071218855437,