{
  "id": "186",
  "name": "Politoed",
  "format_id": "showdown_gen9vgc2026regfbo3-1630",
  "usage_metrics": {
    "raw": 3003,
    "base_weight": 23.852283995736848,
    "percent": 0.5753512842423104
  },
  "roles": [
    {
      "role": "role_disruptor",
      "label": "Disruptor",
      "category": "SUP"
    },
    {
      "role": "role_weather",
      "label": "Weather Setter",
      "category": "SUP"
    },
    {
      "role": "role_speed_control",
      "label": "Speed Control",
      "category": "SUP"
    }
  ],
  "items": {
    "rocky-helmet": 1.825304691516459,
    "leftovers": 3.846461658689017,
    "sitrus-berry": 6.977616307072196,
    "damp-rock": 1.6907977538688201,
    "wide-lens": 0.3422417367630323,
    "covert-cloak": 0.12740303217969523,
    "throat-spray": 0.0035465779853573465,
    "ability-shield": 0.1638390204827423,
    "eject-pack": 1.3907674491745787,
    "focus-sash": 0.09798247602597643,
    "room-service": 4.930850319144564,
    "choice-specs": 1.2512295841245116,
    "eject-button": 0.005293569205050974,
    "bright-powder": 0.0007494691886558713,
    "mystic-water": 0.018474123665481235,
    "assault-vest": 0.002973085810437759,
    "safety-goggles": 0.03825818455862007,
    "razor-claw": 0,
    "mental-herb": 0.06345298098482,
    "earth-plate": 0,
    "blunder-policy": 0.000011074570738900391,
    "kings-rock": 0,
    "choice-scarf": 0.13915762838366114,
    "life-orb": 0.18958746680021,
    "aguav-berry": 0,
    "splash-plate": 0,
    "nothing": 0.03214328991374693,
    "grassy-seed": 1.6576076811158913e-7,
    "adrenaline-orb": 0.3124491425553233,
    "clear-amulet": 0.0007582758632723174,
    "light-ball": 0,
    "iapapa-berry": 0.004660837087748226,
    "iron-ball": 0.39627409436130767,
    "chesto-berry": 0
  },
  "abilities": {
    "drizzle": 23.09582605969155,
    "water-absorb": 0.7564579360452981,
    "damp": 0
  },
  "moves": {
    "icy-wind": 7.564887614612125,
    "chilling-water": 0.9783811185281946,
    "helping-hand": 10.790887782983642,
    "protect": 19.67159889246826,
    "weather-ball": 13.289419619635888,
    "encore": 9.185818411403934,
    "perish-song": 8.621021847645457,
    "muddy-water": 7.461240528890043,
    "hyper-voice": 0.2851110919994844,
    "ice-beam": 1.9591056329716838,
    "haze": 4.645872147928962,
    "hydro-pump": 0.8042014603802012,
    "surf": 2.179239902444087,
    "blizzard": 0.03054220333917662,
    "tera-blast": 0.1654401136325811,
    "liquidation": 0.004264638323251191,
    "earth-power": 6.755573241047994,
    "body-slam": 5.598299601672352e-13,
    "substitute": 0.009630844164344954,
    "hypnosis": 0.18493061127417976,
    "rain-dance": 0.0938497443857606,
    "psychic": 0.411399810176196,
    "bulldoze": 0.0002729048924776656,
    "bubble-beam": 0,
    "focus-blast": 0.15951030301032765,
    "earthquake": 0.00406659617645494,
    "mud-slap": 0.0000045043982361825385,
    "low-kick": 0.003557993860259734,
    "fling": 0,
    "endeavor": 0.04256365304719345,
    "rest": 0.02418754797434497,
    "whirlpool": 0.03331417388946328,
    "swagger": 0,
    "focus-punch": 7.957879355480202e-10,
    "amnesia": 0,
    "ice-punch": 0,
    "brick-break": 0.0000516669721266072,
    "sleep-talk": 0.01719888154360827,
    "belly-drum": 3.6611269571551475e-12,
    "": 0,
    "psych-up": 0.018857748689401987,
    "waterfall": 0.000625869756963271,
    "dig": 0.0000011881261465784831,
    "mist": 0,
    "hyper-beam": 0.01250569157476017,
    "endure": 0
  },
  "teras": {
    "grass": 17.718920348665964,
    "water": 3.0793919033648427,
    "ice": 0.1648490302021659,
    "ghost": 0.2414551246211955,
    "bug": 0.6576947503072252,
    "steel": 0.35004107583280375,
    "dragon": 0.46530206862399964,
    "ground": 0.01830272977751224,
    "fairy": 0.07063271404883281,
    "electric": 0.8767494668476987,
    "stellar": 0.000019632160415228306,
    "poison": 0.015708028446739908,
    "fire": 0.06082342878634894,
    "dark": 0,
    "normal": 0.017520357451331015,
    "flying": 0.11021249951197715,
    "rock": 0.004660837087748226
  },
  "spreads": [
    {
      "nature": "quiet",
      "usage": "20.7",
      "evs": {
        "hp": 236,
        "atk": 0,
        "def": 124,
        "spa": 76,
        "spd": 68,
        "spe": 0
      }
    },
    {
      "nature": "bold",
      "usage": "15.3",
      "evs": {
        "hp": 244,
        "atk": 0,
        "def": 252,
        "spa": 4,
        "spd": 4,
        "spe": 4
      }
    },
    {
      "nature": "timid",
      "usage": "5.9",
      "evs": {
        "hp": 252,
        "atk": 0,
        "def": 100,
        "spa": 0,
        "spd": 0,
        "spe": 156
      }
    },
    {
      "nature": "calm",
      "usage": "4.7",
      "evs": {
        "hp": 252,
        "atk": 0,
        "def": 0,
        "spa": 4,
        "spd": 252,
        "spe": 0
      }
    },
    {
      "nature": "calm",
      "usage": "4.6",
      "evs": {
        "hp": 252,
        "atk": 0,
        "def": 60,
        "spa": 4,
        "spd": 76,
        "spe": 116
      }
    },
    {
      "nature": "calm",
      "usage": "4.1",
      "evs": {
        "hp": 252,
        "atk": 0,
        "def": 172,
        "spa": 4,
        "spd": 76,
        "spe": 4
      }
    },
    {
      "nature": "modest",
      "usage": "3.7",
      "evs": {
        "hp": 4,
        "atk": 0,
        "def": 0,
        "spa": 252,
        "spd": 0,
        "spe": 252
      }
    },
    {
      "nature": "calm",
      "usage": "3.2",
      "evs": {
        "hp": 244,
        "atk": 0,
        "def": 12,
        "spa": 0,
        "spd": 252,
        "spe": 0
      }
    },
    {
      "nature": "calm",
      "usage": "3.0",
      "evs": {
        "hp": 244,
        "atk": 0,
        "def": 156,
        "spa": 4,
        "spd": 100,
        "spe": 4
      }
    },
    {
      "nature": "calm",
      "usage": "2.6",
      "evs": {
        "hp": 252,
        "atk": 0,
        "def": 76,
        "spa": 4,
        "spd": 76,
        "spe": 100
      }
    }
  ],
  "teammates": {
    "3": 0,
    "6": 0.0096851132536101,
    "8": 0,
    "9": 0.01477760362314623,
    "25": 0,
    "26": 0.02387320984265795,
    "35": 0.6963812290827596,
    "36": 0.00009922325761996253,
    "38": 0.00155322395970664,
    "51": 3.312905505481467e-13,
    "54": 0,
    "55": 0.0009710133251463193,
    "59": 0.0017142881643709695,
    "62": 0.09014326048248444,
    "73": 0,
    "76": 0,
    "79": 0,
    "80": 0.11554193017774722,
    "82": 0.008333880683518646,
    "87": 0.00020846086421977272,
    "91": 0.020802538162463413,
    "94": 0.0001280782442572015,
    "103": 6.703436694621701e-10,
    "110": 0,
    "112": 3.6469519859583244e-7,
    "113": 0,
    "123": 0.0965845148033575,
    "125": 0.12652599130750708,
    "130": 0.000035246049479353836,
    "131": 0.005133638355853398,
    "132": 0.00048721057533640533,
    "134": 2.7755575615628914e-16,
    "135": 0.0019104086062929904,
    "143": 0.10269994245701591,
    "144": 0.005133430648965931,
    "145": 0.10819217741413373,
    "149": 0.8707212603806351,
    "163": 0,
    "164": 0,
    "168": 0.00003056288780062255,
    "181": 0.00020576008688527603,
    "184": 0.1804990691348311,
    "185": 0,
    "189": 0,
    "190": 0,
    "192": 0,
    "193": 0,
    "195": 0.001123590071834768,
    "196": 0.001123590071834768,
    "197": 0.00003056288780062255,
    "198": 0.021271127206561158,
    "205": 0.010234514003840345,
    "212": 0.7874090682437731,
    "214": 0.006960796585059936,
    "227": 0.000025769508665118845,
    "230": 3.0727300162517017,
    "233": 0.29074124158517783,
    "235": 0.21842844194128652,
    "237": 0.001123590071834768,
    "242": 6.703436694621701e-10,
    "243": 0.13472726245318017,
    "244": 4.104716566644129e-12,
    "245": 0.0021266992146382058,
    "248": 0.09137986246335472,
    "257": 0.08608411596032955,
    "260": 0.015614601223222169,
    "272": 0.3311841291184758,
    "275": 0.037035476857435634,
    "279": 0.13434308747348367,