{
  "id": "450",
  "name": "Hippowdon",
  "format_id": "showdown_gen5ou-1760",
  "usage_metrics": {
    "raw": 2948,
    "base_weight": 204.3796390086316,
    "percent": 3.668035336568371
  },
  "roles": [
    {
      "role": "role_wall_special",
      "label": "Special Wall",
      "category": "DEF"
    },
    {
      "role": "role_weather",
      "label": "Weather Setter",
      "category": "SUP"
    },
    {
      "role": "role_disruptor",
      "label": "Disruptor",
      "category": "SUP"
    }
  ],
  "items": {
    "leftovers": 204.1530362172081,
    "rocky-helmet": 0.16217870551496527,
    "eject-button": 0.0009378070231368385,
    "choice-band": 0.009310379694595416,
    "lum-berry": 0,
    "life-orb": 1.1102230246251565e-15,
    "earth-plate": 0,
    "quick-claw": 0.0003203053200508399,
    "sitrus-berry": 0.004542037780437602,
    "nothing": 0.04925750957670827,
    "smooth-rock": 0,
    "soft-sand": 0,
    "liechi-berry": 0.000056040289086844997,
    "expert-belt": 6.224414150768354e-9,
    "focus-sash": 0
  },
  "abilities": {
    "sand-stream": 204.33689945534317,
    "sand-force": 0.042739553288444254
  },
  "moves": {
    "slack-off": 203.77873665507005,
    "earthquake": 204.37373611377106,
    "stealth-rock": 203.59282513983987,
    "ice-fang": 3.448088249497177,
    "whirlwind": 72.15253985694142,
    "curse": 0.005641492479859345,
    "fire-fang": 0.02310562173117553,
    "superpower": 0.0000020526734673120828,
    "toxic": 10.885153238094745,
    "roar": 1.6835397171730218,
    "protect": 0.015271278501935659,
    "body-slam": 0.006290173428741774,
    "rest": 0.02830241415333401,
    "sleep-talk": 0.000024460116597013748,
    "rock-tomb": 3.163902470015856e-7,
    "rock-slide": 117.39955487204824,
    "stone-edge": 0.00466937115532523,
    "thunder-fang": 0.00045542482427579634,
    "crunch": 0.03262544447967852,
    "revenge": 0.00020857912315713767,
    "stockpile": 0.028196265059437786,
    "sunny-day": 0.017095281749695768,
    "": 0.0321622278270125,
    "sandstorm": 5.9734726054472276e-9,
    "iron-head": 8.876788193390439e-13,
    "substitute": 5.0231562742641955e-8,
    "sand-tomb": 0.0009867055904775324,
    "natural-gift": 0.000056040289086844997,
    "bite": 0,
    "bulldoze": 0,
    "hidden-power-fire": 0,
    "facade": 0.0092889800867747,
    "double-edge": 0,
    "iron-tail": 6.224414150768354e-9
  },
  "teras": {
    "nothing": 204.37963900863156
  },
  "spreads": [
    {
      "nature": "careful",
      "usage": "33.4",
      "evs": {
        "hp": 252,
        "atk": 0,
        "def": 12,
        "spa": 0,
        "spd": 244,
        "spe": 0
      }
    },
    {
      "nature": "careful",
      "usage": "30.0",
      "evs": {
        "hp": 252,
        "atk": 0,
        "def": 4,
        "spa": 0,
        "spd": 252,
        "spe": 0
      }
    },
    {
      "nature": "careful",
      "usage": "11.3",
      "evs": {
        "hp": 252,
        "atk": 0,
        "def": 12,
        "spa": 0,
        "spd": 240,
        "spe": 4
      }
    },
    {
      "nature": "careful",
      "usage": "5.6",
      "evs": {
        "hp": 252,
        "atk": 0,
        "def": 16,
        "spa": 0,
        "spd": 240,
        "spe": 0
      }
    },
    {
      "nature": "impish",
      "usage": "4.0",
      "evs": {
        "hp": 252,
        "atk": 4,
        "def": 252,
        "spa": 0,
        "spd": 0,
        "spe": 0
      }
    },
    {
      "nature": "impish",
      "usage": "3.2",
      "evs": {
        "hp": 248,
        "atk": 0,
        "def": 72,
        "spa": 0,
        "spd": 184,
        "spe": 4
      }
    },
    {
      "nature": "impish",
      "usage": "3.0",
      "evs": {
        "hp": 252,
        "atk": 0,
        "def": 32,
        "spa": 0,
        "spd": 224,
        "spe": 0
      }
    },
    {
      "nature": "careful",
      "usage": "2.6",
      "evs": {
        "hp": 252,
        "atk": 4,
        "def": 0,
        "spa": 0,
        "spd": 252,
        "spe": 0
      }
    },
    {
      "nature": "sassy",
      "usage": "1.4",
      "evs": {
        "hp": 252,
        "atk": 4,
        "def": 0,
        "spa": 0,
        "spd": 252,
        "spe": 0
      }
    },
    {
      "nature": "careful",
      "usage": "1.3",
      "evs": {
        "hp": 252,
        "atk": 0,
        "def": 72,
        "spa": 0,
        "spd": 184,
        "spe": 0
      }
    }
  ],
  "teammates": {
    "3": 0.005398001479604342,
    "31": 0.1502631161863695,
    "34": 0.01603391027178258,
    "36": 95.7548705040225,
    "38": 6.860932549868082e-8,
    "51": 0,
    "55": 3.1545321910186885e-12,
    "59": 0.015376267194882998,
    "65": 48.71242774822681,
    "71": 1.0252909632413321e-13,
    "73": 0.1984041092169576,
    "78": 1.4434430872789505e-9,
    "80": 9.757196383796739,
    "82": 0.8677798578878164,
    "94": 0.0005793109689077869,
    "106": 9.048895299734738e-8,
    "110": 0.0000666258464016578,
    "112": 0.0009358951954868133,
    "113": 0.000021972920156376752,
    "121": 2.291037371249792,
    "122": 0.011268618996690127,
    "126": 0,
    "130": 0.020854873267520335,
    "131": 3.07138575683652e-8,
    "132": 0.7352300136517111,
    "135": 2.526374024980349e-7,
    "136": 0.0026425250274839107,
    "139": 2.220446049250313e-16,
    "141": 0.000008570397975082855,
    "142": 5.738187702775122e-13,
    "145": 6.450761046098901,
    "149": 0.8327458032601955,
    "169": 1.2408545302378116e-9,
    "178": 0.4249336083656566,
    "186": 0,
    "195": 0.00017352362835965085,
    "196": 0.0004890335407347068,
    "197": 0.0020796995101808324,
    "199": 0.05187608210600447,
    "205": 7.000697179120951,
    "208": 2.1233732072634126e-7,
    "212": 4.974339231535874,
    "213": 0.0026643219135598084,
    "214": 0,
    "219": 0,
    "227": 93.39625765270921,
    "230": 0.000004075789487079096,
    "232": 0.000002197539912762725,
    "233": 0.00013265011422608497,
    "237": 0.7719739191755322,
    "242": 5.86501581149471,
    "243": 0.0003177955736281546,
    "248": 0.8193778023380072,
    "251": 9.065189313996102,
    "260": 7.993605777301127e-15,
    "272": 2.8305211341450587e-8,
    "286": 0.09515619023992017,
    "299": 1.1213252548714081e-14,
    "302": 0.09166467269843026,
    "304": 0,
    "306": 5.721845219852639e-11,
    "319": 6.329209938926716e-7,
    "323": 0,
    "330": 0.01603391027178258,
    "332": 0.003716809666132581,
    "334": 3.1545321910186885e-12,
    "344": 0.8730961570029762,
    "346": 0.0018020689937453538,
    "348": 0.0018020689693141745,
    "350": 0.01137375038441496,
    "354": 7.237614163546624e-8,
    "356": 0.011268623712175851,
    "373": 0.0015147697914709157,
    "376": 0.020607222212051135,
    "379": 0.0005253070693508333,
    "380": 77.83408640552015,
    "381": 103.5048220353798,
    "385": 7.532352322298238,
    "389": 0.00817888300921743,
    "392": 0.000005280468103052716,
    "395": 0.000004630896071333712,
    "398": 0.00004169411681986812,
    "407": 0,
    "409": 1.734279386766957e-12,
    "423": 1.33667990630122,
    "426": 2.4411750398911636e-11,
    "429": 1.5804880859615622e-7,
    "437": 43.34006513158978,
    "442": 0.0000016500859881807273,
    "445": 0.37626648497442505,
    "447": 0.0003365298926615856,
    "448": 0.02188605315002312,
    "449": 3.0006386264602725e-11,
    "454": 0,
    "460": 3.1545321910186885e-12,
    "461": 1.6648858733267367,
    "462": 11.974664050077834,
    "463": 3.1545321910186885e-12,
    "464": 0.0018020690354366153,
    "465": 0,
    "467": 6.6250462893435724e-9,
    "468": 6.6251488184398966e-9,
    "469": 0.0002418346888474754,
    "472": 65.91800515096942,
    "473": 0.00009642415523969383,
    "474": 0.00037326307311330575,
    "475": 0,
    "476": 0.00008727263810126562,
    "477": 2.4411750398911636e-11,
    "478": 0.00004413414850923392,
    "479": 0.09503434509864389,
    "482": 0.00010517658663433682,
    "485": 8.86781468359754,
    "488": 0,
    "492": 5.948829207014228e-10,
    "494": 6.329209938926716e-7,