{
  "id": "472",
  "name": "Gliscor",
  "format_id": "showdown_gen5ou-1760",
  "usage_metrics": {
    "raw": 8908,
    "base_weight": 345.4460036028426,
    "percent": 11.083737713077019
  },
  "roles": [
    {
      "role": "role_setup",
      "label": "Setup Sweeper",
      "category": "OFF"
    },
    {
      "role": "role_wall_special",
      "label": "Special Wall",
      "category": "DEF"
    },
    {
      "role": "role_sweeper_physical",
      "label": "Physical Sweeper",
      "category": "OFF"
    }
  ],
  "items": {
    "toxic-orb": 345.26429044800125,
    "sitrus-berry": 0,
    "yache-berry": 0.01690493492805628,
    "mental-herb": 2.4655000263607008e-11,
    "rocky-helmet": 0.000020800097725814926,
    "muscle-band": 0.000008464606946867459,
    "life-orb": 0.00008666761570719217,
    "soft-sand": 0,
    "leftovers": 0.012233748272343858,
    "eject-button": 0,
    "toxic-plate": 5.184741524999481e-14,
    "air-balloon": 0.0004334590256229176,
    "black-sludge": 0.000014452847428736426,
    "choice-scarf": 0.146419429207234,
    "power-herb": 0,
    "expert-belt": 2.9898306053155466e-13,
    "choice-band": 0.000005257613665321514,
    "black-glasses": 0,
    "razor-claw": 3.193667552636725e-11,
    "nothing": 0.001580104175494812,
    "wide-lens": 0,
    "sky-plate": 0.004005836394202322,
    "focus-sash": 0,
    "salac-berry": 4.440892098500626e-16,
    "poison-barb": 0
  },
  "abilities": {
    "poison-heal": 345.2511647523794,
    "hyper-cutter": 0.19483885046320298
  },
  "moves": {
    "earthquake": 339.795562163095,
    "substitute": 20.869296948668147,
    "protect": 310.94247854970314,
    "toxic": 11.143010711354766,
    "stealth-rock": 41.21651025390153,
    "knock-off": 24.9631311707237,
    "u-turn": 28.80817637466088,
    "swords-dance": 276.24698753181565,
    "fire-fang": 2.7838156280133086,
    "facade": 101.7168749780374,
    "roost": 16.832251545476794,
    "taunt": 23.944673288323177,
    "rock-slide": 0.32672617118412095,
    "baton-pass": 12.546745954479036,
    "agility": 0.214486714881704,
    "ice-fang": 165.68372754000944,
    "acrobatics": 0.02705836598873773,
    "poison-jab": 0.00005782120867359186,
    "torment": 1.7763568394002505e-15,
    "bulldoze": 0.07522140586993359,
    "rock-tomb": 0.0000022787777747557136,
    "fling": 0.01805695490903564,
    "steel-wing": 2.4655000263607008e-11,
    "aqua-tail": 0.15426622941243684,
    "night-slash": 0.00003949686851767442,
    "aerial-ace": 0.18762801833399645,
    "dig": 0.06516914808443941,
    "thunder-fang": 0.00002950604139906332,
    "tailwind": 0.041796370955373696,
    "stone-edge": 0.026585172626572617,
    "sky-attack": 2.7755575615628914e-16,
    "counter": 0.0003663010518018539,
    "x-scissor": 0,
    "defog": 0.0000018011337398760041,
    "rock-polish": 2.505772487663591,
    "": 0.000010108242320505667,
    "thief": 1.390001980183797e-8,
    "sunny-day": 0.00002490025374146665,
    "power-trick": 2.556293204891702e-8,
    "wing-attack": 0.637575492034119,
    "brick-break": 0.000007669605582627526,
    "hidden-power-ice": 5.184741524999481e-14,
    "earth-power": 2.5007030890478177e-8,
    "dark-pulse": 2.5007030890478177e-8,
    "iron-tail": 0.0004334590256229176,
    "hidden-power-fire": 0,
    "rest": 0,
    "hone-claws": 0.005305705968619456,
    "struggle-bug": 0,
    "sludge-bomb": 0.000012862825303161518,
    "hidden-power-grass": 0,
    "quick-attack": 0.004005836394202322,
    "sand-tomb": 0.00013140426772639824,
    "double-edge": 0,
    "frustration": 0
  },
  "teras": {
    "nothing": 345.44600360284267
  },
  "spreads": [
    {
      "nature": "careful",
      "usage": "21.5",
      "evs": {
        "hp": 252,
        "atk": 0,
        "def": 0,
        "spa": 4,
        "spd": 252,
        "spe": 0
      }
    },
    {
      "nature": "careful",
      "usage": "19.7",
      "evs": {
        "hp": 244,
        "atk": 0,
        "def": 72,
        "spa": 0,
        "spd": 188,
        "spe": 4
      }
    },
    {
      "nature": "jolly",
      "usage": "16.4",
      "evs": {
        "hp": 228,
        "atk": 44,
        "def": 0,
        "spa": 0,
        "spd": 8,
        "spe": 228
      }
    },
    {
      "nature": "jolly",
      "usage": "3.2",
      "evs": {
        "hp": 252,
        "atk": 0,
        "def": 28,
        "spa": 0,
        "spd": 0,
        "spe": 228
      }
    },
    {
      "nature": "jolly",
      "usage": "2.9",
      "evs": {
        "hp": 244,
        "atk": 0,
        "def": 0,
        "spa": 0,
        "spd": 40,
        "spe": 224
      }
    },
    {
      "nature": "careful",
      "usage": "2.7",
      "evs": {
        "hp": 244,
        "atk": 0,
        "def": 72,
        "spa": 0,
        "spd": 192,
        "spe": 0
      }
    },
    {
      "nature": "careful",
      "usage": "2.5",
      "evs": {
        "hp": 244,
        "atk": 8,
        "def": 0,
        "spa": 0,
        "spd": 252,
        "spe": 4
      }
    },
    {
      "nature": "impish",
      "usage": "1.8",
      "evs": {
        "hp": 244,
        "atk": 0,
        "def": 140,
        "spa": 0,
        "spd": 124,
        "spe": 0
      }
    },
    {
      "nature": "careful",
      "usage": "1.6",
      "evs": {
        "hp": 252,
        "atk": 0,
        "def": 4,
        "spa": 0,
        "spd": 252,
        "spe": 0
      }
    },
    {
      "nature": "careful",
      "usage": "1.6",
      "evs": {
        "hp": 244,
        "atk": 0,
        "def": 72,
        "spa": 0,
        "spd": 184,
        "spe": 8
      }
    }
  ],
  "teammates": {
    "3": 0.01609855361278828,
    "6": 0.016399968534081488,
    "9": 0.20406298467835987,
    "25": 2.992573083782091e-8,
    "26": 0.00022585231533683858,
    "31": 0.1502631161863695,
    "34": 0.00006566046347605825,
    "36": 10.52534565501591,
    "38": 3.101939313725596,
    "47": 0,
    "49": 1.1439674207913697e-9,
    "51": 0,
    "57": 4.918699947342731e-9,
    "59": 0.006446566481186133,
    "64": 0,
    "65": 102.01983253411015,
    "68": 0.2039371216663693,
    "73": 16.797240424943706,
    "80": 15.287980166552625,
    "82": 0.8916116048601579,
    "94": 0.6312298102974621,
    "99": 0,
    "101": 1.5332742475671068e-7,
    "105": 2.7755575615628914e-16,
    "110": 0.048412676009556954,
    "112": 0,
    "113": 8.635218979212901,
    "119": 0.11902615597875704,
    "121": 3.132244738436626,
    "122": 0.011268618996690127,
    "124": 3.0635649572730017e-10,
    "126": 0,
    "127": 0,
    "128": 0.000017470760099225213,
    "130": 2.5680536854843927,
    "131": 0.22884631469138544,
    "132": 1.502568036368507,
    "134": 0.03840042588889975,
    "135": 0.08011430563489486,
    "136": 0.0000797513707333497,
    "139": 0.1633258639149865,
    "141": 0,
    "142": 0.08594624313486915,
    "143": 0.0004717605269142222,
    "144": 0,
    "145": 0.0033660635789363735,
    "146": 2.1649776416055033e-10,
    "149": 10.654309579019206,
    "151": 1.0745403444713773,
    "155": 0,
    "157": 3.5491869948556243e-7,
    "160": 2.6008861786497306e-7,
    "164": 0.004934773051245123,
    "169": 0.18431003109176985,
    "178": 71.15558287978949,
    "184": 0.0000032702879496082637,
    "186": 14.246953155844697,
    "195": 0.00017329166237456395,
    "196": 0.11006383287538668,
    "197": 0.012974490295406482,
    "198": 1.7567564347675813e-8,
    "199": 0.5688638304138722,
    "200": 8.723114652831043e-8,
    "202": 0,
    "205": 84.4478806754203,
    "208": 0.0009275804028691104,
    "211": 9.952225654696889e-9,
    "212": 12.846441109992229,
    "213": 0.0014415773725068304,
    "214": 0.012106514538576918,
    "219": 0,
    "226": 4.618180005078187e-9,
    "227": 98.73034360654523,
    "229": 6.371737050758775e-7,
    "230": 0.07848653945386352,
    "232": 0.000020270379786080372,
    "233": 0.002040923386020632,
    "235": 0,
    "237": 0.0173079392593391,
    "241": 5.389244606135435e-12,
    "242": 83.12248799204272,
    "243": 0.04228220504291552,