{
  "id": "537",
  "name": "Seismitoad",
  "format_id": "showdown_gen5ou-1760",
  "usage_metrics": {
    "raw": 721,
    "base_weight": 78.32134727997578,
    "percent": 0.8971009082991166
  },
  "roles": [
    {
      "role": "role_wall_physical",
      "label": "Physical Wall",
      "category": "DEF"
    },
    {
      "role": "role_disruptor",
      "label": "Disruptor",
      "category": "SUP"
    },
    {
      "role": "role_speed_control",
      "label": "Speed Control",
      "category": "SUP"
    }
  ],
  "items": {
    "life-orb": 0.0021541596250492234,
    "leftovers": 78.31404022084953,
    "choice-band": 0.0000012646224807344453,
    "rocky-helmet": 0,
    "choice-specs": 0.0000068979982781880445,
    "zoom-lens": 0,
    "focus-sash": 7.360112519450013e-12,
    "expert-belt": 0.0000011666301255597311,
    "chesto-berry": 0.002022127577191002,
    "mystic-water": 1.3877825721930748e-8,
    "damp-rock": 0.0031187310557563297,
    "nothing": 0.0000026977321870846893,
    "shell-bell": 0,
    "muscle-band": 0,
    "black-belt": 0,
    "air-balloon": 0
  },
  "abilities": {
    "swift-swim": 0.005274066972793867,
    "water-absorb": 78.31542488264496,
    "poison-touch": 0.0006483303580267497
  },
  "moves": {
    "knock-off": 1.266747321747243,
    "earthquake": 0.6371678897788273,
    "scald": 78.31553889261751,
    "ice-punch": 2.508456269089303,
    "rock-slide": 1.3877825721930748e-8,
    "toxic": 9.321082650020868,
    "protect": 77.5179084343336,
    "refresh": 77.13828194061315,
    "surf": 0.002451151057469514,
    "sludge-wave": 0.0021677227397058907,
    "drain-punch": 0.00024633512516608613,
    "stealth-rock": 66.56127662377017,
    "poison-jab": 0.00023017226021904147,
    "brick-break": 0.0031199956782370086,
    "earth-power": 0.0021610746251105595,
    "sludge-bomb": 0.000006898016791490047,
    "hidden-power-ice": 0.0009592838174351526,
    "aqua-ring": 0.000002697732199408165,
    "hydro-pump": 0.000006911876103909975,
    "icy-wind": 0,
    "focus-blast": 0,
    "rain-dance": 0.0031187310557563297,
    "hidden-power-fire": 0.0021553262551700647,
    "hyper-voice": 0.0000011666301255597311,
    "attract": 0.000060758818814066196,
    "supersonic": 0,
    "rest": 0.002022127577191002,
    "dig": 1.3877825721930748e-8,
    "venoshock": 0,
    "grass-knot": 0.00021601916858399184,
    "bulldoze": 0.0000026977321870846893,
    "muddy-water": 1.0436651542988784e-11,
    "sleep-talk": 0
  },
  "teras": {
    "nothing": 78.3213472799758
  },
  "spreads": [
    {
      "nature": "bold",
      "usage": "35.0",
      "evs": {
        "hp": 252,
        "atk": 0,
        "def": 228,
        "spa": 4,
        "spd": 24,
        "spe": 0
      }
    },
    {
      "nature": "bold",
      "usage": "33.0",
      "evs": {
        "hp": 252,
        "atk": 0,
        "def": 252,
        "spa": 0,
        "spd": 4,
        "spe": 0
      }
    },
    {
      "nature": "bold",
      "usage": "11.0",
      "evs": {
        "hp": 248,
        "atk": 0,
        "def": 232,
        "spa": 0,
        "spd": 0,
        "spe": 28
      }
    },
    {
      "nature": "calm",
      "usage": "10.2",
      "evs": {
        "hp": 248,
        "atk": 0,
        "def": 8,
        "spa": 0,
        "spd": 252,
        "spe": 0
      }
    },
    {
      "nature": "bold",
      "usage": "4.1",
      "evs": {
        "hp": 240,
        "atk": 0,
        "def": 252,
        "spa": 0,
        "spd": 0,
        "spe": 16
      }
    },
    {
      "nature": "relaxed",
      "usage": "3.2",
      "evs": {
        "hp": 248,
        "atk": 0,
        "def": 252,
        "spa": 0,
        "spd": 8,
        "spe": 0
      }
    },
    {
      "nature": "bold",
      "usage": "1.1",
      "evs": {
        "hp": 200,
        "atk": 0,
        "def": 252,
        "spa": 0,
        "spd": 56,
        "spe": 0
      }
    },
    {
      "nature": "relaxed",
      "usage": "0.7",
      "evs": {
        "hp": 248,
        "atk": 0,
        "def": 252,
        "spa": 0,
        "spd": 0,
        "spe": 0
      }
    },
    {
      "nature": "calm",
      "usage": "0.7",
      "evs": {
        "hp": 252,
        "atk": 0,
        "def": 0,
        "spa": 0,
        "spd": 240,
        "spe": 16
      }
    },
    {
      "nature": "calm",
      "usage": "0.5",
      "evs": {
        "hp": 252,
        "atk": 0,
        "def": 4,
        "spa": 0,
        "spd": 252,
        "spe": 0
      }
    }
  ],
  "teammates": {
    "3": 7.360112519450013e-12,
    "25": 0.00007506732385609283,
    "26": 0,
    "36": 0.000060758818814066196,
    "38": 0.36020835906798887,
    "42": 0,
    "55": 0,
    "62": 7.360112519450013e-12,
    "65": 2.7217212810565443,
    "68": 0,
    "73": 1.230931184113304,
    "87": 0,
    "94": 0,
    "106": 0,
    "113": 0.6129358801818675,
    "121": 0.7438469934473575,
    "124": 0.002154159625044505,
    "128": 0,
    "130": 0,
    "132": 0,
    "135": 4.773959005888173e-15,
    "141": 0.373615978403561,
    "144": 0,
    "145": 0.3602083217305017,
    "149": 1.2447179426221415,
    "151": 4.718447854656915e-15,
    "157": 0,
    "169": 0.00008094845846362553,
    "178": 1.6858488736111918,
    "186": 1.8409713750559795,
    "195": 7.360168030601244e-12,
    "196": 0,
    "197": 0,
    "200": 0,
    "205": 9.366170349151785,
    "212": 8.147279252447918,
    "217": 7.001943469475691e-11,
    "227": 54.08580309669074,
    "230": 0.0021541596250492234,
    "232": 0.3602083217305017,
    "237": 0.00016529686786365128,
    "248": 61.97506475283112,
    "251": 5.440235858017533,
    "279": 0,
    "286": 0.0005427931605255787,
    "319": 0,
    "330": 0.00004101649048243727,
    "344": 0.002154159625044505,
    "346": 0,
    "348": 3.552713678800501e-15,
    "350": 0,
    "367": 8.770761894538737e-15,
    "373": 5.551115123125783e-17,
    "376": 0.000060758818814066196,
    "381": 62.437307209406185,
    "385": 1.73245974774847,
    "395": 0,
    "407": 0.00008434840940002575,
    "419": 0,
    "424": 0.00016529686786365128,
    "430": 0.00016529686786365128,
    "437": 0.6561920721961174,
    "445": 10.098523558984448,
    "448": 1.004367465688646,
    "452": 0,
    "454": 0.003118748039030894,
    "461": 0.5637604731791723,
    "462": 13.012257860341228,
    "465": 1.2267284829074767,
    "468": 1.0545471273992746e-8,
    "469": 0.000929515666613423,
    "472": 14.534174456626213,
    "473": 0.5012633164819839,
    "477": 0,
    "485": 0.681632571573346,
    "488": 0.6972878301053165,
    "492": 0.002022127577191002,
    "494": 0,
    "497": 0.00007130294118606884,
    "500": 0.004285491876806824,
    "503": 0.00006816932557790478,
    "508": 0.000001966985482604322,
    "512": 0,
    "518": 0,
    "521": 0,
    "523": 0,
    "526": 0.00007506732385609283,
    "528": 5.4240500979574335e-12,
    "530": 50.96992899092715,
    "534": 0.0000019669859779303245,
    "538": 0,
    "539": 0,
    "542": 0.0000068979982781880445,
    "545": 0,
    "549": 0.0004154603656171263,
    "553": 0.000006898003702238142,
    "560": 0.0004773858145567522,
    "561": 0.00006202344129474513,
    "563": 0.044329878018115776,
    "567": 0,
    "571": 0,
    "576": 0.004217322545804869,
    "579": 13.800481040630403,
    "586": 0.13352739426305665,
    "589": 0.0004154709110760768,
    "591": 1.8046053367461135,
    "593": 2.160993075909389,
    "594": 4.797970295511433e-7,
    "596": 0.004217322545804869,
    "598": 1.1590866196162681,
    "601": 0,
    "604": 0.04012298497137645,
    "606": 0,
    "609": 0,
    "612": 0.0010769234629552371,
    "614": 1.2323475573339238e-14,
    "620": 0.1784563053885143,
    "621": 0,
    "623": 0,
    "625": 0.03700297231721267,
    "626": 0.03700423693969335,
    "628": 1.0475439515822416e-8,
    "635": 0.04012298497136413,
    "637": 0.0029970294579159673,
    "639": 40.36624192718381,
    "641": 0.0003185624982667834,
    "647": 0.04326372449108201,
    "648": 0.0000068979982781880445,
    "10009": 0.6145946167001395,