{
  "id": "248",
  "name": "Tyranitar",
  "format_id": "showdown_gen9vgc2026regfbo3-1500",
  "usage_metrics": {
    "raw": 8550,
    "base_weight": 3124.0983438594503,
    "percent": 1.6381130470435414
  },
  "roles": [
    {
      "role": "role_sweeper_physical",
      "label": "Physical Sweeper",
      "category": "OFF"
    },
    {
      "role": "role_weather",
      "label": "Weather Setter",
      "category": "SUP"
    }
  ],
  "items": {
    "assault-vest": 1934.171767820672,
    "clear-amulet": 606.6842911968398,
    "choice-band": 120.06984707856576,
    "weakness-policy": 122.13856214408729,
    "life-orb": 19.346218476186767,
    "leftovers": 23.72566468948673,
    "aguav-berry": 1.322449383889257e-7,
    "sitrus-berry": 27.84009860751366,
    "rocky-helmet": 11.10994018095974,
    "choice-scarf": 35.1108028185376,
    "focus-sash": 80.40940747830287,
    "smooth-rock": 49.77614759457996,
    "eject-button": 0.7487260082316012,
    "chople-berry": 0.37385632022593235,
    "air-balloon": 7.975615118659665,
    "adrenaline-orb": 0.9291916699139317,
    "ability-shield": 2.149647459761865,
    "covert-cloak": 10.1395324966227,
    "loaded-dice": 7.798370096713452,
    "psychic-seed": 0.03094728871687369,
    "kasib-berry": 0.15107793320229784,
    "wiki-berry": 0.04642018657263752,
    "expert-belt": 0.3718771984604321,
    "eject-pack": 0.3676806337423995,
    "wide-lens": 4.639184705164642,
    "float-stone": 0.9672933564404886,
    "safety-goggles": 38.86140072733492,
    "choice-specs": 0.30604634013566634,
    "heat-rock": 0.002374717671844384,
    "blunder-policy": 1.113933840057115,
    "roseli-berry": 0.09380697947427408,
    "lum-berry": 11.63259405100039,
    "iron-ball": 0.0008018712435656772,
    "shuca-berry": 2.1573308938729476,
    "muscle-band": 0.5386792429011588,
    "black-glasses": 0.9454391716893794,
    "salac-berry": 0.0011132620894698242,
    "hard-stone": 0.3718771984604321,
    "nothing": 0.9870266976493955,
    "earth-plate": 0.013750175465081671
  },
  "abilities": {
    "sand-stream": 3121.714730605027,
    "unnerve": 2.383613254423584
  },
  "moves": {
    "rock-slide": 3039.1082100507383,
    "knock-off": 2866.201373015318,
    "low-kick": 1739.452681847023,
    "ice-punch": 237.13512196814006,
    "protect": 894.8879954280242,
    "high-horsepower": 127.18233769403103,
    "crunch": 179.37165824158737,
    "avalanche": 21.815226010597275,
    "stone-edge": 110.9629019750988,
    "tera-blast": 2194.7827883457726,
    "lash-out": 20.073929709763192,
    "taunt": 276.8804121740518,
    "dragon-dance": 73.33237228677201,
    "breaking-swipe": 17.77424072020112,
    "iron-head": 41.64082728427291,
    "snarl": 72.31802366209868,
    "heavy-slam": 100.61004050756532,
    "thunder-punch": 15.638246197188781,
    "helping-hand": 53.3448667405759,
    "thunder-wave": 12.488975948801883,
    "stealth-rock": 14.165827953659349,
    "power-gem": 6.782594489970597,
    "dark-pulse": 8.267975766841644,
    "earthquake": 137.6276659923743,
    "screech": 0.22860334590926729,
    "body-press": 27.432815556772248,
    "sandstorm": 6.112297947112133,
    "roar": 3.8773819697736576,
    "fire-punch": 22.542205183802096,
    "ice-beam": 10.72422995693503,
    "brick-break": 28.575765535146154,
    "outrage": 0.8346897733101298,
    "curse": 4.17425134271067,
    "ice-fang": 5.523192947078583,
    "dragon-claw": 10.1248920229344,
    "surf": 3.827115950695483,
    "foul-play": 1.0826108196422934,
    "assurance": 6.113456145995502,
    "": 0.11918595369898277,
    "facade": 0.9298552678410104,
    "smack-down": 1.367970562266773,
    "stomping-tantrum": 18.450412347459142,
    "rock-blast": 11.301673142344159,
    "dragon-tail": 10.84974625260823,
    "icy-wind": 27.58175472124502,
    "aerial-ace": 1.186749128187204,
    "rain-dance": 0.000027855896502726463,
    "hard-press": 0.5072945152687223,
    "muddy-water": 0.035935964723012304,
    "thunderbolt": 1.1946341351048955,
    "dragon-pulse": 0.037783582735649524,
    "earth-power": 1.394942630126197,
    "flamethrower": 0.2032902129725327,
    "focus-punch": 0.44740153488678047,
    "shadow-claw": 0.3632126399498044,
    "fire-blast": 1.4044760938361338,
    "payback": 0.11851308175846043,
    "iron-defense": 0.31682415504585587,
    "body-slam": 1.1652558560280881,
    "fire-fang": 1.9382666247656304,
    "double-edge": 3.1336045392589633,
    "sand-tomb": 2.5810202231863677,
    "substitute": 0.6295586633606671,
    "blizzard": 6.257655765616591,
    "bulldoze": 2.0891894677330556,
    "leer": 3.6806624414964517e-10,
    "hydro-pump": 0,
    "fling": 0.0008018712435656772,
    "ancient-power": 4.193991511626829,
    "thunder": 0.3718771984604321,
    "rock-tomb": 1.788682280777134,
    "giga-impact": 0.3718771984604321,
    "bite": 0.3097729200806454,
    "thrash": 0.3718771984604321,
    "sleep-talk": 0.001431349826214734,
    "rest": 0.001431349826214734,
    "focus-energy": 0.04249883477797456,
    "mud-slap": 0.31309629770392966
  },
  "teras": {
    "flying": 2246.6893785724765,
    "rock": 109.06971233726783,
    "bug": 104.02281273965141,
    "ghost": 135.97443915371522,
    "grass": 395.97820415903857,
    "fairy": 52.65484810487555,
    "steel": 21.589831315261684,
    "ground": 11.128621656164594,
    "poison": 2.043732108973882,
    "electric": 0.11728921471085174,
    "dragon": 13.47491892148196,
    "dark": 3.001910127004512,
    "ice": 1.6787054923958697,
    "water": 10.092707888658257,
    "psychic": 8.875218632235034,
    "fire": 0.5727430764351984,
    "stellar": 2.9906522422067896,
    "fighting": 4.140187920023756,
    "normal": 0.0024301968732725054
  },
  "spreads": [
    {
      "nature": "adamant",
      "usage": "7.4",
      "evs": {
        "hp": 204,
        "atk": 124,
        "def": 0,
        "spa": 0,
        "spd": 0,
        "spe": 180
      }
    },
    {
      "nature": "adamant",
      "usage": "5.3",
      "evs": {
        "hp": 4,
        "atk": 204,
        "def": 4,
        "spa": 0,
        "spd": 44,
        "spe": 252
      }
    },
    {
      "nature": "adamant",
      "usage": "4.6",
      "evs": {
        "hp": 252,
        "atk": 252,
        "def": 0,
        "spa": 0,
        "spd": 4,
        "spe": 0
      }
    },
    {
      "nature": "careful",
      "usage": "4.5",
      "evs": {
        "hp": 4,
        "atk": 172,
        "def": 36,
        "spa": 0,
        "spd": 124,
        "spe": 172
      }
    },
    {
      "nature": "adamant",
      "usage": "3.8",
      "evs": {
        "hp": 44,
        "atk": 204,
        "def": 76,
        "spa": 0,
        "spd": 4,
        "spe": 180
      }
    },
    {
      "nature": "adamant",
      "usage": "3.4",
      "evs": {
        "hp": 44,
        "atk": 204,
        "def": 180,
        "spa": 0,
        "spd": 12,
        "spe": 68
      }
    },
    {
      "nature": "adamant",
      "usage": "3.3",
      "evs": {
        "hp": 252,
        "atk": 252,
        "def": 4,
        "spa": 0,
        "spd": 0,
        "spe": 0
      }
    },
    {
      "nature": "adamant",
      "usage": "2.9",
      "evs": {
        "hp": 4,
        "atk": 244,
        "def": 4,
        "spa": 0,
        "spd": 4,
        "spe": 252
      }
    },
    {
      "nature": "adamant",
      "usage": "2.8",
      "evs": {
        "hp": 132,
        "atk": 252,
        "def": 4,
        "spa": 0,
        "spd": 92,
        "spe": 28
      }
    },
    {
      "nature": "adamant",
      "usage": "2.5",
      "evs": {
        "hp": 252,
        "atk": 148,
        "def": 60,
        "spa": 0,
        "spd": 4,
        "spe": 44
      }
    }
  ],
  "teammates": {
    "3": 0.7969573021913684,
    "6": 2.215615344913812,
    "9": 0.814535534378011,
    "25": 0.5853303434685886,
    "26": 2.391065755581215,
    "28": 0.019589804005338607,
    "35": 9.38192161544959,
    "36": 12.735715336056439,
    "38": 0.021770903380037787,
    "40": 0.3242058182368672,
    "51": 0.7437543969208642,