{
  "id": "10273",
  "name": "Ogerpon Wellspring Mask",
  "format_id": "showdown_gen9vgc2026regfbo3",
  "usage_metrics": {
    "raw": 119680,
    "base_weight": 3227.340915636997,
    "percent": 22.92975081522468
  },
  "items": {
    "wellspring-mask": 3227.340915636997
  },
  "abilities": {
    "water-absorb": 3227.340915636997
  },
  "moves": {
    "spiky-shield": 3226.669787989311,
    "follow-me": 3136.9290554989034,
    "ivy-cudgel": 3227.2835147328433,
    "horn-leech": 2545.4531232481545,
    "encore": 52.65392822744259,
    "synthesis": 0.000584761741904638,
    "wood-hammer": 545.657271684598,
    "swords-dance": 33.642125399090496,
    "taunt": 0.600809509219401,
    "focus-energy": 37.24524537014549,
    "bullet-seed": 8.920963967540274e-11,
    "spikes": 0.0000751120421315643,
    "grassy-glide": 8.586806370806691,
    "protect": 0.16264656990188975,
    "power-whip": 92.30433632089536,
    "throat-chop": 0.0000012928541083256917,
    "low-kick": 0.5018549510771195,
    "helping-hand": 0.3160553695496473,
    "superpower": 0.016389370085987065,
    "knock-off": 0.13471072430754116,
    "stomping-tantrum": 0.26696622218651633,
    "u-turn": 0.47582133849297187,
    "leech-seed": 0.383164158381379,
    "tera-blast": 0.0004658653459400641,
    "energy-ball": 0.0004883458106821337,
    "giga-drain": 0.000032161829651156104,
    "zen-headbutt": 4.386943863732284e-9,
    "rain-dance": 0.0003177266549624358,
    "play-rough": 0.044495838467777105,
    "brick-break": 0.0029905385489420455,
    "quick-attack": 0.0002981006892969207,
    "solar-blade": 0.02808392723126596,
    "trailblaze": 0.0018892538266769288,
    "grass-knot": 0.00007627284873890083,
    "lash-out": 0.00007627284847461224,
    "leaf-storm": 0.00000761241486890718,
    "": 7.781445691135147e-7,
    "seed-bomb": 1.0769163338864018e-14,
    "rest": 4.5473251886196664e-8,
    "counter": 4.6074255521944e-15,
    "rock-tomb": 0.000053483105311891155,
    "fling": 2.642885910120185e-13,
    "sunny-day": 0,
    "substitute": 0.00011209824782526523,
    "facade": 0
  },
  "teras": {
    "water": 3227.340915636997
  },
  "spreads": [
    {
      "nature": "Jolly",
      "usage": "8.2",
      "evs": {
        "hp": 228,
        "atk": 44,
        "def": 92,
        "spa": 0,
        "spd": 28,
        "spe": 116
      }
    },
    {
      "nature": "Impish",
      "usage": "5.9",
      "evs": {
        "hp": 252,
        "atk": 20,
        "def": 220,
        "spa": 0,
        "spd": 12,
        "spe": 4
      }
    },
    {
      "nature": "Jolly",
      "usage": "4.6",
      "evs": {
        "hp": 204,
        "atk": 68,
        "def": 28,
        "spa": 0,
        "spd": 12,
        "spe": 196
      }
    },
    {
      "nature": "Impish",
      "usage": "4.5",
      "evs": {
        "hp": 244,
        "atk": 0,
        "def": 252,
        "spa": 0,
        "spd": 12,
        "spe": 0
      }
    },
    {
      "nature": "Adamant",
      "usage": "2.4",
      "evs": {
        "hp": 228,
        "atk": 76,
        "def": 4,
        "spa": 0,
        "spd": 12,
        "spe": 188
      }
    },
    {
      "nature": "Jolly",
      "usage": "2.4",
      "evs": {
        "hp": 252,
        "atk": 44,
        "def": 92,
        "spa": 0,
        "spd": 12,
        "spe": 108
      }
    },
    {
      "nature": "Jolly",
      "usage": "2.4",
      "evs": {
        "hp": 252,
        "atk": 108,
        "def": 68,
        "spa": 0,
        "spd": 4,
        "spe": 76
      }
    },
    {
      "nature": "Jolly",
      "usage": "2.3",
      "evs": {
        "hp": 220,
        "atk": 76,
        "def": 4,
        "spa": 0,
        "spd": 12,
        "spe": 196
      }
    },
    {
      "nature": "Impish",
      "usage": "1.8",
      "evs": {
        "hp": 252,
        "atk": 0,
        "def": 244,
        "spa": 0,
        "spd": 12,
        "spe": 0
      }
    },
    {
      "nature": "Impish",
      "usage": "1.8",
      "evs": {
        "hp": 252,
        "atk": 4,
        "def": 204,
        "spa": 0,
        "spd": 12,
        "spe": 36
      }
    }
  ],
  "teammates": {
    "3": 0.0599669959911841,
    "6": 1.3816557170587274e-7,
    "8": 0,
    "9": 0.0000035332904455009917,
    "24": 0.00044894215870511234,
    "25": 0.00038996541714242383,
    "26": 0.311629208903033,
    "35": 5.019612839010839,
    "36": 9.268894571867747e-7,
    "38": 0.0000014875550852222474,
    "49": 0.006893118893902039,
    "51": 2.630108623113969e-7,
    "55": 0,
    "57": 0.00007232939630125168,
    "59": 0.0006597422247691109,
    "73": 0,
    "76": 0.000002707535144974571,
    "79": 0.012596792969404524,
    "80": 1.5960299137862677e-8,
    "85": 0,
    "87": 0.0000013310794377829893,
    "91": 0.000024457935232757855,
    "93": 0.0009265671140862297,
    "94": 0.0023156296221794603,
    "101": 2.7333690866271354e-13,
    "103": 0,
    "110": 0.0904460120913243,
    "112": 0.00034467877182647877,
    "123": 7.475885333563248e-7,
    "125": 0.0063063994972673565,
    "126": 0.00019128781310212561,
    "128": 0,
    "129": 3.957945082788683e-14,
    "130": 0.596505659286118,
    "131": 4.451994328746878e-14,
    "132": 0.40490099296768334,
    "134": 0,
    "135": 6.661338147750939e-16,
    "136": 0,
    "143": 0.2664557822735103,
    "144": 65.7904521228549,
    "145": 0.18819118332889034,
    "146": 0.006850416264266912,
    "149": 523.2968346327327,
    "154": 0,
    "157": 0.00009764129152711742,
    "164": 0.00011333118703626965,
    "181": 0.0004022152387240241,
    "184": 0.00002610076954695506,
    "186": 0.015882760396029705,
    "189": 0.0000018248014589383743,
    "193": 1.0313971898767704e-13,
    "195": 0,
    "196": 0.00006515549670188525,
    "197": 0.024926312223092884,
    "198": 0.5635163890925113,
    "199": 0.0000054518633576527975,
    "200": 0.000009316308053342048,
    "205": 0.00008073153307308623,
    "210": 0,
    "212": 0.2389475755329184,
    "214": 0.000003245738087243044,
    "227": 0,
    "230": 0.00013127653507732928,
    "233": 103.63080617960374,
    "235": 19.893322547097494,
    "237": 0.05784391391604404,
    "242": 0,
    "243": 1.5928494254512577,
    "244": 102.20228657781473,
    "245": 0.0032956055618187374,
    "248": 3.3090986481690434,
    "254": 0.00004092170615221935,
    "257": 0.002267321714724657,
    "260": 0.000003879416225205379,
    "272": 0.000080731014510671,
    "275": 0.00035558582789374515,
    "279": 50.07286454398944,
    "282": 0.00503742368561827,
    "284": 0.000010164410651880562,
    "286": 0.0005329615392420384,
    "289": 0.0019367304621126236,
    "296": 0,
    "302": 0.02001787513129355,
    "308": 0,
    "313": 0.9048623415238342,
    "314": 0,
    "323": 0,
    "324": 35.75515299815514,
    "330": 0,
    "332": 1.255387851450962e-7,
    "334": 1.2440749302955467e-7,
    "340": 0,
    "342": 0,
    "350": 0.0000013780644308458712,
    "356": 0.46883430838161805,
    "358": 0,
    "362": 0,
    "370": 0.053487353216512656,
    "373": 0.189149773121413,
    "376": 2.4303725076165454,
    "377": 0.000011794438724843648,
    "378": 0.2849125678412987,
    "379": 54.285725191261534,
    "380": 1.1976672964856188,
    "381": 8.455844681107369,
    "389": 0,
    "392": 0.003275376014667597,
    "395": 0.022787315885117287,
    "398": 0.48254875560631005,
    "405": 0.000003380131968044875,
    "409": 9.608109530212516e-9,
    "411": 0.0000071078944954283685,
    "417": 0.0001652100344657903,
    "423": 0.002685399396459176,
    "424": 0.0002981079055630609,
    "426": 0.8040740114851765,
    "429": 3.949907068090397e-10,
    "430": 1.6337033775792875e-7,
    "436": 0.000011124462429679127,
    "437": 33.750073856908095,
    "442": 9.732204917511922e-7,
    "445": 0.27651700166951537,
    "447": 0.501642976656018,
    "448": 0.006558145919185965,
    "450": 1.1997802862317997e-8,
    "454": 0.000016574390015955398,
    "460": 0.000013876596564155186,
    "461": 0.000010475806372256535,
    "462": 0.05059549711442063,