{
  "id": "861",
  "name": "Grimmsnarl",
  "format_id": "showdown_gen9vgc2026regfbo3",
  "usage_metrics": {
    "raw": 15045,
    "base_weight": 71.41873707127802,
    "percent": 2.882504186288898
  },
  "items": {
    "light-clay": 69.16759868077683,
    "sitrus-berry": 0.014289732159013968,
    "covert-cloak": 2.0696242764253445,
    "safety-goggles": 0.00006036043760965226,
    "iron-ball": 7.382907345476752e-7,
    "grassy-seed": 0.0000023703586768397678,
    "lagging-tail": 0.0013200475687135116,
    "kebia-berry": 1.3877787807814457e-15,
    "choice-specs": 9.491501234970556e-8,
    "rocky-helmet": 0.030207327163369546,
    "clear-amulet": 0,
    "leftovers": 0.0022341911472079645,
    "focus-sash": 0.00008709750830271368,
    "roseli-berry": 0,
    "eject-button": 0.1259465962916681,
    "life-orb": 0.00015104882080418935,
    "mental-herb": 0.0002791542334129593,
    "weakness-policy": 0,
    "fairy-feather": 0,
    "terrain-extender": 0.0001361160310004439,
    "heavy-duty-boots": 2.5202062658991053e-14,
    "assault-vest": 9.684381074848147e-11,
    "nothing": 0.000025342628209190643,
    "safari-ball": 0,
    "aguav-berry": 0.000020656109971761705,
    "wide-lens": 0.00021490956351266632,
    "ability-shield": 9.437911563381363e-11,
    "flame-orb": 0,
    "misty-seed": 0.000015671813891005026,
    "red-card": 0,
    "punching-glove": 0,
    "black-glasses": 0,
    "air-balloon": 9.322555505342223e-10,
    "choice-scarf": 3.3029134982598407e-13,
    "lum-berry": 0,
    "muscle-band": 0.00001727549479163537,
    "grip-claw": 1.176836406102666e-14,
    "bright-powder": 0,
    "choice-band": 0,
    "babiri-berry": 0.006199187876400225,
    "adrenaline-orb": 0.000038678416804716065,
    "figy-berry": 0.00026733633221343034,
    "snowball": 1.5832459809850263e-7,
    "light-ball": 2.1466357025268223e-8
  },
  "abilities": {
    "prankster": 71.41807352115028,
    "frisk": 0.0005755911350038279,
    "pickpocket": 0.00008795899273361663
  },
  "moves": {
    "spirit-break": 69.73802686511964,
    "reflect": 69.67211798169016,
    "light-screen": 69.97307944904567,
    "thunder-wave": 64.07958064615318,
    "fake-out": 1.9447854797279789,
    "taunt": 1.4176836910982602,
    "fake-tears": 0.538366479353259,
    "parting-shot": 4.214859529128273,
    "scary-face": 0.8112093593871743,
    "play-rough": 0.007814744855951294,
    "foul-play": 0.3327145066361028,
    "sucker-punch": 0.10158149063484712,
    "misty-terrain": 0.8431635575669818,
    "chilling-water": 2.5449253815423845e-11,
    "false-surrender": 0.00006219653497363531,
    "trick": 0.0013264650988675797,
    "crunch": 0.0012586806547809637,
    "protect": 1.5332776120577023,
    "dazzling-gleam": 0.0003208190183609516,
    "throat-chop": 0.2356242441267401,
    "rest": 0,
    "ice-punch": 5.551115123125783e-17,
    "drain-punch": 0.0005805720996073793,
    "swagger": 0.014057222743563302,
    "imprison": 0,
    "shadow-claw": 6.266327371995395e-7,
    "burning-jealousy": 0,
    "lash-out": 0.047211949467453274,
    "thunder-punch": 0.001025266811831127,
    "body-press": 9.684381074848147e-11,
    "fire-punch": 0,
    "flatter": 0.13932004667179676,
    "low-kick": 0.0001510535403915214,
    "": 0.000628847789077347,
    "hammer-arm": 0.002500315146166221,
    "draining-kiss": 0.0003088381683425956,
    "brick-break": 0.00030163732543775357,
    "torment": 0,
    "bulk-up": 0,
    "facade": 0,
    "leech-life": 0,
    "nasty-plot": 0,
    "dark-pulse": 0,
    "body-slam": 5.551115123125783e-17,
    "metronome": 0,
    "stomping-tantrum": 0,
    "assurance": 0.02200810414816684,
    "fling": 0,
    "confide": 6.557277165697428e-9
  },
  "teras": {
    "ghost": 42.73133513398715,
    "grass": 19.38374332635692,
    "dark": 0.7613478559926619,
    "steel": 3.3548388973143783,
    "fire": 4.470590345346409,
    "ice": 0.00001210259457645746,
    "fairy": 0.043441970660333284,
    "flying": 7.608775840495241e-7,
    "psychic": 8.606516189724189e-7,
    "poison": 0.11910842296390439,
    "water": 0.5508821409447541,
    "bug": 0.000011227739214081378,
    "rock": 0.00085756427792405,
    "fighting": 0.0023473735882188485,
    "stellar": 1.0373709358191263e-7,
    "normal": 9.055811656111246e-12,
    "dragon": 0.000006749105122161314,
    "ground": 0.00021223513149226658
  },
  "spreads": [
    {
      "nature": "Impish",
      "usage": "7.9",
      "evs": {
        "hp": 244,
        "atk": 4,
        "def": 196,
        "spa": 0,
        "spd": 60,
        "spe": 4
      }
    },
    {
      "nature": "Careful",
      "usage": "7.7",
      "evs": {
        "hp": 252,
        "atk": 0,
        "def": 180,
        "spa": 0,
        "spd": 76,
        "spe": 0
      }
    },
    {
      "nature": "Calm",
      "usage": "6.8",
      "evs": {
        "hp": 252,
        "atk": 0,
        "def": 140,
        "spa": 0,
        "spd": 116,
        "spe": 0
      }
    },
    {
      "nature": "Impish",
      "usage": "6.1",
      "evs": {
        "hp": 252,
        "atk": 4,
        "def": 116,
        "spa": 0,
        "spd": 132,
        "spe": 4
      }
    },
    {
      "nature": "Careful",
      "usage": "5.7",
      "evs": {
        "hp": 252,
        "atk": 4,
        "def": 188,
        "spa": 0,
        "spd": 60,
        "spe": 4
      }
    },
    {
      "nature": "Careful",
      "usage": "5.4",
      "evs": {
        "hp": 252,
        "atk": 0,
        "def": 140,
        "spa": 0,
        "spd": 116,
        "spe": 0
      }
    },
    {
      "nature": "Careful",
      "usage": "4.6",
      "evs": {
        "hp": 180,
        "atk": 0,
        "def": 204,
        "spa": 0,
        "spd": 124,
        "spe": 0
      }
    },
    {
      "nature": "Careful",
      "usage": "4.3",
      "evs": {
        "hp": 228,
        "atk": 0,
        "def": 156,
        "spa": 0,
        "spd": 124,
        "spe": 0
      }
    },
    {
      "nature": "Careful",
      "usage": "4.0",
      "evs": {
        "hp": 252,
        "atk": 4,
        "def": 124,
        "spa": 0,
        "spd": 116,
        "spe": 12
      }
    },
    {
      "nature": "Careful",
      "usage": "3.7",
      "evs": {
        "hp": 252,
        "atk": 4,
        "def": 52,
        "spa": 0,
        "spd": 196,
        "spe": 4
      }
    }
  ],
  "teammates": {
    "3": 5.551115123125783e-17,
    "6": 0.00017502817580178354,
    "9": 0.0004170538790901901,
    "25": 0,
    "26": 0.003536507799968447,
    "35": 0.0028890889765607053,
    "36": 0.00004512752715235546,
    "38": 0.0006328261537117963,
    "48": 0,
    "53": 0,
    "55": 0.0010157515243509052,
    "57": 0,
    "59": 0.0013752870688801822,
    "80": 1.5960299193373828e-8,
    "89": 1.3500200957139441e-11,
    "91": 0,
    "94": 0.002208021219751777,
    "106": 0,
    "107": 0.00171009818275486,
    "110": 0.0010374497553520268,
    "112": 0.000049536672295902306,
    "123": 4.2141956202446096e-7,
    "125": 0.0015070772456237669,
    "126": 0.0014850297399245926,
    "130": 0.045480314508470454,
    "131": 6.265993716114693e-7,
    "132": 0.5616292076842381,
    "134": 0.000024984934444360896,
    "135": 0,
    "143": 0,
    "144": 0.5574206214705287,
    "145": 0.07412950002465052,
    "146": 0.0000037362156923848033,
    "149": 2.062967827825544,
    "154": 0,
    "157": 7.216449660063518e-16,
    "160": 0,
    "168": 0,
    "171": 2.7339789876457132e-9,
    "181": 0,
    "184": 0,
    "186": 0.0008762404520402112,
    "189": 0,
    "195": 2.678635091513115e-12,
    "196": 0.0026130517204773773,
    "197": 0.00010103060603561254,
    "198": 1.318310743902984e-8,
    "199": 5.170459216330414e-8,
    "205": 0,
    "212": 0.02740678245644962,
    "227": 0,
    "230": 5.551115123125783e-17,
    "233": 0.23991286412685764,
    "235": 0.0002968952055587559,
    "237": 0.000430246906790388,
    "242": 0.00003149672533397929,
    "243": 0.000049536708192965406,
    "244": 20.905594503400827,
    "245": 0.0033662876609595327,
    "248": 0.25651141296541236,