{
  "id": "10020",
  "name": "Thundurus therian",
  "format_id": "showdown_gen9almostanyability-1760",
  "usage_metrics": {
    "raw": 3625,
    "base_weight": 46.187120497238055,
    "percent": 3.671257848896091
  },
  "roles": [
    {
      "role": "role_sweeper_special",
      "label": "Special Sweeper",
      "category": "OFF"
    },
    {
      "role": "role_setup",
      "label": "Setup Sweeper",
      "category": "OFF"
    },
    {
      "role": "role_pivot",
      "label": "Pivot",
      "category": "DEF"
    }
  ],
  "items": {
    "choice-scarf": 1.7911328853691917,
    "choice-specs": 3.200983170230357,
    "focus-sash": 0.5777064358539996,
    "heat-rock": 0.000009097396801327484,
    "expert-belt": 0.000639587108555717,
    "heavy-duty-boots": 6.090689267353546,
    "life-orb": 20.933960061316142,
    "magnet": 0.01895886827168486,
    "weakness-policy": 0.002691418385080857,
    "leftovers": 0.3533599585797125,
    "throat-spray": 1.27675647831893e-15,
    "nothing": 0.5181362597796861,
    "metronome": 0,
    "clear-amulet": 0.0011825109192243888,
    "flame-orb": 0.021777374413747053,
    "damp-rock": 0.04364835987728177,
    "terrain-extender": 0.5174372540551802,
    "silk-scarf": 1.0824674490095276e-14,
    "wise-glasses": 12.090415549178765,
    "booster-energy": 0.000005839496213577711,
    "mirror-herb": 8.509731808103993e-11,
    "salac-berry": 0.007412099280872886,
    "sharp-beak": 7.589767193616481e-7,
    "never-melt-ice": 0.010844155523061283,
    "rocky-helmet": 0,
    "mystic-water": 3.961548573627738e-7,
    "assault-vest": 0.004815939029494898,
    "electric-seed": 1.8303810883635308e-7,
    "shell-bell": 0,
    "dread-plate": 0,
    "sitrus-berry": 0,
    "enigma-berry": 0,
    "blunder-policy": 0,
    "zap-plate": 0,
    "kee-berry": 0.001284788912422452,
    "sky-plate": 4.349003934756013e-10,
    "zoom-lens": 0,
    "wide-lens": 0.000005596891045678287,
    "leppa-berry": 0.000011803266194931883,
    "icy-rock": 0.000010878060089425379
  },
  "abilities": {
    "drizzle": 0.04421642259957964,
    "hadron-engine": 4.882713553916683,
    "protean": 0.00010849340056184875,
    "beads-of-ruin": 0.2072263891065491,
    "drought": 0.000009097396801327484,
    "neuroforce": 2.505704750910276e-7,
    "primordial-sea": 5.896507007787862,
    "desolate-land": 1.0203364819716398e-9,
    "electric-surge": 0.000014459497340912897,
    "sheer-force": 7.264794306080114,
    "refrigerate": 1.793445133106359,
    "electromorphosis": 0.0004549829203156497,
    "mold-breaker": 0.0011550848430652016,
    "solar-power": 0.003987551847241588,
    "slush-rush": 0.7532615210596639,
    "thick-fat": 0,
    "surge-surfer": 0.008926451986311645,
    "transistor": 0.0005895037244554868,
    "anger-shell": 0.10051934997684586,
    "magic-guard": 7.061661858189305,
    "storm-drain": 0.00023518915267134455,
    "protosynthesis": 0.0000533880385669705,
    "aerilate": 0.25517031428855536,
    "delta-stream": 0.0032331191039365326,
    "victory-star": 0,
    "flare-boost": 0.0216622503313465,
    "adaptability": 0.07125880730830408,
    "supreme-overlord": 0.6779876340887421,
    "no-guard": 16.561050136159896,
    "quick-feet": 0.00011420089225283592,
    "compound-eyes": 3.9818048858109023e-10,
    "normalize": 1.0824674490095276e-14,
    "lightning-rod": 0.0006291199694662963,
    "swift-swim": 0.03259105237431398,
    "weak-armor": 0.4752579374503912,
    "sand-rush": 0.02260071385797996,
    "tinted-lens": 0.035411433063968545,
    "galvanize": 0.0002300236439153891,
    "volt-absorb": 0.000003544053499171529,
    "competitive": 3.47892992191845e-10,
    "earth-eater": 0,
    "bulletproof": 0,
    "as-one-spectrier": 0.00006489149581484499,
    "chlorophyll": 1.6720952400461897e-10,
    "teravolt": 0.009956838225887998,
    "battle-bond": 0,
    "stamina": 3.5499527428761724e-8,
    "berserk": 4.1223494007258665e-8,
    "beast-boost": 0,
    "dark-aura": 0,
    "prankster": 0,
    "battery": 0,
    "libero": 8.723577415992168e-13,
    "embodyaspect-teal": 0,
    "intimidate": 3.05184100213296e-10,
    "disguise": 0,
    "pixilate": 0,
    "regenerator": 0.000005683271048217975,
    "aftermath": 9.231901477169124e-7,
    "unseen-fist": 9.222449900425644e-7,
    "poison-puppeteer": 0,
    "mega-launcher": 0,
    "snow-warning": 0.000010878060089425379
  },
  "moves": {
    "thunder": 22.456534551948405,
    "weather-ball": 6.767740184441102,
    "knock-off": 7.089192304959264,
    "u-turn": 9.135934710455055,
    "volt-switch": 5.729075460761954,
    "sludge-wave": 2.2605229103849998,
    "dark-pulse": 2.0618190995168324,
    "flash-cannon": 0.004139494220577966,
    "thunderbolt": 22.31280337631866,
    "grass-knot": 23.620198267863053,
    "sludge-bomb": 0.9765201328606512,
    "focus-blast": 29.146531558846146,
    "psychic": 3.0045703282874334,
    "nasty-plot": 28.50651612665729,
    "discharge": 0.09390755682120311,
    "sunny-day": 0.000009097396801327484,
    "wildbolt-storm": 0.5701371120006216,
    "tera-blast": 1.9345958983949711,
    "snarl": 0.019285425053773175,
    "agility": 17.85197629154873,
    "acrobatics": 0.5194212895186877,
    "hyper-beam": 0.11516011931982462,
    "thunder-wave": 0.000003306462405872068,
    "charge-beam": 0.00041860044691821585,
    "": 0.002454003742170807,
    "taunt": 0.4969806498940609,
    "eerie-impulse": 3.0028898101441825e-7,
    "hammer-arm": 2.7755575615628914e-16,
    "rest": 0.000003544053498838462,
    "uproar": 7.605034993418691e-7,
    "protect": 0.000005986393836365789,
    "substitute": 0.06481374832639819,
    "foul-play": 0.0047286189829850445,
    "rain-dance": 0.00006435006367022655,
    "supercell-slam": 0,
    "electro-ball": 0.000001406779292278948,
    "electroweb": 0,
    "thunder-punch": 1.8303810883635308e-7,
    "bulk-up": 1.83090039185263e-7,
    "brick-break": 0.0024150493101877113
  },
  "teras": {
    "nothing": 46.18712049723812
  },
  "spreads": [
    {
      "nature": "timid",
      "usage": "44.8",
      "evs": {
        "hp": 0,
        "atk": 0,
        "def": 0,
        "spa": 252,
        "spd": 4,
        "spe": 252
      }
    },
    {
      "nature": "modest",
      "usage": "26.2",
      "evs": {
        "hp": 192,
        "atk": 0,
        "def": 0,
        "spa": 252,
        "spd": 0,
        "spe": 64
      }
    },
    {
      "nature": "modest",
      "usage": "17.7",
      "evs": {
        "hp": 0,
        "atk": 0,
        "def": 0,
        "spa": 252,
        "spd": 4,
        "spe": 252
      }
    },
    {
      "nature": "timid",
      "usage": "7.4",
      "evs": {
        "hp": 4,
        "atk": 0,
        "def": 0,
        "spa": 252,
        "spd": 0,
        "spe": 252
      }
    },
    {
      "nature": "hasty",
      "usage": "1.3",
      "evs": {
        "hp": 0,
        "atk": 4,
        "def": 0,
        "spa": 252,
        "spd": 0,
        "spe": 252
      }
    },
    {
      "nature": "timid",
      "usage": "1.2",
      "evs": {
        "hp": 0,
        "atk": 0,
        "def": 4,
        "spa": 252,
        "spd": 0,
        "spe": 252
      }
    },
    {
      "nature": "mild",
      "usage": "0.3",
      "evs": {
        "hp": 0,
        "atk": 4,
        "def": 0,
        "spa": 252,
        "spd": 0,
        "spe": 252
      }
    },
    {
      "nature": "modest",
      "usage": "0.3",
      "evs": {
        "hp": 4,
        "atk": 0,
        "def": 0,
        "spa": 252,
        "spd": 0,
        "spe": 252
      }
    },
    {
      "nature": "modest",
      "usage": "0.3",
      "evs": {
        "hp": 200,
        "atk": 0,
        "def": 0,
        "spa": 152,
        "spd": 0,
        "spe": 156
      }
    },
    {
      "nature": "timid",
      "usage": "0.2",
      "evs": {
        "hp": 0,
        "atk": 0,
        "def": 0,
        "spa": 252,
        "spd": 0,
        "spe": 252
      }
    }
  ],
  "teammates": {
    "3": 3.0028898101441825e-7,
    "6": 0.00001710437257884667,
    "9": 0.2707350547585967,