{
  "id": "10249",
  "name": "Enamorus therian",
  "format_id": "showdown_gen9almostanyability-1760",
  "usage_metrics": {
    "raw": 1629,
    "base_weight": 9.815979555987099,
    "percent": 1.6497873202349607
  },
  "roles": [
    {
      "role": "role_sweeper_special",
      "label": "Special Sweeper",
      "category": "OFF"
    }
  ],
  "items": {
    "life-orb": 7.5040553358774735,
    "fairy-feather": 5.384789281137614e-10,
    "assault-vest": 0.9778580602553129,
    "heavy-duty-boots": 0.11333847315567258,
    "choice-specs": 0.16764355540866493,
    "leftovers": 0.10742399063752434,
    "custap-berry": 0.35513237354128646,
    "quick-claw": 4.988506613345933e-7,
    "electric-seed": 0.10512796827081933,
    "rocky-helmet": 0.47334278612213954,
    "chesto-berry": 1.9909469628487386e-9,
    "choice-scarf": 0,
    "weakness-policy": 0.00025632395430269517,
    "grassy-seed": 3.58268970046538e-13,
    "pixie-plate": 7.216449660063518e-16,
    "wide-lens": 0.009254810453617868,
    "bright-powder": 0.0025371230499820485,
    "heat-rock": 0,
    "mirror-herb": 2.4530500952746337e-7,
    "babiri-berry": 0.000008008574842677252,
    "flame-orb": 0,
    "lagging-tail": 0
  },
  "abilities": {
    "sheer-force": 1.3556933733848595,
    "fairy-aura": 0.005921305120094866,
    "regenerator": 0.8878737489041104,
    "fluffy": 0.47904052749111614,
    "analytic": 3.333948963568645e-7,
    "shadow-shield": 4.052314039881821e-15,
    "as-one-spectrier": 0.00021441166213775897,
    "pixilate": 0.0006969100919819726,
    "beads-of-ruin": 0.01561219285526183,
    "intimidate": 0.000032018273053158186,
    "flame-body": 8.236853608067918e-7,
    "stamina": 0.08610063136263968,
    "magic-guard": 6.322665552756955,
    "volt-absorb": 0.10561025784201011,
    "grim-neigh": 4.0638328735465024e-7,
    "surge-surfer": 2.4686641619808825e-11,
    "delta-stream": 0.0004064338763749009,
    "tinted-lens": 0.006725551892635462,
    "cute-charm": 4.5778649537808747e-8,
    "dauntless-shield": 0,
    "quick-draw": 0.000007325858653151052,
    "armor-tail": 0.10337697970094262,
    "drizzle": 1.1869830673916226e-9,
    "lightning-rod": 0.2595387084752179,
    "prankster": 0.011111401857187841,
    "unaware": 0.018945853285952496,
    "dazzling": 0.0014421111924973196,
    "vessel-of-ruin": 9.806048306693071e-9,
    "aerilate": 8.996969835806112e-12,
    "no-guard": 9.968588748909823e-8,
    "motor-drive": 0.000009549078726134308,
    "mold-breaker": 0,
    "desolate-land": 0.022234931293982962,
    "overcoat": 2.427970655083378e-7,
    "adaptability": 0.0000030431703317845837,
    "natural-cure": 0.000007725642056921611,
    "aroma-veil": 2.652068531450169e-8,
    "ice-body": 1.593707515956666e-8,
    "serene-grace": 0.0025371230499820485,
    "multiscale": 2.0284884882926235e-12,
    "soul-heart": 8.026246334225107e-12,
    "beast-boost": 0.009254810453617868,
    "embodyaspect-cornerstone": 0.0000027624150254479396,
    "drought": 0,
    "swift-swim": 0,
    "harvest": 0.09560657868193129,
    "primordial-sea": 0.004253333532437176,
    "opportunist": 0.01966862426753968,
    "supreme-overlord": 0.0006334087692178025,
    "flare-boost": 0,
    "hydration": 0.0007472664479757918,
    "competitive": 0.0000017930828744572302,
    "steam-engine": 7.650303313067042e-7,
    "bulletproof": 5.398619998819854e-7,
    "wind-power": 0,
    "misty-surge": 1.0569978226016019e-10
  },
  "moves": {
    "moonblast": 9.097074586059783,
    "earth-power": 9.76009324892878,
    "mystical-fire": 8.603764938739218,
    "substitute": 0.006930203769947074,
    "draining-kiss": 3.379992439820734,
    "calm-mind": 1.059758929827722,
    "grass-knot": 3.334494835650641,
    "sludge-bomb": 1.0934203395812638,
    "psychic": 0.1069093501642972,
    "tailwind": 0.004312134145221247,
    "healing-wish": 0.2615599049785733,
    "alluring-voice": 0.0003016143671410454,
    "springtide-storm": 0.014380210479253253,
    "focus-blast": 1.0040783220934677,
    "weather-ball": 0.07067201235210457,
    "agility": 0.013816395626207234,
    "hyper-beam": 0.0006969100919819726,
    "superpower": 1.1926935027038525,
    "extrasensory": 0.0048983236930052465,
    "": 0,
    "tera-blast": 8.996969835806112e-12,
    "taunt": 0.08761168959453108,
    "sleep-talk": 0.01110656344853922,
    "rest": 0.011861556139002138,
    "iron-defense": 0.005750468995315394,
    "protect": 0.0021739816790045108,
    "play-rough": 0.0005528088457271152,
    "dazzling-gleam": 5.112577028398846e-14,
    "misty-explosion": 0.008540469017656427,
    "iron-head": 0.004908313713133938,
    "astonish": 0.0025371230499820485,
    "endure": 0.09560657868193129,
    "flatter": 0.01966886706460519,
    "psych-up": 0.0037516006367009913
  },
  "teras": {
    "nothing": 9.815979555987091
  },
  "spreads": [
    {
      "nature": "modest",
      "usage": "30.2",
      "evs": {
        "hp": 252,
        "atk": 0,
        "def": 0,
        "spa": 180,
        "spd": 0,
        "spe": 76
      }
    },
    {
      "nature": "modest",
      "usage": "15.3",
      "evs": {
        "hp": 252,
        "atk": 0,
        "def": 0,
        "spa": 252,
        "spd": 4,
        "spe": 0
      }
    },
    {
      "nature": "modest",
      "usage": "14.7",
      "evs": {
        "hp": 0,
        "atk": 0,
        "def": 0,
        "spa": 252,
        "spd": 4,
        "spe": 252
      }
    },
    {
      "nature": "modest",
      "usage": "14.0",
      "evs": {
        "hp": 248,
        "atk": 0,
        "def": 0,
        "spa": 252,
        "spd": 8,
        "spe": 0
      }
    },
    {
      "nature": "quiet",
      "usage": "7.8",
      "evs": {
        "hp": 248,
        "atk": 0,
        "def": 0,
        "spa": 252,
        "spd": 8,
        "spe": 0
      }
    },
    {
      "nature": "bold",
      "usage": "4.9",
      "evs": {
        "hp": 252,
        "atk": 0,
        "def": 252,
        "spa": 4,
        "spd": 0,
        "spe": 0
      }
    },
    {
      "nature": "modest",
      "usage": "4.5",
      "evs": {
        "hp": 0,
        "atk": 0,
        "def": 128,
        "spa": 252,
        "spd": 128,
        "spe": 0
      }
    },
    {
      "nature": "timid",
      "usage": "2.6",
      "evs": {
        "hp": 32,
        "atk": 0,
        "def": 4,
        "spa": 252,
        "spd": 0,
        "spe": 220
      }
    },
    {
      "nature": "relaxed",
      "usage": "1.1",
      "evs": {
        "hp": 252,
        "atk": 0,
        "def": 212,
        "spa": 0,
        "spd": 44,
        "spe": 0
      }
    },
    {
      "nature": "quiet",
      "usage": "0.9",
      "evs": {
        "hp": 224,
        "atk": 32,
        "def": 0,
        "spa": 252,
        "spd": 0,
        "spe": 0
      }
    }
  ],
  "teammates": {
    "3": 0.016147216114616614,
    "6": 0,
    "9": 0.09821008544195797,
    "36": 2.089193318344229e-9,
    "40": 0,
    "53": 0,
    "57": 9.624578911626713e-12,
    "73": 2.6352808990548482e-8,
    "80": 0.0013906674472534686,
    "94": 0.005258145620657961,
    "112": 8.831552156252087e-11,
    "113": 0,
    "123": 0.000014774862908073505,
    "130": 0.02622499191285138,
    "132": 0,
    "134": 0.0000010459124292205857,
    "135": 0.000002733367974683265,
    "136": 0.000004401610501914011,
    "143": 0.0002144125685040188,
    "144": 0,
    "145": 0.12617976898669264,
    "146": 2.7502690345712386,
    "151": 0.0021972354211761136,
    "160": 0,
    "168": 0.009254810453617868,
    "182": 0.03158388734829559,
    "196": 0,
    "197": 0.0000018429854827251013,
    "199": 1.5150559140586495e-9,
    "205": 0.004701236311717094,
    "207": 1.5526802066290202e-11,
    "210": 1.2883399508334392e-7,
    "212": 0.01070050796603178,
    "219": 0.0052538489117908704,
    "227": 0.2865615811196478,
    "232": 9.821005120258519e-11,
    "233": 0,
    "235": 0.01779584681033458,
    "242": 0.022075721613648402,
    "243": 0.00013236665242333245,
    "244": 0.036054862963811884,
    "245": 0.010767308367036044,