{
  "id": "10273",
  "name": "Ogerpon wellspring",
  "format_id": "showdown_gen9almostanyability-1760",
  "usage_metrics": {
    "raw": 6201,
    "base_weight": 83.14444453391714,
    "percent": 6.2801296333805965
  },
  "roles": [
    {
      "role": "role_sweeper_physical",
      "label": "Physical Sweeper",
      "category": "OFF"
    },
    {
      "role": "role_setup",
      "label": "Setup Sweeper",
      "category": "OFF"
    }
  ],
  "items": {
    "wellspring-mask": 83.14444453391702
  },
  "abilities": {
    "as-one-glastrier": 0.0013008571969486127,
    "anger-shell": 0.00008090653619063914,
    "primordial-sea": 49.81492481750311,
    "swift-swim": 3.2028490329624084,
    "water-absorb": 0.14222557350051823,
    "libero": 0.000017703008847014257,
    "adaptability": 0.9752982182749507,
    "grassy-surge": 12.666977645139044,
    "opportunist": 2.3314683517128287e-15,
    "beast-boost": 0.0017805444394159986,
    "sword-of-ruin": 2.7505499352133658,
    "supreme-overlord": 0.041861781470665715,
    "pixilate": 1.1584593280180733,
    "wind-rider": 0.0013717701516094416,
    "tough-claws": 0.0004370532355246204,
    "tinted-lens": 3.8662344902702204,
    "multiscale": 0.00001846061594573678,
    "flower-veil": 1.9598081446556703,
    "drizzle": 0.11581926773573231,
    "intrepid-sword": 1.7763568394002505e-15,
    "moxie": 0.013208457430288145,
    "queenly-majesty": 0.000002941848546378356,
    "turboblaze": 4.111322726707556e-9,
    "mold-breaker": 0.07352768925076042,
    "sniper": 2.06865850646788,
    "embodyaspect-hearthflame": 0,
    "super-luck": 0.028111014811641855,
    "well-baked-body": 0,
    "flower-gift": 0.0000020907864484165373,
    "embodyaspect-teal": 0,
    "air-lock": 0.000002780027400117735,
    "lightning-rod": 0,
    "teravolt": 0.01652115600703724,
    "regenerator": 0.04236835025263852,
    "stamina": 0.002724102953466978,
    "chlorophyll": 0.00004979220539702567,
    "chilling-neigh": 0,
    "embodyaspect-wellspring": 0.000009218033765301392,
    "technician": 1.0157480967443178e-9,
    "filter": 0,
    "purifying-salt": 0,
    "thick-fat": 0,
    "download": 0,
    "prankster": 0.03148727378433941,
    "surge-surfer": 4.080021585406518,
    "quark-drive": 0,
    "shadow-shield": 1.023590490145665e-7,
    "battle-bond": 2.5745237497432072e-8,
    "serene-grace": 0.0008076870380790413,
    "intimidate": 1.21475823622319e-7,
    "sap-sipper": 0,
    "defiant": 0.003757279929911317,
    "motor-drive": 0.07787981313317544,
    "compound-eyes": 0.000015647690791764646,
    "volt-absorb": 0,
    "beads-of-ruin": 2.7755575615628914e-16,
    "guts": 1.3146429617139077e-7,
    "sand-rush": 0,
    "as-one-spectrier": 8.326672684688674e-16,
    "fluffy": 0.0000034449036448447323,
    "magic-guard": 0.00001932010152805308,
    "unaware": 1.1983835168649648e-7,
    "electromorphosis": 0.00040477936067617737,
    "aerilate": 0,
    "immunity": 4.5826552380612284e-7,
    "rain-dish": 0.000038460279991991975,
    "trace": 0.0004686053481662289,
    "weak-armor": 0.004338017342867206,
    "levitate": 0,
    "wind-power": 2.5318579788269346e-8,
    "prism-armor": 0,
    "sheer-force": 0,
    "protean": 0
  },
  "moves": {
    "knock-off": 11.618049243435143,
    "horn-leech": 30.94505257502707,
    "ivy-cudgel": 83.1410856093793,
    "spiky-shield": 0.2791354360532003,
    "swords-dance": 50.727926240936895,
    "play-rough": 6.911354247489862,
    "power-whip": 17.64145325371653,
    "trailblaze": 20.766050230577562,
    "u-turn": 20.093378650836662,
    "encore": 21.265592958678155,
    "stomping-tantrum": 2.8086191626284314,
    "focus-energy": 2.2448141367712324,
    "grassy-glide": 12.78075350720754,
    "leech-seed": 0.19835207978091468,
    "zen-headbutt": 0.0007791848138111734,
    "spikes": 19.900782778150614,
    "follow-me": 0,
    "wood-hammer": 9.148876197027938,
    "brick-break": 0.00008368916489753797,
    "low-kick": 5.357588251294279,
    "taunt": 0.10629248156465754,
    "quick-attack": 1.1584594356749576,
    "protect": 0.001347952583705847,
    "rock-tomb": 14.465299151217089,
    "superpower": 0.8452777869918825,
    "synthesis": 0.11680721980451725,
    "substitute": 0.001796129929695356,
    "energy-ball": 0.0009916215378319437,
    "grassy-terrain": 1.983391562099257e-9,
    "solar-blade": 3.39000691407243e-8,
    "double-kick": 1.0157480967443178e-9,
    "rain-dance": 0,
    "throat-chop": 7.639385679603095e-8,
    "grass-knot": 4.08118816519476e-9,
    "charm": 0,
    "bullet-seed": 0.037900206118332336,
    "seed-bomb": 0.00006147293515018637,
    "rest": 0,
    "sleep-talk": 0,
    "facade": 0.012569691206103295,
    "giga-drain": 0,
    "leaf-storm": 0,
    "retaliate": 0.000038460279991991975,
    "tera-blast": 0,
    "endure": 0.001208975480210539,
    "low-sweep": 0,
    "": 0
  },
  "teras": {
    "nothing": 83.14444453391702
  },
  "spreads": [
    {
      "nature": "jolly",
      "usage": "71.4",
      "evs": {
        "hp": 0,
        "atk": 252,
        "def": 0,
        "spa": 0,
        "spd": 4,
        "spe": 252
      }
    },
    {
      "nature": "jolly",
      "usage": "13.2",
      "evs": {
        "hp": 0,
        "atk": 252,
        "def": 4,
        "spa": 0,
        "spd": 0,
        "spe": 252
      }
    },
    {
      "nature": "adamant",
      "usage": "4.0",
      "evs": {
        "hp": 140,
        "atk": 252,
        "def": 0,
        "spa": 0,
        "spd": 0,
        "spe": 116
      }
    },
    {
      "nature": "adamant",
      "usage": "3.9",
      "evs": {
        "hp": 56,
        "atk": 176,
        "def": 92,
        "spa": 0,
        "spd": 4,
        "spe": 180
      }
    },
    {
      "nature": "adamant",
      "usage": "2.5",
      "evs": {
        "hp": 0,
        "atk": 252,
        "def": 0,
        "spa": 0,
        "spd": 4,
        "spe": 252
      }
    },
    {
      "nature": "adamant",
      "usage": "0.9",
      "evs": {
        "hp": 32,
        "atk": 252,
        "def": 0,
        "spa": 0,
        "spd": 0,
        "spe": 224
      }
    },
    {
      "nature": "jolly",
      "usage": "0.9",
      "evs": {
        "hp": 4,
        "atk": 252,
        "def": 0,
        "spa": 0,
        "spd": 0,
        "spe": 252
      }
    },
    {
      "nature": "adamant",
      "usage": "0.8",
      "evs": {
        "hp": 4,
        "atk": 252,
        "def": 0,
        "spa": 0,
        "spd": 0,
        "spe": 252
      }
    },
    {
      "nature": "jolly",
      "usage": "0.8",
      "evs": {
        "hp": 0,
        "atk": 252,
        "def": 0,
        "spa": 0,
        "spd": 0,
        "spe": 252
      }
    },
    {
      "nature": "adamant",
      "usage": "0.5",
      "evs": {
        "hp": 76,
        "atk": 252,
        "def": 0,
        "spa": 0,
        "spd": 0,
        "spe": 180
      }
    }
  ],
  "teammates": {
    "6": 3.167299755801878e-11,
    "9": 0.06668134330238923,
    "25": 0.00003547156025279774,
    "35": 0.030948172586725498,
    "36": 0.06213844199981938,
    "45": 9.825473767932635e-15,
    "51": 4.6649563562040086e-7,
    "62": 5.381554024630475e-8,
    "73": 0.09140880468366597,
    "91": 0.000009297640613747937,
    "93": 0,
    "94": 0.35871390581486473,
    "103": 9.743983397925149e-12,
    "112": 0.00005071436622861025,
    "113": 0.044147967163532864,
    "123": 2.9776827337180123e-8,
    "126": 0,
    "130": 0.005081888728409423,
    "131": 0,
    "132": 0,
    "134": 0.000014417454909654293,
    "135": 0.0005509357976603568,
    "136": 0,
    "143": 0.00012323362109101232,
    "144": 0.0011713376131967101,
    "145": 24.159585123837296,
    "146": 3.671337251859285,
    "151": 0.002233596435169516,
    "157": 0,
    "162": 0.0002934315468476889,
    "164": 4.049280116769083e-8,
    "171": 0.03541143305284172,
    "181": 0.000019928406520375308,
    "184": 2.6504631822632518e-11,
    "188": 3.2954684814345825e-8,
    "192": 0,
    "196": 0.0000029835506757946995,
    "197": 0.000004716932890280745,