{
  "id": "260",
  "name": "Swampert",
  "format_id": "showdown_gen9almostanyability-1760",
  "usage_metrics": {
    "raw": 10522,
    "base_weight": 415.7231723426983,
    "percent": 10.656268989264737
  },
  "roles": [
    {
      "role": "role_pivot",
      "label": "Pivot",
      "category": "DEF"
    },
    {
      "role": "role_wall_special",
      "label": "Special Wall",
      "category": "DEF"
    },
    {
      "role": "role_disruptor",
      "label": "Disruptor",
      "category": "SUP"
    }
  ],
  "items": {
    "leftovers": 3.2218009951212254,
    "assault-vest": 409.39914580320846,
    "expert-belt": 0.000007940745389234394,
    "choice-scarf": 4.9352734676766374e-9,
    "life-orb": 0.000609950519864344,
    "rocky-helmet": 0.19304971055981462,
    "choice-band": 0.020238516750342606,
    "heavy-duty-boots": 0.45351149816266634,
    "damp-rock": 2.3704958838874353,
    "sitrus-berry": 0.000003510705225751032,
    "salac-berry": 0.00014348199302355313,
    "blunder-policy": 0,
    "mirror-herb": 0,
    "terrain-extender": 0,
    "chesto-berry": 0.00010933709503502254,
    "ability-shield": 0.000007111098050738285,
    "clear-amulet": 0.005166095063144138,
    "nothing": 0.00041473031045696773,
    "smooth-rock": 3.825438285587346e-7,
    "eject-button": 0.0000016565710819205215,
    "adrenaline-orb": 2.1743828959586153e-11,
    "mystic-water": 0.000010906558412626666,
    "air-balloon": 0.0020431584041241124,
    "lagging-tail": 0,
    "red-card": 0.0008992457522385977,
    "custap-berry": 6.280959497506622e-7,
    "rindo-berry": 0.05543763329852852,
    "earth-plate": 0.000020068901759429103,
    "heat-rock": 0.00001617113341984,
    "focus-sash": 0.000037921261801632244,
    "lum-berry": 0,
    "electric-seed": 0,
    "light-ball": 0,
    "covert-cloak": 0
  },
  "abilities": {
    "sap-sipper": 0.6288943600279226,
    "regenerator": 412.27491798240663,
    "natural-cure": 0.00008803848948923942,
    "unaware": 1.1481697814730296e-8,
    "drizzle": 2.3704958838828496,
    "technician": 0,
    "fluffy": 0.0029675552165763786,
    "hadron-engine": 3.3362201889985954e-14,
    "effect-spore": 2.1458503407512097e-7,
    "vessel-of-ruin": 0.0009915919815544072,
    "torrent": 0.00002260479441668073,
    "psychic-surge": 0,
    "primordial-sea": 0.0008633544304476604,
    "water-absorb": 0.0008647074077764438,
    "sand-stream": 3.825438285587346e-7,
    "dry-skin": 0.0000016565710819205215,
    "magic-guard": 5.551115123125783e-16,
    "intimidate": 3.5173530754661897e-12,
    "guts": 0.000019183903678055003,
    "purifying-salt": 0.41616464006273346,
    "adaptability": 2.197202753073668e-9,
    "swift-swim": 0.019599389252044852,
    "bulletproof": 0.00657082262846892,
    "damp": 0,
    "mold-breaker": 6.400194980660245e-7,
    "filter": 0.0005730016990385667,
    "drought": 0.00001617113341984,
    "perish-body": 5.681952963687564e-9,
    "water-veil": 0,
    "stamina": 0,
    "competitive": 0,
    "supreme-overlord": 0.00012014229731804882,
    "volt-absorb": 0,
    "defiant": 0,
    "wind-rider": 0
  },
  "moves": {
    "flip-turn": 415.3940042987233,
    "earthquake": 408.952215782598,
    "stealth-rock": 9.293655646591022,
    "ice-punch": 8.835980290608571,
    "avalanche": 2.739072902544472,
    "knock-off": 368.9487910453712,
    "stone-edge": 114.84748035528932,
    "surf": 3.626193930770474,
    "ice-beam": 141.60704443019057,
    "counter": 57.58504432876526,
    "mirror-coat": 12.835133988571405,
    "liquidation": 2.0315485570083425,
    "poison-jab": 50.12640678043076,
    "hammer-arm": 0.42674715253464984,
    "earth-power": 4.508664057369129,
    "bulk-up": 0.21432680009835098,
    "rest": 0.2080666253643071,
    "high-horsepower": 0.4691731990375888,
    "rock-slide": 1.1772175008811798,
    "smack-down": 1.2765927427985215,
    "hydro-pump": 0.04427910598364754,
    "body-press": 0.0016779650899169662,
    "curse": 0.009222884839472978,
    "brick-break": 51.524116618769845,
    "roar": 0.4348923851613803,
    "waterfall": 0.026754382005109878,
    "chilling-water": 0.02730872354597863,
    "bulldoze": 0.00031446624485992336,
    "rock-tomb": 4.634208738973911e-9,
    "body-slam": 2.9215063621193242,
    "double-edge": 0,
    "protect": 0.42623295022235935,
    "ancient-power": 1.4488316876867497,
    "low-kick": 0.7168005508652961,
    "facade": 0,
    "focus-punch": 0.002577908349992053,
    "icy-wind": 0.000415097181793056,
    "weather-ball": 0.001971118582278497,
    "outrage": 0.008752361286664845,
    "": 1.67169286746649e-8,
    "sleep-talk": 0.000019183903678055003,
    "bite": 2.1743828959586153e-11,
    "focus-blast": 0.0000017560142765438158,
    "sand-tomb": 0.04803471978353502,
    "sludge-wave": 0.017863056369868013,
    "rain-dance": 4.586164781272828e-12,
    "muddy-water": 0.017501226169448603,
    "stomping-tantrum": 0.000010906558412626666,
    "blizzard": 0,
    "mud-slap": 0.10987587483594297,
    "hard-press": 6.245042261099343e-10,
    "amnesia": 0.0003676416767047219,
    "fling": 0
  },
  "teras": {
    "nothing": 415.723172342698
  },
  "spreads": [
    {
      "nature": "sassy",
      "usage": "72.4",
      "evs": {
        "hp": 252,
        "atk": 0,
        "def": 4,
        "spa": 0,
        "spd": 252,
        "spe": 0
      }
    },
    {
      "nature": "sassy",
      "usage": "12.4",
      "evs": {
        "hp": 252,
        "atk": 0,
        "def": 0,
        "spa": 0,
        "spd": 252,
        "spe": 0
      }
    },
    {
      "nature": "sassy",
      "usage": "5.1",
      "evs": {
        "hp": 248,
        "atk": 8,
        "def": 0,
        "spa": 0,
        "spd": 252,
        "spe": 0
      }
    },
    {
      "nature": "sassy",
      "usage": "3.1",
      "evs": {
        "hp": 248,
        "atk": 0,
        "def": 8,
        "spa": 0,
        "spd": 252,
        "spe": 0
      }
    },
    {
      "nature": "sassy",
      "usage": "1.7",
      "evs": {
        "hp": 252,
        "atk": 4,
        "def": 0,
        "spa": 0,
        "spd": 252,
        "spe": 0
      }
    },
    {
      "nature": "careful",
      "usage": "1.0",
      "evs": {
        "hp": 252,
        "atk": 0,
        "def": 4,
        "spa": 0,
        "spd": 252,
        "spe": 0
      }
    },
    {
      "nature": "relaxed",
      "usage": "0.7",
      "evs": {
        "hp": 248,
        "atk": 0,
        "def": 252,
        "spa": 0,
        "spd": 8,
        "spe": 0
      }
    },
    {
      "nature": "sassy",
      "usage": "0.6",
      "evs": {
        "hp": 252,
        "atk": 0,
        "def": 0,
        "spa": 4,
        "spd": 252,
        "spe": 0
      }
    },
    {
      "nature": "impish",
      "usage": "0.5",
      "evs": {
        "hp": 252,
        "atk": 4,
        "def": 252,
        "spa": 0,
        "spd": 0,
        "spe": 0
      }
    },
    {
      "nature": "sassy",
      "usage": "0.4",
      "evs": {
        "hp": 248,
        "atk": 0,
        "def": 60,
        "spa": 0,
        "spd": 200,
        "spe": 0
      }
    }
  ],
  "teammates": {
    "3": 0.006377585139896613,
    "6": 0.0005740884569209737,
    "9": 0.1668464946932382,
    "24": 0.00007787688243687807,
    "25": 0.00039826865434405834,
    "28": 2.6993796087282362e-11,
    "36": 0.017271996731406225,
    "45": 0.0005572708052774544,
    "59": 0.000001625634646285068,
    "73": 0.0022937696885922954,
    "80": 0.002427710080340817,
    "91": 0.00418153781146019,
    "94": 2.060282149766029,
    "103": 0,
    "112": 0.00003614397382684098,
    "113": 0.013448362275675196,
    "123": 0.023441246907857538,
    "130": 0.19369857545931313,
    "131": 0,
    "132": 0,
    "134": 0.0001288544972390948,
    "135": 0.06350015064027731,
    "143": 0.00019307995263878608,
    "144": 0.000017090603001923554,
    "145": 144.92754976319213,
    "146": 9.401680637379792,
    "151": 0.29055259785287824,
    "154": 2.143165145351844e-8,
    "157": 0,
    "160": 0,
    "161": 0.009060064220548558,