{
  "id": "612",
  "name": "Haxorus",
  "format_id": "showdown_gen9almostanyability-1760",
  "usage_metrics": {
    "raw": 2255,
    "base_weight": 1.6137264427821694,
    "percent": 2.2837755722098443
  },
  "roles": [
    {
      "role": "role_sweeper_physical",
      "label": "Physical Sweeper",
      "category": "OFF"
    },
    {
      "role": "role_setup",
      "label": "Setup Sweeper",
      "category": "OFF"
    }
  ],
  "items": {
    "loaded-dice": 0.4580569474549297,
    "life-orb": 0.11169462651984113,
    "focus-sash": 0.0007937952152578531,
    "heavy-duty-boots": 0.00032701568429815975,
    "choice-band": 0.631025527610723,
    "clear-amulet": 0.0003978198185988213,
    "choice-scarf": 0.0949538350524447,
    "focus-band": 2.755198291737315e-10,
    "leftovers": 0.000502724852365577,
    "lum-berry": 0.09867987525841837,
    "muscle-band": 0.007252722598899475,
    "blunder-policy": 0.015058121118866452,
    "dragon-fang": 0.1299769092174074,
    "safety-goggles": 0.0009248227296773104,
    "flame-orb": 0.06060136968154117,
    "expert-belt": 0.0013555746846468653,
    "draco-plate": 1.0964486651943162e-8,
    "quick-claw": 1.6130227709076905e-9,
    "weakness-policy": 7.923729082315312e-7,
    "protective-pads": 0.0014761905163259703,
    "assault-vest": 0.000013864713826361452,
    "eject-button": 1.6653345369377348e-16,
    "red-card": 5.551115123125783e-17,
    "toxic-orb": 0.00006216966003441682,
    "salac-berry": 0,
    "ability-shield": 0,
    "mirror-herb": 0.000028334354729042666,
    "rocky-helmet": 0.00003265819499836953,
    "booster-energy": 0.0004027572582006589,
    "sitrus-berry": 0.00010797536020085152,
    "scope-lens": 0,
    "covert-cloak": 0,
    "grassy-seed": 0,
    "persim-berry": 0,
    "nothing": 0
  },
  "abilities": {
    "technician": 0.11085281191437951,
    "libero": 0.007110292839168586,
    "dragons-maw": 0.15325873615671498,
    "opportunist": 3.5680619570044314e-10,
    "swift-swim": 0.0012723897937159112,
    "protean": 0.17391362858049098,
    "tinted-lens": 0.2829355809028029,
    "own-tempo": 0.1919475402903711,
    "chilling-neigh": 0.000361336408161661,
    "beast-boost": 0.00004380624680794254,
    "tough-claws": 0.11570698699062082,
    "quick-draw": 1.6130227709076905e-9,
    "anger-shell": 2.9582106209069536e-9,
    "supreme-overlord": 0.07118776349323669,
    "sand-rush": 0.0016802948981107235,
    "guts": 0.06060136968154117,
    "aerilate": 0.000014158613246884055,
    "moxie": 0.0032384774227811053,
    "intrepid-sword": 0.0003442135361241272,
    "sheer-force": 0.00002460004907756108,
    "adaptability": 0.12632255221557698,
    "armor-tail": 1.3790502850774544e-8,
    "mold-breaker": 0.04994754280714131,
    "chlorophyll": 0.0003028438862160421,
    "queenly-majesty": 0.00005152391865154149,
    "filter": 7.923729082315312e-7,
    "merciless": 0.000018388909430566702,
    "embodyaspect-teal": 5.777352639624311e-7,
    "defiant": 0.0009464288609314919,
    "embodyaspect-hearthflame": 0,
    "sword-of-ruin": 0.17234286685634465,
    "battle-bond": 0.000007772257313354292,
    "slush-rush": 0,
    "as-one-glastrier": 0.01771259788281837,
    "download": 0,
    "skill-link": 0.008453126279760859,
    "ice-face": 0.000004512411792723103,
    "soundproof": 0,
    "quick-feet": 0.00006216966003441682,
    "weak-armor": 0.0005946522740586935,
    "sturdy": 0.0000036609150853572636,
    "mirror-armor": 0,
    "tangled-feet": 0,
    "compound-eyes": 1.8382386446358367e-8,
    "intimidate": 3.540831294834845e-8,
    "neuroforce": 0,
    "unaware": 0.000004435846568506818,
    "costar": 0.00006435006367022655,
    "surge-surfer": 0.038956773691592894,
    "protosynthesis": 0.0004166173029821474,
    "flower-gift": 0,
    "multiscale": 0.0020854234973162744,
    "as-one-spectrier": 4.667489672538494e-9,
    "purifying-salt": 0.0000029976740487103193,
    "hustle": 0.015051620450453385,
    "prism-armor": 6.6467784609614e-9,
    "rivalry": 0,
    "turboblaze": 0.0004717035972207073,
    "magic-guard": 0.005090719127483767,
    "steam-engine": 0,
    "thick-fat": 0,
    "thermal-exchange": 0.00031572064664164845
  },
  "moves": {
    "scale-shot": 0.5980953971353957,
    "breaking-swipe": 0.000014158613246884055,
    "dragon-dance": 0.28314989586368644,
    "first-impression": 0.9437755775944684,
    "iron-head": 0.6621580799344642,
    "x-scissor": 0.05577002292266353,
    "earthquake": 0.9571695730981,
    "swords-dance": 0.5489284965798782,
    "poison-jab": 0.2171216997139811,
    "outrage": 0.7707000750662453,
    "protect": 0.00543991395314658,
    "close-combat": 0.609077559262214,
    "crunch": 0.017390274352044377,
    "low-kick": 0.04063344636325317,
    "trailblaze": 0.05529031005223212,
    "dragon-claw": 0.10185175004980113,
    "aerial-ace": 0.0003198581442164228,
    "bite": 0.021769567734774564,
    "grass-knot": 0,
    "iron-tail": 0.000006554459627716724,
    "facade": 0.054829811090529534,
    "dragon-tail": 0.050341677411575136,
    "body-slam": 0.0000785096965482679,
    "aqua-tail": 0.06908563065567908,
    "double-edge": 0.03127380007945679,
    "substitute": 0.0006469516590892344,
    "night-slash": 1.8784001343252754e-7,
    "brick-break": 0.16915106320945283,
    "taunt": 0.015651933658469175,
    "assurance": 0.00001122890651611419,
    "stomping-tantrum": 5.152545057285352e-13,
    "rock-slide": 5.858202811737101e-12,
    "endure": 0,
    "reversal": 0,
    "tera-blast": 0,
    "counter": 0.00006435006367022655,
    "focus-energy": 0,
    "rock-tomb": 0,
    "bulldoze": 0.04682012180022749,
    "dragon-pulse": 0,
    "draco-meteor": 0.12828825438342434,
    "roar": 0,
    "shadow-claw": 0,
    "": 3.977421325629393e-8,
    "giga-impact": 0
  },
  "teras": {
    "nothing": 1.6137264427821703
  },
  "spreads": [
    {
      "nature": "adamant",
      "usage": "30.7",
      "evs": {
        "hp": 0,
        "atk": 252,
        "def": 0,
        "spa": 0,
        "spd": 4,
        "spe": 252
      }
    },
    {
      "nature": "jolly",
      "usage": "30.3",
      "evs": {
        "hp": 0,
        "atk": 252,
        "def": 0,
        "spa": 0,
        "spd": 4,
        "spe": 252
      }
    },
    {
      "nature": "adamant",
      "usage": "13.9",
      "evs": {
        "hp": 0,
        "atk": 252,
        "def": 4,
        "spa": 0,
        "spd": 0,
        "spe": 252
      }
    },
    {
      "nature": "naive",
      "usage": "8.0",
      "evs": {
        "hp": 0,
        "atk": 252,
        "def": 0,
        "spa": 4,
        "spd": 0,
        "spe": 252
      }
    },
    {
      "nature": "adamant",
      "usage": "6.1",
      "evs": {
        "hp": 72,
        "atk": 252,
        "def": 0,
        "spa": 0,
        "spd": 0,
        "spe": 184
      }
    },
    {
      "nature": "adamant",
      "usage": "5.8",
      "evs": {
        "hp": 4,
        "atk": 252,
        "def": 0,
        "spa": 0,
        "spd": 0,
        "spe": 252
      }
    },
    {
      "nature": "hardy",
      "usage": "2.9",
      "evs": {
        "hp": 4,
        "atk": 252,
        "def": 0,
        "spa": 0,
        "spd": 0,
        "spe": 252
      }
    },
    {
      "nature": "serious",
      "usage": "1.4",
      "evs": {
        "hp": 0,
        "atk": 252,
        "def": 0,
        "spa": 0,
        "spd": 4,
        "spe": 252
      }
    },
    {
      "nature": "adamant",
      "usage": "0.4",
      "evs": {
        "hp": 172,
        "atk": 252,
        "def": 0,
        "spa": 0,
        "spd": 4,
        "spe": 80
      }
    },
    {
      "nature": "jolly",
      "usage": "0.4",
      "evs": {
        "hp": 4,
        "atk": 252,
        "def": 0,
        "spa": 0,
        "spd": 0,
        "spe": 252
      }
    }
  ],
  "teammates": {
    "3": 0.0040107346931441135,
    "6": 0.005034640864268913,
    "9": 0.00005643469031013648,
    "25": 0.01772403647515619,
    "26": 5.997950958125386e-8,
    "36": 0.0004870163535913852,
    "40": 0,