{
  "id": "985",
  "name": "Scream Tail",
  "format_id": "showdown_gen9almostanyability-1760",
  "usage_metrics": {
    "raw": 8196,
    "base_weight": 603.5988577572922,
    "percent": 8.300587401255823
  },
  "roles": [
    {
      "role": "role_sweeper_special",
      "label": "Special Sweeper",
      "category": "OFF"
    },
    {
      "role": "role_cleric",
      "label": "Cleric / Heal",
      "category": "SUP"
    },
    {
      "role": "role_staller",
      "label": "Staller",
      "category": "DEF"
    }
  ],
  "items": {
    "fairy-feather": 0.3909096134084624,
    "choice-scarf": 152.63442194620546,
    "leftovers": 302.9587733943114,
    "heavy-duty-boots": 72.08496058222508,
    "rocky-helmet": 10.710733510256867,
    "pixie-plate": 0.6072073134041145,
    "life-orb": 0.44339797510945617,
    "throat-spray": 27.235718004648895,
    "light-clay": 17.88258951133274,
    "choice-specs": 6.252413349652881,
    "sticky-barb": 0.0498637024218741,
    "eject-button": 1.0432568142704213e-9,
    "electric-seed": 10.575348574574535,
    "nothing": 0.36783911956073745,
    "sitrus-berry": 0.004733436111407918,
    "chesto-berry": 2.220446049250313e-16,
    "power-anklet": 0,
    "assault-vest": 1.1228845501609492,
    "focus-sash": 0,
    "shell-bell": 0,
    "iron-ball": 0.005288046506445043,
    "grassy-seed": 0.05207340111937936,
    "weakness-policy": 0.001876032584570697,
    "covert-cloak": 0.17661872221013436,
    "punching-glove": 4.901634653720066e-14,
    "flame-orb": 5.13941444957311e-10,
    "damp-rock": 0.04114018161965538,
    "silk-scarf": 5.746943160800377e-7,
    "wise-glasses": 0,
    "booster-energy": 3.9556576975074975e-7,
    "mental-herb": 0.00002731122511834272,
    "heat-rock": 0.000038506825531525735
  },
  "abilities": {
    "pixilate": 394.86356861741234,
    "tablets-of-ruin": 1.4408443144682848,
    "fluffy": 4.616025886749028,
    "unaware": 160.06730535051082,
    "psychic-surge": 8.943658849069891e-7,
    "purifying-salt": 0.22678899064157904,
    "regenerator": 0.3063274164146609,
    "opportunist": 0.00002348209034985782,
    "solar-power": 0.0012400435971349766,
    "punk-rock": 0.000019405756921220263,
    "prankster": 18.08482326936439,
    "vessel-of-ruin": 0.41255102155647794,
    "natural-cure": 0.007850043367189918,
    "magic-guard": 18.910603040196794,
    "stamina": 0.5394168559992697,
    "emergency-exit": 1.0432568142704213e-9,
    "strong-jaw": 0.010189892783675158,
    "pickpocket": 4.5778649537808747e-8,
    "protosynthesis": 0.17490919643902114,
    "synchronize": 2.220446049250313e-16,
    "pressure": 0.173308021172413,
    "mold-breaker": 0,
    "toxic-chain": 0.015420360064405336,
    "drizzle": 0.04217757289853413,
    "klutz": 1.1228845501609492,
    "protean": 0,
    "misty-surge": 3.9556576975074975e-7,
    "sword-of-ruin": 0,
    "refrigerate": 0.0011277356704041397,
    "well-baked-body": 0.029862695495919744,
    "guts": 5.119150658927651e-10,
    "iron-barbs": 0.000001550774118563858,
    "levitate": 0,
    "quick-feet": 0,
    "wandering-spirit": 0.10949806603782986,
    "marvel-scale": 0,
    "intimidate": 0.008588750658302502,
    "harvest": 0.004733436111407918,
    "battle-bond": 0,
    "grassy-surge": 0.000038852337393147085,
    "beads-of-ruin": 6.026262822089734e-10,
    "shell-armor": 0,
    "flame-body": 2.362626761087237,
    "fairy-aura": 0,
    "oblivious": 0.06606273278185221,
    "drought": 0.000038506825531525735,
    "iron-fist": 0
  },
  "moves": {
    "boomburst": 395.04442568702933,
    "reflect": 17.88218850028037,
    "psyshock": 10.016711357510522,
    "light-screen": 17.88220220400843,
    "psychic-noise": 272.51275181006116,
    "stealth-rock": 415.6553114246521,
    "trick": 156.05365826926877,
    "calm-mind": 71.32785300348739,
    "thunderbolt": 1.4251879138146357,
    "wish": 430.206236952411,
    "protect": 376.1529232508259,
    "dazzling-gleam": 129.71990104900684,
    "encore": 51.614685119058024,
    "roar": 0.06529913743382793,
    "thunder-wave": 4.6689235816175,
    "fire-blast": 7.069771500463649,
    "flamethrower": 28.260429467531736,
    "substitute": 7.358415245699418,
    "expanding-force": 0.006075012194610208,
    "trick-room": 0.06653077112486094,
    "stored-power": 9.524826010064682,
    "play-rough": 0.023622307072454773,
    "psychic": 9.016124807090687,
    "ice-beam": 0.3006053798730504,
    "disable": 0.036824837944826994,
    "rest": 0.06013354294494522,
    "focus-blast": 0.15458044135220983,
    "psychic-fangs": 0.07672862853810486,
    "drain-punch": 0.047600320202978774,
    "blizzard": 0,
    "hyper-voice": 0.38196575710323305,
    "grass-knot": 0,
    "crunch": 0.010189892783675158,
    "bulk-up": 0.024140137660306815,
    "ice-fang": 0.010189892783675158,
    "perish-song": 1.6585645708197223,
    "fling": 0.000008517491920156939,
    "body-slam": 0.01190699289144348,
    "amnesia": 0.0005654171702217936,
    "zen-headbutt": 0,
    "water-pulse": 0.0003608190467880301,
    "thunder-punch": 4.213296378452469e-13,
    "": 0.0009483705078563998,
    "ice-punch": 0,
    "facade": 0,
    "misty-explosion": 0.06606312834762196,
    "thunder": 0,
    "fire-punch": 0
  },
  "teras": {
    "nothing": 603.5988577572929
  },
  "spreads": [
    {
      "nature": "timid",
      "usage": "39.9",
      "evs": {
        "hp": 0,
        "atk": 0,
        "def": 0,
        "spa": 252,
        "spd": 4,
        "spe": 252
      }
    },
    {
      "nature": "timid",
      "usage": "20.0",
      "evs": {
        "hp": 248,
        "atk": 0,
        "def": 164,
        "spa": 0,
        "spd": 0,
        "spe": 96
      }
    },
    {
      "nature": "bold",
      "usage": "11.1",
      "evs": {
        "hp": 252,
        "atk": 0,
        "def": 128,
        "spa": 128,
        "spd": 0,
        "spe": 0
      }
    },
    {
      "nature": "timid",
      "usage": "5.0",
      "evs": {
        "hp": 0,
        "atk": 0,
        "def": 4,
        "spa": 252,
        "spd": 0,
        "spe": 252
      }
    },
    {
      "nature": "timid",
      "usage": "4.7",
      "evs": {
        "hp": 252,
        "atk": 0,
        "def": 0,
        "spa": 4,
        "spd": 0,
        "spe": 252
      }
    },
    {
      "nature": "calm",
      "usage": "3.3",
      "evs": {
        "hp": 252,
        "atk": 0,
        "def": 4,
        "spa": 0,
        "spd": 252,
        "spe": 0
      }
    },
    {
      "nature": "bold",
      "usage": "2.8",
      "evs": {
        "hp": 252,
        "atk": 0,
        "def": 236,
        "spa": 0,
        "spd": 0,
        "spe": 20
      }
    },
    {
      "nature": "bold",
      "usage": "2.6",
      "evs": {
        "hp": 252,
        "atk": 0,
        "def": 252,
        "spa": 4,
        "spd": 0,
        "spe": 0
      }
    },
    {
      "nature": "bold",
      "usage": "1.7",
      "evs": {
        "hp": 252,
        "atk": 0,
        "def": 252,
        "spa": 0,
        "spd": 4,
        "spe": 0
      }
    },
    {
      "nature": "timid",
      "usage": "1.5",
      "evs": {
        "hp": 4,
        "atk": 0,
        "def": 0,
        "spa": 252,
        "spd": 0,
        "spe": 252
      }
    }
  ],
  "teammates": {
    "3": 0.0005016270107419118,
    "6": 0.01788160109574477,
    "9": 0.3233424430826576,
    "25": 0.00021370486627519947,
    "36": 0.17350003425635624,
    "39": 0,
    "40": 0,
    "45": 0,
    "51": 2.8386796802060132e-9,
    "57": 0.09767025569229704,
    "73": 1.7476457993602206,
    "80": 0.00003850682577288822,
    "91": 0.08120558890234375,
    "94": 1.4491613460324722,
    "113": 0.139708852548041,
    "126": 0,
    "130": 0,
    "132": 0,
    "134": 0.12850602904345387,
    "135": 0.07874682857195031,
    "143": 0.01734247436664621,
    "145": 73.60688152754463,
    "146": 20.49812872951398,
    "151": 0.27750889120327804,
    "168": 1.1572964808692632e-9,
    "184": 0,
    "196": 0.000014944764368252095,
    "197": 13.968256418190814,
    "199": 0,