{
  "id": "384",
  "name": "Rayquaza",
  "format_id": "showdown_gen9vgc2026regi-1760",
  "usage_metrics": {
    "raw": 6323,
    "base_weight": 24.250805768046863,
    "percent": 1.5401591067418194
  },
  "roles": [
    {
      "role": "role_sweeper_physical",
      "label": "Physical Sweeper",
      "category": "OFF"
    },
    {
      "role": "role_setup",
      "label": "Setup Sweeper",
      "category": "OFF"
    }
  ],
  "items": {
    "choice-band": 0.6607986744166094,
    "life-orb": 1.5911632261323247,
    "clear-amulet": 19.64055774940966,
    "scope-lens": 1.776439551015585e-9,
    "wide-lens": 0,
    "leftovers": 0.0018499450823951658,
    "expert-belt": 0.000704150269597803,
    "focus-sash": 1.89079233053581,
    "white-herb": 0.00004576351858742722,
    "choice-specs": 0.00013808127654524327,
    "safety-goggles": 0.03920530900616853,
    "lum-berry": 0.0003278915043830599,
    "sky-plate": 0.00386860815443113,
    "assault-vest": 0.07102216307468368,
    "yache-berry": 0,
    "loaded-dice": 0.06707096796485718,
    "throat-spray": 0,
    "eject-pack": 0.004208661115459644,
    "covert-cloak": 0.10549737109861557,
    "dragon-fang": 0.000010726860672605198,
    "weakness-policy": 0.0005909228431612012,
    "silk-scarf": 0.03672065315824469,
    "choice-scarf": 0.06907142081703943,
    "power-herb": 0.0008905986193388227,
    "ability-shield": 3.019806626980426e-14,
    "blunder-policy": 0,
    "quick-claw": 0,
    "sharp-beak": 9.16100528769448e-12,
    "normal-gem": 0.0000026601170677320596,
    "chesto-berry": 6.529221607820546e-13,
    "nothing": 0.0036669197214259652,
    "mental-herb": 0,
    "rocky-helmet": 0,
    "draco-plate": 0.000007370675212947653,
    "muscle-band": 0,
    "iron-ball": 1.3111178809310786e-12,
    "flame-plate": 5.345723863570129e-13,
    "sitrus-berry": 0.06253648039843718,
    "razor-claw": 3.9691092967863995e-8,
    "adrenaline-orb": 3.096714779049492e-8,
    "metronome": 2.5449659046827833e-9,
    "eject-button": 0.00005704728483296728,
    "salac-berry": 0
  },
  "abilities": {
    "air-lock": 24.250805768046863
  },
  "moves": {
    "extreme-speed": 24.19496981971275,
    "dragon-ascent": 22.801847021218915,
    "wild-charge": 0.0021998807502573436,
    "dragon-claw": 0.10038311579171144,
    "dragon-dance": 0.4607882831709731,
    "draco-meteor": 0.29147582243991005,
    "swords-dance": 21.62695078360489,
    "protect": 23.241489686699236,
    "rock-slide": 0.028233372778650345,
    "shadow-claw": 0.012094876675815935,
    "hurricane": 0.002821559954190034,
    "focus-blast": 0,
    "earth-power": 0.1554031504994352,
    "overheat": 0.02132091637572686,
    "u-turn": 0.8460697751785169,
    "iron-head": 0.036807562492441215,
    "air-slash": 0.0011381416609588801,
    "outrage": 1.0636319633417484,
    "earthquake": 0.4111879532265928,
    "breaking-swipe": 0.03744967848460151,
    "thunderbolt": 0.010997988150878713,
    "bulk-up": 0.00026487385758172666,
    "tailwind": 0.024129311168941514,
    "waterfall": 0.00768515056369945,
    "tera-blast": 0.00013081273941284444,
    "thunder": 5.486700910828368e-7,
    "crunch": 1.484913095243676,
    "scale-shot": 0.06707825805515588,
    "hyper-voice": 0.00004892437985898335,
    "dragon-pulse": 0.007860498476441602,
    "thunder-wave": 0.003341565859148632,
    "energy-ball": 0.00002186395106384964,
    "hyper-beam": 0,
    "fire-blast": 0,
    "rest": 0.00007101630778810764,
    "meteor-beam": 0.0009535864556291518,
    "dragon-tail": 0.0005588514368088937,
    "flamethrower": 0.020383663531348073,
    "brick-break": 4.894786326259393e-8,
    "sleep-talk": 0.00002378788824319855,
    "aerial-ace": 2.3467443377445107e-8,
    "icy-wind": 0.010985834433100028,
    "avalanche": 3.372302437298913e-13,
    "blizzard": 0.021380226111737455,
    "ancient-power": 0,
    "substitute": 0.0020571473379540905,
    "hydro-pump": 4.5214887389732894e-11,
    "giga-impact": 7.848702360258031e-7,
    "ice-beam": 0.00016188158624352855,
    "helping-hand": 0.0035656057253185547,
    "double-edge": 3.248438683600696e-7,
    "bulldoze": 0.00034188552383507265,
    "stealth-rock": 3.79540843198356e-12,
    "surf": 0.0000021481764691522187,
    "stone-edge": 0,
    "fly": 0,
    "facade": 3.209866816789031e-10
  },
  "teras": {
    "normal": 23.887523905242034,
    "dragon": 0.1230224706957525,
    "fire": 0.020890436245397825,
    "stellar": 0.03995677014689086,
    "steel": 0.10166056027979875,
    "ground": 0.02926765569539974,
    "fairy": 0.0006738587965193776,
    "flying": 0.03821401744104347,
    "rock": 0.0007919555521353483,
    "ice": 0.007783095762372572,
    "grass": 0.00002200144958519612,
    "poison": 8.24547617406246e-8,
    "ghost": 0.0008743570010745771,
    "water": 0.00012460128408364746
  },
  "spreads": [
    {
      "nature": "adamant",
      "usage": "30.8",
      "evs": {
        "hp": 252,
        "atk": 236,
        "def": 0,
        "spa": 0,
        "spd": 0,
        "spe": 20
      }
    },
    {
      "nature": "adamant",
      "usage": "14.4",
      "evs": {
        "hp": 180,
        "atk": 236,
        "def": 4,
        "spa": 0,
        "spd": 4,
        "spe": 84
      }
    },
    {
      "nature": "adamant",
      "usage": "13.7",
      "evs": {
        "hp": 4,
        "atk": 252,
        "def": 0,
        "spa": 0,
        "spd": 0,
        "spe": 252
      }
    },
    {
      "nature": "adamant",
      "usage": "11.1",
      "evs": {
        "hp": 228,
        "atk": 236,
        "def": 12,
        "spa": 0,
        "spd": 4,
        "spe": 28
      }
    },
    {
      "nature": "jolly",
      "usage": "5.7",
      "evs": {
        "hp": 0,
        "atk": 252,
        "def": 0,
        "spa": 0,
        "spd": 4,
        "spe": 252
      }
    },
    {
      "nature": "adamant",
      "usage": "5.1",
      "evs": {
        "hp": 220,
        "atk": 252,
        "def": 0,
        "spa": 0,
        "spd": 0,
        "spe": 36
      }
    },
    {
      "nature": "adamant",
      "usage": "2.8",
      "evs": {
        "hp": 252,
        "atk": 252,
        "def": 0,
        "spa": 0,
        "spd": 0,
        "spe": 0
      }
    },
    {
      "nature": "adamant",
      "usage": "2.7",
      "evs": {
        "hp": 252,
        "atk": 252,
        "def": 0,
        "spa": 0,
        "spd": 0,
        "spe": 4
      }
    },
    {
      "nature": "jolly",
      "usage": "2.4",
      "evs": {
        "hp": 4,
        "atk": 252,
        "def": 0,
        "spa": 0,
        "spd": 0,
        "spe": 252
      }
    },
    {
      "nature": "adamant",
      "usage": "2.0",
      "evs": {
        "hp": 228,
        "atk": 252,
        "def": 0,
        "spa": 0,
        "spd": 0,
        "spe": 28
      }
    }
  ],
  "teammates": {
    "3": 0.000002107092972991609,
    "4": 0,
    "6": 0.0017950895569784353,
    "9": 9.223631301513713e-7,
    "24": 0,
    "25": 0.0000984340235445913,
    "26": 0.16927780237823448,
    "35": 4.917484867874997,
    "36": 8.575657478582244e-8,
    "38": 2.2728300519414546e-8,
    "49": 0,
    "51": 8.24547617406246e-8,
    "55": 0.000007170451034654857,
    "59": 0.00016048885365554932,
    "62": 3.3306690738754696e-16,
    "73": 0.0000064371006953667376,
    "94": 0.021308635473520465,
    "103": 3.979594431768874e-12,
    "110": 9.092726571680032e-14,
    "112": 0.016135234849258773,
    "125": 0.01060008586736838,
    "126": 0.039419991130401344,
    "130": 0.0004206548817861644,
    "131": 0.00043989840415875614,
    "132": 0.06836609675158367,
    "134": 0,
    "135": 0,
    "143": 0.0006510151038982004,
    "144": 3.588307595503437e-9,
    "145": 4.3983062647523496e-7,
    "146": 0.00022161662253633585,
    "149": 0.03489263844940127,
    "150": 0.013337736753488316,
    "160": 0.02066103247451523,
    "162": 3.3306690738754696e-16,
    "168": 0,
    "181": 3.979594431768874e-12,
    "184": 0.00007156006675845816,
    "189": 4.5943443494067537e-10,
    "193": 0,
    "196": 3.979594431768874e-12,