{
  "id": "445",
  "name": "Garchomp",
  "format_id": "showdown_gen9vgc2026regi-1760",
  "usage_metrics": {
    "raw": 3672,
    "base_weight": 1.5787697248605648,
    "percent": 0.8944273667493217
  },
  "roles": [
    {
      "role": "role_sweeper_physical",
      "label": "Physical Sweeper",
      "category": "OFF"
    },
    {
      "role": "role_setup",
      "label": "Setup Sweeper",
      "category": "OFF"
    }
  ],
  "items": {
    "rocky-helmet": 0.11626150147400632,
    "bright-powder": 0.09799443166512595,
    "life-orb": 0.7384405834523071,
    "razor-fang": 0,
    "clear-amulet": 0.1738716857353403,
    "choice-band": 0.012497108355074449,
    "dragon-fang": 0.0006790913089358974,
    "choice-scarf": 0.030288167498572383,
    "loaded-dice": 0.12830260679261396,
    "assault-vest": 0.07444577136127539,
    "sitrus-berry": 2.350275529749979e-11,
    "focus-sash": 0.002228004973691078,
    "soft-sand": 0.013837632508637676,
    "safety-goggles": 0.00022738722472220863,
    "quick-claw": 0,
    "yache-berry": 1.0132987476874078e-7,
    "eject-button": 0.000015820803626609425,
    "weakness-policy": 4.959325290432304e-7,
    "expert-belt": 0,
    "nothing": 0.000019312934722237607,
    "leftovers": 0.0009250484398550807,
    "iron-plate": 0,
    "razor-claw": 0,
    "choice-specs": 0.00011659407567826685,
    "hard-stone": 0.00005800195991739754,
    "draco-plate": 0.18683495021273983,
    "covert-cloak": 0.0012145884567020815,
    "mental-herb": 9.379317877922233e-10,
    "scope-lens": 3.402833570476105e-14,
    "persim-berry": 0.00010872272375217484,
    "earth-plate": 0,
    "blunder-policy": 0.0003712105144062505,
    "oval-stone": 0,
    "roseli-berry": 1.0047518372857667e-14,
    "air-balloon": 0,
    "focus-band": 0,
    "iapapa-berry": 0,
    "lum-berry": 0,
    "absorb-bulb": 0,
    "ability-shield": 0.00003090416498091608,
    "passho-berry": 0
  },
  "abilities": {
    "rough-skin": 1.1288454781854202,
    "sand-veil": 0.44992424667514463
  },
  "moves": {
    "earthquake": 1.1640614357881423,
    "dragon-claw": 0.9708651347274395,
    "protect": 1.2529933563838132,
    "stealth-rock": 0.04236395350318928,
    "crunch": 0.01886677611292159,
    "substitute": 0.00024210203891900095,
    "iron-head": 0.12152810268140324,
    "stomping-tantrum": 0.5796641407956775,
    "dig": 0,
    "liquidation": 0.001969091359530273,
    "outrage": 0.0023081006075493793,
    "rock-slide": 0.44037085121899633,
    "rock-tomb": 0.000017919765916474262,
    "dragon-tail": 0.03980024493218676,
    "body-slam": 5.551115123125783e-16,
    "swords-dance": 0.5629363379090646,
    "stone-edge": 0.007788858349189298,
    "scale-shot": 0.13061723187619445,
    "draco-meteor": 0.0018143930880117898,
    "flamethrower": 0.0012920460369547637,
    "scorching-sands": 0.00011512107023453622,
    "dragon-rush": 0.09089005691529395,
    "poison-jab": 0.4020064321452516,
    "dragon-pulse": 0.00009673555956946078,
    "bulldoze": 0.06726467274096953,
    "fire-fang": 0.0870259332088894,
    "breaking-swipe": 0.037329193204011735,
    "helping-hand": 0.0005491827595764942,
    "dragon-cheer": 5.718127049636479e-8,
    "earth-power": 0.0003453241424324349,
    "metal-claw": 0,
    "sand-attack": 0.024870896060801007,
    "surf": 0.0006034339933507216,
    "sand-tomb": 5.718143919475338e-8,
    "twister": 5.7178434043070325e-8,
    "sandstorm": 0.0005562087594417897,
    "brick-break": 0.002331126348999235,
    "bite": 1.6653345369377348e-15,
    "double-edge": 0.000023996921125757353,
    "tera-blast": 0.24096776450659702,
    "shadow-claw": 0.014702653059381066,
    "spikes": 0.005305075767469969,
    "rest": 4.899732841678883e-10,
    "sleep-talk": 4.899732841678883e-10,
    "fire-blast": 0.00003917689903726318,
    "fling": 0.00037558571919094064,
    "power-gem": 0,
    "": 0.00014917579946421844,
    "facade": 0.00003090416498091608,
    "sunny-day": 0,
    "aerial-ace": 0,
    "endure": 0
  },
  "teras": {
    "ghost": 0.014789814088410402,
    "steel": 0.6646326178920952,
    "ground": 0.09260138393962702,
    "dragon": 0.1225354475429376,
    "stellar": 0.000005271284971131163,
    "fairy": 0.2877973841327139,
    "poison": 0.29883118535284214,
    "fire": 0.00457503191704467,
    "flying": 0.000006473363741876792,
    "normal": 0.00003782776796595888,
    "water": 0.0013720059686343489,
    "grass": 0.000020858608693496983,
    "rock": 0.09024125572547631,
    "fighting": 0.000028284489927421497,
    "electric": 0.00011517775468511404,
    "dark": 0,
    "ice": 0.001179705030799838
  },
  "spreads": [
    {
      "nature": "jolly",
      "usage": "41.6",
      "evs": {
        "hp": 0,
        "atk": 252,
        "def": 0,
        "spa": 0,
        "spd": 4,
        "spe": 252
      }
    },
    {
      "nature": "jolly",
      "usage": "14.0",
      "evs": {
        "hp": 108,
        "atk": 0,
        "def": 108,
        "spa": 0,
        "spd": 36,
        "spe": 252
      }
    },
    {
      "nature": "brave",
      "usage": "11.8",
      "evs": {
        "hp": 252,
        "atk": 252,
        "def": 0,
        "spa": 0,
        "spd": 4,
        "spe": 0
      }
    },
    {
      "nature": "adamant",
      "usage": "11.7",
      "evs": {
        "hp": 4,
        "atk": 252,
        "def": 0,
        "spa": 0,
        "spd": 0,
        "spe": 252
      }
    },
    {
      "nature": "jolly",
      "usage": "7.0",
      "evs": {
        "hp": 4,
        "atk": 252,
        "def": 0,
        "spa": 0,
        "spd": 0,
        "spe": 252
      }
    },
    {
      "nature": "hardy",
      "usage": "4.8",
      "evs": {
        "hp": 88,
        "atk": 252,
        "def": 0,
        "spa": 0,
        "spd": 0,
        "spe": 168
      }
    },
    {
      "nature": "jolly",
      "usage": "1.7",
      "evs": {
        "hp": 0,
        "atk": 252,
        "def": 0,
        "spa": 0,
        "spd": 0,
        "spe": 252
      }
    },
    {
      "nature": "jolly",
      "usage": "1.6",
      "evs": {
        "hp": 0,
        "atk": 252,
        "def": 4,
        "spa": 0,
        "spd": 0,
        "spe": 252
      }
    },
    {
      "nature": "adamant",
      "usage": "1.3",
      "evs": {
        "hp": 0,
        "atk": 216,
        "def": 0,
        "spa": 0,
        "spd": 80,
        "spe": 212
      }
    },
    {
      "nature": "careful",
      "usage": "1.2",
      "evs": {
        "hp": 132,
        "atk": 124,
        "def": 0,
        "spa": 0,
        "spd": 252,
        "spe": 0
      }
    }
  ],
  "teammates": {
    "3": 0.030244643995565035,
    "6": 0.0028041239153059894,
    "9": 0.029356944919398664,
    "25": 0.000617435395315058,
    "26": 0.000006385251265783598,
    "35": 0.00019728857139911238,
    "36": 0.07203270442897314,
    "40": 0,
    "45": 0,
    "49": 0,
    "51": 2.836453294463581e-12,
    "59": 0.0005116147590639164,
    "73": 0,
    "80": 3.1619522555814683e-9,
    "89": 0,
    "91": 0.0000047687571001486795,
    "93": 0,
    "94": 0.00004901624172171104,
    "101": 0,
    "106": 0,
    "107": 0.2211312610115928,
    "110": 0,
    "113": 0,
    "123": 0.000005161668285125209,
    "125": 0,
    "126": 0.02707993204810255,
    "129": 0,
    "130": 0.002310256804347266,
    "131": 0.00029065100665132126,
    "132": 0.000003286808875679892,
    "134": 0,
    "135": 0.000023911702400569723,
    "143": 4.887616422699637e-10,
    "144": 0,
    "145": 0.002036143920929545,
    "146": 9.376173726316495e-10,
    "149": 0.14972458077218437,
    "150": 0.0038139642292408515,
    "154": 0,
    "157": 0.02784526498486578,
    "164": 7.833844684057567e-11,
    "171": 0,
    "172": 0,
    "181": 0,
    "184": 2.3314683517128287e-15,
    "186": 0.000021096436144507624,
    "189": 0,
    "195": 1.6653345369377348e-15,
    "196": 0,
    "197": 0.002698238288791177,
    "198": 0.05480601019125225,
    "199": 0.015591091512462685,
    "200": 0,
    "206": 0,
    "212": 0.054452084103636,
    "214": 0.000005161668285125209,
    "220": 0,