{
  "id": "485",
  "name": "Heatran",
  "format_id": "showdown_gen9vgc2026regi-1760",
  "usage_metrics": {
    "raw": 3779,
    "base_weight": 12.728455494264974,
    "percent": 0.9204904735690868
  },
  "roles": [
    {
      "role": "role_sweeper_special",
      "label": "Special Sweeper",
      "category": "OFF"
    },
    {
      "role": "role_staller",
      "label": "Staller",
      "category": "DEF"
    }
  ],
  "items": {
    "assault-vest": 0.07006481393300362,
    "leftovers": 4.532423957574135,
    "shuca-berry": 0.12119748469359704,
    "choice-specs": 0.6227491496305846,
    "life-orb": 1.8313093001319813,
    "expert-belt": 0.0006607070219140643,
    "zoom-lens": 1.7929335281617125,
    "choice-scarf": 0.003539991981258761,
    "wide-lens": 0.022252258415910164,
    "covert-cloak": 0.28191474929482324,
    "safety-goggles": 0.16560969604540804,
    "grassy-seed": 0.0003665740872996759,
    "air-balloon": 2.8185717618485997,
    "charcoal": 0.0019729163640295755,
    "sitrus-berry": 0.2749357118537975,
    "rocky-helmet": 0.024137158151447735,
    "nothing": 0.0008667093316322427,
    "electric-seed": 0.05161906714837733,
    "clear-amulet": 0.09932540757415048,
    "power-bracer": 0.00007774462577131436,
    "flame-plate": 0,
    "chople-berry": 0.003162120235524757,
    "focus-sash": 0,
    "scope-lens": 2.5890221405644454e-7,
    "heavy-duty-boots": 3.428085637580125e-8,
    "weakness-policy": 0.0005916290413389147,
    "quick-claw": 0,
    "room-service": 0.0005815553173545984,
    "adrenaline-orb": 0.007220722262028245,
    "wiki-berry": 0.0002571797681050758,
    "heat-rock": 0.00011330658814184824,
    "binding-band": 0
  },
  "abilities": {
    "flash-fire": 12.619048911426546,
    "flame-body": 0.10940658283842758
  },
  "moves": {
    "heat-wave": 7.319111051296401,
    "flash-cannon": 6.927583403116122,
    "earth-power": 10.23561136513723,
    "tera-blast": 0.1377651007993152,
    "fire-blast": 0.000007287566109626109,
    "fire-fang": 0.000006716037634246774,
    "iron-head": 0.09938893198500665,
    "crunch": 0.000006716037659892926,
    "protect": 11.85916722514421,
    "stone-edge": 0,
    "flare-blitz": 0.09936282977875827,
    "stealth-rock": 0.01950383738914213,
    "taunt": 1.6085132442271692,
    "magma-storm": 2.5972186758144726,
    "power-gem": 0.040727557641045076,
    "heavy-slam": 1.5740608430267367,
    "substitute": 0.060458566756112775,
    "will-o-wisp": 0.17786342272436695,
    "flamethrower": 2.929062506427378,
    "dark-pulse": 3.465661772586287,
    "overheat": 0.021470382541460054,
    "steel-beam": 0.07274224753600966,
    "lava-plume": 0.014264283646805154,
    "": 0.0009675940488604318,
    "bulldoze": 2.2614132788589814e-12,
    "rock-slide": 0.0016735140249634628,
    "scorching-sands": 0.0005449663027414786,
    "dragon-pulse": 0.6426877825661779,
    "burning-jealousy": 0,
    "body-press": 0.5342426561474927,
    "iron-defense": 0.37101887079487855,
    "body-slam": 2.5646151868841116e-14,
    "heat-crash": 0.00006147720288057767,
    "solar-beam": 0.0021673700488800685,
    "earthquake": 0.0015223184630119846,
    "sunny-day": 2.8447755406890707e-7,
    "flame-charge": 0.09932539298773757,
    "fire-spin": 0,
    "ancient-power": 0.00005178277707290624
  },
  "teras": {
    "fairy": 5.6172649875795955,
    "fire": 0.8179422317659449,
    "grass": 1.094833292236295,
    "water": 0.0006818950084586661,
    "bug": 2.175941956960611,
    "ground": 0.0010781250472657322,
    "flying": 2.8670299759646958,
    "poison": 1.9794221817193147e-10,
    "dark": 0,
    "fighting": 0.011809159316159445,
    "steel": 0.04097836817194911,
    "ghost": 0.08909289122619796,
    "stellar": 0.0010353197470431286,
    "psychic": 0,
    "ice": 0.010767291042836746,
    "dragon": 0
  },
  "spreads": [
    {
      "nature": "modest",
      "usage": "24.6",
      "evs": {
        "hp": 252,
        "atk": 0,
        "def": 68,
        "spa": 180,
        "spd": 4,
        "spe": 4
      }
    },
    {
      "nature": "modest",
      "usage": "22.4",
      "evs": {
        "hp": 252,
        "atk": 0,
        "def": 0,
        "spa": 252,
        "spd": 4,
        "spe": 0
      }
    },
    {
      "nature": "modest",
      "usage": "14.1",
      "evs": {
        "hp": 252,
        "atk": 0,
        "def": 0,
        "spa": 252,
        "spd": 0,
        "spe": 4
      }
    },
    {
      "nature": "relaxed",
      "usage": "11.6",
      "evs": {
        "hp": 252,
        "atk": 4,
        "def": 108,
        "spa": 4,
        "spd": 140,
        "spe": 0
      }
    },
    {
      "nature": "quiet",
      "usage": "5.5",
      "evs": {
        "hp": 252,
        "atk": 0,
        "def": 0,
        "spa": 252,
        "spd": 4,
        "spe": 0
      }
    },
    {
      "nature": "modest",
      "usage": "2.8",
      "evs": {
        "hp": 228,
        "atk": 0,
        "def": 84,
        "spa": 156,
        "spd": 20,
        "spe": 20
      }
    },
    {
      "nature": "quiet",
      "usage": "2.5",
      "evs": {
        "hp": 252,
        "atk": 0,
        "def": 4,
        "spa": 252,
        "spd": 0,
        "spe": 0
      }
    },
    {
      "nature": "bold",
      "usage": "1.8",
      "evs": {
        "hp": 252,
        "atk": 0,
        "def": 252,
        "spa": 0,
        "spd": 4,
        "spe": 0
      }
    },
    {
      "nature": "modest",
      "usage": "1.7",
      "evs": {
        "hp": 252,
        "atk": 0,
        "def": 52,
        "spa": 196,
        "spd": 4,
        "spe": 4
      }
    },
    {
      "nature": "bold",
      "usage": "1.6",
      "evs": {
        "hp": 252,
        "atk": 0,
        "def": 92,
        "spa": 4,
        "spd": 156,
        "spe": 4
      }
    }
  ],
  "teammates": {
    "3": 0.0034848004797154997,
    "6": 4.2830797253312625e-7,
    "25": 0,
    "26": 4.5127054892901697e-7,
    "35": 0.01306338104625071,
    "36": 0.00001471307987171988,
    "38": 0,
    "50": 1.5376588891058418e-14,
    "59": 0,
    "91": 0,
    "94": 0,
    "103": 0.08159271974979526,
    "110": 0,
    "112": 0.00012050315859168936,
    "113": 0.017537424192262008,
    "126": 6.050715484207103e-15,
    "130": 8.625148069096866e-7,
    "132": 0.02010913376512108,
    "134": 4.06807160180378e-9,
    "143": 0,
    "144": 0.004251510994567109,
    "145": 0.00008511971717650724,
    "146": 2.487454686672663e-13,
    "149": 0.023136484613969444,
    "150": 0.0002549878433711905,
    "160": 0,
    "171": 0.000045092690232451105,
    "184": 0,
    "186": 0,
    "189": 1.351696532481128e-12,
    "197": 0.000014713179966874268,
    "198": 0,
    "212": 0.0020281742565146366,
    "227": 0.00017605432988626601,
    "230": 0.0020081312825039332,
    "233": 0.0518539625627471,
    "235": 0.010116088521980982,
    "237": 0.00024151242949005391,
    "242": 0.00032250488949314704,
    "243": 8.382183835919932e-15,
    "245": 0,
    "248": 0.003221231560666893,
    "249": 0.11901783821599254,
    "250": 0.0046127936714819295,
    "257": 0.0005293754740401391,
    "260": 0.00008511971717650724,
    "282": 0,
    "286": 0,
    "289": 0,
    "302": 0.011736933967483654,
    "308": 0,
    "313": 0.0018109911961847192,
    "324": 0.015747751925692333,
    "350": 0.00001844428738995152,
    "356": 0.00006627259324248902,
    "373": 0.0005698735858951087,
    "376": 0,
    "378": 0,
    "380": 0.030108475949443603,
    "381": 0,
    "382": 0.10889121907230226,
    "383": 0.3852391233309969,
    "384": 0.25476709984227397,
    "389": 0.002928410858219599,
    "409": 0,
    "417": 1.5376588891058418e-14,
    "423": 0.0001205920201826638,
    "426": 3.9836822729455434e-10,
    "437": 0.08358724424282132,
    "445": 0.0008835627760556686,
    "446": 0.000026757386394460347,
    "447": 0.09932542375913556,
    "448": 0,
    "454": 0.015276689263181098,
    "460": 0.009996393196511522,
    "461": 2.3634141155248756e-7,
    "464": 3.2722206594337777e-7,
    "466": 5.0696669084970836e-12,
    "471": 0,