{
  "id": "663",
  "name": "Talonflame",
  "format_id": "showdown_gen9vgc2026regi-1760",
  "usage_metrics": {
    "raw": 3878,
    "base_weight": 7.054248123206827,
    "percent": 0.9446049368883087
  },
  "roles": [
    {
      "role": "role_sweeper_physical",
      "label": "Physical Sweeper",
      "category": "OFF"
    },
    {
      "role": "role_speed_control",
      "label": "Speed Control",
      "category": "SUP"
    }
  ],
  "items": {
    "electric-seed": 1.4681912931395171,
    "safety-goggles": 0.1593463835608015,
    "focus-sash": 0.49714035367447984,
    "covert-cloak": 1.1347798027831155,
    "eject-button": 0.0485136451770985,
    "mental-herb": 0.000930134997450649,
    "leftovers": 0.002884560658190427,
    "mirror-herb": 0.0000014946595737752588,
    "nothing": 0.8900081852696938,
    "shell-bell": 1.6064821695138676e-10,
    "sharp-beak": 1.5457763261453075,
    "life-orb": 0.022574993470322657,
    "clear-amulet": 0.002503166842829141,
    "sitrus-berry": 0.04916567301649294,
    "heavy-duty-boots": 0.0004293085139654984,
    "eject-pack": 0.009648031191763828,
    "charcoal": 2.570162138670895e-8,
    "weakness-policy": 0,
    "red-card": 0.0001214272119794968,
    "sky-plate": 0.0014813492287561458,
    "blunder-policy": 4.182014399223277e-7,
    "aguav-berry": 1.5622888482891284e-8,
    "rocky-helmet": 0.000017248003492509323,
    "choice-band": 1.2155354577326185,
    "cell-battery": 5.551115123125783e-16,
    "expert-belt": 0,
    "choice-specs": 0,
    "protective-pads": 0.004730920557444396,
    "heat-rock": 0,
    "choice-scarf": 0.000003152328449496089,
    "salac-berry": 0.0000025857731175138454,
    "wide-lens": 0,
    "loaded-dice": 0,
    "iron-ball": 0,
    "ability-shield": 0,
    "utility-umbrella": 0.000006461508324728804,
    "muscle-band": 0.00045570807544770275
  },
  "abilities": {
    "gale-wings": 6.725404334463327,
    "flame-body": 0.3288437887434995
  },
  "moves": {
    "acrobatics": 2.0777880001058935,
    "feint": 3.0829449868768264,
    "upper-hand": 2.624378189683835,
    "tailwind": 5.782515457493995,
    "will-o-wisp": 1.2956213909033214,
    "brave-bird": 4.068178903800545,
    "flare-blitz": 2.7619313482565353,
    "u-turn": 0.02843832659170903,
    "air-slash": 0.0228846009255943,
    "taunt": 0.6837832727258538,
    "protect": 1.5704243158597557,
    "temper-flare": 0.009088756412274024,
    "swords-dance": 0.000004328786997409573,
    "roost": 0.00542853328364673,
    "dual-wingbeat": 2.0671305945926113,
    "overheat": 0.00601937141410136,
    "substitute": 0,
    "heat-wave": 0.00943876863386367,
    "fire-blast": 0,
    "agility": 0.000017248003492509323,
    "flame-charge": 0.11241492995468483,
    "quick-guard": 1.4482509490122906,
    "flamethrower": 0.0001938193609634653,
    "feather-dance": 0.000021554954340696764,
    "hurricane": 0.44276615028000305,
    "defog": 0.00039884527174566253,
    "quick-attack": 0.000005531213812415281,
    "hyper-beam": 1.9335341661097516e-9,
    "sunny-day": 4.209349934725104e-7,
    "facade": 0,
    "fly": 0.00001976620218413494,
    "air-cutter": 0,
    "steel-wing": 0,
    "solar-beam": 0,
    "double-edge": 0,
    "rain-dance": 0.014587362427743333,
    "tera-blast": 7.727695733317219e-8,
    "bulk-up": 0.09751302511190646,
    "sleep-talk": 0.000045073350528779255,
    "aerial-ace": 0.00045675113835130787,
    "rest": 0.004301840052435391
  },
  "teras": {
    "ground": 1.6200663562982465,
    "ghost": 0.8992646759328029,
    "fire": 1.220282336754608,
    "flying": 2.834654536257852,
    "water": 0.22545227624762298,
    "dark": 0.0008842890276182791,
    "grass": 0.056391186677449745,
    "steel": 0.14128730906684994,
    "normal": 6.319067176185911e-7,
    "fighting": 0.0015617648267048367,
    "rock": 0.00013746374369982828,
    "bug": 5.551115123125783e-17,
    "fairy": 0.0019039911856843506,
    "poison": 0.03276777714780171,
    "ice": 0,
    "dragon": 0.000006406167762484927,
    "stellar": 0.01958712196541451
  },
  "spreads": [
    {
      "nature": "adamant",
      "usage": "34.9",
      "evs": {
        "hp": 0,
        "atk": 252,
        "def": 0,
        "spa": 0,
        "spd": 4,
        "spe": 252
      }
    },
    {
      "nature": "adamant",
      "usage": "16.7",
      "evs": {
        "hp": 156,
        "atk": 252,
        "def": 4,
        "spa": 0,
        "spd": 4,
        "spe": 92
      }
    },
    {
      "nature": "adamant",
      "usage": "15.5",
      "evs": {
        "hp": 4,
        "atk": 252,
        "def": 0,
        "spa": 0,
        "spd": 0,
        "spe": 252
      }
    },
    {
      "nature": "jolly",
      "usage": "9.6",
      "evs": {
        "hp": 0,
        "atk": 252,
        "def": 0,
        "spa": 0,
        "spd": 4,
        "spe": 252
      }
    },
    {
      "nature": "lonely",
      "usage": "6.4",
      "evs": {
        "hp": 0,
        "atk": 252,
        "def": 0,
        "spa": 0,
        "spd": 4,
        "spe": 252
      }
    },
    {
      "nature": "timid",
      "usage": "5.4",
      "evs": {
        "hp": 4,
        "atk": 0,
        "def": 0,
        "spa": 252,
        "spd": 0,
        "spe": 252
      }
    },
    {
      "nature": "jolly",
      "usage": "5.3",
      "evs": {
        "hp": 4,
        "atk": 252,
        "def": 0,
        "spa": 0,
        "spd": 0,
        "spe": 252
      }
    },
    {
      "nature": "jolly",
      "usage": "2.0",
      "evs": {
        "hp": 236,
        "atk": 36,
        "def": 4,
        "spa": 0,
        "spd": 204,
        "spe": 28
      }
    },
    {
      "nature": "jolly",
      "usage": "1.0",
      "evs": {
        "hp": 252,
        "atk": 4,
        "def": 0,
        "spa": 0,
        "spd": 0,
        "spe": 252
      }
    },
    {
      "nature": "jolly",
      "usage": "1.0",
      "evs": {
        "hp": 116,
        "atk": 252,
        "def": 0,
        "spa": 0,
        "spd": 0,
        "spe": 140
      }
    }
  ],
  "teammates": {
    "3": 0.004866141928600243,
    "6": 0.00002511348622602494,
    "9": 0.000013996684610384502,
    "25": 0.0006174478535579953,
    "26": 0.3120162113111185,
    "35": 0.07176369594390153,
    "36": 0.0007981484620250279,
    "38": 0,
    "48": 0,
    "51": 0.004755451639247454,
    "53": 1.5866508107365007e-10,
    "59": 2.936957121946193e-9,
    "69": 5.551115123125783e-17,
    "73": 2.3808035543027017e-8,
    "76": 3.137387405427461e-9,
    "80": 1.1628098484095517e-10,
    "91": 0.00009590826542166253,
    "94": 0.000008012692163938961,
    "101": 0.0008357542534950246,
    "103": 5.551115123125783e-17,
    "110": 0,
    "123": 3.5005331966431186e-13,
    "125": 0,
    "130": 0.00007252083782066654,
    "131": 2.3318644271075328e-7,
    "132": 0.00415669143292452,
    "135": 2.4529600017864084e-9,
    "143": 0.00044385866014412523,
    "144": 0,
    "145": 0,
    "146": 0,
    "149": 0.14143921373619378,
    "150": 0.0008689046166721615,
    "154": 0,
    "162": 0,
    "164": 0,
    "184": 0,
    "186": 0.0001488373221080197,
    "189": 0.000002747426203042469,
    "195": 0.000003707670426345011,
    "196": 2.8477220581635265e-14,
    "198": 1.335131142865542e-7,
    "210": 0,
    "212": 0.3747245212782489,
    "214": 0.000003841183540631565,
    "229": 0.0019103600059945935,
    "230": 0.0005773925348045439,
    "233": 3.939174375577892e-9,
    "235": 2.1970958929610083,
    "237": 0.00022550886489741684,
    "242": 0.03768898750853372,
    "243": 2.3808023219551444e-8,
    "244": 0.2312522569854341,
    "245": 0.00020101520822962682,
    "248": 0.00017047859941615728,
    "249": 0.00019424328432066096,
    "250": 0.00002322581613001251,
    "254": 0,
    "257": 0.000027449497969622705,
    "260": 3.0675462170393075e-13,
    "272": 0.0003482272030790323,
    "275": 0,
    "279": 0.44004506750823086,
    "282": 0.004346774860909619,
    "286": 0.00004108661112062206,
    "289": 0.000027142269337088187,
    "302": 0.7322125790260017,
    "308": 6.438793942464827e-12,