{
  "id": "105",
  "name": "Marowak",
  "format_id": "showdown_gen2ou-1500",
  "usage_metrics": {
    "raw": 1684,
    "base_weight": 1219.027604027404,
    "percent": 15.157515751575158
  },
  "items": {
    "thick-club": 1218.3111635503562,
    "leftovers": 0.7164404770478165
  },
  "abilities": {
    "no-ability": 1219.027604027404
  },
  "moves": {
    "earthquake": 1210.7670100855546,
    "swords-dance": 1115.6913389945075,
    "rock-slide": 1190.4856024973385,
    "fire-blast": 564.2450062651457,
    "hidden-power-bug": 435.6061985287158,
    "return": 5.106648660230609,
    "seismic-toss": 1.3042668635153771,
    "thunder-punch": 2.8488326879706323,
    "counter": 12.483150801846257,
    "bonemerang": 16.523467368728056,
    "dynamic-punch": 1.9985545097857558,
    "ancient-power": 1.1400761535231028,
    "blizzard": 3.133805585001132,
    "substitute": 9.418589828945525,
    "sleep-talk": 21.425993881554856,
    "rest": 87.76831234518242,
    "hidden-power-fighting": 8.363738149326153,
    "hidden-power-flying": 67.35152275752962,
    "body-slam": 10.775242148481965,
    "double-edge": 7.0747567514552365,
    "toxic": 2.667247004224209,
    "mega-kick": 1.2974544573163698,
    "hidden-power-steel": 1.2974544573163698,
    "curse": 0.9812652762411127,
    "protect": 59.45272951231391,
    "false-swipe": 3.9317900551132645,
    "perish-song": 1.620187041700226,
    "headbutt": 2.0803206229297033,
    "frustration": 0.000769166013792566,
    "hidden-power-ghost": 0.642868780902169,
    "hidden-power-rock": 7.030356340292093,
    "hidden-power-grass": 2.4523727512177977,
    "belly-drum": 2.4063068816060604,
    "": 0.8549411971892413,
    "hidden-power-dark": 2.609368514132342,
    "icy-wind": 7.856014808078294,
    "hyper-beam": 0.002336473574638731,
    "flamethrower": 2.134552328548107,
    "sandstorm": 0.00000308007524818521,
    "hidden-power-ice": 1.0151318969860093,
    "bone-rush": 1.6399812482447607,
    "ice-beam": 0.6248493512587515
  },
  "teras": {
    "nothing": 1219.027604027404
  },
  "spreads": [
    {
      "nature": "Serious",
      "usage": "56.8",
      "evs": {
        "hp": 252,
        "atk": 252,
        "def": 252,
        "spa": 252,
        "spd": 252,
        "spe": 252
      }
    },
    {
      "nature": "Serious",
      "usage": "42.2",
      "evs": {
        "hp": 252,
        "atk": 240,
        "def": 252,
        "spa": 252,
        "spd": 252,
        "spe": 252
      }
    },
    {
      "nature": "Serious",
      "usage": "0.5",
      "evs": {
        "hp": 252,
        "atk": 216,
        "def": 252,
        "spa": 252,
        "spd": 252,
        "spe": 252
      }
    },
    {
      "nature": "Serious",
      "usage": "0.2",
      "evs": {
        "hp": 252,
        "atk": 252,
        "def": 252,
        "spa": 12,
        "spd": 12,
        "spe": 252
      }
    },
    {
      "nature": "Serious",
      "usage": "0.1",
      "evs": {
        "hp": 252,
        "atk": 248,
        "def": 252,
        "spa": 252,
        "spd": 252,
        "spe": 252
      }
    },
    {
      "nature": "Serious",
      "usage": "0.1",
      "evs": {
        "hp": 252,
        "atk": 252,
        "def": 0,
        "spa": 252,
        "spd": 252,
        "spe": 252
      }
    },
    {
      "nature": "Serious",
      "usage": "0.1",
      "evs": {
        "hp": 252,
        "atk": 252,
        "def": 252,
        "spa": 0,
        "spd": 0,
        "spe": 252
      }
    },
    {
      "nature": "Serious",
      "usage": "0.0",
      "evs": {
        "hp": 252,
        "atk": 232,
        "def": 252,
        "spa": 252,
        "spd": 252,
        "spe": 252
      }
    }
  ],
  "teammates": {
    "3": 3.888616558866368,
    "6": 7.385964948731986,
    "9": 22.803879360643236,
    "12": 0.9428418355039111,
    "19": 0.32682875434163494,
    "25": 1.383659733857383,
    "26": 1.616900963947814,
    "31": 0.5548010242049003,
    "34": 251.24659195883208,
    "36": 34.31068743001433,
    "38": 0.19003154725738147,
    "47": 0.7173818539048269,
    "55": 1.0899511042501266,
    "57": 10.973718960491556,
    "59": 1.3815778106883498,
    "62": 0.984132110805431,
    "65": 11.487181138242972,
    "68": 437.81136384270366,
    "71": 2.9632375756725873,
    "73": 6.501278336253531,
    "76": 16.678129154509218,
    "78": 0.5548010242049003,
    "80": 1.506579360241665,
    "89": 9.912009613303928,
    "91": 193.85286243517535,
    "92": 0.21559753611933713,
    "93": 0.21559753611933713,
    "94": 114.97255239629618,
    "97": 0.0027382708826111934,
    "101": 0.836254390082477,
    "103": 133.73749593225534,
    "106": 1.2721089520592885,
    "107": 0.6079925863718418,
    "112": 4.62900453664496,
    "115": 1.9461232350260529,
    "121": 470.3898068032076,
    "122": 80.79714805088639,
    "123": 0.015543682444914775,
    "124": 4.315548911729164,
    "125": 100.90068880501458,
    "126": 0.30984181964780516,
    "127": 3.142177930834797,
    "128": 1.6238985643710029,
    "130": 0.3718771984604321,
    "131": 0.17536823541700214,
    "134": 67.23481828785441,
    "135": 381.2931998598962,
    "136": 22.97658232147316,
    "142": 0.5369581761876714,
    "143": 1001.8230736668802,
    "144": 0.642868780902169,
    "145": 289.17366336329127,
    "146": 2.005136535614423,
    "149": 3.3540505456586187,
    "154": 5.781985958040111,
    "157": 100.79592062803866,
    "160": 0.5548010242049003,
    "168": 6.578200074604888,
    "169": 0.8664571885407472,
    "171": 0.0011811784643861456,
    "176": 0.9139918434104519,
    "181": 0.6406734478187972,
    "189": 13.203945963079224,
    "195": 40.42699910721117,
    "196": 14.710239966505144,
    "197": 24.298368228081998,
    "200": 55.992508009665976,
    "203": 0.21192201124726479,
    "204": 0.3183657951221378,
    "205": 128.73507725936116,
    "208": 135.14450629252434,
    "211": 0.000396519436410836,
    "212": 141.46098883387856,
    "214": 229.8309972889848,
    "217": 6.0312752651668085,
    "221": 0.5548010242049003,
    "222": 0.0000016261133131134642,
    "225": 0.313568819944819,
    "226": 43.25922875442877,
    "227": 92.80114549953234,
    "229": 51.17552860916961,
    "230": 3.1964177572570858,
    "233": 20.90122735165882,
    "235": 329.07759465594575,
    "241": 319.93579951498685,
    "242": 53.21704731721663,
    "243": 98.85096147251078,
    "245": 8.79771738365779,
    "248": 190.38307409463388
  }
}