{
  "id": "229",
  "name": "Houndoom",
  "format_id": "showdown_gen2ou-1500",
  "usage_metrics": {
    "raw": 319,
    "base_weight": 168.81650656857477,
    "percent": 2.8712871287128716
  },
  "items": {
    "leftovers": 99.67781137039007,
    "charcoal": 2.3034329872618287,
    "nothing": 52.12955662432683,
    "miracle-berry": 12.530906199486818,
    "black-glasses": 2.174799387109306
  },
  "abilities": {
    "no-ability": 168.81650656857477
  },
  "moves": {
    "fire-blast": 142.6421451708966,
    "crunch": 78.06756142041473,
    "counter": 3.446072637617415,
    "pursuit": 155.46346533579595,
    "flamethrower": 27.351662204672383,
    "roar": 40.16442626950059,
    "rest": 6.7603178127233345,
    "sunny-day": 54.20951632891052,
    "sleep-talk": 58.56485993577229,
    "thief": 58.96260655629757,
    "solar-beam": 35.398505197886735,
    "hidden-power-grass": 1.8142901673689815,
    "protect": 2.433398028929956,
    "curse": 0.8381616551600538,
    "sludge-bomb": 0.5452188295465132,
    "hidden-power-electric": 1.3979440734871078,
    "toxic": 3.744357583952061,
    "hidden-power-psychic": 0.17278401151248213,
    "shadow-ball": 0.3757347121692566,
    "hidden-power-fighting": 0.31590622832811577,
    "return": 0.6498766945730869,
    "fire-spin": 0.46406584902888637,
    "hidden-power-ice": 1.4831495697549801
  },
  "teras": {
    "nothing": 168.81650656857477
  },
  "spreads": [
    {
      "nature": "Serious",
      "usage": "90.8",
      "evs": {
        "hp": 252,
        "atk": 252,
        "def": 252,
        "spa": 252,
        "spd": 252,
        "spe": 252
      }
    },
    {
      "nature": "Serious",
      "usage": "5.3",
      "evs": {
        "hp": 252,
        "atk": 0,
        "def": 252,
        "spa": 252,
        "spd": 252,
        "spe": 252
      }
    },
    {
      "nature": "Serious",
      "usage": "3.9",
      "evs": {
        "hp": 251,
        "atk": 251,
        "def": 251,
        "spa": 251,
        "spd": 251,
        "spe": 251
      }
    }
  ],
  "teammates": {
    "3": 2.9194949961518932,
    "6": 0.9993736322752536,
    "20": 0.24487596409445883,
    "25": 0.004695068481828657,
    "26": 0.3489135672896058,
    "34": 3.771036698741956,
    "36": 0.3595764132253164,
    "45": 0.4939595489828611,
    "57": 0.42605089180834016,
    "62": 1.5823260220424404,
    "65": 2.1566465365150833,
    "68": 17.179824091054407,
    "76": 7.847641575909719,
    "87": 0.1600815021803768,
    "89": 0.42605089180834016,
    "91": 115.76005142267765,
    "94": 10.917936364297535,
    "103": 6.248535438260346,
    "105": 51.17552860916961,
    "106": 1.4292017651502822,
    "112": 25.13402155771523,
    "114": 0.0004953200782316647,
    "121": 18.164918566764662,
    "124": 1.2154739642181511,
    "125": 0.31590622832811577,
    "128": 1.4292017651502822,
    "130": 0.7445020838922061,
    "131": 0.42605089180834016,
    "132": 0.24487596409445883,
    "134": 2.9976182417727832,
    "135": 52.4598244334942,
    "136": 0.47283591438872824,
    "142": 1.518430286028179,
    "143": 117.3361410622515,
    "144": 0.31590622832811577,
    "145": 95.97552503075514,
    "146": 24.467953478945248,
    "149": 1.2056142430098595,
    "153": 0.004695068481828657,
    "154": 29.010754378632125,
    "157": 3.402561758470573,
    "160": 2.6993505586024784,
    "166": 0.004695068481828657,
    "168": 2.5322499766643114,
    "169": 1.2643743848051114,
    "171": 0.7921151520059486,
    "178": 1.2884156068937784,
    "181": 1.9635264698135735,
    "195": 0.00031072598102999116,
    "196": 26.587225976684525,
    "197": 0.7187420175800965,
    "198": 0.7162191630272079,
    "200": 6.614543813527101,
    "203": 0.8628663796850828,
    "205": 17.722003038943267,
    "208": 7.171473834119931,
    "211": 4.550003174167854,
    "212": 1.9292716431191848,
    "214": 20.46752359542954,
    "215": 0.22225961404434674,
    "217": 2.736452579675328,
    "219": 0.31275441220835143,
    "221": 0.023017781063913223,
    "224": 0.3718771984604321,
    "227": 3.0668140287108057,
    "230": 2.7623101476008807,
    "232": 8.201704931655081,
    "235": 11.50845518592596,
    "241": 21.47313149042489,
    "242": 10.009874191122321,
    "243": 19.40968440103254,
    "244": 1.1836959603056454,
    "245": 1.9533947778540894,
    "248": 19.640915109364048
  }
}