{
  "id": "423",
  "name": "Gastrodon",
  "format_id": "showdown_gen9doublesubers-1500",
  "usage_metrics": {
    "raw": 3589,
    "base_weight": 1240.6326173837351,
    "percent": 1.7388734386961116
  },
  "roles": [
    {
      "role": "role_sweeper_special",
      "label": "Special Sweeper",
      "category": "OFF"
    },
    {
      "role": "role_staller",
      "label": "Staller",
      "category": "DEF"
    }
  ],
  "items": {
    "leftovers": 596.2376459557622,
    "sitrus-berry": 106.39347821255,
    "expert-belt": 30.417999630596622,
    "choice-scarf": 85.24847020552303,
    "assault-vest": 72.23470129895252,
    "covert-cloak": 28.14577300359022,
    "rocky-helmet": 106.62740777350605,
    "clear-amulet": 7.372226037807389,
    "mystic-water": 7.072660322730194,
    "quick-claw": 25.32230153346608,
    "charcoal": 0.3923589193772434,
    "nothing": 22.21967383891078,
    "safety-goggles": 2.474875886530278,
    "focus-sash": 10.12707473065569,
    "life-orb": 8.795349386151369,
    "choice-specs": 1.2565987961009708,
    "rindo-berry": 42.55761508826653,
    "absorb-bulb": 2.3765244415727795,
    "weakness-policy": 2.3541967380310065,
    "heavy-duty-boots": 11.34007384706865,
    "wise-glasses": 2.8950274488792616e-7,
    "bright-powder": 0.00033810994217753354,
    "miracle-seed": 0.16190268857882412,
    "ability-shield": 14.844170754555076,
    "earth-plate": 0.3392361166473688,
    "zoom-lens": 1.471783753662175,
    "mental-herb": 0.7929404221986651,
    "kee-berry": 0.5950186347054378,
    "aguav-berry": 10.492289496744043,
    "black-sludge": 33.5260090951985,
    "air-balloon": 1.6286611832094648,
    "damp-rock": 0.5755270738988074,
    "red-card": 3.9059202155799344,
    "figy-berry": 0.6085370335145112,
    "wide-lens": 0.7241748650877569,
    "kings-rock": 0.3718771984604321,
    "blunder-policy": 1.6272248051003553
  },
  "abilities": {
    "storm-drain": 1211.161461813705,
    "sticky-hold": 24.995468610826393,
    "sand-force": 4.4756869592035065
  },
  "moves": {
    "earth-power": 924.1247712735241,
    "liquidation": 3.095467739309263,
    "recover": 555.6805101118148,
    "clear-smog": 230.34068334108346,
    "chilling-water": 77.02163704123863,
    "protect": 518.5431521581146,
    "icy-wind": 145.90218596623538,
    "yawn": 252.32053832971266,
    "helping-hand": 102.20488477945689,
    "stealth-rock": 46.03003561831715,
    "muddy-water": 474.4586775568253,
    "blizzard": 132.10075796736774,
    "sludge-bomb": 150.74126980265603,
    "ice-beam": 438.94055829966385,
    "hydro-pump": 71.96223765628046,
    "surf": 153.08535259818592,
    "memento": 21.611669340373766,
    "spikes": 7.787605312974432,
    "acid-armor": 124.1930156957034,
    "weather-ball": 33.229060336094626,
    "waterfall": 7.2682396411747,
    "water-pulse": 1.562819598417623,
    "sleep-talk": 1.1276952246997358,
    "ancient-power": 90.95225046631478,
    "rest": 3.2162167855562585,
    "rock-slide": 5.428542929892187,
    "tera-blast": 31.15775461695685,
    "skitter-smack": 0.7642469355593176,
    "substitute": 22.11608258758324,
    "sludge-wave": 98.78864956682024,
    "mirror-coat": 6.073022202517022,
    "counter": 6.735242111782885,
    "mud-slap": 6.492378094286508,
    "amnesia": 92.42071997164437,
    "stone-edge": 0.28062100013412783,
    "earthquake": 30.99689883533712,
    "pain-split": 51.0526943362715,
    "snowscape": 0.3718771984604321,
    "stockpile": 1.094847982440609,
    "body-slam": 0.4086399025157107,
    "facade": 3.022430774697243,
    "whirlpool": 19.906657732456477,
    "": 1.0562450891288204,
    "curse": 0.3307367079450528,
    "rain-dance": 8.001492377290168,
    "mist": 0.0004751872548873215,
    "stomping-tantrum": 0.00001082328420565215,
    "sandstorm": 1.4565761590270023,
    "bulldoze": 0.001395944967478635,
    "dig": 6.9306998197506715,
    "mud-shot": 0.140238005845033
  },
  "teras": {
    "water": 381.7087609197953,
    "normal": 60.46501095532132,
    "fire": 322.1874971187731,
    "grass": 52.169563754601235,
    "ice": 12.396804503152994,
    "poison": 185.63591245222287,
    "dragon": 1.3467159232035444,
    "ground": 39.215121025196765,
    "fairy": 18.2223517091832,
    "stellar": 0.011957636043182618,
    "bug": 60.12199922368056,
    "steel": 49.2179114696635,
    "flying": 1.9262922498941408,
    "rock": 36.53579144081424,
    "electric": 5.6016923394153695,
    "dark": 4.4549394867843315,
    "ghost": 9.414295175990507
  },
  "spreads": [
    {
      "nature": "modest",
      "usage": "10.1",
      "evs": {
        "hp": 252,
        "atk": 0,
        "def": 0,
        "spa": 252,
        "spd": 4,
        "spe": 0
      }
    },
    {
      "nature": "timid",
      "usage": "6.9",
      "evs": {
        "hp": 0,
        "atk": 0,
        "def": 0,
        "spa": 252,
        "spd": 4,
        "spe": 252
      }
    },
    {
      "nature": "calm",
      "usage": "5.7",
      "evs": {
        "hp": 252,
        "atk": 0,
        "def": 0,
        "spa": 4,
        "spd": 252,
        "spe": 0
      }
    },
    {
      "nature": "sassy",
      "usage": "4.6",
      "evs": {
        "hp": 252,
        "atk": 0,
        "def": 252,
        "spa": 0,
        "spd": 4,
        "spe": 0
      }
    },
    {
      "nature": "quiet",
      "usage": "3.3",
      "evs": {
        "hp": 252,
        "atk": 0,
        "def": 0,
        "spa": 252,
        "spd": 4,
        "spe": 0
      }
    },
    {
      "nature": "bold",
      "usage": "3.3",
      "evs": {
        "hp": 252,
        "atk": 0,
        "def": 252,
        "spa": 0,
        "spd": 4,
        "spe": 0
      }
    },
    {
      "nature": "sassy",
      "usage": "2.9",
      "evs": {
        "hp": 252,
        "atk": 0,
        "def": 0,
        "spa": 4,
        "spd": 252,
        "spe": 0
      }
    },
    {
      "nature": "sassy",
      "usage": "2.6",
      "evs": {
        "hp": 252,
        "atk": 0,
        "def": 4,
        "spa": 0,
        "spd": 252,
        "spe": 0
      }
    },
    {
      "nature": "sassy",
      "usage": "2.5",
      "evs": {
        "hp": 0,
        "atk": 0,
        "def": 128,
        "spa": 240,
        "spd": 140,
        "spe": 0
      }
    },
    {
      "nature": "modest",
      "usage": "2.4",
      "evs": {
        "hp": 0,
        "atk": 0,
        "def": 122,
        "spa": 252,
        "spd": 134,
        "spe": 0
      }
    }
  ],
  "teammates": {
    "3": 33.88019200311206,
    "6": 27.275505162616174,
    "9": 4.581344254802891,
    "25": 0.6015572732339914,
    "26": 93.05618184057599,
    "35": 10.538165450950348,
    "36": 9.390539511009415,
    "38": 1.2205618892883843,
    "45": 2.6938508073679537,
    "51": 0.00006055503422480735,
    "55": 0.011519190373524835,
    "59": 6.674133861089816,
    "80": 1.0544463676685174,
    "91": 5.2148638463087185,
    "94": 2.9779634190643844,
    "112": 6.861587564571471,
    "113": 1.102909470681893,
    "123": 0.04354359640263816,
    "125": 0.3666725321661974,
    "126": 5.883622932000659,
    "130": 8.802210892174118,
    "131": 6.2179871688980475,
    "132": 3.8251633327525294,
    "134": 2.369096327690263,
    "135": 0.27323002819299164,
    "136": 5.050242807280725e-8,
    "143": 2.290257880016957,
    "144": 2.7406852703687488,
    "145": 19.63863383159602,
    "149": 22.057451512062872,
    "150": 0.923003959491947,
    "151": 18.64607563904115,
    "157": 3.279617370625707,
    "160": 0.08759774686464433,
    "162": 0.6993863574452541,
    "171": 4.0825259054596135,
    "184": 6.017725272523339,
    "186": 2.7743846935543193,
    "189": 12.636141552732768,
    "195": 3.0439313185909445,
    "196": 1.102157181164216,
    "197": 26.707975407937834,
    "198": 11.186214130061394,
    "205": 1.225369776694706,
    "212": 18.352329396089626,
    "214": 1.1706043298353068,
    "227": 1.8717026805681414,
    "230": 9.099881506928593,
    "232": 1.8717026805681414,
    "233": 49.20118531720528,
    "234": 10.798965113670503,