{
  "id": "876",
  "name": "Indeedee Male",
  "format_id": "showdown_gen9doublesubers-1500",
  "usage_metrics": {
    "raw": 3148,
    "base_weight": 1575.8030360365306,
    "percent": 1.5252085776024962
  },
  "roles": [
    {
      "role": "role_sweeper_special",
      "label": "Special Sweeper",
      "category": "OFF"
    },
    {
      "role": "role_terrain",
      "label": "Terrain Setter",
      "category": "SUP"
    }
  ],
  "items": {
    "heavy-duty-boots": 10.957665353798651,
    "terrain-extender": 183.21501144270442,
    "leftovers": 245.61656544643262,
    "focus-sash": 355.6889936752628,
    "psychic-seed": 146.03281312749678,
    "assault-vest": 10.826476425520418,
    "light-clay": 0.3420315637329664,
    "covert-cloak": 15.475364690574184,
    "choice-scarf": 269.9790298698707,
    "sitrus-berry": 43.76208794834628,
    "rocky-helmet": 24.867842005033488,
    "room-service": 1.2969364254152946,
    "life-orb": 68.9155731305987,
    "safety-goggles": 38.342959370661205,
    "mind-plate": 5.704006310786063,
    "eject-button": 1.4032597079125317,
    "red-card": 8.872200321571151,
    "eviolite": 0.31754228791197203,
    "smooth-rock": 0.4738419262710681,
    "choice-specs": 90.06071722639446,
    "colbur-berry": 0.43847948649211654,
    "clear-amulet": 31.946495496655096,
    "mirror-herb": 1.907596817257715,
    "twisted-spoon": 1.2660674678242054,
    "choice-band": 0.009239090137938777,
    "mental-herb": 6.1870636379625585,
    "misty-seed": 0.6897404038614191,
    "nothing": 1.816088301480468,
    "throat-spray": 0.0008085474236266821,
    "aguav-berry": 1.1081977278354689,
    "flame-orb": 1.8787949304808451,
    "air-balloon": 0.7917705871905352,
    "lagging-tail": 0.29362757168928355,
    "silk-scarf": 2.379742679155658,
    "eject-pack": 2.908766295382621,
    "wise-glasses": 0.00005157882046125106,
    "ability-shield": 0.029587160585872574
  },
  "abilities": {
    "psychic-surge": 1535.8283894672225,
    "synchronize": 6.991921946592933,
    "inner-focus": 32.98272462271513
  },
  "moves": {
    "expanding-force": 1430.8084460410385,
    "helping-hand": 420.3357931142875,
    "dazzling-gleam": 797.942095574707,
    "trick-room": 704.5168440351953,
    "shadow-ball": 367.81085061765907,
    "after-you": 93.32413982359267,
    "psychic-noise": 12.464855809220442,
    "draining-kiss": 87.8650537745844,
    "fake-out": 203.38648369926474,
    "encore": 198.46062629855342,
    "protect": 575.5919553258858,
    "imprison": 92.36455655934182,
    "gravity": 100.02173681707983,
    "facade": 1.4923758251317356,
    "healing-wish": 82.30507739556253,
    "psych-up": 104.15903391589185,
    "hyper-voice": 261.72121554290464,
    "psychic": 97.19040625928523,
    "trick": 149.56083184615787,
    "stored-power": 20.32503422042692,
    "calm-mind": 49.271316033165824,
    "psychic-terrain": 75.1926070867331,
    "tera-blast": 89.87258818416095,
    "extrasensory": 14.888304989195337,
    "energy-ball": 147.7657384722149,
    "play-rough": 1.1597777854394495,
    "psybeam": 1.1364190175458218,
    "drain-punch": 15.998877733784173,
    "": 10.842418558071119,
    "substitute": 2.084834912201723,
    "rest": 1.1320017837040854,
    "sleep-talk": 2.0222893315590174,
    "psyshock": 7.8972345333378176,
    "skill-swap": 61.550301752336495,
    "last-resort": 3.840243817506504,
    "swift": 0.5330236444209433,
    "zen-headbutt": 13.205001567099172,
    "play-nice": 0.6615869883006598,
    "metronome": 1.0841586541887223,
    "body-slam": 1.2961547941317968,
    "endure": 0.1298520112559126
  },
  "teras": {
    "psychic": 981.9645998192059,
    "fairy": 370.18706353408135,
    "bug": 39.11787308210036,
    "ghost": 15.038812398930036,
    "dark": 95.5449244156625,
    "fire": 5.775495870816485,
    "dragon": 1.0222749774875748,
    "water": 14.226876686897969,
    "fighting": 16.7374470944958,
    "ground": 13.67642925573162,
    "grass": 2.0794149137577116,
    "steel": 1.8845704325633945,
    "normal": 15.98039730821014,
    "electric": 0.025524988510595592,
    "flying": 1.9032545584793055,
    "poison": 0.14116018076282255,
    "stellar": 0.4969165188358382
  },
  "spreads": [
    {
      "nature": "modest",
      "usage": "12.0",
      "evs": {
        "hp": 4,
        "atk": 0,
        "def": 0,
        "spa": 252,
        "spd": 0,
        "spe": 252
      }
    },
    {
      "nature": "timid",
      "usage": "10.5",
      "evs": {
        "hp": 4,
        "atk": 0,
        "def": 0,
        "spa": 252,
        "spd": 0,
        "spe": 252
      }
    },
    {
      "nature": "timid",
      "usage": "10.5",
      "evs": {
        "hp": 0,
        "atk": 0,
        "def": 0,
        "spa": 252,
        "spd": 4,
        "spe": 252
      }
    },
    {
      "nature": "sassy",
      "usage": "8.4",
      "evs": {
        "hp": 252,
        "atk": 0,
        "def": 0,
        "spa": 4,
        "spd": 252,
        "spe": 0
      }
    },
    {
      "nature": "quiet",
      "usage": "6.1",
      "evs": {
        "hp": 252,
        "atk": 4,
        "def": 0,
        "spa": 252,
        "spd": 0,
        "spe": 0
      }
    },
    {
      "nature": "quiet",
      "usage": "3.9",
      "evs": {
        "hp": 252,
        "atk": 0,
        "def": 0,
        "spa": 252,
        "spd": 4,
        "spe": 0
      }
    },
    {
      "nature": "modest",
      "usage": "2.9",
      "evs": {
        "hp": 252,
        "atk": 0,
        "def": 4,
        "spa": 252,
        "spd": 0,
        "spe": 0
      }
    },
    {
      "nature": "timid",
      "usage": "2.8",
      "evs": {
        "hp": 0,
        "atk": 0,
        "def": 0,
        "spa": 252,
        "spd": 0,
        "spe": 252
      }
    },
    {
      "nature": "hasty",
      "usage": "2.4",
      "evs": {
        "hp": 0,
        "atk": 4,
        "def": 0,
        "spa": 252,
        "spd": 0,
        "spe": 252
      }
    },
    {
      "nature": "timid",
      "usage": "1.9",
      "evs": {
        "hp": 164,
        "atk": 0,
        "def": 0,
        "spa": 92,
        "spd": 0,
        "spe": 252
      }
    }
  ],
  "teammates": {
    "3": 0.05220821629868899,
    "6": 1.9221002988794524,
    "26": 0.848129537239694,
    "28": 0.0974808196701869,
    "35": 44.83571844694747,
    "36": 23.78691671334747,
    "38": 1.1392195105617602,
    "39": 4.472713361753079,
    "51": 0.8239168402247414,
    "55": 0.3308327580733783,
    "59": 0.000015973763853927014,
    "80": 64.72601376857365,
    "91": 5.433299754707108,
    "94": 1.5678965574343864,
    "97": 0.4399705630278143,
    "103": 0.0799172632374956,
    "110": 0.43352322635352397,
    "112": 1.8852880891105737,
    "126": 0.002103373385526519,
    "130": 1.9622483076767352,
    "132": 14.591442241690107,
    "134": 10.365844441727248,
    "135": 2.697780372635378,
    "143": 4.400199696614092,
    "144": 1.5333476631526999,
    "149": 21.85505475313823,
    "150": 3.095896787133994,
    "151": 0.8278315538418678,
    "160": 0.3090206702806254,
    "161": 1.2331012159848476,
    "162": 2.2399584516596875,
    "168": 10.140555524962927,
    "181": 2.8050132084713613,
    "182": 2.997862277952338,
    "184": 1.6142955479406866,
    "185": 0.09251952419142367,
    "186": 0.07985091111818604,
    "189": 7.68122846300287,
    "195": 1.107855682348444,
    "196": 4.0211067289198175,
    "197": 3.1779583429128104,
    "198": 5.259939685607465,
    "200": 1.972980921173387,
    "212": 3.0834363454446327,
    "227": 8.323305865134843,
    "229": 0.0009031110585894231,
    "230": 13.154817950482721,
    "233": 28.873223409512217,
    "235": 98.02934545978295,
    "236": 1.041489575505029,
    "237": 1.0990317153583573,
    "242": 2.5926626543079005,
    "244": 0.0883685616632729,
    "248": 57.880090036435725,
    "249": 13.27258061888012,
    "250": 42.482931131244044,
    "254": 3.2998751554826726,
    "257": 13.369386656871642,
    "260": 4.758274735115362,
    "279": 10.495901904409061,
    "280": 0.24814908155174314,