{
  "id": "977",
  "name": "Dondozo",
  "format_id": "showdown_gen9doublesubers-1500",
  "usage_metrics": {
    "raw": 13909,
    "base_weight": 5404.26571413029,
    "percent": 6.738921888777992
  },
  "items": {
    "lum-berry": 50.585373522878264,
    "leftovers": 3033.969699491176,
    "assault-vest": 466.87163841716983,
    "shell-bell": 13.334729247208422,
    "heavy-duty-boots": 30.217844002763968,
    "clear-amulet": 465.4777047996939,
    "sitrus-berry": 103.45774922393353,
    "toxic-orb": 1.845254449277738,
    "life-orb": 52.94720905938751,
    "chesto-berry": 181.25685460669962,
    "covert-cloak": 53.8157667886061,
    "choice-band": 384.69050727431596,
    "iapapa-berry": 9.761474947272054,
    "rocky-helmet": 132.07813492672508,
    "safety-goggles": 103.89153065107648,
    "choice-scarf": 10.408630266244028,
    "mystic-water": 3.640206476622186,
    "choice-specs": 3.914990445043193,
    "weakness-policy": 118.29143373286308,
    "dragon-fang": 21.898603394649548,
    "white-herb": 19.569062576215334,
    "expert-belt": 2.1692571026335163,
    "wide-lens": 1.010918231127004,
    "quick-claw": 1.5167159276080866,
    "pecha-berry": 0.31672677739395205,
    "flame-orb": 3.1895877068767087,
    "bright-powder": 1.39748865523398,
    "muscle-band": 11.879626075708515,
    "metronome": 14.92314020060871,
    "blunder-policy": 0.1937687174056758,
    "damp-rock": 0.3591917064153914,
    "focus-sash": 20.328026469611608,
    "splash-plate": 3.155419131390404,
    "ability-shield": 0.789140895587207,
    "figy-berry": 8.956437352575009,
    "mental-herb": 0.2809397901621566,
    "starf-berry": 0.925221295544728,
    "nothing": 15.309847110902835,
    "mirror-herb": 4.937815599941416,
    "room-service": 0.18923074400850565,
    "air-balloon": 0.7089104207462484,
    "red-card": 36.01177438442254,
    "rindo-berry": 7.640409685320562,
    "power-herb": 0.1128857275162633,
    "salac-berry": 4.05749648248394,
    "leppa-berry": 0.3049490471786806,
    "eject-pack": 0.38016638503797306,
    "enigma-berry": 0.20881957090878184,
    "draco-plate": 0.6148953501733962,
    "shed-shell": 9.124306083463374e-7,
    "eject-button": 2.998718070523765e-7,
    "kee-berry": 0.47222060928093046,
    "icicle-plate": 0.00028746435264509484
  },
  "abilities": {
    "unaware": 4643.902604724335,
    "oblivious": 665.8395899653873,
    "water-veil": 94.52351944056731
  },
  "moves": {
    "earthquake": 3323.6859352926667,
    "liquidation": 1479.7241949749491,
    "order-up": 4293.084256577799,
    "rest": 1089.1489343905685,
    "wave-crash": 2659.2895347778804,
    "heavy-slam": 340.0027169343983,
    "protect": 2964.8157373495087,
    "yawn": 262.9084227044001,
    "zen-headbutt": 97.2941506554741,
    "avalanche": 219.61493327667466,
    "rock-slide": 442.6697162396445,
    "substitute": 479.909730580504,
    "sleep-talk": 529.3919693742548,
    "waterfall": 456.53411216069696,
    "curse": 375.03528874808046,
    "tera-blast": 138.3895625983291,
    "aqua-tail": 294.5467562420945,
    "surf": 106.26000529385271,
    "body-press": 1054.2150854319484,
    "body-slam": 106.83824224697575,
    "ice-fang": 190.10921687907472,
    "double-edge": 12.369467818220402,
    "dive": 156.87234794128167,
    "hydro-pump": 61.61397865469438,
    "chilling-water": 19.27069992803319,
    "outrage": 103.39365829062152,
    "crunch": 177.25581374705055,
    "endure": 0.4290953478072539,
    "bulldoze": 23.48885209734002,
    "soak": 11.521111606162483,
    "stomping-tantrum": 37.02689967409663,
    "noble-roar": 36.771503100164885,
    "": 15.930292000787974,
    "facade": 35.00526430079555,
    "rain-dance": 15.558157037384214,
    "thrash": 3.1256500720270113,
    "water-pulse": 2.2153890788060413,
    "scary-face": 0.0032121474130838434,
    "giga-impact": 0.37360922865344526,
    "hyper-beam": 0.31781045821914455,
    "water-gun": 0.000003689657213090669,
    "take-down": 1.0515375721568332
  },
  "teras": {
    "grass": 1652.2576569915198,
    "steel": 351.49470602226296,
    "dragon": 822.8030499645761,
    "ground": 1164.1421691344678,
    "water": 1185.7443992693647,
    "fairy": 31.514491234594715,
    "rock": 18.712852074258006,
    "fire": 22.30194094394646,
    "ghost": 7.175997588898968,
    "fighting": 33.28314892242693,
    "electric": 28.779840313120364,
    "flying": 2.2384288100693097,
    "normal": 30.634248219055614,
    "stellar": 8.09580220153118,
    "ice": 4.786750465281891,
    "poison": 13.772488880911133,
    "bug": 18.303585182251,
    "dark": 7.732677817687117,
    "psychic": 0.49148009407357557
  },
  "spreads": [
    {
      "nature": "Adamant",
      "usage": "11.1",
      "evs": {
        "hp": 252,
        "atk": 252,
        "def": 0,
        "spa": 0,
        "spd": 4,
        "spe": 0
      }
    },
    {
      "nature": "Adamant",
      "usage": "7.4",
      "evs": {
        "hp": 248,
        "atk": 252,
        "def": 0,
        "spa": 0,
        "spd": 8,
        "spe": 0
      }
    },
    {
      "nature": "Adamant",
      "usage": "5.5",
      "evs": {
        "hp": 4,
        "atk": 244,
        "def": 4,
        "spa": 0,
        "spd": 252,
        "spe": 4
      }
    },
    {
      "nature": "Impish",
      "usage": "2.9",
      "evs": {
        "hp": 252,
        "atk": 4,
        "def": 252,
        "spa": 0,
        "spd": 0,
        "spe": 0
      }
    },
    {
      "nature": "Careful",
      "usage": "2.5",
      "evs": {
        "hp": 252,
        "atk": 4,
        "def": 0,
        "spa": 0,
        "spd": 252,
        "spe": 0
      }
    },
    {
      "nature": "Careful",
      "usage": "2.3",
      "evs": {
        "hp": 252,
        "atk": 0,
        "def": 0,
        "spa": 0,
        "spd": 252,
        "spe": 4
      }
    },
    {
      "nature": "Careful",
      "usage": "2.1",
      "evs": {
        "hp": 252,
        "atk": 0,
        "def": 4,
        "spa": 0,
        "spd": 252,
        "spe": 0
      }
    },
    {
      "nature": "Jolly",
      "usage": "2.0",
      "evs": {
        "hp": 4,
        "atk": 252,
        "def": 0,
        "spa": 0,
        "spd": 0,
        "spe": 252
      }
    },
    {
      "nature": "Impish",
      "usage": "1.9",
      "evs": {
        "hp": 200,
        "atk": 216,
        "def": 40,
        "spa": 0,
        "spd": 52,
        "spe": 0
      }
    },
    {
      "nature": "Impish",
      "usage": "1.8",
      "evs": {
        "hp": 248,
        "atk": 8,
        "def": 252,
        "spa": 0,
        "spd": 0,
        "spe": 0
      }
    }
  ],
  "teammates": {
    "6": 0.727195602195325,
    "9": 0.16356475652011576,
    "25": 3.5344287453628587,
    "26": 82.8763584021701,
    "35": 31.445085010707462,
    "36": 12.982988613545507,
    "38": 2.751048479247918,
    "44": 0.639041032666572,
    "50": 0.04246639220360676,
    "51": 0.001823032728393792,
    "55": 4.8139639019027465,
    "57": 4.264256525665644e-8,
    "59": 25.34826819605331,
    "73": 0.026079019686024496,
    "74": 0.004334338970087059,
    "76": 15.011307526304414,
    "80": 1.0490802461575415,
    "91": 23.68427028945291,
    "94": 14.810472304213356,
    "100": 0.013372302919796353,
    "101": 23.4608651862443,
    "102": 1.411484797009463,
    "103": 0.9383685674661983,
    "106": 0.16544753964601489,
    "110": 194.8035901975848,
    "112": 0.3054070537505886,
    "113": 4.348665852829518,
    "125": 0.20266455306727993,
    "126": 0.9074844696109388,
    "129": 0.4153126882678057,
    "130": 7.557423939565703,
    "131": 0.023517906414885326,
    "132": 42.386788356045244,
    "134": 1.1584019979428712,
    "135": 25.544063984548345,
    "136": 2.343554434179307,
    "143": 4.065028740034152,
    "144": 11.175852563978637,
    "145": 6.465720247242336,
    "149": 426.42989847571687,
    "150": 10.724988682736594,
    "151": 27.578342645892484,
    "154": 0.9460657789453268,
    "162": 0.04300066666751218,
    "168": 0.009373267903421634,
    "171": 0.7751922102444246,