{
  "id": "10172",
  "name": "Slowking Galar",
  "format_id": "showdown_gen8ou",
  "usage_metrics": {
    "raw": 8020,
    "base_weight": 590.5229646100614,
    "percent": 10.031520488317407
  },
  "items": {
    "assault-vest": 464.41450072356287,
    "heavy-duty-boots": 11.362074986252054,
    "choice-scarf": 5.408241632309796e-10,
    "leftovers": 0.000011075276637739773,
    "choice-specs": 0.044801158911619954,
    "shuca-berry": 6.555150573727329,
    "black-sludge": 91.38538049980168,
    "weakness-policy": 1.8265327145804506,
    "maranga-berry": 7.714160421556926e-10,
    "colbur-berry": 14.921699274094697,
    "grassy-seed": 2.364521830555688e-7,
    "focus-sash": 0.0002903395772766437,
    "rocky-helmet": 0.00392529273168668,
    "air-balloon": 0,
    "eject-button": 0,
    "expert-belt": 0,
    "aguav-berry": 0,
    "shed-shell": 0.008597499039372292,
    "life-orb": 2.3474010707458248e-7
  },
  "abilities": {
    "regenerator": 590.2267013337806,
    "own-tempo": 0,
    "curious-medicine": 0.29626327628080745
  },
  "moves": {
    "ice-beam": 93.10695348925796,
    "future-sight": 446.5447876537291,
    "sludge-bomb": 576.1728977832672,
    "flamethrower": 460.129452408864,
    "scald": 411.320219712096,
    "substitute": 0,
    "slack-off": 20.636238624468287,
    "psyshock": 88.40654206047503,
    "earthquake": 26.692599530782367,
    "nasty-plot": 90.09970181094162,
    "fire-blast": 0.3911164578650509,
    "shadow-ball": 0.024168872563183175,
    "trick": 50.535403012956365,
    "psychic": 36.29778968741742,
    "sludge-wave": 0.9338933904542914,
    "thunder-wave": 4.9982143196618205,
    "expanding-force": 0.0002498069359672117,
    "trick-room": 1.8274455880892169,
    "protect": 1.0269562977782698e-14,
    "tri-attack": 7.714160421556926e-10,
    "whirlpool": 15.44627924909301,
    "grass-knot": 0.31485290887521905,
    "focus-blast": 7.328044242820528,
    "calm-mind": 20.529085173594225,
    "eerie-spell": 0.09950457365130289,
    "power-gem": 0.012877292741671986,
    "brick-break": 0.04738683525347859,
    "iron-defense": 4.7506319224127775,
    "stored-power": 5.405402063031606,
    "block": 0,
    "yawn": 0.002800045308797572,
    "psychic-terrain": 0.00024980616455116955,
    "rain-dance": 6.058559365307303e-7,
    "mud-shot": 6.058559365307303e-7,
    "avalanche": 0,
    "light-screen": 0.000010076590410301733,
    "hydro-pump": 0.03696796792803192,
    "disable": 0,
    "foul-play": 3.1337834371925055e-7,
    "drain-punch": 0,
    "blizzard": 1.7981035882463914e-8,
    "rest": 0,
    "sleep-talk": 0,
    "swagger": 0,
    "curse": 0.00009051180415259319,
    "surf": 0,
    "amnesia": 1.0269562977782698e-14,
    "belch": 1.7304810473461885e-8,
    "attract": 0
  },
  "teras": {
    "nothing": 590.5229646100613
  },
  "spreads": [
    {
      "nature": "Calm",
      "usage": "16.0",
      "evs": {
        "hp": 248,
        "atk": 0,
        "def": 12,
        "spa": 144,
        "spd": 60,
        "spe": 44
      }
    },
    {
      "nature": "Modest",
      "usage": "13.5",
      "evs": {
        "hp": 248,
        "atk": 0,
        "def": 0,
        "spa": 252,
        "spd": 0,
        "spe": 8
      }
    },
    {
      "nature": "Modest",
      "usage": "9.5",
      "evs": {
        "hp": 248,
        "atk": 0,
        "def": 0,
        "spa": 248,
        "spd": 0,
        "spe": 12
      }
    },
    {
      "nature": "Modest",
      "usage": "4.7",
      "evs": {
        "hp": 248,
        "atk": 0,
        "def": 12,
        "spa": 248,
        "spd": 0,
        "spe": 0
      }
    },
    {
      "nature": "Calm",
      "usage": "4.1",
      "evs": {
        "hp": 248,
        "atk": 0,
        "def": 68,
        "spa": 0,
        "spd": 108,
        "spe": 84
      }
    },
    {
      "nature": "Calm",
      "usage": "3.8",
      "evs": {
        "hp": 252,
        "atk": 0,
        "def": 12,
        "spa": 124,
        "spd": 120,
        "spe": 0
      }
    },
    {
      "nature": "Modest",
      "usage": "3.6",
      "evs": {
        "hp": 252,
        "atk": 0,
        "def": 12,
        "spa": 224,
        "spd": 20,
        "spe": 0
      }
    },
    {
      "nature": "Modest",
      "usage": "3.3",
      "evs": {
        "hp": 248,
        "atk": 0,
        "def": 0,
        "spa": 252,
        "spd": 8,
        "spe": 0
      }
    },
    {
      "nature": "Modest",
      "usage": "2.8",
      "evs": {
        "hp": 248,
        "atk": 0,
        "def": 12,
        "spa": 204,
        "spd": 44,
        "spe": 0
      }
    },
    {
      "nature": "Calm",
      "usage": "2.6",
      "evs": {
        "hp": 252,
        "atk": 0,
        "def": 0,
        "spa": 112,
        "spd": 96,
        "spe": 48
      }
    }
  ],
  "teammates": {
    "3": 0.0019298021548906918,
    "9": 0,
    "12": 0.0003914992776060666,
    "34": 1.0145932622562293,
    "36": 110.80623266829308,
    "42": 0,
    "45": 0.00015940875157094414,
    "59": 0.00003572886643804507,
    "65": 0.00003498014088543222,
    "68": 2.3406388166558045e-7,
    "80": 31.9202631582186,
    "91": 0.6824878931644318,
    "94": 0.012897187256343423,
    "99": 0.011861412324317977,
    "105": 3.0531133177191805e-15,
    "113": 0.000010318182220525607,
    "121": 0,
    "130": 0.0005961083096634456,
    "132": 0.05746424206975764,
    "142": 0,
    "145": 27.077982764691093,
    "146": 0.00005053289574546982,
    "149": 103.38883558204519,
    "151": 0.6460853258962097,
    "169": 0.00009051180415259319,
    "184": 0.0103779433799433,
    "186": 0.0009260823360776049,
    "195": 1.0540569754133315,
    "196": 0.00011669846303219433,
    "197": 0.000738833172643949,
    "208": 0.00003572886643804507,
    "212": 2.384422923133742,
    "213": 0,
    "227": 17.20881432898056,
    "230": 0.05429471000973668,
    "233": 0.00019095362467813626,
    "242": 18.27773609957308,
    "245": 0.2942441947079669,
    "248": 35.83994522529795,
    "257": 0.034159500027670264,
    "260": 0.009536630781767752,
    "279": 0.05961497855148673,
    "282": 0,
    "292": 0.0009260822616450892,
    "302": 0,
    "304": 0,
    "319": 0.03129551924432378,
    "324": 0.002280905507262343,
    "342": 0.3622046071943119,
    "356": 7.944091667821951e-8,
    "360": 0,
    "376": 0,
    "379": 0.0046711655977809685,
    "380": 0.048435623551596474,
    "381": 1.7622373073526338,
    "385": 0.5878750520815341,
    "407": 0.0046711655977809685,
    "423": 35.25258496964187,
    "437": 0.001959625631679507,
    "445": 228.37310056280376,
    "448": 0,
    "450": 12.100659274673761,
    "452": 0.00009051180415259319,
    "454": 0,
    "461": 301.784653136729,
    "462": 2.357129588815671,
    "464": 0.000017060772913468636,
    "465": 22.49122615745426,
    "468": 0.6292206868897006,
    "473": 0.00392529273168668,
    "474": 0,
    "475": 0,
    "485": 81.08726877394392,
    "488": 0,
    "494": 1.2076893074047237,
    "530": 31.189266486707076,
    "531": 0.0010184575265337892,
    "534": 0.000201030215088438,
    "537": 0.0003961534286795465,
    "545": 0.01222897137318063,
    "547": 0,
    "553": 0,
    "555": 5.408241632309796e-10,
    "561": 0,
    "563": 0,
    "567": 0,
    "571": 0,
    "579": 0.0001352193705294047,
    "589": 4.184350643754442e-10,
    "591": 0.013915805351780053,
    "593": 0,
    "598": 164.4296050190084,
    "609": 0,
    "618": 0.096786047246601,
    "620": 0.10944070128125744,
    "623": 1.259245203309876,
    "625": 13.276465944287377,
    "630": 85.0744027888223,
    "635": 11.614477569497895,
    "637": 1.9803625764659412,
    "638": 0.04630644050835364,
    "639": 0.34749804912167115,
    "641": 0,
    "647": 14.674428412969352,
    "660": 0.04966359940459397,
    "681": 0.4938851430182614,
    "685": 0.0003914992776060666,
    "701": 0.14728824657131107,
    "703": 0,
    "721": 2.723555018719265,
    "727": 4.0500065251469763e-7,
    "730": 9.51614423079044,
    "738": 0.00019095362467813626,
    "745": 3.6144547799210613e-8,